mother_age,family_income,blood_pressure_systolic,blood_pressure_diastolic,hemoglobin_level,gestational_age,birth_weight,antenatal_care_visits,education_level_Higher,education_level_No Education,education_level_Primary,education_level_Secondary,residence_urban_rural_Rural,residence_urban_rural_Urban,diabetes_status_No,diabetes_status_Yes,pregnancy_complications_Mild,pregnancy_complications_None,pregnancy_complications_Severe,place_of_delivery_Clinic,place_of_delivery_Home,place_of_delivery_Hospital,risk_label
0.8593331626213205,-0.09812151417222716,-0.5093831521512553,0.8952494633377692,1.0860656434507325,-0.37925937126331366,0.4149324962999096,-1.6352150065454507,0.0,0.0,0.0,1.0,1.0,0.0,1.0,0.0,0.0,1.0,0.0,0.0,0.0,1.0,0
0.6713569704259098,0.5883687493685068,0.37973122370107376,-0.4487797567799234,2.2373138647654165,-1.6059743187457272,-0.5288619713197046,0.12272627577177116,0.0,0.0,0.0,1.0,1.0,0.0,1.0,0.0,0.0,1.0,0.0,0.0,0.0,1.0,0
-1.9603097203098414,-0.9455293432310549,-1.0174485097811576,-1.7088071506402602,-2.2032149888769363,-1.1970693362515892,0.04415609830649021,-0.7562443653868398,0.0,0.0,0.0,1.0,0.0,1.0,1.0,0.0,0.0,1.0,0.0,1.0,0.0,0.0,1
-1.9603097203098414,-0.6879242143974063,0.18920671458986038,-0.2807761042652118,1.3601723628113718,0.43855059372496197,-1.1187335135819632,-2.074700327124756,0.0,0.0,1.0,0.0,1.0,0.0,1.0,0.0,0.0,1.0,0.0,0.0,0.0,1.0,1
0.10742839383967734,-0.16911707660676664,-1.843054715929749,-1.2047961930961255,-0.44893198496884645,1.2563605587132376,-0.8827848966770597,0.5622115963510766,0.0,0.0,0.0,1.0,0.0,1.0,1.0,0.0,0.0,0.0,1.0,0.0,1.0,0.0,1
-1.9603097203098414,-0.1263827151413442,-0.2553504733363042,-1.9608126294123274,1.469815050555627,0.43855059372496197,-0.24235293650660755,-0.7562443653868398,0.0,0.0,1.0,0.0,0.0,1.0,1.0,0.0,0.0,1.0,0.0,0.0,0.0,1.0,1
1.6112379314029637,-0.5449910494960233,-1.7160383765222733,-0.6167834092946349,0.8119589240900935,0.43855059372496197,1.089071401742491,-1.1957296859661453,0.0,1.0,0.0,0.0,1.0,0.0,1.0,0.0,0.0,1.0,0.0,0.0,0.0,1.0,0
0.10742839383967734,-0.8228928590256742,-1.207973018892371,-0.8687888880667023,0.4282095169851983,1.6652655412073754,1.3587269639195239,-1.1957296859661453,0.0,1.0,0.0,0.0,1.0,0.0,1.0,0.0,0.0,1.0,0.0,1.0,0.0,0.0,0
0.48338077823049896,1.4874175001981758,0.887796581330976,0.13923302702156712,-0.6133960165852302,-0.37925937126331366,1.3081665460113305,-1.1957296859661453,0.0,0.0,0.0,1.0,1.0,0.0,0.0,1.0,0.0,1.0,0.0,0.0,0.0,1.0,0
-0.8324525671373767,-0.6840704142652538,2.3484844845169452,0.2232348532789229,0.6474948924737097,-2.8326892662281407,-0.36032724495905905,-1.1957296859661453,1.0,0.0,0.0,0.0,1.0,0.0,1.0,0.0,0.0,1.0,0.0,1.0,0.0,0.0,1
1.2352855470121422,-0.4647463667443183,-1.0174485097811576,-1.2047961930961255,0.15410279762455925,-0.7881643537574514,1.4767012723719752,1.0016969169303822,0.0,0.0,1.0,0.0,1.0,0.0,1.0,0.0,0.0,1.0,0.0,1.0,0.0,0.0,0
1.0473093548167314,-1.1484961501910773,0.887796581330976,2.07127503094075,-1.490537518539275,1.6652655412073754,0.3475186057556514,-0.7562443653868398,0.0,0.0,1.0,0.0,1.0,0.0,1.0,0.0,0.0,0.0,1.0,0.0,0.0,1.0,1
0.2954045860350881,0.003875729325404355,-0.06482596422509078,-0.7847870618093465,-1.5453588624114027,-1.1970693362515892,-0.983905732493447,1.0016969169303822,0.0,0.0,0.0,1.0,1.0,0.0,1.0,0.0,0.0,0.0,1.0,0.0,0.0,1.0,1
-0.8324525671373767,-0.5632323701215444,2.6342712481837656,0.8112476370804134,-0.7230387043294855,-0.7881643537574514,0.33066513311958723,0.12272627577177116,0.0,0.0,0.0,1.0,0.0,1.0,1.0,0.0,0.0,0.0,1.0,0.0,0.0,1.0,1
-0.2685239905511443,0.6101213101144333,0.06219037518238481,0.8952494633377692,-0.39411064109671884,-0.37925937126331366,-0.3266202996869299,0.5622115963510766,0.0,0.0,1.0,0.0,0.0,1.0,1.0,0.0,0.0,1.0,0.0,0.0,0.0,1.0,1
0.6713569704259098,-0.18598815718530015,0.633763902516025,-0.2807761042652118,1.6891004260441382,-0.37925937126331366,0.5329068047523619,-0.3167590448075343,0.0,0.0,0.0,1.0,1.0,0.0,1.0,0.0,0.0,1.0,0.0,0.0,1.0,0.0,0
-1.0204287593327874,-0.21296475811036641,-0.890432170373682,-0.4487797567799234,1.469815050555627,-1.1970693362515892,2.504763103171912,1.880667558088993,1.0,0.0,0.0,0.0,1.0,0.0,1.0,0.0,0.0,1.0,0.0,0.0,0.0,1.0,0
-1.0204287593327874,1.5686898629851214,-0.0013177945213529853,-1.1207943668387697,-0.3392892972245912,-3.2415942487222784,-0.6131293345000269,0.12272627577177116,0.0,1.0,0.0,0.0,1.0,0.0,1.0,0.0,1.0,0.0,0.0,1.0,0.0,0.0,1
-0.2685239905511443,-0.7366533760683989,1.205337429849665,0.6432439845657019,-0.01036123399182359,1.6652655412073754,0.43178596893597454,-1.1957296859661453,0.0,0.0,1.0,0.0,1.0,0.0,1.0,0.0,0.0,1.0,0.0,0.0,1.0,0.0,0
0.6713569704259098,2.382591040894958,1.522878278368354,0.2232348532789229,-0.3392892972245912,-0.37925937126331366,0.9373901480179103,0.12272627577177116,1.0,0.0,0.0,0.0,0.0,1.0,1.0,0.0,0.0,1.0,0.0,1.0,0.0,0.0,1
1.6112379314029637,1.4606978192819196,0.1256985448861226,-1.9608126294123274,1.1957083311949879,2.0741705237015133,-0.10752515541809113,-0.7562443653868398,1.0,0.0,0.0,0.0,1.0,0.0,1.0,0.0,0.0,1.0,0.0,1.0,0.0,0.0,0
-1.9603097203098414,-1.0731329476067653,0.37973122370107376,-0.19677427800785602,-0.22964660948033502,-0.37925937126331366,1.2407526554670723,-1.6352150065454507,0.0,0.0,0.0,1.0,1.0,0.0,1.0,0.0,1.0,0.0,0.0,1.0,0.0,0.0,1
-1.0204287593327874,0.07230209167184229,-1.207973018892371,-1.8768108031549717,-1.3808948307950188,0.029645611230824178,0.1621304067589417,-1.1957296859661453,0.0,0.0,1.0,0.0,1.0,0.0,0.0,1.0,0.0,1.0,0.0,0.0,1.0,0.0,1
-1.0204287593327874,-0.5468751295606311,-0.6363994915587309,-0.8687888880667023,1.1408869873228602,0.029645611230824178,-0.12437862805415531,0.5622115963510766,0.0,0.0,1.0,0.0,0.0,1.0,1.0,0.0,0.0,1.0,0.0,0.0,1.0,0.0,0
0.48338077823049896,-0.6935764545912296,0.31622305399733597,0.8952494633377692,0.15410279762455925,0.8474555762190998,-0.5288619713197046,-0.3167590448075343,0.0,0.0,0.0,1.0,1.0,0.0,1.0,0.0,0.0,1.0,0.0,0.0,0.0,1.0,0
0.2954045860350881,-1.2727597944522555,-0.5728913218549931,1.6512658996539713,-2.0387509572605533,1.6652655412073754,-0.6805432250442851,0.5622115963510766,0.0,1.0,0.0,0.0,0.0,1.0,1.0,0.0,0.0,1.0,0.0,0.0,0.0,1.0,1
0.8593331626213205,-0.3573538030616735,-1.52551386741106,-1.2887980193534812,-0.7778600482016131,-1.6059743187457272,0.4823463868441678,1.880667558088993,0.0,0.0,0.0,1.0,0.0,1.0,1.0,0.0,0.0,1.0,0.0,0.0,0.0,1.0,0
-1.7723335281144308,0.3735836220032173,2.3484844845169452,2.6592878147422407,1.305351018939243,2.0741705237015133,1.5272616902801692,2.539895538957951,0.0,0.0,1.0,0.0,1.0,0.0,1.0,0.0,0.0,1.0,0.0,0.0,0.0,1.0,0
-0.45650018274655507,-0.4697134869146479,-1.2714811885961088,-0.3647779305225676,0.2637454853688155,0.029645611230824178,1.105924874378556,0.12272627577177116,0.0,0.0,1.0,0.0,1.0,0.0,1.0,0.0,1.0,0.0,0.0,0.0,0.0,1.0,0
-0.8324525671373767,2.382591040894958,-1.0809566794848955,-0.11277245175050024,-0.06518257786395218,0.43855059372496197,-1.0513196230377053,-0.7562443653868398,0.0,0.0,1.0,0.0,1.0,0.0,1.0,0.0,0.0,1.0,0.0,0.0,1.0,0.0,0
-0.8324525671373767,-1.0439297066053443,0.5067475631085494,0.7272458108230576,-0.9971454236901246,1.2563605587132376,0.212690824667135,-1.6352150065454507,0.0,0.0,1.0,0.0,0.0,1.0,1.0,0.0,0.0,0.0,1.0,0.0,1.0,0.0,1
-0.08054779835573346,-0.6767910140156328,0.18920671458986038,-0.952790714324058,-1.490537518539275,0.029645611230824178,0.6845880584769425,1.880667558088993,1.0,0.0,0.0,0.0,0.0,1.0,1.0,0.0,0.0,1.0,0.0,0.0,0.0,1.0,0
-1.58435733591902,-1.168964110892953,-0.06482596422509078,-0.19677427800785602,-0.3392892972245912,-0.37925937126331366,-1.4389494936671892,1.880667558088993,0.0,0.0,1.0,0.0,0.0,1.0,1.0,0.0,0.0,1.0,0.0,1.0,0.0,0.0,1
0.2954045860350881,1.733632508641241,0.44323939340481155,-0.2807761042652118,-0.6133960165852302,1.6652655412073754,-0.6299828071360919,1.4411822375096877,0.0,0.0,0.0,1.0,1.0,0.0,1.0,0.0,0.0,1.0,0.0,0.0,0.0,1.0,0
-1.0204287593327874,1.1523938087097336,0.44323939340481155,-0.02877062549314445,1.5246363944277546,-0.7881643537574514,-1.0513196230377053,-0.3167590448075343,0.0,0.0,0.0,1.0,1.0,0.0,1.0,0.0,0.0,1.0,0.0,1.0,0.0,0.0,0
-1.0204287593327874,0.19802161598294477,0.5702557328122871,-0.952790714324058,1.469815050555627,-1.1970693362515892,-0.4108876628672523,1.0016969169303822,1.0,0.0,0.0,0.0,1.0,0.0,1.0,0.0,1.0,0.0,0.0,0.0,0.0,1.0,1
1.0473093548167314,2.382591040894958,0.31622305399733597,0.3072366795362787,-0.7778600482016131,-1.1970693362515892,-0.5288619713197046,1.880667558088993,0.0,1.0,0.0,0.0,0.0,1.0,1.0,0.0,1.0,0.0,0.0,0.0,1.0,0.0,1
-0.45650018274655507,0.7603338752654373,-1.5890220371147978,-1.7088071506402602,-0.5585746727131017,0.43855059372496197,-0.39403419023118813,1.0016969169303822,0.0,0.0,0.0,1.0,0.0,1.0,0.0,1.0,1.0,0.0,0.0,0.0,0.0,1.0,1
1.0473093548167314,-0.1203022749328372,0.1256985448861226,1.735267725911327,-1.216430799178636,0.43855059372496197,-0.7648105882246076,-0.3167590448075343,0.0,0.0,1.0,0.0,1.0,0.0,1.0,0.0,0.0,1.0,0.0,0.0,0.0,1.0,1
0.10742839383967734,-0.7081352550904717,0.18920671458986038,-0.6167834092946349,0.9764229557064764,-0.7881643537574514,-2.0962349264737066,2.320152878668299,1.0,0.0,0.0,0.0,0.0,1.0,1.0,0.0,0.0,1.0,0.0,1.0,0.0,0.0,1
0.10742839383967734,0.06365245137523375,0.8242884116272383,2.2392786834554617,-0.9423240798179969,-2.0148793012398647,-2.6186925781917063,0.12272627577177116,0.0,0.0,0.0,1.0,1.0,0.0,1.0,0.0,0.0,1.0,0.0,1.0,0.0,0.0,1
1.423261739207553,1.9222117951078945,0.1256985448861226,-1.372799845610837,0.3185668292409431,-1.1970693362515892,-1.4052425483950601,1.0016969169303822,0.0,0.0,1.0,0.0,1.0,0.0,1.0,0.0,0.0,1.0,0.0,1.0,0.0,0.0,1
0.2954045860350881,-0.4107931648941857,0.37973122370107376,-0.7007852355519907,0.04446010988030403,0.8474555762190998,0.33066513311958723,-2.074700327124756,0.0,1.0,0.0,0.0,1.0,0.0,1.0,0.0,0.0,1.0,0.0,1.0,0.0,0.0,0
0.48338077823049896,0.44243818436433885,0.31622305399733597,-1.0367925405814138,-0.39411064109671884,-0.7881643537574514,1.173338764922814,0.5622115963510766,0.0,1.0,0.0,0.0,1.0,0.0,1.0,0.0,0.0,1.0,0.0,0.0,0.0,1.0,1
0.10742839383967734,-0.8979135015982395,0.31622305399733597,0.8952494633377692,0.5378522047294545,0.029645611230824178,-0.2760598817787359,-0.7562443653868398,0.0,0.0,0.0,1.0,1.0,0.0,1.0,0.0,0.0,1.0,0.0,0.0,0.0,1.0,1
0.48338077823049896,0.11238161304622646,-1.4620056977073221,-1.2047961930961255,1.4149937066834992,1.6652655412073754,0.9373901480179103,0.5622115963510766,0.0,0.0,0.0,1.0,1.0,0.0,1.0,0.0,0.0,0.0,1.0,0.0,0.0,1.0,0
-0.2685239905511443,0.7342136743697382,0.31622305399733597,-1.5408034981255485,0.20892414149668687,-1.1970693362515892,-1.0344661504016404,0.5622115963510766,0.0,1.0,0.0,0.0,1.0,0.0,1.0,0.0,0.0,1.0,0.0,1.0,0.0,0.0,1
0.2954045860350881,0.48628586586793865,-1.207973018892371,0.2232348532789229,-2.1483936450048082,1.2563605587132376,2.2688144862670088,-1.1957296859661453,1.0,0.0,0.0,0.0,0.0,1.0,0.0,1.0,0.0,1.0,0.0,1.0,0.0,0.0,0
0.8593331626213205,-0.009741031141533857,-1.3349893582998467,-1.2047961930961255,0.5378522047294545,0.029645611230824178,0.010449153034361107,2.539895538957951,0.0,1.0,0.0,0.0,1.0,0.0,1.0,0.0,0.0,1.0,0.0,0.0,0.0,1.0,0
1.2352855470121422,0.8842549595148687,0.2527148842935982,-0.2807761042652118,0.09928145375243164,-0.7881643537574514,0.1621304067589417,-1.6352150065454507,0.0,1.0,0.0,0.0,0.0,1.0,1.0,0.0,0.0,1.0,0.0,0.0,1.0,0.0,1
-1.0204287593327874,-0.38381656396911945,0.37973122370107376,-0.11277245175050024,0.48303086085732594,-0.7881643537574514,-0.49515502604757544,-0.7562443653868398,0.0,0.0,0.0,1.0,0.0,1.0,1.0,0.0,0.0,1.0,0.0,0.0,0.0,1.0,1
-0.6444763749419659,1.1822821697346484,1.7769109571833053,0.2232348532789229,0.15410279762455925,-1.1970693362515892,-0.5625689165918336,0.5622115963510766,1.0,0.0,0.0,0.0,0.0,1.0,1.0,0.0,0.0,1.0,0.0,0.0,0.0,1.0,1
0.48338077823049896,0.5455487479001477,-0.5093831521512553,-1.2887980193534812,-1.3260734869228912,0.8474555762190998,0.836269312201523,0.12272627577177116,0.0,1.0,0.0,0.0,1.0,0.0,1.0,0.0,1.0,0.0,0.0,0.0,1.0,0.0,0
0.2954045860350881,-1.3050460755593984,0.1256985448861226,-1.2047961930961255,-1.1616094553065084,0.029645611230824178,0.3980790236638454,0.12272627577177116,0.0,0.0,0.0,1.0,0.0,1.0,0.0,1.0,0.0,1.0,0.0,1.0,0.0,0.0,1
0.8593331626213205,-0.14034203562002928,2.6342712481837656,2.155276857198106,0.2637454853688155,0.8474555762190998,1.8643311430014595,0.5622115963510766,0.0,0.0,0.0,1.0,1.0,0.0,1.0,0.0,1.0,0.0,0.0,0.0,1.0,0.0,1
0.8593331626213205,0.07812561187153913,1.205337429849665,1.5672640733966154,0.8119589240900935,-0.37925937126331366,-0.7311036429524784,-0.7562443653868398,1.0,0.0,0.0,0.0,1.0,0.0,0.0,1.0,0.0,1.0,0.0,0.0,0.0,1.0,1
-0.6444763749419659,-1.0249176259533928,-0.8269240006699443,0.13923302702156712,0.15410279762455925,0.8474555762190998,-0.1917925185984135,1.880667558088993,1.0,0.0,0.0,0.0,0.0,1.0,1.0,0.0,0.0,1.0,0.0,0.0,1.0,0.0,0
-1.2084049515281983,-1.3050460755593984,-0.12833413392882856,0.2232348532789229,-0.1748252656082074,-2.0148793012398647,-1.3883890757589956,1.4411822375096877,0.0,0.0,0.0,1.0,0.0,1.0,1.0,0.0,0.0,1.0,0.0,1.0,0.0,0.0,1
-0.45650018274655507,-0.691007254503128,0.44323939340481155,0.3072366795362787,-1.3260734869228912,-0.7881643537574514,-1.371535603122931,0.5622115963510766,0.0,0.0,0.0,1.0,1.0,0.0,1.0,0.0,0.0,0.0,1.0,0.0,1.0,0.0,1
-0.2685239905511443,-0.1025747943249365,1.1418292601459272,-0.3647779305225676,-1.764644237899914,-2.423784283734003,0.3475186057556514,-0.3167590448075343,0.0,0.0,0.0,1.0,0.0,1.0,1.0,0.0,0.0,1.0,0.0,0.0,0.0,1.0,1
0.2954045860350881,0.7468027548014358,-1.2714811885961088,0.559242158308346,-0.8875027359458694,-0.37925937126331366,0.4823463868441678,0.5622115963510766,0.0,0.0,1.0,0.0,0.0,1.0,1.0,0.0,0.0,1.0,0.0,1.0,0.0,0.0,0
0.10742839383967734,-0.3904964841981835,-0.44587498244751755,0.39123850579363445,0.8667802679622212,-1.1970693362515892,-1.6580446379360283,1.880667558088993,0.0,0.0,1.0,0.0,1.0,0.0,1.0,0.0,0.0,1.0,0.0,1.0,0.0,0.0,1
0.10742839383967734,-1.0364790263498498,0.5067475631085494,-0.19677427800785602,0.3733881731130707,1.2563605587132376,0.33066513311958723,0.5622115963510766,1.0,0.0,0.0,0.0,1.0,0.0,0.0,1.0,0.0,1.0,0.0,0.0,0.0,1.0,0
0.2954045860350881,0.6023280698471919,0.31622305399733597,0.8952494633377692,-1.0519667675622522,1.2563605587132376,-0.3266202996869299,-1.1957296859661453,0.0,0.0,0.0,1.0,1.0,0.0,1.0,0.0,1.0,0.0,0.0,1.0,0.0,0.0,1
-0.08054779835573346,-1.0427307465642301,0.1256985448861226,-0.2807761042652118,1.4149937066834992,0.029645611230824178,-1.3546821304868664,2.320152878668299,0.0,0.0,0.0,1.0,1.0,0.0,1.0,0.0,0.0,1.0,0.0,0.0,0.0,1.0,0
0.10742839383967734,-0.32669468201032836,-0.31885864304004197,0.13923302702156712,0.5926735486015822,0.43855059372496197,-1.96140714538519,0.5622115963510766,0.0,0.0,0.0,1.0,1.0,0.0,1.0,0.0,0.0,1.0,0.0,0.0,0.0,1.0,1
0.10742839383967734,0.6026706298589388,-0.5728913218549931,-1.4568016718681929,-1.2712521430507635,-0.7881643537574514,0.263251242575329,1.880667558088993,0.0,1.0,0.0,0.0,0.0,1.0,0.0,1.0,0.0,1.0,0.0,0.0,0.0,1.0,1
-1.58435733591902,-0.9510103034190048,-1.3984975280035845,-0.952790714324058,-0.5037533288409741,-0.7881643537574514,-0.3266202996869299,1.880667558088993,0.0,0.0,0.0,1.0,1.0,0.0,1.0,0.0,0.0,1.0,0.0,1.0,0.0,0.0,1
-0.8324525671373767,-0.27573888026298093,0.2527148842935982,0.47524033205099026,0.09928145375243164,-0.37925937126331366,0.07786304357861931,-1.6352150065454507,0.0,0.0,0.0,1.0,0.0,1.0,1.0,0.0,0.0,1.0,0.0,0.0,1.0,0.0,0
1.6112379314029637,1.727209508420987,0.2527148842935982,0.2232348532789229,-0.9423240798179969,-0.37925937126331366,0.0947165162146835,1.880667558088993,1.0,0.0,0.0,0.0,1.0,0.0,1.0,0.0,0.0,1.0,0.0,1.0,0.0,0.0,0
-0.6444763749419659,-0.3564117630293696,1.268845599553403,-0.6167834092946349,1.8535644576605212,1.2563605587132376,0.1452769341228775,-1.6352150065454507,0.0,0.0,0.0,1.0,1.0,0.0,1.0,0.0,0.0,1.0,0.0,0.0,0.0,1.0,0
-0.6444763749419659,-0.09041391390792251,-0.5728913218549931,0.559242158308346,-0.3392892972245912,0.43855059372496197,2.639590884260428,0.12272627577177116,0.0,0.0,1.0,0.0,0.0,1.0,1.0,0.0,1.0,0.0,0.0,0.0,0.0,1.0,0
-1.9603097203098414,0.5720971488105304,0.1256985448861226,-0.4487797567799234,1.5246363944277546,0.8474555762190998,1.0048040385621686,-0.7562443653868398,0.0,0.0,1.0,0.0,0.0,1.0,1.0,0.0,0.0,1.0,0.0,0.0,1.0,0.0,0
0.10742839383967734,1.0289865644779226,0.5702557328122871,-0.11277245175050024,1.1408869873228602,0.029645611230824178,-0.14123210069022024,-0.3167590448075343,0.0,0.0,0.0,1.0,0.0,1.0,1.0,0.0,1.0,0.0,0.0,0.0,1.0,0.0,0
-1.58435733591902,-1.0892332681588681,0.6972720722197627,0.559242158308346,0.15410279762455925,-0.7881643537574514,0.17898387939500587,-1.1957296859661453,0.0,0.0,0.0,1.0,1.0,0.0,1.0,0.0,0.0,1.0,0.0,1.0,0.0,0.0,1
-1.58435733591902,0.6848850326781885,-1.3984975280035845,-0.5327815830372792,-0.8326813920737407,-0.7881643537574514,0.027302625670425285,-0.3167590448075343,0.0,1.0,0.0,0.0,0.0,1.0,1.0,0.0,0.0,1.0,0.0,0.0,0.0,1.0,1
0.10742839383967734,0.3155197000121223,2.6342712481837656,-0.7847870618093465,0.04446010988030403,0.029645611230824178,-0.46144808077544636,-0.7562443653868398,1.0,0.0,0.0,0.0,1.0,0.0,0.0,1.0,0.0,1.0,0.0,0.0,0.0,1.0,1
-1.0204287593327874,-0.7616602569259207,1.3958619389608784,1.0632531158524807,-1.764644237899914,-0.37925937126331366,0.33066513311958723,-1.1957296859661453,0.0,0.0,1.0,0.0,1.0,0.0,1.0,0.0,0.0,1.0,0.0,0.0,0.0,1.0,1
0.48338077823049896,-0.6612901734840868,-0.9539403400774199,-0.7847870618093465,0.7023162363458374,-0.37925937126331366,-0.1917925185984135,-0.7562443653868398,0.0,1.0,0.0,0.0,1.0,0.0,1.0,0.0,0.0,1.0,0.0,0.0,0.0,1.0,0
-0.08054779835573346,1.0537365253266342,-0.5728913218549931,0.8112476370804134,2.758116631550631,-2.0148793012398647,-0.22549946387054262,-0.7562443653868398,0.0,0.0,0.0,1.0,1.0,0.0,1.0,0.0,0.0,1.0,0.0,0.0,0.0,1.0,0
-0.45650018274655507,-0.5325732490701992,1.3323537692571406,0.979251289595125,0.2637454853688155,0.8474555762190998,1.4429943270998462,-0.3167590448075343,1.0,0.0,0.0,0.0,1.0,0.0,1.0,0.0,0.0,1.0,0.0,0.0,0.0,1.0,0
0.8593331626213205,-1.058317227098713,-0.38236681274377976,-1.6248053243829044,-0.3392892972245912,-2.0148793012398647,0.010449153034361107,-0.3167590448075343,0.0,0.0,0.0,1.0,1.0,0.0,1.0,0.0,0.0,1.0,0.0,0.0,0.0,1.0,1
0.8593331626213205,-0.4649176467501917,0.887796581330976,-0.4487797567799234,1.031244299578604,0.43855059372496197,-0.10752515541809113,-1.1957296859661453,1.0,0.0,0.0,0.0,1.0,0.0,1.0,0.0,0.0,0.0,1.0,0.0,1.0,0.0,1
-1.58435733591902,-0.28515928058601997,0.5702557328122871,-0.8687888880667023,0.09928145375243164,0.8474555762190998,1.089071401742491,0.12272627577177116,1.0,0.0,0.0,0.0,0.0,1.0,1.0,0.0,0.0,1.0,0.0,0.0,0.0,1.0,0
1.2352855470121422,-0.7071932150581678,-0.8269240006699443,-2.128816281927039,0.9764229557064764,-0.7881643537574514,-2.079381453837642,1.0016969169303822,0.0,0.0,0.0,1.0,1.0,0.0,1.0,0.0,0.0,1.0,0.0,0.0,0.0,1.0,1
-0.6444763749419659,2.382591040894958,-1.207973018892371,-0.02877062549314445,1.469815050555627,0.43855059372496197,0.24639776993926407,-0.3167590448075343,1.0,0.0,0.0,0.0,0.0,1.0,1.0,0.0,0.0,1.0,0.0,1.0,0.0,0.0,0
-1.396381143723609,-0.9161548222237605,-0.31885864304004197,-0.19677427800785602,0.48303086085732594,1.2563605587132376,1.5609686355522985,0.5622115963510766,0.0,1.0,0.0,0.0,1.0,0.0,1.0,0.0,0.0,0.0,1.0,0.0,0.0,1.0,1
-1.396381143723609,2.382591040894958,-1.3984975280035845,0.47524033205099026,0.9216016118343487,-0.37925937126331366,0.5834672226605552,-1.1957296859661453,0.0,0.0,0.0,1.0,0.0,1.0,1.0,0.0,0.0,1.0,0.0,0.0,0.0,1.0,0
0.48338077823049896,-0.8407916196394484,2.411992654220683,1.0632531158524807,-1.8742869256441694,-0.7881643537574514,0.3643720783917163,-0.7562443653868398,0.0,0.0,1.0,0.0,1.0,0.0,1.0,0.0,0.0,1.0,0.0,0.0,0.0,1.0,1
0.6713569704259098,-0.44770400615991135,-0.5728913218549931,-0.19677427800785602,1.6342790821720108,-1.1970693362515892,0.43178596893597454,-0.3167590448075343,1.0,0.0,0.0,0.0,1.0,0.0,1.0,0.0,0.0,1.0,0.0,1.0,0.0,0.0,0
0.8593331626213205,-0.47082680695282525,0.31622305399733597,0.559242158308346,-0.28446795335246267,0.029645611230824178,0.17898387939500587,0.12272627577177116,0.0,1.0,0.0,0.0,1.0,0.0,1.0,0.0,0.0,1.0,0.0,1.0,0.0,0.0,0
1.6112379314029637,1.7269525884121768,0.1256985448861226,0.8952494633377692,0.8667802679622212,-0.37925937126331366,0.6677345858408775,-1.1957296859661453,0.0,0.0,0.0,1.0,0.0,1.0,1.0,0.0,0.0,1.0,0.0,1.0,0.0,0.0,0
-0.2685239905511443,-1.0724478275832714,0.9513047510347139,1.9032713784260387,0.04446010988030403,-0.37925937126331366,0.6003206952966192,0.12272627577177116,0.0,0.0,0.0,1.0,1.0,0.0,0.0,1.0,0.0,1.0,0.0,0.0,0.0,1.0,0
-1.7723335281144308,2.382591040894958,1.4593701086646163,0.3072366795362787,0.8667802679622212,-0.7881643537574514,0.8025623669293939,-0.7562443653868398,0.0,0.0,0.0,1.0,1.0,0.0,1.0,0.0,0.0,1.0,0.0,0.0,0.0,1.0,1
1.9871903157937854,-0.9891201047258446,1.1418292601459272,-0.19677427800785602,-0.39411064109671884,-2.423784283734003,-2.6186925781917063,0.5622115963510766,0.0,0.0,0.0,1.0,0.0,1.0,1.0,0.0,0.0,1.0,0.0,0.0,0.0,1.0,1
1.0473093548167314,2.3457872496329033,-0.06482596422509078,-1.1207943668387697,-0.6133960165852302,-0.7881643537574514,-0.6131293345000269,0.12272627577177116,1.0,0.0,0.0,0.0,0.0,1.0,1.0,0.0,0.0,1.0,0.0,0.0,0.0,1.0,1
0.10742839383967734,-1.165281590766674,0.06219037518238481,0.979251289595125,0.15410279762455925,-0.7881643537574514,-0.5288619713197046,2.320152878668299,0.0,0.0,1.0,0.0,0.0,1.0,1.0,0.0,1.0,0.0,0.0,0.0,0.0,1.0,1
-0.45650018274655507,1.3999790571997863,0.06219037518238481,0.7272458108230576,0.15410279762455925,0.029645611230824178,0.5329068047523619,-1.1957296859661453,0.0,0.0,0.0,1.0,0.0,1.0,1.0,0.0,0.0,1.0,0.0,0.0,0.0,1.0,0
0.2954045860350881,-0.44530608607768324,0.2527148842935982,-0.4487797567799234,-0.7230387043294855,-1.1970693362515892,-0.22549946387054262,-1.6352150065454507,0.0,1.0,0.0,0.0,1.0,0.0,1.0,0.0,0.0,1.0,0.0,1.0,0.0,0.0,1
-0.8324525671373767,0.44329458439370606,-1.0809566794848955,0.2232348532789229,0.04446010988030403,0.8474555762190998,0.3643720783917163,-0.3167590448075343,0.0,0.0,0.0,1.0,1.0,0.0,0.0,1.0,0.0,1.0,0.0,0.0,0.0,1.0,0
-0.8324525671373767,-0.7881230178333666,-0.5093831521512553,0.47524033205099026,1.1408869873228602,0.43855059372496197,-2.214209234926158,0.5622115963510766,1.0,0.0,0.0,0.0,1.0,0.0,1.0,0.0,0.0,1.0,0.0,0.0,1.0,0.0,1
-1.7723335281144308,-0.04014323218406886,-0.7634158309662065,-2.128816281927039,-1.1616094553065084,-0.37925937126331366,0.6003206952966192,1.0016969169303822,0.0,0.0,0.0,1.0,0.0,1.0,1.0,0.0,0.0,1.0,0.0,0.0,1.0,0.0,0
-0.2685239905511443,-0.12389915505617938,0.2527148842935982,0.2232348532789229,0.04446010988030403,0.029645611230824178,-1.1861474041262212,1.4411822375096877,0.0,0.0,0.0,1.0,0.0,1.0,1.0,0.0,0.0,1.0,0.0,1.0,0.0,0.0,0
1.0473093548167314,-1.3050460755593984,1.3323537692571406,1.4832622471392596,0.20892414149668687,1.2563605587132376,0.24639776993926407,1.4411822375096877,0.0,0.0,0.0,1.0,0.0,1.0,1.0,0.0,0.0,1.0,0.0,0.0,0.0,1.0,0
0.10742839383967734,0.1013340526673898,0.06219037518238481,0.2232348532789229,0.48303086085732594,-0.37925937126331366,0.8868297301097171,0.5622115963510766,1.0,0.0,0.0,0.0,0.0,1.0,1.0,0.0,0.0,1.0,0.0,0.0,1.0,0.0,0
-0.2685239905511443,1.9362567555895165,0.8242884116272383,-0.4487797567799234,-0.22964660948033502,1.2563605587132376,-0.6131293345000269,0.5622115963510766,0.0,1.0,0.0,0.0,1.0,0.0,1.0,0.0,1.0,0.0,0.0,1.0,0.0,0.0,1
-1.2084049515281983,2.382591040894958,1.3323537692571406,-0.3647779305225676,-1.0519667675622522,0.8474555762190998,0.7857088942933298,0.12272627577177116,0.0,0.0,0.0,1.0,0.0,1.0,1.0,0.0,0.0,0.0,1.0,1.0,0.0,0.0,1
0.2954045860350881,2.382591040894958,0.2527148842935982,0.8952494633377692,1.031244299578604,-1.1970693362515892,0.3980790236638454,-0.7562443653868398,1.0,0.0,0.0,0.0,1.0,0.0,1.0,0.0,1.0,0.0,0.0,0.0,1.0,0.0,1
0.2954045860350881,-0.41755872512618647,0.7607802419235005,1.0632531158524807,-0.5037533288409741,0.43855059372496197,-0.8322244787688657,-1.1957296859661453,0.0,0.0,1.0,0.0,1.0,0.0,1.0,0.0,0.0,1.0,0.0,0.0,1.0,0.0,1
1.2352855470121422,-0.35204412287959697,-1.6525302068185357,-1.9608126294123274,0.04446010988030403,-0.7881643537574514,-0.6805432250442851,-1.1957296859661453,0.0,0.0,0.0,1.0,1.0,0.0,1.0,0.0,0.0,1.0,0.0,0.0,1.0,0.0,1
1.6112379314029637,2.382591040894958,-1.2714811885961088,-0.7007852355519907,-0.06518257786395218,1.2563605587132376,0.06100957094255439,0.5622115963510766,1.0,0.0,0.0,0.0,1.0,0.0,1.0,0.0,1.0,0.0,0.0,0.0,0.0,1.0,0
-1.0204287593327874,-0.4962618878250306,1.840419126887043,2.155276857198106,-0.9971454236901246,0.029645611230824178,1.0722179291064267,-1.1957296859661453,1.0,0.0,0.0,0.0,0.0,1.0,1.0,0.0,1.0,0.0,0.0,0.0,0.0,1.0,1
0.48338077823049896,2.382591040894958,-0.6999076612624687,-0.7007852355519907,0.2637454853688155,-0.37925937126331366,-0.6636897524082209,-0.3167590448075343,0.0,0.0,0.0,1.0,0.0,1.0,1.0,0.0,0.0,1.0,0.0,0.0,0.0,1.0,0
0.10742839383967734,1.1987250502984983,0.887796581330976,-0.7847870618093465,-0.6133960165852302,0.43855059372496197,-0.6131293345000269,0.5622115963510766,1.0,0.0,0.0,0.0,1.0,0.0,1.0,0.0,0.0,1.0,0.0,1.0,0.0,0.0,1
-0.8324525671373767,-0.11687667481536847,2.157959975405732,2.6592878147422407,-1.9291082695162973,-0.37925937126331366,-1.9108467274769962,-0.3167590448075343,0.0,1.0,0.0,0.0,1.0,0.0,1.0,0.0,1.0,0.0,0.0,0.0,0.0,1.0,1
0.2954045860350881,1.2046342105011318,0.44323939340481155,1.4832622471392596,0.8667802679622212,-1.1970693362515892,-2.045674508565513,1.0016969169303822,0.0,0.0,0.0,1.0,0.0,1.0,1.0,0.0,0.0,1.0,0.0,1.0,0.0,0.0,1
-0.08054779835573346,0.31534842000624885,0.5702557328122871,1.315258594624548,1.0860656434507325,-1.6059743187457272,-1.5737772747557057,-0.7562443653868398,1.0,0.0,0.0,0.0,1.0,0.0,1.0,0.0,0.0,1.0,0.0,0.0,1.0,0.0,1
2.175166507989196,-1.1049053886962876,-1.3349893582998467,-0.19677427800785602,0.3185668292409431,-0.37925937126331366,-0.14123210069022024,0.12272627577177116,0.0,0.0,1.0,0.0,1.0,0.0,1.0,0.0,1.0,0.0,0.0,0.0,0.0,1.0,0
1.2352855470121422,-0.27445428021893015,0.37973122370107376,-1.372799845610837,-0.44893198496884645,0.029645611230824178,-0.14123210069022024,0.12272627577177116,0.0,0.0,0.0,1.0,0.0,1.0,1.0,0.0,0.0,1.0,0.0,0.0,0.0,1.0,0
0.2954045860350881,-0.4143900450175279,-0.6999076612624687,-1.1207943668387697,0.5926735486015822,0.43855059372496197,1.3587269639195239,-0.7562443653868398,0.0,0.0,0.0,1.0,1.0,0.0,1.0,0.0,1.0,0.0,0.0,0.0,0.0,1.0,0
0.48338077823049896,0.5875979893420764,0.44323939340481155,0.2232348532789229,-1.1616094553065084,0.029645611230824178,0.7520019490212007,1.880667558088993,0.0,1.0,0.0,0.0,1.0,0.0,1.0,0.0,0.0,1.0,0.0,0.0,1.0,0.0,0
1.2352855470121422,2.1536110830429074,-0.38236681274377976,-0.3647779305225676,1.2505296750671155,1.2563605587132376,-0.006404319601703819,-1.1957296859661453,1.0,0.0,0.0,0.0,1.0,0.0,1.0,0.0,0.0,0.0,1.0,1.0,0.0,0.0,1
0.8593331626213205,-1.040075906473192,0.9513047510347139,1.9032713784260387,0.04446010988030403,-0.7881643537574514,-1.708605055844222,-1.1957296859661453,0.0,0.0,0.0,1.0,1.0,0.0,1.0,0.0,0.0,0.0,1.0,0.0,1.0,0.0,1
-0.6444763749419659,-0.09863535418984747,0.887796581330976,-0.3647779305225676,1.469815050555627,0.029645611230824178,0.3980790236638454,0.12272627577177116,0.0,0.0,1.0,0.0,1.0,0.0,1.0,0.0,0.0,1.0,0.0,1.0,0.0,0.0,0
0.10742839383967734,1.174745849476217,-0.19184230363256635,-0.7847870618093465,-2.0387509572605533,-1.6059743187457272,-0.023257792237767996,-1.1957296859661453,0.0,1.0,0.0,0.0,1.0,0.0,1.0,0.0,0.0,1.0,0.0,0.0,0.0,1.0,1
0.48338077823049896,-1.0317688261883302,-0.12833413392882856,1.2312567683671922,1.8535644576605212,-0.37925937126331366,0.6845880584769425,0.5622115963510766,0.0,0.0,1.0,0.0,1.0,0.0,1.0,0.0,0.0,0.0,1.0,0.0,0.0,1.0,0
-0.8324525671373767,-0.18136359702671737,-0.6999076612624687,1.6512658996539713,-0.22964660948033502,0.029645611230824178,-0.6131293345000269,-0.3167590448075343,1.0,0.0,0.0,0.0,1.0,0.0,1.0,0.0,0.0,1.0,0.0,0.0,0.0,1.0,1
-1.7723335281144308,1.9319747554426805,-0.38236681274377976,-1.6248053243829044,-0.8875027359458694,0.43855059372496197,2.1508401778145574,-0.3167590448075343,0.0,0.0,1.0,0.0,0.0,1.0,1.0,0.0,0.0,1.0,0.0,1.0,0.0,0.0,0
-1.396381143723609,1.4577860591820713,0.633763902516025,-0.7007852355519907,-0.9971454236901246,0.8474555762190998,-0.2760598817787359,0.12272627577177116,0.0,0.0,1.0,0.0,0.0,1.0,1.0,0.0,0.0,1.0,0.0,0.0,0.0,1.0,1
2.175166507989196,0.8534245584576501,-1.1444648491886333,-1.0367925405814138,-0.9971454236901246,-0.37925937126331366,-0.46144808077544636,-1.6352150065454507,0.0,0.0,0.0,1.0,1.0,0.0,1.0,0.0,0.0,1.0,0.0,0.0,0.0,1.0,1
-0.8324525671373767,-0.8232354190374211,0.633763902516025,-0.7007852355519907,0.48303086085732594,-0.37925937126331366,-1.3378286578508019,1.0016969169303822,1.0,0.0,0.0,0.0,0.0,1.0,1.0,0.0,0.0,1.0,0.0,0.0,0.0,1.0,0
-0.2685239905511443,-0.9707931440973868,-0.5093831521512553,-1.5408034981255485,1.743921769916266,0.8474555762190998,1.8137707250932662,0.12272627577177116,1.0,0.0,0.0,0.0,0.0,1.0,0.0,1.0,1.0,0.0,0.0,0.0,1.0,0.0,1
-0.2685239905511443,0.19005709570982998,1.205337429849665,-0.5327815830372792,-0.9423240798179969,0.43855059372496197,-1.0007592051295113,-1.1957296859661453,1.0,0.0,0.0,0.0,0.0,1.0,1.0,0.0,0.0,0.0,1.0,0.0,0.0,1.0,1
1.6112379314029637,-1.0377636263939005,-1.5890220371147978,-0.2807761042652118,0.9216016118343487,0.8474555762190998,-0.04011126487383292,-0.7562443653868398,0.0,1.0,0.0,0.0,1.0,0.0,1.0,0.0,0.0,1.0,0.0,0.0,1.0,0.0,0
-0.08054779835573346,1.6042304642038596,-0.0013177945213529853,0.559242158308346,0.757137580217965,-1.6059743187457272,-1.0344661504016404,1.0016969169303822,0.0,0.0,1.0,0.0,0.0,1.0,1.0,0.0,0.0,1.0,0.0,0.0,0.0,1.0,1
0.2954045860350881,-0.5260646088470086,0.5067475631085494,-0.3647779305225676,-1.0519667675622522,0.8474555762190998,-0.7985175334967366,0.12272627577177116,0.0,0.0,0.0,1.0,0.0,1.0,1.0,0.0,0.0,1.0,0.0,0.0,0.0,1.0,1
0.2954045860350881,2.382591040894958,-0.890432170373682,0.8112476370804134,2.292135208637544,-0.37925937126331366,0.263251242575329,0.12272627577177116,0.0,0.0,0.0,1.0,0.0,1.0,1.0,0.0,0.0,1.0,0.0,1.0,0.0,0.0,0
-0.2685239905511443,1.6379726253609266,1.7769109571833053,0.8112476370804134,-0.6682173604573579,0.43855059372496197,-0.1917925185984135,0.12272627577177116,1.0,0.0,0.0,0.0,0.0,1.0,1.0,0.0,0.0,1.0,0.0,0.0,0.0,1.0,1
-1.2084049515281983,-0.825119499102029,-0.6363994915587309,-1.2887980193534812,0.04446010988030403,0.029645611230824178,2.1171332325424284,-0.3167590448075343,0.0,0.0,1.0,0.0,0.0,1.0,1.0,0.0,0.0,1.0,0.0,0.0,0.0,1.0,0
0.8593331626213205,-1.1739312310632826,-0.0013177945213529853,-0.7847870618093465,0.4282095169851983,-0.37925937126331366,2.5890304663522357,0.12272627577177116,0.0,1.0,0.0,0.0,1.0,0.0,1.0,0.0,1.0,0.0,0.0,1.0,0.0,0.0,0
-0.2685239905511443,0.8478579582667634,-0.0013177945213529853,1.2312567683671922,0.8119589240900935,-0.37925937126331366,1.2238991828310073,-0.3167590448075343,0.0,1.0,0.0,0.0,0.0,1.0,1.0,0.0,0.0,1.0,0.0,0.0,0.0,1.0,0
0.48338077823049896,1.9822454371665341,1.0783210904421894,1.1472549421098366,-1.216430799178636,0.8474555762190998,1.8306241977293312,0.12272627577177116,0.0,0.0,0.0,1.0,1.0,0.0,0.0,1.0,0.0,1.0,0.0,1.0,0.0,0.0,0
0.10742839383967734,-0.9241193424968753,-0.38236681274377976,-1.372799845610837,-1.9291082695162973,-0.37925937126331366,0.6845880584769425,0.5622115963510766,0.0,0.0,0.0,1.0,0.0,1.0,1.0,0.0,0.0,1.0,0.0,0.0,0.0,1.0,0
0.48338077823049896,-0.0009201108390518707,-0.5093831521512553,-1.372799845610837,0.15410279762455925,0.43855059372496197,0.1621304067589417,0.12272627577177116,0.0,0.0,0.0,1.0,1.0,0.0,1.0,0.0,1.0,0.0,0.0,0.0,1.0,0.0,0
0.6713569704259098,1.145628248477733,1.268845599553403,0.8952494633377692,-0.1748252656082074,1.2563605587132376,0.11156998885074842,-1.6352150065454507,0.0,1.0,0.0,0.0,1.0,0.0,1.0,0.0,0.0,1.0,0.0,0.0,0.0,1.0,0
0.10742839383967734,-0.726890415733613,-1.4620056977073221,1.1472549421098366,-0.3392892972245912,0.43855059372496197,1.5272616902801692,-0.3167590448075343,0.0,1.0,0.0,0.0,1.0,0.0,1.0,0.0,1.0,0.0,0.0,0.0,0.0,1.0,0
-1.58435733591902,-0.14822091589020736,-1.3349893582998467,-0.11277245175050024,-0.5037533288409741,-1.6059743187457272,-2.365890488650739,0.5622115963510766,0.0,1.0,0.0,0.0,1.0,0.0,1.0,0.0,0.0,1.0,0.0,0.0,0.0,1.0,1
-0.2685239905511443,1.0921888866452207,-0.5093831521512553,0.3072366795362787,0.15410279762455925,0.029645611230824178,-1.3041217125786733,-1.6352150065454507,0.0,1.0,0.0,0.0,1.0,0.0,1.0,0.0,0.0,1.0,0.0,0.0,0.0,1.0,1
0.6713569704259098,-0.39726204443018426,-1.2714811885961088,-0.6167834092946349,1.031244299578604,-1.6059743187457272,-1.5063633842114474,1.0016969169303822,0.0,0.0,0.0,1.0,0.0,1.0,1.0,0.0,1.0,0.0,0.0,1.0,0.0,0.0,1
-0.2685239905511443,0.9625299221990292,1.840419126887043,1.315258594624548,-0.3392892972245912,-0.37925937126331366,-0.3771807175951232,-0.3167590448075343,0.0,0.0,1.0,0.0,0.0,1.0,1.0,0.0,1.0,0.0,0.0,0.0,0.0,1.0,1
0.2954045860350881,-0.0328638319344478,0.18920671458986038,0.13923302702156712,-0.01036123399182359,0.029645611230824178,1.1564852922867492,-1.1957296859661453,0.0,0.0,1.0,0.0,1.0,0.0,1.0,0.0,1.0,0.0,0.0,0.0,0.0,1.0,0
-0.8324525671373767,-0.5829295707969896,-1.0809566794848955,0.055231200764211334,-0.7778600482016131,-0.7881643537574514,-1.674898110572093,-0.7562443653868398,0.0,1.0,0.0,0.0,0.0,1.0,0.0,1.0,0.0,1.0,0.0,0.0,0.0,1.0,1
-1.58435733591902,-0.34973184280030556,1.1418292601459272,-0.6167834092946349,0.9216016118343487,-1.6059743187457272,-1.9445536727491255,-0.3167590448075343,1.0,0.0,0.0,0.0,1.0,0.0,1.0,0.0,0.0,1.0,0.0,0.0,1.0,0.0,1
-0.2685239905511443,0.1593123346555481,0.5067475631085494,-0.11277245175050024,-0.06518257786395218,1.2563605587132376,-0.14123210069022024,-0.3167590448075343,0.0,0.0,0.0,1.0,1.0,0.0,1.0,0.0,0.0,1.0,0.0,0.0,0.0,1.0,0
0.6713569704259098,-1.269334194334787,1.268845599553403,1.1472549421098366,-0.6682173604573579,-1.6059743187457272,-1.3209751852147373,0.5622115963510766,0.0,0.0,0.0,1.0,1.0,0.0,1.0,0.0,0.0,1.0,0.0,0.0,0.0,1.0,1
1.0473093548167314,-0.6474164930083385,0.5067475631085494,1.0632531158524807,-1.216430799178636,0.43855059372496197,-0.6805432250442851,1.4411822375096877,1.0,0.0,0.0,0.0,1.0,0.0,1.0,0.0,0.0,0.0,1.0,1.0,0.0,0.0,1
0.8593331626213205,-1.1065325487520854,1.7769109571833053,0.055231200764211334,0.757137580217965,2.0741705237015133,0.22954429730319992,-0.3167590448075343,1.0,0.0,0.0,0.0,0.0,1.0,1.0,0.0,0.0,1.0,0.0,0.0,0.0,1.0,0
-1.9603097203098414,1.66058158613622,-0.31885864304004197,-0.952790714324058,-0.5037533288409741,-0.7881643537574514,-1.995114090657319,0.12272627577177116,0.0,0.0,0.0,1.0,0.0,1.0,1.0,0.0,0.0,1.0,0.0,0.0,1.0,0.0,1
-0.08054779835573346,-0.7268047757306764,-0.38236681274377976,-0.5327815830372792,0.04446010988030403,-1.1970693362515892,-0.8322244787688657,0.12272627577177116,1.0,0.0,0.0,0.0,1.0,0.0,1.0,0.0,0.0,1.0,0.0,1.0,0.0,0.0,0
0.48338077823049896,-0.9771305043147039,-0.12833413392882856,-0.952790714324058,-0.6682173604573579,0.8474555762190998,0.4823463868441678,1.0016969169303822,0.0,0.0,0.0,1.0,0.0,1.0,1.0,0.0,0.0,1.0,0.0,0.0,0.0,1.0,0
-0.6444763749419659,0.02451497003315347,-0.6999076612624687,0.2232348532789229,0.2637454853688155,-2.0148793012398647,0.1452769341228775,-0.7562443653868398,0.0,0.0,0.0,1.0,0.0,1.0,1.0,0.0,0.0,1.0,0.0,0.0,0.0,1.0,1
-1.58435733591902,-0.15918283626610732,1.1418292601459272,-1.1207943668387697,0.09928145375243164,0.43855059372496197,1.3587269639195239,-0.7562443653868398,0.0,0.0,1.0,0.0,1.0,0.0,1.0,0.0,0.0,1.0,0.0,0.0,1.0,0.0,0
0.2954045860350881,-0.6720808138541133,-1.0809566794848955,-2.128816281927039,0.757137580217965,1.2563605587132376,-0.07381821014596203,-0.3167590448075343,0.0,1.0,0.0,0.0,1.0,0.0,1.0,0.0,0.0,1.0,0.0,0.0,0.0,1.0,0
-0.08054779835573346,0.3312774605524785,0.1256985448861226,-0.5327815830372792,0.8667802679622212,-1.6059743187457272,-0.8659314240409949,1.0016969169303822,1.0,0.0,0.0,0.0,1.0,0.0,0.0,1.0,1.0,0.0,0.0,0.0,1.0,0.0,1
-0.08054779835573346,-0.6184701720157276,1.9039272965907807,-0.3647779305225676,0.8119589240900935,0.8474555762190998,0.853122784837588,-0.3167590448075343,0.0,0.0,0.0,1.0,0.0,1.0,1.0,0.0,0.0,1.0,0.0,0.0,0.0,1.0,0
0.48338077823049896,-0.7917198979567088,-0.5728913218549931,-0.11277245175050024,-0.1748252656082074,-0.37925937126331366,-0.04011126487383292,0.5622115963510766,0.0,0.0,1.0,0.0,1.0,0.0,1.0,0.0,0.0,0.0,1.0,1.0,0.0,0.0,0
-0.08054779835573346,0.034877410388496385,-0.12833413392882856,-0.952790714324058,-0.9423240798179969,1.6652655412073754,1.0216575111982327,0.12272627577177116,1.0,0.0,0.0,0.0,0.0,1.0,1.0,0.0,0.0,1.0,0.0,0.0,0.0,1.0,0
0.48338077823049896,-0.48983888760477673,-2.160595564448438,0.055231200764211334,-1.1067881114343798,0.43855059372496197,0.7520019490212007,1.0016969169303822,0.0,0.0,1.0,0.0,0.0,1.0,1.0,0.0,0.0,1.0,0.0,0.0,0.0,1.0,0
-0.6444763749419659,0.4832884657651535,-0.890432170373682,-0.8687888880667023,0.6474948924737097,0.43855059372496197,0.549760277388426,0.12272627577177116,0.0,0.0,0.0,1.0,0.0,1.0,1.0,0.0,0.0,1.0,0.0,1.0,0.0,0.0,0
-0.8324525671373767,-0.6745643739392782,-1.0809566794848955,-0.3647779305225676,0.757137580217965,-0.7881643537574514,-1.7591654737524154,-0.3167590448075343,0.0,0.0,1.0,0.0,1.0,0.0,1.0,0.0,0.0,1.0,0.0,0.0,0.0,1.0,1
-0.6444763749419659,0.4041571030516258,0.37973122370107376,-0.5327815830372792,0.4282095169851983,-0.7881643537574514,0.853122784837588,1.880667558088993,0.0,0.0,0.0,1.0,0.0,1.0,1.0,0.0,0.0,1.0,0.0,0.0,0.0,1.0,0
1.0473093548167314,-0.045538552369082115,0.5067475631085494,0.559242158308346,1.1957083311949879,0.8474555762190998,-0.6131293345000269,1.880667558088993,0.0,0.0,1.0,0.0,1.0,0.0,1.0,0.0,0.0,1.0,0.0,0.0,0.0,1.0,1
1.6112379314029637,0.7080078334711023,-0.19184230363256635,-0.8687888880667023,0.5378522047294545,0.8474555762190998,1.6789429440047499,-1.6352150065454507,1.0,0.0,0.0,0.0,1.0,0.0,1.0,0.0,0.0,1.0,0.0,0.0,1.0,0.0,0
1.423261739207553,2.382591040894958,1.4593701086646163,1.2312567683671922,0.2637454853688155,2.0741705237015133,-0.8659314240409949,0.5622115963510766,1.0,0.0,0.0,0.0,1.0,0.0,1.0,0.0,1.0,0.0,0.0,0.0,0.0,1.0,1
1.423261739207553,0.27509761862599125,-0.12833413392882856,0.979251289595125,-0.5585746727131017,-1.1970693362515892,-0.46144808077544636,-1.6352150065454507,0.0,0.0,0.0,1.0,1.0,0.0,1.0,0.0,0.0,1.0,0.0,0.0,1.0,0.0,1
0.2954045860350881,-0.9440734631811307,0.2527148842935982,2.2392786834554617,-0.9423240798179969,0.43855059372496197,-0.04011126487383292,-0.7562443653868398,0.0,0.0,0.0,1.0,1.0,0.0,1.0,0.0,0.0,1.0,0.0,0.0,0.0,1.0,1
0.10742839383967734,-0.9278875026260909,0.5067475631085494,0.8952494633377692,-0.8875027359458694,1.2563605587132376,0.43178596893597454,2.539895538957951,0.0,0.0,1.0,0.0,1.0,0.0,1.0,0.0,0.0,1.0,0.0,0.0,1.0,0.0,0
0.48338077823049896,-0.7642294570140222,0.31622305399733597,-0.2807761042652118,0.2637454853688155,1.2563605587132376,0.3980790236638454,1.4411822375096877,1.0,0.0,0.0,0.0,1.0,0.0,1.0,0.0,0.0,1.0,0.0,0.0,1.0,0.0,0
-0.45650018274655507,2.110277241556928,-0.6999076612624687,-0.952790714324058,0.9764229557064764,-1.6059743187457272,-2.197355762290093,-0.3167590448075343,0.0,0.0,1.0,0.0,0.0,1.0,0.0,1.0,0.0,1.0,0.0,0.0,0.0,1.0,1
-0.8324525671373767,1.3984375371469253,-1.3984975280035845,-1.0367925405814138,-0.22964660948033502,0.43855059372496197,0.4486394415720387,1.880667558088993,0.0,0.0,0.0,1.0,1.0,0.0,1.0,0.0,0.0,1.0,0.0,0.0,0.0,1.0,0
-1.9603097203098414,-0.151989076019423,-0.38236681274377976,-1.0367925405814138,-0.3392892972245912,-0.37925937126331366,1.3587269639195239,0.12272627577177116,0.0,1.0,0.0,0.0,1.0,0.0,1.0,0.0,1.0,0.0,0.0,0.0,0.0,1.0,1
0.6713569704259098,-1.126401029433404,2.2214681451094695,0.7272458108230576,0.9216016118343487,-0.7881643537574514,-1.6074842200278348,-0.3167590448075343,0.0,0.0,0.0,1.0,0.0,1.0,1.0,0.0,0.0,1.0,0.0,0.0,1.0,0.0,1
-0.08054779835573346,0.3478059811192651,-0.38236681274377976,0.8952494633377692,1.0860656434507325,0.8474555762190998,0.212690824667135,-0.7562443653868398,0.0,0.0,0.0,1.0,0.0,1.0,1.0,0.0,0.0,1.0,0.0,0.0,0.0,1.0,0
0.2954045860350881,-0.6855262943151781,-0.12833413392882856,-0.02877062549314445,0.04446010988030403,0.029645611230824178,-1.995114090657319,-0.3167590448075343,1.0,0.0,0.0,0.0,0.0,1.0,1.0,0.0,0.0,1.0,0.0,0.0,0.0,1.0,1
1.423261739207553,-0.2091965979811508,0.6972720722197627,1.9872732046833943,-0.39411064109671884,0.029645611230824178,0.5160533321162969,0.5622115963510766,1.0,0.0,0.0,0.0,1.0,0.0,0.0,1.0,0.0,1.0,0.0,0.0,0.0,1.0,0
-0.08054779835573346,-0.9796997044028055,-0.8269240006699443,-0.3647779305225676,0.5926735486015822,-1.6059743187457272,-0.309766827050865,0.5622115963510766,0.0,0.0,1.0,0.0,1.0,0.0,0.0,1.0,0.0,1.0,0.0,0.0,0.0,1.0,1
-0.2685239905511443,-0.7044527349641928,-0.0013177945213529853,-1.6248053243829044,0.9764229557064764,0.43855059372496197,-1.708605055844222,-1.1957296859661453,1.0,0.0,0.0,0.0,1.0,0.0,1.0,0.0,0.0,1.0,0.0,0.0,0.0,1.0,1
0.48338077823049896,-0.6098205317191191,0.5702557328122871,0.559242158308346,-0.5037533288409741,-0.37925937126331366,0.3812255510277805,-1.1957296859661453,0.0,0.0,1.0,0.0,0.0,1.0,1.0,0.0,0.0,1.0,0.0,1.0,0.0,0.0,0
2.175166507989196,-0.36617472336415546,2.2849763148132074,1.399260420881904,-0.01036123399182359,-1.6059743187457272,-0.24235293650660755,-0.3167590448075343,0.0,0.0,1.0,0.0,1.0,0.0,1.0,0.0,0.0,1.0,0.0,0.0,1.0,0.0,1
-1.0204287593327874,-0.6184701720157276,0.6972720722197627,-0.3647779305225676,-1.5453588624114027,0.8474555762190998,-0.24235293650660755,-0.3167590448075343,0.0,0.0,1.0,0.0,0.0,1.0,1.0,0.0,1.0,0.0,0.0,0.0,0.0,1.0,0
-0.6444763749419659,-0.6386812127087932,-0.06482596422509078,0.3072366795362787,-0.1748252656082074,0.029645611230824178,-0.0906716827820262,1.4411822375096877,0.0,0.0,0.0,1.0,0.0,1.0,1.0,0.0,0.0,1.0,0.0,0.0,0.0,1.0,0
0.2954045860350881,2.382591040894958,1.7769109571833053,0.39123850579363445,-0.39411064109671884,1.6652655412073754,0.6171741679326842,0.12272627577177116,0.0,0.0,0.0,1.0,1.0,0.0,1.0,0.0,0.0,0.0,1.0,0.0,0.0,1.0,1
-1.7723335281144308,-0.6236942121948674,-1.1444648491886333,0.7272458108230576,1.0860656434507325,0.8474555762190998,-0.36032724495905905,-0.7562443653868398,0.0,0.0,0.0,1.0,0.0,1.0,1.0,0.0,0.0,1.0,0.0,0.0,0.0,1.0,1
-1.9603097203098414,0.2491486977361656,-1.9065628856334869,-0.7007852355519907,0.09928145375243164,-0.37925937126331366,0.1621304067589417,0.12272627577177116,1.0,0.0,0.0,0.0,0.0,1.0,1.0,0.0,0.0,1.0,0.0,0.0,1.0,0.0,0
0.48338077823049896,-0.8204949389434462,-0.2553504733363042,0.055231200764211334,2.6210632718703115,0.029645611230824178,1.0722179291064267,-1.1957296859661453,1.0,0.0,0.0,0.0,1.0,0.0,1.0,0.0,0.0,1.0,0.0,0.0,1.0,0.0,0
0.6713569704259098,0.10347505274080776,-2.224103734152176,0.13923302702156712,0.757137580217965,-1.6059743187457272,-1.6243376926638993,-0.3167590448075343,0.0,1.0,0.0,0.0,0.0,1.0,1.0,0.0,0.0,1.0,0.0,1.0,0.0,0.0,1
-1.9603097203098414,1.420447017901662,-0.2553504733363042,0.559242158308346,0.20892414149668687,-1.1970693362515892,-0.17493904596234933,-1.1957296859661453,0.0,1.0,0.0,0.0,1.0,0.0,1.0,0.0,0.0,1.0,0.0,0.0,0.0,1.0,1
-0.08054779835573346,-0.8800147409844654,-0.6363994915587309,-1.2047961930961255,1.0860656434507325,0.029645611230824178,-0.24235293650660755,-0.3167590448075343,0.0,0.0,0.0,1.0,1.0,0.0,1.0,0.0,0.0,0.0,1.0,1.0,0.0,0.0,0
0.2954045860350881,0.1270260535484053,0.2527148842935982,0.3072366795362787,0.5926735486015822,-1.6059743187457272,-1.0513196230377053,0.5622115963510766,0.0,0.0,0.0,1.0,1.0,0.0,1.0,0.0,0.0,1.0,0.0,0.0,1.0,0.0,1
-0.2685239905511443,-0.5370265292229085,0.44323939340481155,1.9872732046833943,-0.1200039217360798,-0.7881643537574514,-1.0850265683098343,0.5622115963510766,0.0,1.0,0.0,0.0,1.0,0.0,1.0,0.0,0.0,1.0,0.0,0.0,0.0,1.0,1
0.8593331626213205,0.1382448939331154,0.887796581330976,0.13923302702156712,-0.1200039217360798,1.2563605587132376,-0.5457154439557688,-1.1957296859661453,0.0,0.0,0.0,1.0,0.0,1.0,1.0,0.0,0.0,1.0,0.0,0.0,0.0,1.0,1
-0.8324525671373767,0.6325589908838535,-0.7634158309662065,0.8952494633377692,0.9216016118343487,2.0741705237015133,0.7182950037490715,-0.3167590448075343,0.0,0.0,1.0,0.0,1.0,0.0,1.0,0.0,1.0,0.0,0.0,1.0,0.0,0.0,0
-1.396381143723609,-0.37867816379291636,-1.3984975280035845,0.055231200764211334,-0.9423240798179969,-1.1970693362515892,-1.270414767306544,-0.3167590448075343,0.0,0.0,1.0,0.0,1.0,0.0,1.0,0.0,0.0,1.0,0.0,0.0,0.0,1.0,1
1.6112379314029637,-0.9045934218273035,-0.890432170373682,-1.2887980193534812,-0.1748252656082074,2.0741705237015133,1.5441151629162335,0.12272627577177116,0.0,0.0,0.0,1.0,1.0,0.0,1.0,0.0,0.0,1.0,0.0,0.0,0.0,1.0,0
0.2954045860350881,2.382591040894958,1.5863864480720917,-0.02877062549314445,-0.9423240798179969,0.43855059372496197,-0.6805432250442851,0.12272627577177116,0.0,0.0,1.0,0.0,1.0,0.0,1.0,0.0,0.0,1.0,0.0,0.0,0.0,1.0,1
-1.0204287593327874,-0.6966594946969514,1.0783210904421894,-0.4487797567799234,0.3185668292409431,0.8474555762190998,0.3643720783917163,-0.7562443653868398,0.0,0.0,0.0,1.0,1.0,0.0,1.0,0.0,1.0,0.0,0.0,0.0,0.0,1.0,0
-0.2685239905511443,-0.8031100183472923,0.44323939340481155,-0.3647779305225676,-0.8326813920737407,-0.37925937126331366,-0.006404319601703819,-0.3167590448075343,0.0,1.0,0.0,0.0,0.0,1.0,0.0,1.0,0.0,0.0,1.0,0.0,1.0,0.0,1
0.6713569704259098,-0.2170754782513289,-0.5728913218549931,-0.3647779305225676,-0.44893198496884645,1.2563605587132376,-0.7479571155885434,-0.7562443653868398,0.0,0.0,1.0,0.0,0.0,1.0,1.0,0.0,0.0,1.0,0.0,1.0,0.0,0.0,0
-0.08054779835573346,-1.035194426305799,0.887796581330976,0.47524033205099026,0.8667802679622212,2.0741705237015133,1.2070457101949432,-2.074700327124756,0.0,0.0,0.0,1.0,1.0,0.0,1.0,0.0,0.0,1.0,0.0,0.0,1.0,0.0,0
1.9871903157937854,-1.049153746784484,-1.843054715929749,-1.2887980193534812,-1.9291082695162973,-0.7881643537574514,1.0385109838342976,0.12272627577177116,0.0,1.0,0.0,0.0,1.0,0.0,1.0,0.0,0.0,0.0,1.0,0.0,1.0,0.0,1
-1.58435733591902,-0.5395100893080733,-0.06482596422509078,-0.2807761042652118,-1.2712521430507635,1.2563605587132376,0.7688554216572648,-1.6352150065454507,1.0,0.0,0.0,0.0,1.0,0.0,1.0,0.0,0.0,1.0,0.0,0.0,0.0,1.0,1
2.363142700184607,-0.978928944376375,0.7607802419235005,-0.2807761042652118,1.2505296750671155,0.029645611230824178,-0.0569647375098971,0.12272627577177116,0.0,1.0,0.0,0.0,1.0,0.0,1.0,0.0,0.0,1.0,0.0,0.0,1.0,0.0,0
1.7992141235983745,-0.9635993838507024,-0.2553504733363042,0.055231200764211334,0.3733881731130707,0.029645611230824178,0.7014415311130066,1.0016969169303822,1.0,0.0,0.0,0.0,0.0,1.0,1.0,0.0,0.0,1.0,0.0,0.0,0.0,1.0,0
-0.08054779835573346,0.8015267166779988,1.4593701086646163,-0.952790714324058,0.15410279762455925,0.8474555762190998,-1.9782606180212545,-0.3167590448075343,0.0,0.0,0.0,1.0,0.0,1.0,1.0,0.0,0.0,1.0,0.0,1.0,0.0,0.0,1
-0.08054779835573346,0.13413417379215292,-0.06482596422509078,-1.2047961930961255,0.48303086085732594,0.43855059372496197,-0.7479571155885434,1.4411822375096877,0.0,0.0,1.0,0.0,1.0,0.0,1.0,0.0,0.0,1.0,0.0,0.0,0.0,1.0,0
-0.2685239905511443,-0.5292332889556671,-0.31885864304004197,-0.11277245175050024,-0.39411064109671884,0.029645611230824178,-0.46144808077544636,-0.3167590448075343,0.0,0.0,0.0,1.0,1.0,0.0,1.0,0.0,0.0,1.0,0.0,0.0,1.0,0.0,1
-0.6444763749419659,-0.05581535272148831,0.633763902516025,-0.6167834092946349,0.48303086085732594,-0.37925937126331366,-0.6468362797721561,0.12272627577177116,1.0,0.0,0.0,0.0,1.0,0.0,1.0,0.0,0.0,1.0,0.0,0.0,1.0,0.0,0
0.8593331626213205,-0.7881230178333666,-0.6999076612624687,-1.372799845610837,-0.7778600482016131,0.029645611230824178,0.1621304067589417,0.5622115963510766,0.0,0.0,0.0,1.0,1.0,0.0,1.0,0.0,0.0,0.0,1.0,0.0,0.0,1.0,1
1.6112379314029637,-0.12475555508554656,-0.9539403400774199,0.13923302702156712,0.8667802679622212,-0.37925937126331366,1.6789429440047499,1.0016969169303822,0.0,0.0,1.0,0.0,1.0,0.0,1.0,0.0,1.0,0.0,0.0,0.0,0.0,1.0,0
0.10742839383967734,-0.11225211465678568,-0.890432170373682,-0.19677427800785602,0.8667802679622212,-0.37925937126331366,2.1171332325424284,0.12272627577177116,0.0,0.0,1.0,0.0,0.0,1.0,1.0,0.0,0.0,1.0,0.0,0.0,1.0,0.0,0
-0.08054779835573346,-0.29817656103240114,-0.44587498244751755,-0.6167834092946349,-0.6682173604573579,-0.7881643537574514,-0.4108876628672523,0.12272627577177116,0.0,0.0,0.0,1.0,1.0,0.0,1.0,0.0,0.0,1.0,0.0,0.0,1.0,0.0,1
-0.6444763749419659,-0.201232077708036,1.7769109571833053,1.1472549421098366,-1.8194655817720418,-3.2415942487222784,0.6340276405687484,-0.3167590448075343,0.0,0.0,1.0,0.0,1.0,0.0,1.0,0.0,0.0,1.0,0.0,0.0,0.0,1.0,1
0.48338077823049896,0.910889000428188,-0.5093831521512553,-1.2047961930961255,-0.06518257786395218,-0.37925937126331366,0.07786304357861931,-1.1957296859661453,1.0,0.0,0.0,0.0,1.0,0.0,1.0,0.0,0.0,1.0,0.0,0.0,1.0,0.0,0
-0.08054779835573346,-1.0255171059739498,-1.5890220371147978,0.6432439845657019,-1.764644237899914,0.029645611230824178,2.4373492126276535,0.5622115963510766,0.0,0.0,1.0,0.0,1.0,0.0,1.0,0.0,0.0,1.0,0.0,0.0,1.0,0.0,0
-0.45650018274655507,-0.6028836914812449,1.1418292601459272,0.055231200764211334,-1.2712521430507635,2.0741705237015133,-0.14123210069022024,-0.3167590448075343,0.0,1.0,0.0,0.0,0.0,1.0,1.0,0.0,0.0,1.0,0.0,0.0,1.0,0.0,0
0.2954045860350881,-0.5737660904827607,-0.31885864304004197,-0.6167834092946349,-0.9423240798179969,0.43855059372496197,-0.0569647375098971,0.5622115963510766,0.0,1.0,0.0,0.0,1.0,0.0,1.0,0.0,0.0,1.0,0.0,0.0,1.0,0.0,0
-1.9603097203098414,-0.783755377683594,-1.5890220371147978,-0.2807761042652118,-1.216430799178636,0.43855059372496197,-0.5288619713197046,-0.7562443653868398,0.0,0.0,1.0,0.0,1.0,0.0,1.0,0.0,0.0,0.0,1.0,1.0,0.0,0.0,1
1.0473093548167314,-0.9284013426437112,-0.06482596422509078,0.6432439845657019,1.1408869873228602,0.43855059372496197,1.139631819650685,-1.1957296859661453,1.0,0.0,0.0,0.0,1.0,0.0,1.0,0.0,0.0,0.0,1.0,0.0,1.0,0.0,1
0.10742839383967734,2.382591040894958,0.5067475631085494,-1.0367925405814138,1.305351018939243,-0.7881643537574514,0.010449153034361107,0.12272627577177116,1.0,0.0,0.0,0.0,1.0,0.0,1.0,0.0,0.0,1.0,0.0,1.0,0.0,0.0,0
-0.2685239905511443,-0.48829736755191583,-0.9539403400774199,-0.7847870618093465,-2.0935723011326806,1.2563605587132376,-1.995114090657319,2.539895538957951,0.0,0.0,1.0,0.0,1.0,0.0,1.0,0.0,0.0,1.0,0.0,0.0,1.0,0.0,1
-0.08054779835573346,-1.1419875099678867,-0.7634158309662065,2.07127503094075,-1.3260734869228912,0.029645611230824178,-1.0513196230377053,-1.1957296859661453,1.0,0.0,0.0,0.0,1.0,0.0,1.0,0.0,0.0,1.0,0.0,0.0,0.0,1.0,1
1.423261739207553,-0.6146163718835753,-0.31885864304004197,-0.952790714324058,-2.641785739853959,0.029645611230824178,-0.15808557332628442,1.0016969169303822,0.0,0.0,0.0,1.0,0.0,1.0,1.0,0.0,1.0,0.0,0.0,0.0,0.0,1.0,1
0.48338077823049896,-1.1822383113481443,1.3958619389608784,-0.19677427800785602,1.031244299578604,2.0741705237015133,-0.983905732493447,-0.7562443653868398,0.0,0.0,1.0,0.0,0.0,1.0,1.0,0.0,0.0,1.0,0.0,0.0,0.0,1.0,1
1.423261739207553,2.382591040894958,1.0783210904421894,-0.19677427800785602,0.9216016118343487,-0.7881643537574514,-1.0681730956737694,0.12272627577177116,0.0,0.0,0.0,1.0,1.0,0.0,1.0,0.0,1.0,0.0,0.0,0.0,0.0,1.0,0
0.10742839383967734,-1.1743594310779661,0.7607802419235005,-0.7847870618093465,1.031244299578604,-0.37925937126331366,-0.04011126487383292,-0.7562443653868398,0.0,0.0,1.0,0.0,1.0,0.0,1.0,0.0,0.0,1.0,0.0,0.0,0.0,1.0,0
0.2954045860350881,-0.8364239794896757,0.6972720722197627,1.399260420881904,-0.8326813920737407,0.8474555762190998,0.4486394415720387,0.12272627577177116,0.0,0.0,1.0,0.0,1.0,0.0,1.0,0.0,0.0,1.0,0.0,0.0,0.0,1.0,0
-0.2685239905511443,2.382591040894958,1.7769109571833053,0.979251289595125,-0.9971454236901246,0.8474555762190998,0.4486394415720387,0.12272627577177116,1.0,0.0,0.0,0.0,1.0,0.0,0.0,1.0,0.0,1.0,0.0,0.0,0.0,1.0,1
1.0473093548167314,-0.5798465306912677,-1.6525302068185357,0.3072366795362787,-0.44893198496884645,0.43855059372496197,2.0834262872702993,0.12272627577177116,0.0,0.0,0.0,1.0,0.0,1.0,1.0,0.0,1.0,0.0,0.0,0.0,1.0,0.0,1
-0.45650018274655507,-1.006333745316125,-0.6363994915587309,0.055231200764211334,0.7023162363458374,-0.7881643537574514,-0.36032724495905905,1.4411822375096877,0.0,0.0,0.0,1.0,1.0,0.0,1.0,0.0,0.0,1.0,0.0,1.0,0.0,0.0,1
1.7992141235983745,-0.8525243000417788,1.0148129207384518,1.315258594624548,-0.01036123399182359,-0.37925937126331366,-0.04011126487383292,0.5622115963510766,0.0,0.0,0.0,1.0,1.0,0.0,1.0,0.0,0.0,1.0,0.0,1.0,0.0,0.0,0
-1.0204287593327874,2.352895369876651,-1.0809566794848955,-1.4568016718681929,-1.6001802062835302,0.8474555762190998,0.1452769341228775,-0.7562443653868398,0.0,0.0,1.0,0.0,1.0,0.0,1.0,0.0,0.0,1.0,0.0,1.0,0.0,0.0,0
-0.45650018274655507,-0.8435320997334234,-0.7634158309662065,-1.5408034981255485,-1.0519667675622522,-0.37925937126331366,-1.4726564389393184,1.0016969169303822,0.0,0.0,0.0,1.0,1.0,0.0,0.0,1.0,0.0,1.0,0.0,0.0,0.0,1.0,1
-0.2685239905511443,1.639685425419661,-0.38236681274377976,-0.2807761042652118,1.6342790821720108,2.0741705237015133,-1.1861474041262212,0.12272627577177116,1.0,0.0,0.0,0.0,0.0,1.0,1.0,0.0,0.0,1.0,0.0,1.0,0.0,0.0,0
-1.2084049515281983,1.8353728321300622,-0.0013177945213529853,2.5752859884848847,1.031244299578604,1.2563605587132376,1.12277834701462,0.12272627577177116,1.0,0.0,0.0,0.0,1.0,0.0,1.0,0.0,0.0,1.0,0.0,0.0,0.0,1.0,0
-1.58435733591902,-0.5548396498337459,-0.7634158309662065,-1.372799845610837,0.04446010988030403,-1.6059743187457272,0.9542436206539753,-0.7562443653868398,0.0,0.0,1.0,0.0,0.0,1.0,1.0,0.0,0.0,0.0,1.0,1.0,0.0,0.0,1
0.48338077823049896,0.01680736976884882,-0.7634158309662065,-0.8687888880667023,0.2637454853688155,0.43855059372496197,0.43178596893597454,1.4411822375096877,0.0,0.0,0.0,1.0,0.0,1.0,1.0,0.0,0.0,1.0,0.0,0.0,0.0,1.0,0
0.6713569704259098,-0.2531299194876873,-1.7160383765222733,-2.128816281927039,-1.2712521430507635,0.8474555762190998,1.105924874378556,1.880667558088993,0.0,1.0,0.0,0.0,1.0,0.0,1.0,0.0,0.0,1.0,0.0,0.0,1.0,0.0,0
0.6713569704259098,1.4236156980103205,1.9039272965907807,2.2392786834554617,-0.6682173604573579,0.029645611230824178,-0.933345314585253,1.880667558088993,0.0,1.0,0.0,0.0,1.0,0.0,1.0,0.0,0.0,1.0,0.0,0.0,0.0,1.0,1
1.0473093548167314,-0.6570938133401876,1.1418292601459272,-0.7007852355519907,-0.28446795335246267,-1.1970693362515892,-0.309766827050865,-1.1957296859661453,1.0,0.0,0.0,0.0,0.0,1.0,1.0,0.0,1.0,0.0,0.0,0.0,0.0,1.0,1
-0.2685239905511443,0.0564586911285494,-1.1444648491886333,-1.8768108031549717,-1.764644237899914,-2.423784283734003,-1.2198543493983505,2.320152878668299,0.0,0.0,1.0,0.0,0.0,1.0,1.0,0.0,1.0,0.0,0.0,0.0,0.0,1.0,1
-1.396381143723609,-0.07516999338518665,0.1256985448861226,0.47524033205099026,0.6474948924737097,-0.7881643537574514,0.2969581878474581,0.5622115963510766,1.0,0.0,0.0,0.0,0.0,1.0,1.0,0.0,0.0,1.0,0.0,1.0,0.0,0.0,0
-1.2084049515281983,-0.5928638111376489,1.3323537692571406,0.7272458108230576,2.5114205841260553,0.8474555762190998,1.426140854463782,-0.3167590448075343,0.0,0.0,0.0,1.0,1.0,0.0,1.0,0.0,0.0,1.0,0.0,1.0,0.0,0.0,0
-0.45650018274655507,0.0014778092431762422,-1.3349893582998467,1.2312567683671922,0.09928145375243164,-0.37925937126331366,1.6452359987326208,0.5622115963510766,0.0,0.0,1.0,0.0,1.0,0.0,1.0,0.0,0.0,1.0,0.0,0.0,0.0,1.0,0
1.2352855470121422,0.029225170194672977,-0.2553504733363042,-1.5408034981255485,-0.5585746727131017,-1.6059743187457272,-1.1355869862180277,-1.1957296859661453,0.0,0.0,0.0,1.0,0.0,1.0,1.0,0.0,0.0,1.0,0.0,0.0,0.0,1.0,1
1.2352855470121422,-0.2858444006095137,-0.2553504733363042,-0.2807761042652118,-1.5453588624114027,0.43855059372496197,0.4486394415720387,-1.6352150065454507,0.0,0.0,0.0,1.0,1.0,0.0,1.0,0.0,0.0,1.0,0.0,1.0,0.0,0.0,0
-0.8324525671373767,0.415632863445146,1.0783210904421894,0.7272458108230576,0.4282095169851983,0.029645611230824178,-0.2760598817787359,-1.6352150065454507,0.0,0.0,0.0,1.0,1.0,0.0,1.0,0.0,1.0,0.0,0.0,0.0,0.0,1.0,0
0.2954045860350881,0.4207712636213491,-1.7160383765222733,-0.5327815830372792,0.5378522047294545,0.43855059372496197,-1.0176126777655763,0.5622115963510766,0.0,0.0,0.0,1.0,0.0,1.0,1.0,0.0,0.0,1.0,0.0,0.0,0.0,1.0,0
-0.08054779835573346,-0.6120471717954737,0.44323939340481155,0.7272458108230576,1.1957083311949879,0.8474555762190998,0.6845880584769425,0.5622115963510766,0.0,0.0,1.0,0.0,1.0,0.0,1.0,0.0,0.0,1.0,0.0,0.0,1.0,0.0,0
0.10742839383967734,0.07153133164541182,0.9513047510347139,1.6512658996539713,0.09928145375243164,0.43855059372496197,-0.20864599123447844,1.4411822375096877,0.0,1.0,0.0,0.0,1.0,0.0,1.0,0.0,0.0,1.0,0.0,0.0,0.0,1.0,0
-1.9603097203098414,-0.9064775018919113,0.2527148842935982,0.8952494633377692,0.757137580217965,-0.37925937126331366,-0.39403419023118813,-1.1957296859661453,0.0,0.0,0.0,1.0,0.0,1.0,1.0,0.0,0.0,1.0,0.0,0.0,0.0,1.0,1
-1.7723335281144308,0.3009608995128802,1.0783210904421894,-0.11277245175050024,1.7987431137883936,-1.6059743187457272,-1.77601894638848,0.12272627577177116,0.0,0.0,0.0,1.0,1.0,0.0,1.0,0.0,0.0,1.0,0.0,1.0,0.0,0.0,1
0.6713569704259098,-1.0085603853924796,0.8242884116272383,-0.3647779305225676,-1.5453588624114027,0.029645611230824178,-0.6636897524082209,0.12272627577177116,0.0,0.0,1.0,0.0,0.0,1.0,1.0,0.0,0.0,1.0,0.0,1.0,0.0,0.0,1
-1.2084049515281983,0.19853545600056507,0.37973122370107376,0.8952494633377692,-1.764644237899914,-1.6059743187457272,-1.4052425483950601,0.5622115963510766,0.0,0.0,0.0,1.0,1.0,0.0,1.0,0.0,0.0,1.0,0.0,1.0,0.0,0.0,1
-1.0204287593327874,2.382591040894958,0.06219037518238481,0.055231200764211334,0.2637454853688155,0.029645611230824178,1.9823054514539118,1.0016969169303822,0.0,0.0,0.0,1.0,0.0,1.0,1.0,0.0,0.0,1.0,0.0,1.0,0.0,0.0,0
-1.9603097203098414,-0.6726802938746703,1.205337429849665,0.055231200764211334,-0.8326813920737407,0.8474555762190998,-0.7648105882246076,-0.7562443653868398,0.0,0.0,1.0,0.0,1.0,0.0,1.0,0.0,0.0,1.0,0.0,0.0,1.0,0.0,1
-0.8324525671373767,1.8458209124883418,-1.0809566794848955,0.13923302702156712,-0.9971454236901246,-0.37925937126331366,2.1845471230866864,1.0016969169303822,0.0,0.0,1.0,0.0,1.0,0.0,1.0,0.0,1.0,0.0,0.0,0.0,0.0,1.0,0
1.0473093548167314,-0.8379654995425367,-2.160595564448438,0.3072366795362787,1.9083858015326498,-0.7881643537574514,-2.6186925781917063,0.12272627577177116,1.0,0.0,0.0,0.0,0.0,1.0,1.0,0.0,0.0,1.0,0.0,0.0,0.0,1.0,1
-0.6444763749419659,2.382591040894958,1.1418292601459272,0.7272458108230576,-0.22964660948033502,1.2563605587132376,0.7520019490212007,-0.3167590448075343,0.0,0.0,0.0,1.0,0.0,1.0,1.0,0.0,0.0,1.0,0.0,0.0,0.0,1.0,0
0.2954045860350881,0.385230662402611,-1.52551386741106,0.3072366795362787,-0.39411064109671884,-0.37925937126331366,0.9036832027457812,0.12272627577177116,0.0,0.0,1.0,0.0,1.0,0.0,1.0,0.0,0.0,1.0,0.0,1.0,0.0,0.0,0
0.6713569704259098,-1.202363712038273,-0.5728913218549931,-1.0367925405814138,0.7023162363458374,0.43855059372496197,0.263251242575329,1.0016969169303822,1.0,0.0,0.0,0.0,0.0,1.0,1.0,0.0,0.0,1.0,0.0,0.0,0.0,1.0,0
0.48338077823049896,-1.0992531485024644,0.2527148842935982,0.559242158308346,1.4149937066834992,0.43855059372496197,0.549760277388426,-0.3167590448075343,0.0,0.0,0.0,1.0,1.0,0.0,1.0,0.0,0.0,1.0,0.0,1.0,0.0,0.0,0
-0.45650018274655507,0.2256833369315048,0.18920671458986038,-0.11277245175050024,-0.22964660948033502,1.2563605587132376,0.1621304067589417,-2.074700327124756,0.0,0.0,0.0,1.0,1.0,0.0,1.0,0.0,0.0,1.0,0.0,1.0,0.0,0.0,0
-1.9603097203098414,-0.5189564886032609,0.9513047510347139,0.39123850579363445,-1.2712521430507635,0.43855059372496197,-0.8827848966770597,-0.7562443653868398,0.0,1.0,0.0,0.0,0.0,1.0,1.0,0.0,0.0,1.0,0.0,1.0,0.0,0.0,1
-1.9603097203098414,-0.5628898101097974,-1.0174485097811576,-0.5327815830372792,0.7023162363458374,-0.7881643537574514,0.17898387939500587,-1.6352150065454507,0.0,0.0,0.0,1.0,1.0,0.0,1.0,0.0,0.0,1.0,0.0,1.0,0.0,0.0,1
0.6713569704259098,-0.12364223504736922,-0.2553504733363042,-0.7007852355519907,-0.6133960165852302,1.6652655412073754,0.5160533321162969,1.4411822375096877,0.0,0.0,0.0,1.0,0.0,1.0,0.0,1.0,0.0,1.0,0.0,0.0,1.0,0.0,0
1.423261739207553,0.01175460959558244,-0.7634158309662065,-1.2887980193534812,-1.216430799178636,-1.1970693362515892,-0.07381821014596203,0.12272627577177116,1.0,0.0,0.0,0.0,1.0,0.0,0.0,1.0,1.0,0.0,0.0,1.0,0.0,0.0,1
-1.0204287593327874,-1.1289702295215056,-1.843054715929749,-0.952790714324058,-0.1200039217360798,-1.6059743187457272,-0.006404319601703819,0.5622115963510766,0.0,0.0,0.0,1.0,0.0,1.0,1.0,0.0,0.0,1.0,0.0,1.0,0.0,0.0,0
-0.8324525671373767,2.382591040894958,-1.207973018892371,-1.7928089768976159,0.9764229557064764,0.43855059372496197,1.3924339091916529,-1.1957296859661453,1.0,0.0,0.0,0.0,1.0,0.0,1.0,0.0,0.0,1.0,0.0,1.0,0.0,0.0,0
-0.08054779835573346,-0.7320288159098162,0.5702557328122871,0.6432439845657019,0.6474948924737097,-0.7881643537574514,-0.22549946387054262,0.12272627577177116,0.0,0.0,1.0,0.0,1.0,0.0,1.0,0.0,0.0,0.0,1.0,0.0,0.0,1.0,1
-1.58435733591902,0.28477493895784045,0.633763902516025,-0.3647779305225676,0.3733881731130707,-0.7881643537574514,-1.0850265683098343,0.12272627577177116,0.0,0.0,1.0,0.0,0.0,1.0,1.0,0.0,0.0,0.0,1.0,1.0,0.0,0.0,1
1.0473093548167314,-1.0342523862734951,1.5863864480720917,0.13923302702156712,-0.9971454236901246,-2.0148793012398647,-0.6636897524082209,0.5622115963510766,1.0,0.0,0.0,0.0,0.0,1.0,1.0,0.0,0.0,1.0,0.0,0.0,0.0,1.0,1
-1.396381143723609,-0.9853519445966289,2.6342712481837656,1.4832622471392596,0.3185668292409431,-1.6059743187457272,-1.7254585284802866,-1.6352150065454507,0.0,0.0,0.0,1.0,1.0,0.0,1.0,0.0,0.0,0.0,1.0,0.0,0.0,1.0,1
-1.58435733591902,-0.48521432744619397,-0.9539403400774199,0.13923302702156712,-0.7778600482016131,0.8474555762190998,1.6452359987326208,0.12272627577177116,0.0,0.0,1.0,0.0,0.0,1.0,1.0,0.0,1.0,0.0,0.0,0.0,0.0,1.0,0
0.8593331626213205,0.9305005611006966,0.18920671458986038,-0.11277245175050024,0.04446010988030403,2.0741705237015133,-0.7311036429524784,0.12272627577177116,1.0,0.0,0.0,0.0,0.0,1.0,1.0,0.0,0.0,1.0,0.0,0.0,0.0,1.0,0
-0.8324525671373767,-0.4813605273140416,0.37973122370107376,0.3072366795362787,-0.3392892972245912,-0.37925937126331366,0.3475186057556514,-1.6352150065454507,0.0,0.0,0.0,1.0,1.0,0.0,1.0,0.0,0.0,1.0,0.0,0.0,0.0,1.0,0
-0.2685239905511443,-1.0404184664849387,0.8242884116272383,0.39123850579363445,-0.3392892972245912,0.8474555762190998,0.2801047152113932,0.12272627577177116,0.0,0.0,1.0,0.0,1.0,0.0,1.0,0.0,1.0,0.0,0.0,0.0,0.0,1.0,1
0.6713569704259098,-0.4017153245828936,-0.7634158309662065,-1.9608126294123274,-0.44893198496884645,0.029645611230824178,0.7182950037490715,-0.7562443653868398,0.0,0.0,0.0,1.0,1.0,0.0,1.0,0.0,1.0,0.0,0.0,1.0,0.0,0.0,0
-0.6444763749419659,-0.8607457403237038,-0.06482596422509078,-0.02877062549314445,1.469815050555627,1.2563605587132376,0.7857088942933298,1.0016969169303822,0.0,0.0,0.0,1.0,1.0,0.0,1.0,0.0,0.0,1.0,0.0,0.0,0.0,1.0,0
0.10742839383967734,0.578006309013164,-1.7795465462260112,-1.5408034981255485,0.5378522047294545,-0.7881643537574514,-2.6186925781917063,2.539895538957951,0.0,1.0,0.0,0.0,0.0,1.0,1.0,0.0,0.0,1.0,0.0,0.0,0.0,1.0,1
-0.08054779835573346,-0.2778798803363989,0.2527148842935982,-0.3647779305225676,0.04446010988030403,-0.37925937126331366,0.06100957094255439,-0.7562443653868398,1.0,0.0,0.0,0.0,0.0,1.0,1.0,0.0,0.0,1.0,0.0,0.0,0.0,1.0,0
-0.6444763749419659,-0.1352036354438262,-2.2876119038559133,-1.7088071506402602,-0.28446795335246267,0.029645611230824178,1.7463568345490081,-0.3167590448075343,0.0,0.0,0.0,1.0,1.0,0.0,1.0,0.0,0.0,0.0,1.0,0.0,0.0,1.0,1
-0.8324525671373767,-0.7098480551492061,-1.1444648491886333,-0.952790714324058,-0.6133960165852302,-1.1970693362515892,-0.5625689165918336,-1.6352150065454507,1.0,0.0,0.0,0.0,1.0,0.0,0.0,1.0,0.0,0.0,1.0,0.0,0.0,1.0,1
-1.0204287593327874,0.3361589407198714,1.0148129207384518,-0.2807761042652118,1.6891004260441382,-0.37925937126331366,-0.10752515541809113,-0.3167590448075343,0.0,0.0,1.0,0.0,1.0,0.0,1.0,0.0,0.0,1.0,0.0,0.0,0.0,1.0,0
2.175166507989196,-0.09238363397546703,0.06219037518238481,-0.952790714324058,0.9216016118343487,-2.0148793012398647,-1.6243376926638993,0.12272627577177116,0.0,0.0,0.0,1.0,1.0,0.0,1.0,0.0,0.0,1.0,0.0,0.0,0.0,1.0,1
-0.2685239905511443,-0.7227796955926505,0.31622305399733597,0.13923302702156712,-0.7778600482016131,1.2563605587132376,0.7857088942933298,-1.1957296859661453,1.0,0.0,0.0,0.0,1.0,0.0,1.0,0.0,0.0,0.0,1.0,1.0,0.0,0.0,1
-0.08054779835573346,1.1934153701164218,-1.1444648491886333,-1.2887980193534812,-1.216430799178636,0.8474555762190998,0.04415609830649021,2.320152878668299,0.0,0.0,0.0,1.0,1.0,0.0,1.0,0.0,0.0,1.0,0.0,1.0,0.0,0.0,0
-0.6444763749419659,-0.6918636545324952,-1.7795465462260112,-1.0367925405814138,-0.5037533288409741,0.029645611230824178,-2.163648817017964,-0.3167590448075343,0.0,0.0,0.0,1.0,0.0,1.0,1.0,0.0,0.0,1.0,0.0,0.0,1.0,0.0,1
1.0473093548167314,2.382591040894958,0.887796581330976,-0.4487797567799234,-0.5585746727131017,0.029645611230824178,-1.236707822034415,0.5622115963510766,0.0,0.0,0.0,1.0,1.0,0.0,1.0,0.0,1.0,0.0,0.0,1.0,0.0,0.0,0
0.2954045860350881,1.929662475363389,-0.31885864304004197,0.7272458108230576,0.5926735486015822,0.029645611230824178,0.1284234614868126,-1.1957296859661453,0.0,0.0,0.0,1.0,1.0,0.0,1.0,0.0,0.0,1.0,0.0,0.0,1.0,0.0,0
0.8593331626213205,-1.2149527924699708,2.6342712481837656,0.6432439845657019,0.04446010988030403,-0.7881643537574514,-0.9670522598573822,-0.7562443653868398,0.0,0.0,0.0,1.0,1.0,0.0,1.0,0.0,0.0,0.0,1.0,0.0,0.0,1.0,1
-0.8324525671373767,-0.9082759419535824,-0.19184230363256635,-0.19677427800785602,1.031244299578604,-1.1970693362515892,-0.25920640914267173,0.5622115963510766,0.0,0.0,0.0,1.0,0.0,1.0,1.0,0.0,0.0,0.0,1.0,1.0,0.0,0.0,1
-0.6444763749419659,1.3362628950148678,-1.5890220371147978,-2.128816281927039,-0.6133960165852302,-2.0148793012398647,-0.6468362797721561,0.5622115963510766,0.0,0.0,1.0,0.0,1.0,0.0,1.0,0.0,0.0,0.0,1.0,1.0,0.0,0.0,1
0.48338077823049896,2.382591040894958,-0.9539403400774199,0.2232348532789229,0.3185668292409431,0.43855059372496197,0.9879505659261044,-1.1957296859661453,0.0,0.0,1.0,0.0,0.0,1.0,1.0,0.0,1.0,0.0,0.0,1.0,0.0,0.0,1
-1.2084049515281983,0.2827195788873592,-0.31885864304004197,0.13923302702156712,-1.1616094553065084,0.029645611230824178,0.07786304357861931,-0.3167590448075343,0.0,0.0,1.0,0.0,0.0,1.0,1.0,0.0,0.0,1.0,0.0,0.0,0.0,1.0,0
-1.9603097203098414,-0.23497423886510302,1.0783210904421894,0.6432439845657019,-0.6133960165852302,0.8474555762190998,0.4486394415720387,-0.7562443653868398,0.0,0.0,1.0,0.0,1.0,0.0,1.0,0.0,0.0,1.0,0.0,0.0,1.0,0.0,1
-0.45650018274655507,0.6472890713889691,0.5067475631085494,-0.11277245175050024,0.20892414149668687,-1.6059743187457272,0.836269312201523,-1.6352150065454507,1.0,0.0,0.0,0.0,1.0,0.0,1.0,0.0,0.0,1.0,0.0,0.0,0.0,1.0,1
-1.58435733591902,2.382591040894958,-0.31885864304004197,0.055231200764211334,0.8667802679622212,0.8474555762190998,-0.10752515541809113,-0.7562443653868398,1.0,0.0,0.0,0.0,1.0,0.0,1.0,0.0,0.0,1.0,0.0,0.0,0.0,1.0,0
0.10742839383967734,-0.6554666532843899,0.2527148842935982,0.39123850579363445,0.8119589240900935,2.0741705237015133,-1.1355869862180277,-0.7562443653868398,0.0,0.0,0.0,1.0,1.0,0.0,1.0,0.0,0.0,1.0,0.0,0.0,1.0,0.0,0
-1.7723335281144308,-0.8050797384148368,0.2527148842935982,2.6592878147422407,0.04446010988030403,-0.37925937126331366,0.5834672226605552,0.5622115963510766,0.0,0.0,0.0,1.0,1.0,0.0,1.0,0.0,0.0,1.0,0.0,1.0,0.0,0.0,0
-0.2685239905511443,0.1475796542532177,0.18920671458986038,-1.2887980193534812,-1.6001802062835302,1.6652655412073754,1.0385109838342976,-0.3167590448075343,0.0,1.0,0.0,0.0,1.0,0.0,1.0,0.0,0.0,1.0,0.0,0.0,1.0,0.0,0
-0.45650018274655507,0.20127593609454006,0.44323939340481155,-1.0367925405814138,-0.44893198496884645,0.029645611230824178,-0.24235293650660755,-0.3167590448075343,0.0,0.0,0.0,1.0,1.0,0.0,1.0,0.0,0.0,1.0,0.0,0.0,1.0,0.0,0
0.48338077823049896,0.20598613625605958,0.31622305399733597,-0.5327815830372792,0.6474948924737097,0.43855059372496197,0.07786304357861931,-1.1957296859661453,0.0,0.0,0.0,1.0,1.0,0.0,1.0,0.0,0.0,1.0,0.0,0.0,1.0,0.0,0
0.48338077823049896,-0.9451011432163713,-0.9539403400774199,0.559242158308346,-0.3392892972245912,0.029645611230824178,0.4149324962999096,-1.1957296859661453,0.0,0.0,0.0,1.0,1.0,0.0,1.0,0.0,1.0,0.0,0.0,0.0,0.0,1.0,0
1.2352855470121422,0.37169954193860955,-1.9065628856334869,0.055231200764211334,0.6474948924737097,-0.7881643537574514,-0.4445946081393814,1.4411822375096877,0.0,0.0,1.0,0.0,0.0,1.0,0.0,1.0,0.0,1.0,0.0,0.0,0.0,1.0,1
-0.6444763749419659,-0.9647127038888798,1.0148129207384518,0.559242158308346,-0.3392892972245912,0.029645611230824178,-0.6299828071360919,1.0016969169303822,0.0,0.0,1.0,0.0,1.0,0.0,1.0,0.0,0.0,1.0,0.0,1.0,0.0,0.0,0
-0.45650018274655507,0.17224397509899256,0.5702557328122871,0.13923302702156712,0.04446010988030403,0.029645611230824178,-0.2929133544148008,-0.7562443653868398,1.0,0.0,0.0,0.0,1.0,0.0,1.0,0.0,0.0,1.0,0.0,0.0,1.0,0.0,1
-0.08054779835573346,-0.5479028095958718,2.0944518057019943,1.5672640733966154,0.15410279762455925,1.6652655412073754,-0.5625689165918336,1.4411822375096877,0.0,0.0,1.0,0.0,0.0,1.0,1.0,0.0,1.0,0.0,0.0,0.0,0.0,1.0,1
0.2954045860350881,0.5712407487811632,1.4593701086646163,0.559242158308346,1.031244299578604,-0.7881643537574514,-2.5344252150113844,-0.3167590448075343,1.0,0.0,0.0,0.0,1.0,0.0,0.0,1.0,0.0,1.0,0.0,1.0,0.0,0.0,1
-1.9603097203098414,-0.3770510037371187,1.0148129207384518,0.979251289595125,0.6474948924737097,2.0741705237015133,1.4429943270998462,-0.3167590448075343,0.0,1.0,0.0,0.0,1.0,0.0,1.0,0.0,0.0,1.0,0.0,0.0,0.0,1.0,0
0.10742839383967734,-0.4764790471466487,-0.6999076612624687,0.559242158308346,-2.5321430521097033,0.8474555762190998,0.9036832027457812,0.12272627577177116,0.0,0.0,0.0,1.0,0.0,1.0,1.0,0.0,0.0,1.0,0.0,0.0,0.0,1.0,0
0.2954045860350881,-0.8864377412047193,-0.6999076612624687,0.39123850579363445,0.04446010988030403,-1.1970693362515892,-0.12437862805415531,1.880667558088993,0.0,0.0,1.0,0.0,0.0,1.0,0.0,1.0,1.0,0.0,0.0,1.0,0.0,0.0,1
1.0473093548167314,-1.1365921897828735,-1.0809566794848955,-1.1207943668387697,-0.1200039217360798,-2.0148793012398647,-0.8996383693131239,-0.3167590448075343,0.0,1.0,0.0,0.0,1.0,0.0,1.0,0.0,0.0,1.0,0.0,1.0,0.0,0.0,1
0.6713569704259098,1.1402329282927197,-0.8269240006699443,-0.952790714324058,0.6474948924737097,-1.1970693362515892,-1.8939932548409317,0.5622115963510766,0.0,0.0,1.0,0.0,0.0,1.0,1.0,0.0,0.0,1.0,0.0,0.0,0.0,1.0,1
-0.08054779835573346,-0.6716526138394298,0.9513047510347139,-0.19677427800785602,-0.6682173604573579,-0.37925937126331366,0.027302625670425285,0.12272627577177116,0.0,0.0,1.0,0.0,0.0,1.0,0.0,1.0,0.0,1.0,0.0,0.0,0.0,1.0,0
-0.08054779835573346,-1.0158397856421006,-1.7160383765222733,-0.02877062549314445,-0.44893198496884645,0.029645611230824178,0.566613750024491,1.4411822375096877,0.0,1.0,0.0,0.0,0.0,1.0,0.0,1.0,0.0,1.0,0.0,0.0,1.0,0.0,1
-0.08054779835573346,0.7746357557558692,0.9513047510347139,1.735267725911327,-0.1200039217360798,1.2563605587132376,-0.7816640608606724,-0.7562443653868398,0.0,0.0,0.0,1.0,0.0,1.0,1.0,0.0,1.0,0.0,0.0,1.0,0.0,0.0,1
0.10742839383967734,-0.8793296209609717,0.7607802419235005,-0.7847870618093465,0.5926735486015822,0.029645611230824178,0.1284234614868126,0.12272627577177116,0.0,0.0,1.0,0.0,1.0,0.0,1.0,0.0,0.0,1.0,0.0,0.0,1.0,0.0,0
-0.45650018274655507,-1.0882055881236277,-2.2876119038559133,-0.7007852355519907,-0.6682173604573579,0.8474555762190998,0.5834672226605552,-0.3167590448075343,1.0,0.0,0.0,0.0,1.0,0.0,0.0,1.0,0.0,1.0,0.0,0.0,0.0,1.0,1
-0.45650018274655507,0.04566805075852289,1.0783210904421894,0.2232348532789229,1.1408869873228602,-1.6059743187457272,-0.39403419023118813,0.5622115963510766,0.0,1.0,0.0,0.0,1.0,0.0,1.0,0.0,1.0,0.0,0.0,0.0,1.0,0.0,1
-0.6444763749419659,-0.7513834565735145,0.1256985448861226,-1.1207943668387697,0.5378522047294545,0.43855059372496197,1.105924874378556,-0.7562443653868398,1.0,0.0,0.0,0.0,1.0,0.0,1.0,0.0,0.0,1.0,0.0,0.0,0.0,1.0,0
1.423261739207553,-0.3957205243773233,-0.44587498244751755,-0.19677427800785602,1.3601723628113718,-1.1970693362515892,-1.6580446379360283,1.0016969169303822,0.0,0.0,0.0,1.0,1.0,0.0,1.0,0.0,0.0,1.0,0.0,1.0,0.0,0.0,1
0.8593331626213205,-0.7986567381945829,1.4593701086646163,0.39123850579363445,1.469815050555627,-0.37925937126331366,0.1958373520310708,-0.3167590448075343,0.0,0.0,0.0,1.0,0.0,1.0,1.0,0.0,0.0,1.0,0.0,1.0,0.0,0.0,0
0.48338077823049896,0.12865321360420295,-0.06482596422509078,-0.4487797567799234,0.2637454853688155,0.029645611230824178,1.7463568345490081,1.0016969169303822,1.0,0.0,0.0,0.0,1.0,0.0,1.0,0.0,0.0,1.0,0.0,0.0,0.0,1.0,0
-0.6444763749419659,0.20384513618264163,1.6498946177758296,1.315258594624548,0.04446010988030403,-0.7881643537574514,-1.2535612946704795,-0.7562443653868398,1.0,0.0,0.0,0.0,0.0,1.0,1.0,0.0,0.0,0.0,1.0,0.0,0.0,1.0,1
0.10742839383967734,1.3420864152145648,-1.6525302068185357,0.8112476370804134,0.09928145375243164,0.029645611230824178,-1.1692939314901567,1.4411822375096877,0.0,0.0,0.0,1.0,0.0,1.0,1.0,0.0,0.0,1.0,0.0,0.0,0.0,1.0,0
-0.08054779835573346,-0.22349847847158277,1.3958619389608784,-0.7847870618093465,0.757137580217965,-0.37925937126331366,0.22954429730319992,-1.1957296859661453,0.0,1.0,0.0,0.0,0.0,1.0,1.0,0.0,1.0,0.0,0.0,0.0,0.0,1.0,1
-0.6444763749419659,2.0134183982355,0.2527148842935982,0.47524033205099026,2.346956552509672,0.029645611230824178,0.8194158395654588,0.12272627577177116,0.0,1.0,0.0,0.0,1.0,0.0,1.0,0.0,0.0,1.0,0.0,0.0,0.0,1.0,0
-0.6444763749419659,-1.0319401061942037,0.44323939340481155,1.315258594624548,-0.01036123399182359,-1.6059743187457272,0.6508811132048133,-0.3167590448075343,0.0,0.0,0.0,1.0,1.0,0.0,1.0,0.0,1.0,0.0,0.0,0.0,0.0,1.0,0
0.6713569704259098,-0.4845292074227002,-0.38236681274377976,-0.11277245175050024,0.15410279762455925,0.8474555762190998,2.639590884260428,-1.1957296859661453,0.0,1.0,0.0,0.0,1.0,0.0,1.0,0.0,0.0,1.0,0.0,0.0,0.0,1.0,0
1.423261739207553,-1.036136466338103,-0.12833413392882856,-1.0367925405814138,0.20892414149668687,-0.37925937126331366,0.3980790236638454,1.4411822375096877,0.0,1.0,0.0,0.0,0.0,1.0,1.0,0.0,0.0,1.0,0.0,0.0,0.0,1.0,0
0.8593331626213205,-0.19823467760525088,1.5863864480720917,-0.6167834092946349,0.04446010988030403,0.029645611230824178,0.6508811132048133,0.12272627577177116,0.0,0.0,0.0,1.0,1.0,0.0,1.0,0.0,0.0,1.0,0.0,0.0,1.0,0.0,0
-0.45650018274655507,-0.7890650578656705,-0.8269240006699443,-0.7007852355519907,0.20892414149668687,-0.37925937126331366,1.0048040385621686,-0.7562443653868398,1.0,0.0,0.0,0.0,0.0,1.0,1.0,0.0,0.0,1.0,0.0,0.0,0.0,1.0,0
-0.45650018274655507,-1.2780694746343322,-1.0174485097811576,-0.11277245175050024,0.3185668292409431,0.029645611230824178,0.9205366753818461,-0.3167590448075343,0.0,0.0,1.0,0.0,1.0,0.0,1.0,0.0,0.0,1.0,0.0,0.0,0.0,1.0,0
-1.9603097203098414,-0.05752815278022268,0.7607802419235005,1.2312567683671922,2.1276711770211603,0.43855059372496197,-0.8322244787688657,0.5622115963510766,0.0,0.0,0.0,1.0,0.0,1.0,1.0,0.0,1.0,0.0,0.0,0.0,0.0,1.0,1
-0.45650018274655507,-0.5122765683741969,-0.31885864304004197,0.13923302702156712,-0.1748252656082074,-1.1970693362515892,-1.6243376926638993,1.4411822375096877,0.0,0.0,1.0,0.0,1.0,0.0,1.0,0.0,0.0,1.0,0.0,1.0,0.0,0.0,1
2.175166507989196,-0.762773576964098,0.2527148842935982,0.39123850579363445,-0.01036123399182359,-0.37925937126331366,1.0385109838342976,0.12272627577177116,0.0,0.0,0.0,1.0,1.0,0.0,0.0,1.0,0.0,1.0,0.0,0.0,0.0,1.0,0
-0.2685239905511443,0.15434521448521843,0.06219037518238481,0.7272458108230576,-2.724017755662151,0.029645611230824178,1.6620894713686858,0.12272627577177116,0.0,0.0,0.0,1.0,0.0,1.0,1.0,0.0,0.0,0.0,1.0,0.0,0.0,1.0,1
0.8593331626213205,0.76495843542402,-1.7160383765222733,-0.11277245175050024,-0.1748252656082074,0.8474555762190998,0.8868297301097171,-1.1957296859661453,0.0,0.0,0.0,1.0,1.0,0.0,1.0,0.0,0.0,1.0,0.0,0.0,1.0,0.0,0
1.2352855470121422,2.382591040894958,0.31622305399733597,0.559242158308346,0.3185668292409431,-0.37925937126331366,1.0048040385621686,-0.3167590448075343,1.0,0.0,0.0,0.0,1.0,0.0,1.0,0.0,1.0,0.0,0.0,1.0,0.0,0.0,0
-1.0204287593327874,0.16976041501382774,1.0783210904421894,0.979251289595125,-0.39411064109671884,-0.37925937126331366,-1.7591654737524154,0.5622115963510766,0.0,0.0,0.0,1.0,0.0,1.0,1.0,0.0,0.0,1.0,0.0,1.0,0.0,0.0,1
-1.7723335281144308,-0.19832031760818758,-0.06482596422509078,-0.2807761042652118,-2.36767902049332,-1.6059743187457272,-0.6973966976803493,0.12272627577177116,1.0,0.0,0.0,0.0,0.0,1.0,1.0,0.0,0.0,1.0,0.0,1.0,0.0,0.0,1
-0.08054779835573346,-0.8363383394867391,-0.5728913218549931,-1.372799845610837,0.5378522047294545,0.8474555762190998,-0.8827848966770597,0.12272627577177116,1.0,0.0,0.0,0.0,0.0,1.0,1.0,0.0,0.0,1.0,0.0,0.0,1.0,0.0,0
-0.8324525671373767,0.7922775963608332,-0.8269240006699443,-0.19677427800785602,-0.28446795335246267,1.6652655412073754,1.7800637798211372,-0.3167590448075343,0.0,0.0,0.0,1.0,1.0,0.0,1.0,0.0,1.0,0.0,0.0,0.0,0.0,1.0,0
-0.2685239905511443,-0.073542833329389,-0.19184230363256635,-1.372799845610837,-0.39411064109671884,-1.1970693362515892,-1.1524404588540922,-1.6352150065454507,1.0,0.0,0.0,0.0,1.0,0.0,1.0,0.0,0.0,0.0,1.0,0.0,1.0,0.0,1
0.6713569704259098,-0.1459942758138527,-0.6999076612624687,-1.2887980193534812,-0.6133960165852302,0.029645611230824178,0.8699762574736521,0.5622115963510766,1.0,0.0,0.0,0.0,1.0,0.0,0.0,1.0,1.0,0.0,0.0,0.0,0.0,1.0,1
0.6713569704259098,-0.4070250047649701,0.37973122370107376,-0.5327815830372792,0.20892414149668687,1.2563605587132376,0.4991998594802327,-0.7562443653868398,0.0,0.0,0.0,1.0,1.0,0.0,1.0,0.0,1.0,0.0,0.0,0.0,1.0,0.0,0
-0.8324525671373767,-0.6960600146763944,-2.160595564448438,-0.952790714324058,-0.06518257786395218,-0.37925937126331366,0.9879505659261044,0.12272627577177116,0.0,0.0,1.0,0.0,0.0,1.0,1.0,0.0,1.0,0.0,0.0,0.0,0.0,1.0,0
1.423261739207553,-1.0928301482822105,-1.207973018892371,-0.3647779305225676,-0.6682173604573579,0.8474555762190998,-0.04011126487383292,0.12272627577177116,0.0,0.0,0.0,1.0,1.0,0.0,1.0,0.0,0.0,1.0,0.0,1.0,0.0,0.0,0
1.2352855470121422,-0.9292577426730784,-0.0013177945213529853,0.8952494633377692,0.7023162363458374,-0.7881643537574514,-0.4277411355033172,-0.7562443653868398,1.0,0.0,0.0,0.0,1.0,0.0,1.0,0.0,0.0,1.0,0.0,0.0,0.0,1.0,1
-1.7723335281144308,-0.646303172970161,-0.12833413392882856,-1.2047961930961255,1.0860656434507325,0.43855059372496197,1.2238991828310073,-0.3167590448075343,0.0,0.0,0.0,1.0,1.0,0.0,1.0,0.0,1.0,0.0,0.0,0.0,0.0,1.0,0
1.2352855470121422,0.830644317676483,0.887796581330976,0.055231200764211334,-0.1748252656082074,-1.6059743187457272,-1.6411911652999638,0.12272627577177116,0.0,0.0,0.0,1.0,0.0,1.0,1.0,0.0,0.0,1.0,0.0,0.0,1.0,0.0,0
1.0473093548167314,1.6885002270935903,0.06219037518238481,-1.1207943668387697,-0.44893198496884645,0.43855059372496197,0.07786304357861931,-0.7562443653868398,0.0,0.0,1.0,0.0,1.0,0.0,1.0,0.0,0.0,1.0,0.0,1.0,0.0,0.0,1
1.2352855470121422,0.25497221793586244,0.2527148842935982,1.0632531158524807,-0.22964660948033502,-1.1970693362515892,-0.49515502604757544,0.12272627577177116,0.0,0.0,1.0,0.0,1.0,0.0,1.0,0.0,0.0,1.0,0.0,1.0,0.0,0.0,1
0.8593331626213205,-0.34442216261822906,0.31622305399733597,-1.1207943668387697,-0.01036123399182359,-1.1970693362515892,-0.3434737723229941,-1.1957296859661453,0.0,0.0,1.0,0.0,1.0,0.0,1.0,0.0,0.0,1.0,0.0,0.0,1.0,0.0,1
-0.45650018274655507,0.9209945207747208,0.44323939340481155,-0.19677427800785602,-1.0519667675622522,0.8474555762190998,-0.5962758618639628,0.5622115963510766,0.0,0.0,1.0,0.0,1.0,0.0,1.0,0.0,1.0,0.0,0.0,0.0,0.0,1.0,1
-0.2685239905511443,-0.24996123937902873,-0.5093831521512553,1.2312567683671922,1.2505296750671155,0.8474555762190998,-1.0513196230377053,-1.6352150065454507,0.0,0.0,1.0,0.0,1.0,0.0,1.0,0.0,0.0,1.0,0.0,0.0,0.0,1.0,0
1.2352855470121422,2.262545166778413,-0.9539403400774199,0.2232348532789229,0.7023162363458374,-0.7881643537574514,-1.4726564389393184,0.5622115963510766,0.0,0.0,0.0,1.0,1.0,0.0,1.0,0.0,0.0,1.0,0.0,0.0,0.0,1.0,1
0.2954045860350881,-0.7639725370052121,0.7607802419235005,0.3072366795362787,1.469815050555627,-0.7881643537574514,-0.24235293650660755,-0.7562443653868398,0.0,0.0,0.0,1.0,1.0,0.0,1.0,0.0,0.0,1.0,0.0,0.0,0.0,1.0,0
-1.7723335281144308,1.5254416615020787,0.7607802419235005,0.3072366795362787,-2.6966070837260863,-0.7881643537574514,-0.22549946387054262,-0.7562443653868398,1.0,0.0,0.0,0.0,1.0,0.0,1.0,0.0,1.0,0.0,0.0,0.0,0.0,1.0,1
-0.45650018274655507,-0.1792225969532994,-0.38236681274377976,0.7272458108230576,-0.6682173604573579,1.2563605587132376,-0.39403419023118813,-1.1957296859661453,0.0,0.0,0.0,1.0,0.0,1.0,1.0,0.0,0.0,1.0,0.0,0.0,0.0,1.0,1
-1.58435733591902,-0.11490695474782395,-1.4620056977073221,-1.4568016718681929,-0.22964660948033502,-0.7881643537574514,-1.6411911652999638,-1.1957296859661453,0.0,1.0,0.0,0.0,1.0,0.0,1.0,0.0,0.0,1.0,0.0,1.0,0.0,0.0,1
-1.2084049515281983,-1.1769286311660678,0.633763902516025,0.3072366795362787,0.15410279762455925,0.029645611230824178,0.3643720783917163,0.12272627577177116,1.0,0.0,0.0,0.0,1.0,0.0,1.0,0.0,0.0,1.0,0.0,0.0,0.0,1.0,0
-1.2084049515281983,-0.9072482619183418,-0.5093831521512553,-1.2887980193534812,-0.6682173604573579,0.43855059372496197,-1.270414767306544,0.12272627577177116,0.0,0.0,0.0,1.0,0.0,1.0,1.0,0.0,0.0,1.0,0.0,0.0,0.0,1.0,1
-0.8324525671373767,-0.24953303936434515,-1.7160383765222733,-1.1207943668387697,1.1957083311949879,0.029645611230824178,0.212690824667135,0.12272627577177116,1.0,0.0,0.0,0.0,0.0,1.0,1.0,0.0,0.0,0.0,1.0,1.0,0.0,0.0,1
1.0473093548167314,-0.2806203604303739,0.9513047510347139,-0.3647779305225676,-1.1067881114343798,0.029645611230824178,0.6340276405687484,1.0016969169303822,0.0,0.0,1.0,0.0,0.0,1.0,1.0,0.0,0.0,1.0,0.0,0.0,0.0,1.0,0
-1.2084049515281983,-0.8283738192136242,-0.12833413392882856,0.3072366795362787,-2.4225003643654475,0.029645611230824178,0.1621304067589417,-1.1957296859661453,0.0,0.0,0.0,1.0,1.0,0.0,1.0,0.0,0.0,1.0,0.0,0.0,1.0,0.0,1
-0.08054779835573346,-0.8073920184941282,-0.0013177945213529853,0.39123850579363445,-1.0519667675622522,0.43855059372496197,1.0216575111982327,1.0016969169303822,1.0,0.0,0.0,0.0,1.0,0.0,1.0,0.0,0.0,1.0,0.0,0.0,1.0,0.0,0
-0.8324525671373767,0.529962267365665,-1.207973018892371,-1.4568016718681929,-1.6001802062835302,0.43855059372496197,-0.22549946387054262,0.12272627577177116,0.0,0.0,1.0,0.0,1.0,0.0,1.0,0.0,0.0,1.0,0.0,0.0,0.0,1.0,0
0.2954045860350881,-0.7596905368583762,0.18920671458986038,-0.11277245175050024,0.04446010988030403,-0.7881643537574514,-0.8996383693131239,0.12272627577177116,1.0,0.0,0.0,0.0,1.0,0.0,1.0,0.0,1.0,0.0,0.0,1.0,0.0,0.0,1
0.2954045860350881,-0.02541315167895331,0.18920671458986038,0.7272458108230576,1.3601723628113718,-2.0148793012398647,0.43178596893597454,-0.3167590448075343,0.0,0.0,1.0,0.0,1.0,0.0,1.0,0.0,0.0,1.0,0.0,0.0,1.0,0.0,0
1.6112379314029637,0.08120865197726099,0.37973122370107376,0.47524033205099026,2.2373138647654165,-0.7881643537574514,-0.983905732493447,-0.3167590448075343,0.0,0.0,1.0,0.0,1.0,0.0,1.0,0.0,0.0,1.0,0.0,1.0,0.0,0.0,0
-0.6444763749419659,0.32802314044088315,0.44323939340481155,-1.4568016718681929,0.5926735486015822,0.029645611230824178,-0.5625689165918336,-0.7562443653868398,0.0,1.0,0.0,0.0,0.0,1.0,1.0,0.0,0.0,1.0,0.0,0.0,0.0,1.0,1
0.48338077823049896,-0.6300315724121847,-2.414628243263389,1.5672640733966154,-0.3392892972245912,0.029645611230824178,-0.6805432250442851,0.12272627577177116,0.0,0.0,1.0,0.0,0.0,1.0,1.0,0.0,1.0,0.0,0.0,1.0,0.0,0.0,1
0.2954045860350881,-0.6124753718101573,-0.2553504733363042,0.055231200764211334,-2.36767902049332,2.0741705237015133,-0.8827848966770597,0.5622115963510766,1.0,0.0,0.0,0.0,1.0,0.0,1.0,0.0,0.0,1.0,0.0,0.0,0.0,1.0,0
0.2954045860350881,2.382591040894958,0.31622305399733597,-0.4487797567799234,0.7023162363458374,0.43855059372496197,2.032865869362105,-0.7562443653868398,1.0,0.0,0.0,0.0,1.0,0.0,1.0,0.0,0.0,0.0,1.0,0.0,0.0,1.0,0
-1.0204287593327874,-0.891062301363302,-1.0809566794848955,0.47524033205099026,-1.0519667675622522,-0.37925937126331366,-0.006404319601703819,-0.3167590448075343,0.0,0.0,1.0,0.0,1.0,0.0,1.0,0.0,0.0,1.0,0.0,1.0,0.0,0.0,0
0.10742839383967734,0.9086623603518333,0.06219037518238481,1.0632531158524807,0.8119589240900935,-1.6059743187457272,-0.10752515541809113,-0.7562443653868398,0.0,0.0,0.0,1.0,1.0,0.0,1.0,0.0,0.0,1.0,0.0,0.0,0.0,1.0,0
-0.08054779835573346,2.382591040894958,0.5067475631085494,0.13923302702156712,-0.6133960165852302,-1.1970693362515892,-0.10752515541809113,0.5622115963510766,0.0,1.0,0.0,0.0,1.0,0.0,1.0,0.0,0.0,1.0,0.0,0.0,0.0,1.0,0
1.2352855470121422,-0.8135580987055719,1.7134027874795674,1.1472549421098366,-0.7230387043294855,0.8474555762190998,0.9710970932900395,1.0016969169303822,0.0,1.0,0.0,0.0,0.0,1.0,1.0,0.0,0.0,1.0,0.0,0.0,1.0,0.0,1
-0.6444763749419659,-0.856720660185678,-0.38236681274377976,1.0632531158524807,-1.216430799178636,-0.37925937126331366,-0.006404319601703819,0.12272627577177116,0.0,1.0,0.0,0.0,0.0,1.0,1.0,0.0,0.0,1.0,0.0,1.0,0.0,0.0,0
0.48338077823049896,-0.7706524572342761,0.44323939340481155,0.39123850579363445,-0.8326813920737407,-0.37925937126331366,-0.006404319601703819,0.5622115963510766,0.0,0.0,1.0,0.0,0.0,1.0,0.0,1.0,0.0,1.0,0.0,0.0,0.0,1.0,1
-0.8324525671373767,2.042792919242794,-0.31885864304004197,0.055231200764211334,0.15410279762455925,-0.37925937126331366,1.7800637798211372,0.12272627577177116,0.0,0.0,0.0,1.0,1.0,0.0,1.0,0.0,0.0,1.0,0.0,0.0,1.0,0.0,0
-1.9603097203098414,0.33667278073749174,-1.843054715929749,-0.7847870618093465,0.4282095169851983,0.029645611230824178,-2.6186925781917063,2.320152878668299,1.0,0.0,0.0,0.0,1.0,0.0,1.0,0.0,1.0,0.0,0.0,0.0,0.0,1.0,1
-0.6444763749419659,-0.36232092323200316,0.2527148842935982,-0.11277245175050024,0.3185668292409431,-1.1970693362515892,-0.2760598817787359,1.0016969169303822,1.0,0.0,0.0,0.0,1.0,0.0,1.0,0.0,0.0,0.0,1.0,0.0,1.0,0.0,1
-0.45650018274655507,1.2007804103689796,0.633763902516025,0.13923302702156712,-0.01036123399182359,0.43855059372496197,2.3025214315391374,-1.6352150065454507,0.0,0.0,0.0,1.0,0.0,1.0,1.0,0.0,0.0,1.0,0.0,0.0,0.0,1.0,0
-1.58435733591902,-0.8425044196981828,2.411992654220683,2.6592878147422407,-0.39411064109671884,0.029645611230824178,-0.5120084986836396,0.12272627577177116,0.0,0.0,1.0,0.0,1.0,0.0,1.0,0.0,0.0,1.0,0.0,1.0,0.0,0.0,1
-0.2685239905511443,0.579804749074835,2.539008993628159,0.47524033205099026,0.09928145375243164,0.029645611230824178,0.3643720783917163,-0.3167590448075343,1.0,0.0,0.0,0.0,1.0,0.0,1.0,0.0,0.0,1.0,0.0,0.0,1.0,0.0,1
0.8593331626213205,-0.9952005449343515,1.3323537692571406,0.13923302702156712,-2.36767902049332,0.43855059372496197,-0.49515502604757544,-1.1957296859661453,0.0,0.0,0.0,1.0,1.0,0.0,1.0,0.0,0.0,0.0,1.0,0.0,0.0,1.0,1
0.48338077823049896,1.0193092441460734,0.633763902516025,2.6592878147422407,0.5378522047294545,-0.37925937126331366,-0.8996383693131239,0.12272627577177116,0.0,0.0,1.0,0.0,1.0,0.0,1.0,0.0,0.0,0.0,1.0,0.0,1.0,0.0,1
0.48338077823049896,-1.3050460755593984,-0.31885864304004197,1.4832622471392596,-0.3392892972245912,1.2563605587132376,1.0048040385621686,-1.1957296859661453,0.0,0.0,1.0,0.0,0.0,1.0,1.0,0.0,0.0,1.0,0.0,1.0,0.0,0.0,0
2.363142700184607,-0.3139343215727573,0.6972720722197627,1.735267725911327,0.09928145375243164,1.2563605587132376,-0.17493904596234933,-0.3167590448075343,0.0,0.0,0.0,1.0,1.0,0.0,1.0,0.0,0.0,1.0,0.0,0.0,0.0,1.0,0
0.2954045860350881,-0.431689325610745,1.4593701086646163,0.8952494633377692,0.04446010988030403,0.43855059372496197,2.066572814634234,0.12272627577177116,0.0,0.0,0.0,1.0,0.0,1.0,1.0,0.0,1.0,0.0,0.0,0.0,1.0,0.0,1
1.423261739207553,0.3085828597742481,1.205337429849665,0.559242158308346,1.305351018939243,0.029645611230824178,-0.8322244787688657,0.12272627577177116,1.0,0.0,0.0,0.0,1.0,0.0,1.0,0.0,0.0,1.0,0.0,0.0,0.0,1.0,0
-1.0204287593327874,0.33110618054660507,1.6498946177758296,0.559242158308346,-2.5869643959818314,0.43855059372496197,0.5160533321162969,0.12272627577177116,0.0,1.0,0.0,0.0,1.0,0.0,1.0,0.0,1.0,0.0,0.0,0.0,0.0,1.0,1
-1.7723335281144308,-0.9421037431135861,1.0148129207384518,1.1472549421098366,0.3185668292409431,0.43855059372496197,-0.04011126487383292,-1.1957296859661453,1.0,0.0,0.0,0.0,0.0,1.0,1.0,0.0,1.0,0.0,0.0,0.0,0.0,1.0,0
-0.6444763749419659,-1.0758734277007402,0.44323939340481155,0.13923302702156712,1.0860656434507325,1.2563605587132376,0.549760277388426,2.539895538957951,0.0,0.0,0.0,1.0,0.0,1.0,1.0,0.0,0.0,1.0,0.0,0.0,0.0,1.0,0
0.6713569704259098,1.8248391117688458,0.44323939340481155,0.8112476370804134,0.5926735486015822,-0.37925937126331366,2.5384700484440414,-0.7562443653868398,0.0,0.0,0.0,1.0,0.0,1.0,1.0,0.0,1.0,0.0,0.0,0.0,0.0,1.0,1
-0.45650018274655507,-0.7528393366234387,0.6972720722197627,-1.2047961930961255,1.5794577382998822,0.43855059372496197,0.7688554216572648,-1.6352150065454507,0.0,0.0,0.0,1.0,0.0,1.0,1.0,0.0,0.0,1.0,0.0,0.0,1.0,0.0,0
1.0473093548167314,-0.6809017341565953,-2.414628243263389,-1.2047961930961255,0.7023162363458374,-1.6059743187457272,-0.6468362797721561,0.12272627577177116,1.0,0.0,0.0,0.0,0.0,1.0,1.0,0.0,0.0,1.0,0.0,0.0,0.0,1.0,1
0.10742839383967734,-0.8572345002032983,-1.843054715929749,-1.8768108031549717,-0.1748252656082074,-0.37925937126331366,0.6845880584769425,1.4411822375096877,1.0,0.0,0.0,0.0,1.0,0.0,1.0,0.0,1.0,0.0,0.0,0.0,0.0,1.0,0
1.2352855470121422,0.38917010253770007,0.2527148842935982,-0.02877062549314445,-0.8875027359458694,0.029645611230824178,0.7520019490212007,1.0016969169303822,0.0,1.0,0.0,0.0,1.0,0.0,1.0,0.0,0.0,1.0,0.0,0.0,0.0,1.0,0
0.8593331626213205,2.382591040894958,0.1256985448861226,1.0632531158524807,-0.5585746727131017,-0.37925937126331366,0.3980790236638454,0.12272627577177116,1.0,0.0,0.0,0.0,1.0,0.0,1.0,0.0,0.0,1.0,0.0,0.0,1.0,0.0,0
0.48338077823049896,2.382591040894958,-0.8269240006699443,-0.02877062549314445,1.5246363944277546,0.8474555762190998,1.0048040385621686,0.12272627577177116,0.0,0.0,0.0,1.0,1.0,0.0,1.0,0.0,0.0,1.0,0.0,0.0,0.0,1.0,0
-1.9603097203098414,0.7946755164430613,0.44323939340481155,-1.0367925405814138,0.5378522047294545,-0.37925937126331366,0.4823463868441678,-0.3167590448075343,1.0,0.0,0.0,0.0,1.0,0.0,1.0,0.0,1.0,0.0,0.0,0.0,0.0,1.0,0
-1.9603097203098414,2.382591040894958,0.633763902516025,-0.2807761042652118,1.469815050555627,1.2563605587132376,1.5272616902801692,0.12272627577177116,0.0,0.0,0.0,1.0,1.0,0.0,1.0,0.0,0.0,1.0,0.0,0.0,0.0,1.0,0
1.6112379314029637,2.382591040894958,0.5067475631085494,0.559242158308346,0.8667802679622212,-0.7881643537574514,-1.0513196230377053,1.880667558088993,0.0,0.0,0.0,1.0,1.0,0.0,1.0,0.0,0.0,1.0,0.0,0.0,1.0,0.0,1
0.10742839383967734,-0.2395131590207491,1.840419126887043,0.559242158308346,0.7023162363458374,-0.37925937126331366,-0.39403419023118813,1.0016969169303822,0.0,0.0,1.0,0.0,1.0,0.0,1.0,0.0,0.0,1.0,0.0,0.0,1.0,0.0,1
1.2352855470121422,-0.9922031448315664,0.06219037518238481,-0.5327815830372792,0.2637454853688155,-0.7881643537574514,-1.6917515832081575,1.0016969169303822,0.0,0.0,0.0,1.0,1.0,0.0,1.0,0.0,0.0,1.0,0.0,0.0,0.0,1.0,1
-1.7723335281144308,-0.7623453769494144,-2.414628243263389,-1.4568016718681929,-0.6682173604573579,-0.7881643537574514,-0.6468362797721561,-0.3167590448075343,0.0,1.0,0.0,0.0,1.0,0.0,1.0,0.0,0.0,1.0,0.0,1.0,0.0,0.0,1
-1.396381143723609,-0.4914660476605744,1.205337429849665,2.6592878147422407,1.743921769916266,0.8474555762190998,-0.4108876628672523,-0.7562443653868398,0.0,0.0,0.0,1.0,1.0,0.0,1.0,0.0,1.0,0.0,0.0,0.0,1.0,0.0,1
-0.8324525671373767,-0.6750782139568985,-1.0809566794848955,-0.3647779305225676,-0.22964660948033502,-0.37925937126331366,-0.023257792237767996,1.0016969169303822,0.0,0.0,1.0,0.0,1.0,0.0,1.0,0.0,0.0,1.0,0.0,0.0,0.0,1.0,0
-0.8324525671373767,-1.3050460755593984,-0.06482596422509078,0.055231200764211334,-1.4357161746671474,0.029645611230824178,0.566613750024491,-0.7562443653868398,0.0,0.0,0.0,1.0,1.0,0.0,1.0,0.0,0.0,0.0,1.0,0.0,1.0,0.0,1
1.2352855470121422,-0.9623147838066517,0.37973122370107376,0.559242158308346,-0.7778600482016131,0.8474555762190998,0.8699762574736521,-0.3167590448075343,0.0,0.0,1.0,0.0,1.0,0.0,1.0,0.0,0.0,1.0,0.0,0.0,0.0,1.0,0
-0.2685239905511443,0.9767461626865244,0.6972720722197627,-0.02877062549314445,-0.6682173604573579,0.43855059372496197,1.2070457101949432,-1.6352150065454507,0.0,0.0,1.0,0.0,0.0,1.0,1.0,0.0,1.0,0.0,0.0,0.0,1.0,0.0,0
0.48338077823049896,-0.8243487390755985,-0.12833413392882856,0.3072366795362787,1.469815050555627,0.43855059372496197,0.6171741679326842,-0.3167590448075343,0.0,0.0,1.0,0.0,1.0,0.0,1.0,0.0,0.0,1.0,0.0,1.0,0.0,0.0,0
1.423261739207553,0.5619059884610609,1.3958619389608784,0.13923302702156712,0.8119589240900935,-0.37925937126331366,-0.6299828071360919,-1.1957296859661453,0.0,0.0,1.0,0.0,0.0,1.0,1.0,0.0,0.0,0.0,1.0,0.0,0.0,1.0,1
-0.2685239905511443,0.5296197073539181,-0.44587498244751755,0.559242158308346,-0.6133960165852302,0.43855059372496197,0.853122784837588,1.0016969169303822,0.0,1.0,0.0,0.0,1.0,0.0,1.0,0.0,0.0,1.0,0.0,0.0,0.0,1.0,0
1.6112379314029637,-0.4709980869586987,-0.06482596422509078,-0.6167834092946349,0.48303086085732594,-1.1970693362515892,-1.4389494936671892,1.880667558088993,0.0,0.0,0.0,1.0,1.0,0.0,1.0,0.0,0.0,1.0,0.0,0.0,1.0,0.0,1
0.10742839383967734,-0.4770785271672057,0.18920671458986038,-1.2047961930961255,-1.8742869256441694,-0.37925937126331366,0.4654929142081036,0.12272627577177116,0.0,1.0,0.0,0.0,1.0,0.0,1.0,0.0,0.0,1.0,0.0,1.0,0.0,0.0,0
-1.396381143723609,0.31766070008554026,0.6972720722197627,0.055231200764211334,0.20892414149668687,2.0741705237015133,0.6508811132048133,1.880667558088993,1.0,0.0,0.0,0.0,1.0,0.0,1.0,0.0,0.0,1.0,0.0,1.0,0.0,0.0,0
-1.396381143723609,0.10690065285827649,0.8242884116272383,1.315258594624548,-0.1748252656082074,-0.7881643537574514,-0.7985175334967366,1.0016969169303822,0.0,0.0,0.0,1.0,0.0,1.0,0.0,1.0,0.0,1.0,0.0,0.0,0.0,1.0,1
-0.45650018274655507,-0.9727628641649313,-1.0174485097811576,0.559242158308346,-1.3260734869228912,0.43855059372496197,0.6677345858408775,-0.7562443653868398,0.0,0.0,0.0,1.0,0.0,1.0,1.0,0.0,0.0,1.0,0.0,0.0,0.0,1.0,0
-0.8324525671373767,-0.43802668582806215,-0.12833413392882856,1.315258594624548,0.48303086085732594,0.43855059372496197,-0.3434737723229941,-0.3167590448075343,0.0,0.0,1.0,0.0,0.0,1.0,1.0,0.0,0.0,1.0,0.0,0.0,0.0,1.0,0
-1.0204287593327874,-0.7112182951961936,0.5067475631085494,0.47524033205099026,0.7023162363458374,0.029645611230824178,0.4991998594802327,-0.7562443653868398,1.0,0.0,0.0,0.0,1.0,0.0,1.0,0.0,0.0,1.0,0.0,1.0,0.0,0.0,0
-0.08054779835573346,-0.3212993618253151,-0.31885864304004197,0.6432439845657019,0.5926735486015822,-1.1970693362515892,0.8025623669293939,0.5622115963510766,0.0,0.0,1.0,0.0,0.0,1.0,1.0,0.0,0.0,1.0,0.0,0.0,0.0,1.0,1
0.48338077823049896,-0.724149935639638,-1.7160383765222733,-0.02877062549314445,0.8667802679622212,0.029645611230824178,0.07786304357861931,1.0016969169303822,0.0,0.0,0.0,1.0,0.0,1.0,1.0,0.0,0.0,1.0,0.0,1.0,0.0,0.0,0
1.423261739207553,-0.37482436366076405,0.6972720722197627,0.055231200764211334,-0.7778600482016131,-2.0148793012398647,-1.6411911652999638,1.0016969169303822,0.0,0.0,0.0,1.0,1.0,0.0,1.0,0.0,0.0,1.0,0.0,1.0,0.0,0.0,1
0.2954045860350881,-0.9200086223559129,-0.7634158309662065,0.055231200764211334,0.15410279762455925,-0.37925937126331366,0.5834672226605552,-0.7562443653868398,0.0,0.0,0.0,1.0,0.0,1.0,1.0,0.0,0.0,1.0,0.0,0.0,0.0,1.0,0
-0.08054779835573346,2.382591040894958,-0.31885864304004197,-0.19677427800785602,-0.8875027359458694,-2.0148793012398647,-2.6186925781917063,-1.6352150065454507,1.0,0.0,0.0,0.0,1.0,0.0,1.0,0.0,1.0,0.0,0.0,0.0,0.0,1.0,1
1.0473093548167314,0.784741276102402,-0.7634158309662065,-0.952790714324058,0.3733881731130707,-1.1970693362515892,-1.7928724190245444,-0.3167590448075343,0.0,1.0,0.0,0.0,1.0,0.0,1.0,0.0,0.0,1.0,0.0,0.0,0.0,1.0,0
-1.396381143723609,-0.22983583868889992,1.1418292601459272,1.0632531158524807,-0.8875027359458694,-1.1970693362515892,-1.1355869862180277,0.5622115963510766,0.0,0.0,0.0,1.0,1.0,0.0,1.0,0.0,1.0,0.0,0.0,0.0,0.0,1.0,1
-0.2685239905511443,0.11075445299042881,2.0944518057019943,1.1472549421098366,0.5926735486015822,0.029645611230824178,-0.7311036429524784,2.320152878668299,0.0,0.0,1.0,0.0,1.0,0.0,0.0,1.0,0.0,1.0,0.0,0.0,1.0,0.0,1
-0.45650018274655507,-0.4626053666709003,-1.7160383765222733,-0.6167834092946349,0.757137580217965,-0.37925937126331366,-1.0513196230377053,0.5622115963510766,0.0,0.0,0.0,1.0,1.0,0.0,0.0,1.0,0.0,1.0,0.0,0.0,1.0,0.0,1
-0.8324525671373767,-0.7800728575573151,-0.5093831521512553,-0.11277245175050024,0.3733881731130707,-0.7881643537574514,-0.7479571155885434,0.12272627577177116,0.0,0.0,0.0,1.0,1.0,0.0,1.0,0.0,1.0,0.0,0.0,1.0,0.0,0.0,1
0.2954045860350881,-1.0035076252192132,0.5702557328122871,-0.19677427800785602,2.018028489276905,-0.37925937126331366,1.0385109838342976,1.4411822375096877,0.0,0.0,0.0,1.0,0.0,1.0,1.0,0.0,1.0,0.0,0.0,0.0,0.0,1.0,0
-0.45650018274655507,-0.3855293640278538,0.44323939340481155,-0.2807761042652118,1.9083858015326498,0.029645611230824178,0.31381166048352227,-0.7562443653868398,0.0,0.0,0.0,1.0,1.0,0.0,1.0,0.0,0.0,1.0,0.0,1.0,0.0,0.0,0
0.2954045860350881,-0.7626022969582246,0.7607802419235005,0.055231200764211334,0.8119589240900935,-0.37925937126331366,0.06100957094255439,-1.1957296859661453,0.0,0.0,0.0,1.0,1.0,0.0,1.0,0.0,1.0,0.0,0.0,0.0,1.0,0.0,0
1.2352855470121422,-0.4481322061745949,0.5067475631085494,0.6432439845657019,-0.6133960165852302,1.6652655412073754,0.8699762574736521,0.12272627577177116,0.0,0.0,0.0,1.0,0.0,1.0,1.0,0.0,0.0,1.0,0.0,0.0,0.0,1.0,0
-0.2685239905511443,-0.1455660757991691,0.7607802419235005,0.8952494633377692,0.8119589240900935,0.029645611230824178,-1.0681730956737694,-0.7562443653868398,0.0,0.0,0.0,1.0,1.0,0.0,1.0,0.0,1.0,0.0,0.0,0.0,1.0,0.0,1
0.2954045860350881,-1.0216633058417974,0.5067475631085494,-0.7007852355519907,0.04446010988030403,-0.37925937126331366,-0.8659314240409949,0.5622115963510766,0.0,0.0,0.0,1.0,0.0,1.0,1.0,0.0,0.0,1.0,0.0,1.0,0.0,0.0,0
-1.396381143723609,0.14124229403590052,0.06219037518238481,0.979251289595125,1.1408869873228602,-0.7881643537574514,-2.6186925781917063,0.5622115963510766,0.0,0.0,0.0,1.0,1.0,0.0,1.0,0.0,0.0,1.0,0.0,0.0,1.0,0.0,1
-0.6444763749419659,1.5329779817605098,-1.843054715929749,-0.4487797567799234,1.3601723628113718,0.8474555762190998,-0.6636897524082209,-0.3167590448075343,0.0,0.0,0.0,1.0,1.0,0.0,1.0,0.0,0.0,0.0,1.0,0.0,1.0,0.0,1
1.2352855470121422,0.6247657506166121,0.5702557328122871,-0.8687888880667023,0.9216016118343487,-0.37925937126331366,0.31381166048352227,0.12272627577177116,0.0,0.0,0.0,1.0,0.0,1.0,1.0,0.0,1.0,0.0,0.0,1.0,0.0,0.0,0
-0.45650018274655507,-0.6658290936397329,1.9674354662945186,1.4832622471392596,0.3733881731130707,0.43855059372496197,2.639590884260428,-1.6352150065454507,0.0,0.0,0.0,1.0,1.0,0.0,0.0,1.0,0.0,0.0,1.0,0.0,0.0,1.0,1
-1.0204287593327874,-0.45207164630968394,0.44323939340481155,0.39123850579363445,-0.01036123399182359,-0.37925937126331366,-0.14123210069022024,0.5622115963510766,0.0,0.0,1.0,0.0,1.0,0.0,1.0,0.0,0.0,1.0,0.0,0.0,1.0,0.0,0
0.48338077823049896,1.0910755666070433,0.31622305399733597,-1.372799845610837,0.20892414149668687,0.43855059372496197,-0.4108876628672523,-1.1957296859661453,0.0,0.0,0.0,1.0,1.0,0.0,1.0,0.0,0.0,0.0,1.0,0.0,1.0,0.0,1
1.9871903157937854,0.3706718619033689,-0.0013177945213529853,0.47524033205099026,0.20892414149668687,0.029645611230824178,-0.12437862805415531,-0.7562443653868398,0.0,0.0,0.0,1.0,0.0,1.0,1.0,0.0,0.0,1.0,0.0,0.0,1.0,0.0,0
0.10742839383967734,-0.5124478483800704,1.268845599553403,1.1472549421098366,-0.3392892972245912,0.029645611230824178,0.1284234614868126,-0.7562443653868398,0.0,1.0,0.0,0.0,1.0,0.0,1.0,0.0,0.0,1.0,0.0,0.0,0.0,1.0,1
1.0473093548167314,1.1793704096347999,0.2527148842935982,1.4832622471392596,0.5926735486015822,-0.37925937126331366,-0.7816640608606724,0.5622115963510766,0.0,0.0,0.0,1.0,1.0,0.0,1.0,0.0,0.0,1.0,0.0,0.0,0.0,1.0,0
0.8593331626213205,-0.5635749301332912,0.06219037518238481,-0.952790714324058,0.4282095169851983,-1.6059743187457272,-2.6186925781917063,-0.3167590448075343,0.0,0.0,1.0,0.0,0.0,1.0,1.0,0.0,0.0,1.0,0.0,0.0,1.0,0.0,1
1.0473093548167314,0.32322730027642693,0.44323939340481155,-1.4568016718681929,-0.5037533288409741,-1.1970693362515892,-1.0176126777655763,1.0016969169303822,0.0,0.0,1.0,0.0,0.0,1.0,1.0,0.0,0.0,0.0,1.0,1.0,0.0,0.0,1
0.10742839383967734,0.12214457338101235,-0.5093831521512553,1.1472549421098366,1.7987431137883936,1.6652655412073754,-0.006404319601703819,-0.7562443653868398,0.0,0.0,1.0,0.0,1.0,0.0,1.0,0.0,0.0,1.0,0.0,1.0,0.0,0.0,0
0.2954045860350881,-0.17879439693861582,0.6972720722197627,0.979251289595125,-0.9971454236901246,0.43855059372496197,1.1901922375588783,0.12272627577177116,0.0,0.0,1.0,0.0,0.0,1.0,1.0,0.0,1.0,0.0,0.0,0.0,0.0,1.0,0
-1.58435733591902,2.382591040894958,-1.2714811885961088,-0.3647779305225676,-0.9423240798179969,0.029645611230824178,-0.07381821014596203,0.5622115963510766,0.0,0.0,0.0,1.0,1.0,0.0,1.0,0.0,0.0,1.0,0.0,0.0,0.0,1.0,0
0.10742839383967734,-0.8061074184500775,-0.5728913218549931,1.1472549421098366,1.4149937066834992,-1.1970693362515892,-1.7928724190245444,0.12272627577177116,0.0,0.0,0.0,1.0,1.0,0.0,1.0,0.0,1.0,0.0,0.0,0.0,0.0,1.0,1
-1.396381143723609,-0.8870372212252763,0.37973122370107376,-0.19677427800785602,1.7987431137883936,-1.1970693362515892,-1.9277002001130608,-2.074700327124756,1.0,0.0,0.0,0.0,1.0,0.0,1.0,0.0,0.0,1.0,0.0,0.0,1.0,0.0,1
-0.8324525671373767,-0.8453305397950944,-0.8269240006699443,-0.5327815830372792,-0.01036123399182359,-0.37925937126331366,0.8699762574736521,0.5622115963510766,0.0,0.0,0.0,1.0,1.0,0.0,1.0,0.0,0.0,1.0,0.0,0.0,0.0,1.0,0
-0.45650018274655507,-1.0840092279797284,-0.0013177945213529853,2.4072823359701734,1.469815050555627,1.2563605587132376,1.173338764922814,-1.1957296859661453,0.0,0.0,0.0,1.0,1.0,0.0,1.0,0.0,0.0,0.0,1.0,0.0,1.0,0.0,1
-1.2084049515281983,-0.8599749802972733,0.18920671458986038,-0.6167834092946349,1.3601723628113718,0.8474555762190998,0.11156998885074842,2.320152878668299,0.0,0.0,1.0,0.0,1.0,0.0,0.0,1.0,0.0,1.0,0.0,0.0,1.0,0.0,0
0.10742839383967734,-0.009227191123913547,-0.31885864304004197,-1.1207943668387697,0.9764229557064764,-0.37925937126331366,-0.39403419023118813,-1.1957296859661453,0.0,1.0,0.0,0.0,1.0,0.0,1.0,0.0,0.0,1.0,0.0,1.0,0.0,0.0,0
1.423261739207553,1.3211902544980054,0.6972720722197627,-0.2807761042652118,1.6891004260441382,-0.7881643537574514,0.263251242575329,0.12272627577177116,0.0,1.0,0.0,0.0,0.0,1.0,1.0,0.0,0.0,1.0,0.0,0.0,0.0,1.0,0
1.0473093548167314,0.004303929340087946,0.6972720722197627,-0.5327815830372792,-1.216430799178636,0.8474555762190998,1.3418734912834596,0.12272627577177116,0.0,0.0,0.0,1.0,0.0,1.0,1.0,0.0,1.0,0.0,0.0,0.0,0.0,1.0,0
0.10742839383967734,1.6476499456927758,0.887796581330976,1.4832622471392596,-0.44893198496884645,0.8474555762190998,-0.2929133544148008,-0.7562443653868398,0.0,0.0,1.0,0.0,1.0,0.0,1.0,0.0,0.0,1.0,0.0,0.0,1.0,0.0,1
-0.08054779835573346,-0.34202424253600094,0.2527148842935982,-1.1207943668387697,1.9632071454047775,0.43855059372496197,1.9148915609096535,-0.3167590448075343,1.0,0.0,0.0,0.0,1.0,0.0,1.0,0.0,0.0,1.0,0.0,0.0,1.0,0.0,0
0.2954045860350881,-0.30331496120860424,0.633763902516025,-0.19677427800785602,-1.3260734869228912,-1.1970693362515892,-1.995114090657319,1.4411822375096877,0.0,0.0,0.0,1.0,1.0,0.0,1.0,0.0,1.0,0.0,0.0,0.0,0.0,1.0,1
-1.2084049515281983,-1.1275999894745181,0.37973122370107376,0.559242158308346,1.2505296750671155,-1.1970693362515892,-1.1187335135819632,-0.7562443653868398,0.0,0.0,1.0,0.0,1.0,0.0,1.0,0.0,0.0,0.0,1.0,0.0,1.0,0.0,1
1.0473093548167314,-1.1764147911484475,0.5067475631085494,0.2232348532789229,1.305351018939243,0.43855059372496197,0.1958373520310708,1.0016969169303822,0.0,0.0,0.0,1.0,1.0,0.0,1.0,0.0,0.0,1.0,0.0,1.0,0.0,0.0,0
-0.6444763749419659,1.20728905059217,-0.6363994915587309,1.1472549421098366,0.20892414149668687,-2.0148793012398647,-1.6411911652999638,1.4411822375096877,1.0,0.0,0.0,0.0,0.0,1.0,1.0,0.0,1.0,0.0,0.0,0.0,0.0,1.0,1
1.0473093548167314,-0.2751394002424239,-1.9065628856334869,0.7272458108230576,-0.39411064109671884,0.8474555762190998,0.17898387939500587,2.320152878668299,0.0,0.0,0.0,1.0,1.0,0.0,1.0,0.0,1.0,0.0,0.0,0.0,0.0,1.0,0
-0.6444763749419659,-0.37902072380466323,-1.0174485097811576,-0.02877062549314445,1.3601723628113718,0.43855059372496197,-0.4445946081393814,0.12272627577177116,0.0,0.0,0.0,1.0,0.0,1.0,0.0,1.0,0.0,1.0,0.0,0.0,0.0,1.0,0
0.8593331626213205,-0.7200392154986756,0.887796581330976,0.055231200764211334,0.757137580217965,-1.1970693362515892,-0.7985175334967366,0.12272627577177116,0.0,1.0,0.0,0.0,1.0,0.0,1.0,0.0,0.0,1.0,0.0,0.0,0.0,1.0,1
0.8593331626213205,-0.8532094200652726,0.6972720722197627,0.055231200764211334,-1.3260734869228912,0.029645611230824178,-1.0513196230377053,0.5622115963510766,0.0,0.0,0.0,1.0,0.0,1.0,1.0,0.0,0.0,1.0,0.0,0.0,0.0,1.0,1
1.9871903157937854,-0.6498144130905665,-0.38236681274377976,-0.4487797567799234,0.3185668292409431,1.6652655412073754,1.089071401742491,-0.3167590448075343,0.0,0.0,0.0,1.0,0.0,1.0,1.0,0.0,0.0,1.0,0.0,0.0,0.0,1.0,0
-0.08054779835573346,-0.8014828582914947,-0.8269240006699443,-2.128816281927039,0.9764229557064764,0.029645611230824178,1.9148915609096535,-0.3167590448075343,0.0,0.0,1.0,0.0,1.0,0.0,1.0,0.0,0.0,1.0,0.0,0.0,0.0,1.0,0
-0.8324525671373767,-0.3552128029882555,-1.0809566794848955,-1.6248053243829044,-0.28446795335246267,0.029645611230824178,0.24639776993926407,0.12272627577177116,0.0,0.0,1.0,0.0,1.0,0.0,1.0,0.0,0.0,1.0,0.0,1.0,0.0,0.0,0
-1.2084049515281983,1.1315832879961112,0.06219037518238481,-0.6167834092946349,1.0860656434507325,-1.1970693362515892,-2.6186925781917063,-1.1957296859661453,1.0,0.0,0.0,0.0,1.0,0.0,1.0,0.0,0.0,1.0,0.0,0.0,0.0,1.0,1
-1.58435733591902,-0.4972039278573345,-0.38236681274377976,-0.4487797567799234,-0.6133960165852302,1.2563605587132376,1.12277834701462,-0.7562443653868398,1.0,0.0,0.0,0.0,1.0,0.0,1.0,0.0,0.0,1.0,0.0,0.0,1.0,0.0,1
-0.2685239905511443,-0.7166136153812068,1.9674354662945186,0.13923302702156712,0.20892414149668687,-0.7881643537574514,-0.46144808077544636,0.5622115963510766,0.0,0.0,0.0,1.0,0.0,1.0,1.0,0.0,0.0,1.0,0.0,0.0,0.0,1.0,1
-0.08054779835573346,-1.2349925531571628,0.2527148842935982,0.559242158308346,-0.01036123399182359,0.029645611230824178,-0.6299828071360919,0.12272627577177116,0.0,0.0,0.0,1.0,1.0,0.0,1.0,0.0,0.0,1.0,0.0,1.0,0.0,0.0,0
0.48338077823049896,-0.21527703818965782,0.18920671458986038,-0.8687888880667023,0.09928145375243164,-0.7881643537574514,-1.0850265683098343,1.0016969169303822,0.0,0.0,1.0,0.0,1.0,0.0,1.0,0.0,0.0,1.0,0.0,0.0,0.0,1.0,1
-0.6444763749419659,-0.9468995832780424,1.3958619389608784,2.6592878147422407,1.2505296750671155,0.029645611230824178,1.8980380882735888,0.5622115963510766,0.0,1.0,0.0,0.0,1.0,0.0,1.0,0.0,0.0,0.0,1.0,0.0,0.0,1.0,1
-1.58435733591902,-0.295179160929616,-2.351120073559651,-0.6167834092946349,-0.7230387043294855,-0.37925937126331366,-0.5794223892278978,-2.074700327124756,0.0,0.0,1.0,0.0,0.0,1.0,1.0,0.0,0.0,0.0,1.0,0.0,1.0,0.0,1
0.10742839383967734,-0.476393407143712,-0.12833413392882856,1.2312567683671922,-1.1067881114343798,0.029645611230824178,0.7688554216572648,-1.6352150065454507,0.0,0.0,0.0,1.0,0.0,1.0,1.0,0.0,0.0,1.0,0.0,1.0,0.0,0.0,0
-0.6444763749419659,2.382591040894958,-0.7634158309662065,0.2232348532789229,-0.1748252656082074,-1.1970693362515892,-0.4277411355033172,0.12272627577177116,0.0,0.0,1.0,0.0,1.0,0.0,1.0,0.0,0.0,1.0,0.0,0.0,1.0,0.0,1
-0.6444763749419659,-0.6326007725002861,1.7769109571833053,0.47524033205099026,-0.6133960165852302,-1.6059743187457272,-2.0962349264737066,-0.3167590448075343,0.0,0.0,1.0,0.0,1.0,0.0,1.0,0.0,0.0,1.0,0.0,0.0,1.0,0.0,1
-0.2685239905511443,1.1549630087978353,1.840419126887043,0.2232348532789229,0.8667802679622212,-0.7881643537574514,-2.028821035929448,-0.3167590448075343,0.0,0.0,0.0,1.0,1.0,0.0,1.0,0.0,1.0,0.0,0.0,1.0,0.0,0.0,1
0.48338077823049896,-0.838479339560157,0.18920671458986038,1.0632531158524807,2.292135208637544,-0.7881643537574514,0.5329068047523619,1.880667558088993,0.0,1.0,0.0,0.0,0.0,1.0,1.0,0.0,0.0,1.0,0.0,0.0,0.0,1.0,0
0.48338077823049896,-0.3152189216168081,-0.06482596422509078,0.7272458108230576,0.8667802679622212,-0.7881643537574514,-1.3546821304868664,1.4411822375096877,0.0,0.0,0.0,1.0,0.0,1.0,1.0,0.0,0.0,1.0,0.0,0.0,0.0,1.0,1
1.2352855470121422,0.5184865069721447,-1.0174485097811576,-0.02877062549314445,1.305351018939243,0.43855059372496197,-0.6299828071360919,0.12272627577177116,0.0,0.0,0.0,1.0,0.0,1.0,1.0,0.0,0.0,1.0,0.0,1.0,0.0,0.0,0
-0.6444763749419659,-0.23428911884160927,-1.0809566794848955,-0.02877062549314445,-0.3392892972245912,0.43855059372496197,0.6171741679326842,-0.3167590448075343,0.0,1.0,0.0,0.0,0.0,1.0,1.0,0.0,0.0,1.0,0.0,1.0,0.0,0.0,1
-0.6444763749419659,1.376941896409809,0.8242884116272383,0.7272458108230576,0.3733881731130707,0.8474555762190998,2.0834262872702993,-1.6352150065454507,1.0,0.0,0.0,0.0,1.0,0.0,1.0,0.0,0.0,1.0,0.0,0.0,1.0,0.0,0
1.423261739207553,-0.2798496004039434,-0.6999076612624687,-0.19677427800785602,0.8119589240900935,-1.1970693362515892,1.3418734912834596,-0.3167590448075343,0.0,1.0,0.0,0.0,1.0,0.0,1.0,0.0,0.0,1.0,0.0,1.0,0.0,0.0,0
1.0473093548167314,-0.9017673017303919,0.5067475631085494,0.559242158308346,-1.9291082695162973,0.029645611230824178,0.1284234614868126,0.12272627577177116,0.0,0.0,1.0,0.0,1.0,0.0,1.0,0.0,0.0,0.0,1.0,1.0,0.0,0.0,1
-1.396381143723609,1.8608079130022677,-1.1444648491886333,-1.0367925405814138,0.6474948924737097,1.6652655412073754,1.5946755808244275,-0.7562443653868398,0.0,0.0,1.0,0.0,0.0,1.0,1.0,0.0,0.0,1.0,0.0,0.0,0.0,1.0,1
0.2954045860350881,1.1076897271767667,-0.7634158309662065,-1.7088071506402602,-1.1067881114343798,0.8474555762190998,0.4991998594802327,0.5622115963510766,0.0,1.0,0.0,0.0,1.0,0.0,1.0,0.0,0.0,1.0,0.0,0.0,0.0,1.0,0
0.8593331626213205,-0.5351424491583007,0.37973122370107376,-0.3647779305225676,1.9083858015326498,1.6652655412073754,-0.46144808077544636,-1.1957296859661453,0.0,0.0,1.0,0.0,1.0,0.0,1.0,0.0,0.0,1.0,0.0,1.0,0.0,0.0,1
-0.45650018274655507,-1.199965791956045,-1.9700710553372245,-1.2887980193534812,1.1957083311949879,-0.37925937126331366,-1.8771397822048672,1.0016969169303822,0.0,0.0,0.0,1.0,1.0,0.0,1.0,0.0,0.0,1.0,0.0,0.0,0.0,1.0,1
0.10742839383967734,-0.9378217429667502,-0.19184230363256635,-0.2807761042652118,0.4282095169851983,2.0741705237015133,-1.236707822034415,-0.3167590448075343,0.0,0.0,1.0,0.0,1.0,0.0,1.0,0.0,1.0,0.0,0.0,0.0,0.0,1.0,0
-1.2084049515281983,0.114950813134328,0.7607802419235005,-0.11277245175050024,-1.9291082695162973,0.8474555762190998,0.31381166048352227,-1.1957296859661453,0.0,1.0,0.0,0.0,1.0,0.0,1.0,0.0,0.0,1.0,0.0,1.0,0.0,0.0,0
1.423261739207553,-0.253215559490624,1.0783210904421894,1.1472549421098366,1.0860656434507325,0.029645611230824178,-0.46144808077544636,-2.074700327124756,1.0,0.0,0.0,0.0,1.0,0.0,1.0,0.0,0.0,1.0,0.0,0.0,0.0,1.0,1
-1.396381143723609,-0.35718252305580006,0.44323939340481155,0.055231200764211334,-1.3260734869228912,1.6652655412073754,0.263251242575329,1.880667558088993,0.0,1.0,0.0,0.0,1.0,0.0,1.0,0.0,0.0,1.0,0.0,0.0,1.0,0.0,1
0.10742839383967734,-1.2545184738267345,1.9674354662945186,0.7272458108230576,-0.7778600482016131,0.029645611230824178,0.07786304357861931,-0.3167590448075343,0.0,0.0,1.0,0.0,1.0,0.0,1.0,0.0,0.0,1.0,0.0,0.0,0.0,1.0,1
0.10742839383967734,0.5081240666168018,-0.9539403400774199,-1.7928089768976159,1.2505296750671155,0.029645611230824178,1.8980380882735888,-0.3167590448075343,0.0,0.0,0.0,1.0,1.0,0.0,0.0,1.0,0.0,1.0,0.0,0.0,1.0,0.0,0
1.6112379314029637,0.09936433259984527,0.5067475631085494,-1.2887980193534812,0.5926735486015822,-1.1970693362515892,0.9710970932900395,0.12272627577177116,0.0,0.0,1.0,0.0,1.0,0.0,1.0,0.0,0.0,1.0,0.0,0.0,1.0,0.0,0
-0.2685239905511443,0.2953942993219935,0.2527148842935982,-0.11277245175050024,1.5794577382998822,-0.7881643537574514,-1.2872682399426085,-0.7562443653868398,1.0,0.0,0.0,0.0,0.0,1.0,1.0,0.0,0.0,1.0,0.0,0.0,0.0,1.0,1
1.9871903157937854,-0.913243062123912,0.633763902516025,-0.19677427800785602,1.7987431137883936,0.029645611230824178,0.11156998885074842,-0.3167590448075343,0.0,0.0,1.0,0.0,0.0,1.0,1.0,0.0,0.0,1.0,0.0,1.0,0.0,0.0,0
-0.2685239905511443,0.32887954047025036,0.1256985448861226,0.8112476370804134,-2.258036332749064,-0.37925937126331366,0.5834672226605552,0.5622115963510766,0.0,1.0,0.0,0.0,0.0,1.0,1.0,0.0,0.0,1.0,0.0,1.0,0.0,0.0,0
-1.58435733591902,0.667671392087908,-0.0013177945213529853,0.8952494633377692,-0.01036123399182359,2.0741705237015133,-0.12437862805415531,-1.1957296859661453,0.0,0.0,1.0,0.0,1.0,0.0,1.0,0.0,0.0,1.0,0.0,0.0,0.0,1.0,0
0.8593331626213205,0.4229979036977038,0.633763902516025,-1.0367925405814138,-0.8875027359458694,-1.1970693362515892,0.04415609830649021,1.0016969169303822,0.0,0.0,1.0,0.0,1.0,0.0,0.0,1.0,0.0,1.0,0.0,0.0,1.0,0.0,1
-0.2685239905511443,0.47643726553021604,0.633763902516025,-0.19677427800785602,0.3733881731130707,-0.7881643537574514,-2.6186925781917063,-0.3167590448075343,0.0,0.0,0.0,1.0,1.0,0.0,1.0,0.0,0.0,1.0,0.0,0.0,0.0,1.0,1
0.6713569704259098,0.22885201704016336,-0.38236681274377976,-0.2807761042652118,-1.1616094553065084,-0.37925937126331366,-0.49515502604757544,-0.7562443653868398,0.0,0.0,1.0,0.0,0.0,1.0,1.0,0.0,0.0,0.0,1.0,0.0,0.0,1.0,1
-1.396381143723609,2.382591040894958,-0.12833413392882856,1.2312567683671922,-0.22964660948033502,-0.7881643537574514,-0.5962758618639628,0.12272627577177116,0.0,0.0,0.0,1.0,0.0,1.0,1.0,0.0,0.0,1.0,0.0,0.0,0.0,1.0,1
0.8593331626213205,-0.03277819193151108,-0.5728913218549931,-0.02877062549314445,0.09928145375243164,0.8474555762190998,0.3980790236638454,1.0016969169303822,0.0,0.0,0.0,1.0,0.0,1.0,1.0,0.0,0.0,1.0,0.0,0.0,0.0,1.0,0
0.2954045860350881,0.26345057822659756,0.37973122370107376,-0.6167834092946349,-0.5585746727131017,0.8474555762190998,1.9654519788178468,-0.3167590448075343,0.0,0.0,0.0,1.0,1.0,0.0,0.0,1.0,0.0,0.0,1.0,0.0,1.0,0.0,1
2.5511188923800177,-0.1839327971148189,0.5702557328122871,1.1472549421098366,-0.44893198496884645,0.029645611230824178,-1.0176126777655763,0.12272627577177116,0.0,0.0,0.0,1.0,0.0,1.0,1.0,0.0,0.0,1.0,0.0,0.0,0.0,1.0,1
1.423261739207553,0.3060992996890833,-0.06482596422509078,-0.7847870618093465,0.7023162363458374,0.43855059372496197,0.212690824667135,-1.1957296859661453,1.0,0.0,0.0,0.0,1.0,0.0,1.0,0.0,0.0,1.0,0.0,0.0,0.0,1.0,0
-1.0204287593327874,1.020080004172504,-0.06482596422509078,-0.4487797567799234,-0.44893198496884645,1.2563605587132376,1.7969172524572021,0.5622115963510766,0.0,0.0,0.0,1.0,1.0,0.0,1.0,0.0,0.0,1.0,0.0,0.0,1.0,0.0,0
0.10742839383967734,1.1973548102515108,0.2527148842935982,1.0632531158524807,-0.28446795335246267,0.43855059372496197,-1.0681730956737694,2.539895538957951,1.0,0.0,0.0,0.0,0.0,1.0,1.0,0.0,0.0,1.0,0.0,0.0,0.0,1.0,0
-0.45650018274655507,-1.1782988712130553,-0.0013177945213529853,-0.7007852355519907,-0.6682173604573579,0.8474555762190998,0.4486394415720387,-0.3167590448075343,0.0,0.0,0.0,1.0,1.0,0.0,1.0,0.0,0.0,0.0,1.0,0.0,1.0,0.0,1
0.10742839383967734,-1.134022989694772,-0.31885864304004197,0.979251289595125,1.3601723628113718,0.8474555762190998,1.2070457101949432,0.5622115963510766,0.0,1.0,0.0,0.0,1.0,0.0,1.0,0.0,0.0,1.0,0.0,0.0,0.0,1.0,0
-0.2685239905511443,-0.6654008936250493,-1.1444648491886333,0.3072366795362787,1.5246363944277546,-0.37925937126331366,0.1452769341228775,-0.3167590448075343,1.0,0.0,0.0,0.0,1.0,0.0,1.0,0.0,0.0,0.0,1.0,0.0,0.0,1.0,0
0.6713569704259098,0.05859969120196736,-0.12833413392882856,0.055231200764211334,-0.5585746727131017,-1.1970693362515892,1.089071401742491,-0.3167590448075343,0.0,0.0,0.0,1.0,1.0,0.0,1.0,0.0,1.0,0.0,0.0,0.0,0.0,1.0,1
-0.08054779835573346,-0.1909552773556298,-0.5093831521512553,-0.4487797567799234,-0.8875027359458694,0.43855059372496197,0.2801047152113932,0.12272627577177116,0.0,0.0,0.0,1.0,0.0,1.0,1.0,0.0,1.0,0.0,0.0,0.0,1.0,0.0,0
2.6451069884777234,-0.9265172625791034,-0.8269240006699443,-1.4568016718681929,1.7987431137883936,0.43855059372496197,-1.270414767306544,0.5622115963510766,0.0,0.0,1.0,0.0,0.0,1.0,1.0,0.0,0.0,1.0,0.0,0.0,0.0,1.0,0
0.48338077823049896,0.5419518677768055,-0.9539403400774199,-0.5327815830372792,0.48303086085732594,-0.7881643537574514,-1.0344661504016404,-1.6352150065454507,0.0,0.0,0.0,1.0,1.0,0.0,1.0,0.0,0.0,1.0,0.0,0.0,0.0,1.0,1
-0.45650018274655507,-0.35350000292952116,-0.6363994915587309,1.315258594624548,-1.216430799178636,0.029645611230824178,-0.5794223892278978,0.5622115963510766,0.0,0.0,1.0,0.0,1.0,0.0,1.0,0.0,0.0,1.0,0.0,0.0,1.0,0.0,0
-1.0204287593327874,-0.8046515384001532,-0.7634158309662065,-1.5408034981255485,-0.1200039217360798,0.8474555762190998,0.9879505659261044,2.539895538957951,0.0,0.0,1.0,0.0,1.0,0.0,1.0,0.0,0.0,1.0,0.0,0.0,0.0,1.0,0
1.0473093548167314,-0.8495268999389937,-1.7160383765222733,-0.4487797567799234,-0.5585746727131017,0.029645611230824178,1.3924339091916529,1.0016969169303822,1.0,0.0,0.0,0.0,1.0,0.0,0.0,1.0,0.0,1.0,0.0,1.0,0.0,0.0,0
0.6713569704259098,-0.9398771030372315,0.5067475631085494,1.0632531158524807,-0.44893198496884645,1.6652655412073754,-1.7254585284802866,0.5622115963510766,0.0,0.0,1.0,0.0,1.0,0.0,0.0,1.0,1.0,0.0,0.0,0.0,1.0,0.0,1
1.0473093548167314,-1.2676213942760526,-2.160595564448438,-2.128816281927039,-0.7230387043294855,-1.1970693362515892,0.549760277388426,-0.3167590448075343,0.0,0.0,0.0,1.0,1.0,0.0,1.0,0.0,0.0,0.0,1.0,0.0,0.0,1.0,1
-0.2685239905511443,-0.7178125754223209,-0.0013177945213529853,-0.19677427800785602,-0.44893198496884645,1.2563605587132376,-0.309766827050865,0.5622115963510766,0.0,0.0,1.0,0.0,1.0,0.0,1.0,0.0,0.0,1.0,0.0,0.0,0.0,1.0,0
0.10742839383967734,-1.0676519874188153,-0.5728913218549931,-0.5327815830372792,-1.1067881114343798,0.8474555762190998,-0.6299828071360919,1.0016969169303822,0.0,0.0,1.0,0.0,1.0,0.0,1.0,0.0,0.0,1.0,0.0,0.0,0.0,1.0,1
-0.2685239905511443,2.382591040894958,0.06219037518238481,0.8112476370804134,-0.39411064109671884,2.0741705237015133,0.6340276405687484,-0.7562443653868398,0.0,0.0,0.0,1.0,0.0,1.0,1.0,0.0,0.0,0.0,1.0,0.0,1.0,0.0,1
-0.2685239905511443,-0.4876122475284221,-1.0809566794848955,-0.6167834092946349,-1.0519667675622522,0.43855059372496197,-0.3266202996869299,-1.1957296859661453,0.0,0.0,1.0,0.0,1.0,0.0,1.0,0.0,0.0,1.0,0.0,0.0,0.0,1.0,1
-0.2685239905511443,1.6446525455899905,0.6972720722197627,0.3072366795362787,0.9764229557064764,-1.1970693362515892,-1.995114090657319,1.0016969169303822,0.0,0.0,0.0,1.0,0.0,1.0,1.0,0.0,0.0,1.0,0.0,0.0,0.0,1.0,1
0.2954045860350881,1.0703506858963576,-0.0013177945213529853,0.47524033205099026,-0.01036123399182359,0.43855059372496197,0.853122784837588,-0.3167590448075343,0.0,0.0,0.0,1.0,1.0,0.0,1.0,0.0,0.0,1.0,0.0,0.0,0.0,1.0,0
-1.2084049515281983,-0.21347859812798672,-1.0174485097811576,-0.02877062549314445,0.20892414149668687,-0.37925937126331366,-0.22549946387054262,0.5622115963510766,0.0,0.0,1.0,0.0,1.0,0.0,1.0,0.0,0.0,1.0,0.0,0.0,1.0,0.0,0
-0.2685239905511443,-0.9977697450224531,1.268845599553403,0.979251289595125,-0.6682173604573579,0.029645611230824178,0.9036832027457812,0.12272627577177116,0.0,0.0,0.0,1.0,0.0,1.0,1.0,0.0,0.0,1.0,0.0,0.0,1.0,0.0,0
-0.45650018274655507,-1.3050460755593984,-0.06482596422509078,-0.11277245175050024,0.3185668292409431,-0.37925937126331366,-0.8490779514049307,1.0016969169303822,0.0,0.0,0.0,1.0,1.0,0.0,1.0,0.0,0.0,1.0,0.0,1.0,0.0,0.0,0
1.9871903157937854,-0.6069944116222074,-0.7634158309662065,0.6432439845657019,-1.6001802062835302,-1.6059743187457272,-0.5625689165918336,1.0016969169303822,0.0,0.0,0.0,1.0,0.0,1.0,1.0,0.0,0.0,1.0,0.0,0.0,0.0,1.0,1
-0.2685239905511443,-0.7606325768906801,-1.0174485097811576,-0.3647779305225676,-0.3392892972245912,0.029645611230824178,0.9373901480179103,0.5622115963510766,0.0,0.0,0.0,1.0,0.0,1.0,1.0,0.0,0.0,1.0,0.0,0.0,0.0,1.0,0
-1.9603097203098414,-0.915726622209077,0.06219037518238481,1.9032713784260387,0.15410279762455925,2.0741705237015133,0.8868297301097171,-0.7562443653868398,0.0,0.0,1.0,0.0,1.0,0.0,1.0,0.0,1.0,0.0,0.0,0.0,0.0,1.0,1
2.5511188923800177,-0.8631436604059318,-0.6363994915587309,-0.4487797567799234,-0.6133960165852302,0.8474555762190998,1.0048040385621686,-0.7562443653868398,0.0,0.0,0.0,1.0,0.0,1.0,0.0,1.0,0.0,1.0,0.0,0.0,0.0,1.0,1
1.2352855470121422,-0.7554085367115402,1.0783210904421894,1.315258594624548,0.3185668292409431,1.6652655412073754,-0.3434737723229941,0.5622115963510766,0.0,0.0,0.0,1.0,1.0,0.0,0.0,1.0,0.0,1.0,0.0,0.0,1.0,0.0,0
0.48338077823049896,-0.7363964560595888,1.840419126887043,0.559242158308346,0.09928145375243164,-0.7881643537574514,-0.3434737723229941,-1.1957296859661453,0.0,0.0,0.0,1.0,1.0,0.0,1.0,0.0,0.0,1.0,0.0,0.0,0.0,1.0,1
0.6713569704259098,-1.2994794753685117,1.1418292601459272,-1.7088071506402602,-0.9971454236901246,-0.7881643537574514,1.105924874378556,-1.1957296859661453,0.0,0.0,1.0,0.0,1.0,0.0,1.0,0.0,0.0,1.0,0.0,0.0,0.0,1.0,1
-1.58435733591902,-0.5079089282244243,-0.44587498244751755,0.8112476370804134,-0.7778600482016131,0.43855059372496197,1.139631819650685,0.5622115963510766,1.0,0.0,0.0,0.0,0.0,1.0,1.0,0.0,0.0,1.0,0.0,0.0,0.0,1.0,1
-1.0204287593327874,-0.3367145623539244,-0.8269240006699443,0.13923302702156712,0.48303086085732594,0.8474555762190998,1.5441151629162335,-0.7562443653868398,0.0,0.0,0.0,1.0,1.0,0.0,1.0,0.0,1.0,0.0,0.0,0.0,0.0,1.0,0
-1.2084049515281983,0.05448897106100488,-1.0174485097811576,-1.0367925405814138,-0.7230387043294855,-0.7881643537574514,0.06100957094255439,0.12272627577177116,0.0,0.0,0.0,1.0,1.0,0.0,1.0,0.0,0.0,0.0,1.0,0.0,1.0,0.0,1
0.48338077823049896,-0.5063674081715633,-0.38236681274377976,-1.7928089768976159,1.1957083311949879,-0.37925937126331366,0.3643720783917163,0.12272627577177116,0.0,0.0,0.0,1.0,1.0,0.0,1.0,0.0,1.0,0.0,0.0,0.0,0.0,1.0,0
-0.6444763749419659,0.18748789562172843,-1.0809566794848955,-0.4487797567799234,0.09928145375243164,0.029645611230824178,0.9710970932900395,1.0016969169303822,0.0,0.0,0.0,1.0,0.0,1.0,1.0,0.0,1.0,0.0,0.0,0.0,0.0,1.0,0
-0.08054779835573346,-0.4541270063801652,1.205337429849665,0.2232348532789229,1.4149937066834992,-0.7881643537574514,0.566613750024491,0.5622115963510766,1.0,0.0,0.0,0.0,0.0,1.0,1.0,0.0,0.0,1.0,0.0,0.0,0.0,1.0,0
-0.2685239905511443,2.382591040894958,-1.0809566794848955,-0.2807761042652118,-0.1748252656082074,-0.37925937126331366,-1.3041217125786733,-0.3167590448075343,0.0,0.0,0.0,1.0,1.0,0.0,1.0,0.0,0.0,1.0,0.0,0.0,0.0,1.0,0
-1.9603097203098414,2.382591040894958,-0.7634158309662065,0.7272458108230576,-0.7230387043294855,-0.7881643537574514,-2.4670113244671263,0.12272627577177116,0.0,0.0,1.0,0.0,0.0,1.0,1.0,0.0,0.0,1.0,0.0,0.0,1.0,0.0,1
1.0473093548167314,-0.27428300021305674,-0.19184230363256635,0.8952494633377692,-0.28446795335246267,-0.7881643537574514,-2.5681321602835134,-0.3167590448075343,0.0,1.0,0.0,0.0,0.0,1.0,1.0,0.0,0.0,1.0,0.0,0.0,0.0,1.0,1
0.10742839383967734,-0.8920899813985427,-2.351120073559651,-0.7847870618093465,1.6342790821720108,0.029645611230824178,-2.281623125470416,1.880667558088993,0.0,1.0,0.0,0.0,1.0,0.0,0.0,1.0,0.0,1.0,0.0,0.0,0.0,1.0,1
-1.0204287593327874,-0.07320027331764213,0.5702557328122871,-0.19677427800785602,-0.44893198496884645,0.43855059372496197,-0.3434737723229941,0.5622115963510766,0.0,0.0,0.0,1.0,1.0,0.0,1.0,0.0,0.0,0.0,1.0,1.0,0.0,0.0,1
-0.8324525671373767,-0.24353823915877487,1.0148129207384518,0.39123850579363445,0.09928145375243164,-0.37925937126331366,-0.47830155341151054,0.5622115963510766,1.0,0.0,0.0,0.0,0.0,1.0,1.0,0.0,0.0,1.0,0.0,0.0,0.0,1.0,0
-1.0204287593327874,-1.2737874744874962,0.18920671458986038,1.4832622471392596,-1.3808948307950188,-1.6059743187457272,-0.14123210069022024,-0.3167590448075343,0.0,0.0,1.0,0.0,1.0,0.0,1.0,0.0,0.0,1.0,0.0,0.0,1.0,0.0,1
0.8593331626213205,2.382591040894958,-1.0809566794848955,-0.7007852355519907,1.743921769916266,-0.37925937126331366,0.3812255510277805,0.12272627577177116,0.0,1.0,0.0,0.0,1.0,0.0,1.0,0.0,0.0,1.0,0.0,0.0,1.0,0.0,0
-1.0204287593327874,0.433874184070667,-0.7634158309662065,-0.6167834092946349,-1.0519667675622522,-2.423784283734003,1.8306241977293312,2.320152878668299,0.0,0.0,0.0,1.0,1.0,0.0,0.0,1.0,0.0,0.0,1.0,0.0,0.0,1.0,1
1.0473093548167314,1.1868210898902944,-0.2553504733363042,0.559242158308346,-0.3392892972245912,-2.423784283734003,-1.7423120011163509,-1.1957296859661453,1.0,0.0,0.0,0.0,1.0,0.0,1.0,0.0,0.0,0.0,1.0,1.0,0.0,0.0,1
-1.2084049515281983,-0.06215271293880547,-1.1444648491886333,-0.5327815830372792,-0.01036123399182359,-2.0148793012398647,-0.8996383693131239,0.12272627577177116,0.0,0.0,0.0,1.0,1.0,0.0,1.0,0.0,0.0,1.0,0.0,0.0,1.0,0.0,1
-1.58435733591902,2.237623925923828,-0.890432170373682,-0.5327815830372792,0.8119589240900935,-0.37925937126331366,0.5160533321162969,1.0016969169303822,0.0,1.0,0.0,0.0,1.0,0.0,1.0,0.0,0.0,1.0,0.0,0.0,0.0,1.0,0
-0.08054779835573346,0.05525973108743534,0.2527148842935982,-0.2807761042652118,-0.9971454236901246,0.029645611230824178,0.06100957094255439,0.12272627577177116,0.0,0.0,0.0,1.0,0.0,1.0,1.0,0.0,0.0,1.0,0.0,0.0,0.0,1.0,0
1.0473093548167314,-0.3364576423451142,-0.19184230363256635,0.559242158308346,-0.5037533288409741,-0.37925937126331366,0.8194158395654588,-0.7562443653868398,0.0,1.0,0.0,0.0,0.0,1.0,1.0,0.0,1.0,0.0,0.0,0.0,0.0,1.0,0
1.6112379314029637,-0.5230672087442234,-1.2714811885961088,1.5672640733966154,0.5926735486015822,-0.37925937126331366,-0.46144808077544636,-2.074700327124756,0.0,0.0,1.0,0.0,1.0,0.0,1.0,0.0,0.0,1.0,0.0,0.0,1.0,0.0,1
-1.58435733591902,-0.4713406469704456,-1.7160383765222733,-1.6248053243829044,-1.4357161746671474,-0.7881643537574514,-0.7311036429524784,1.4411822375096877,0.0,1.0,0.0,0.0,1.0,0.0,1.0,0.0,0.0,1.0,0.0,0.0,1.0,0.0,1
0.48338077823049896,-0.1062573144512154,-0.38236681274377976,-0.19677427800785602,-0.9971454236901246,-0.37925937126331366,0.4654929142081036,-1.6352150065454507,0.0,0.0,0.0,1.0,0.0,1.0,1.0,0.0,0.0,1.0,0.0,0.0,0.0,1.0,0
-0.08054779835573346,-0.8435320997334234,-0.06482596422509078,0.6432439845657019,1.9632071454047775,1.2563605587132376,-0.3266202996869299,1.880667558088993,0.0,0.0,0.0,1.0,0.0,1.0,1.0,0.0,0.0,1.0,0.0,0.0,0.0,1.0,0
-1.0204287593327874,-0.4886399275636627,0.8242884116272383,0.13923302702156712,-1.7098228940277864,-0.37925937126331366,-0.006404319601703819,-1.1957296859661453,0.0,0.0,1.0,0.0,1.0,0.0,1.0,0.0,1.0,0.0,0.0,1.0,0.0,0.0,0
0.8593331626213205,-0.6191552920392214,-1.3984975280035845,-1.2047961930961255,0.3733881731130707,-0.7881643537574514,-0.6973966976803493,0.5622115963510766,0.0,0.0,1.0,0.0,0.0,1.0,0.0,1.0,0.0,0.0,1.0,1.0,0.0,0.0,1
1.6112379314029637,-0.8055079384295204,0.31622305399733597,0.559242158308346,0.9216016118343487,0.029645611230824178,-0.07381821014596203,2.320152878668299,0.0,0.0,0.0,1.0,0.0,1.0,1.0,0.0,0.0,1.0,0.0,0.0,0.0,1.0,0
-0.2685239905511443,0.3640775816772416,-1.4620056977073221,0.055231200764211334,-1.4357161746671474,-0.7881643537574514,0.8699762574736521,1.4411822375096877,0.0,0.0,1.0,0.0,0.0,1.0,1.0,0.0,0.0,1.0,0.0,0.0,0.0,1.0,0
1.6112379314029637,-0.6565799733225673,-1.52551386741106,-2.128816281927039,0.6474948924737097,0.43855059372496197,0.5834672226605552,0.12272627577177116,0.0,0.0,1.0,0.0,1.0,0.0,1.0,0.0,0.0,1.0,0.0,0.0,0.0,1.0,0
0.48338077823049896,-0.8657985004969702,-1.4620056977073221,-0.4487797567799234,0.3733881731130707,-0.37925937126331366,1.7295033619129438,-0.7562443653868398,0.0,0.0,0.0,1.0,1.0,0.0,1.0,0.0,0.0,0.0,1.0,0.0,0.0,1.0,1
-0.8324525671373767,2.216642125204332,0.887796581330976,0.6432439845657019,0.7023162363458374,2.0741705237015133,0.853122784837588,-1.6352150065454507,0.0,0.0,1.0,0.0,0.0,1.0,1.0,0.0,0.0,1.0,0.0,1.0,0.0,0.0,0
-0.2685239905511443,2.382591040894958,-2.0335792250409623,-1.1207943668387697,-0.22964660948033502,-0.37925937126331366,0.9542436206539753,-0.7562443653868398,0.0,0.0,0.0,1.0,1.0,0.0,1.0,0.0,1.0,0.0,0.0,0.0,0.0,1.0,0
-0.8324525671373767,-0.8333409393839539,0.2527148842935982,-2.0448144556696835,0.5378522047294545,0.8474555762190998,-0.47830155341151054,0.5622115963510766,0.0,0.0,0.0,1.0,0.0,1.0,1.0,0.0,0.0,1.0,0.0,0.0,0.0,1.0,0
-1.0204287593327874,-0.6852693743063679,1.840419126887043,-1.1207943668387697,-1.216430799178636,0.43855059372496197,-0.8490779514049307,-0.7562443653868398,0.0,0.0,0.0,1.0,1.0,0.0,1.0,0.0,0.0,0.0,1.0,1.0,0.0,0.0,1
-0.08054779835573346,-0.8266610191548899,1.9674354662945186,0.8952494633377692,-0.06518257786395218,-0.37925937126331366,0.22954429730319992,-0.3167590448075343,0.0,0.0,1.0,0.0,0.0,1.0,1.0,0.0,0.0,1.0,0.0,0.0,1.0,0.0,0
0.2954045860350881,0.2606244581296859,-1.6525302068185357,-1.372799845610837,1.1408869873228602,-1.1970693362515892,-2.6186925781917063,-0.3167590448075343,0.0,0.0,0.0,1.0,0.0,1.0,1.0,0.0,0.0,1.0,0.0,0.0,1.0,0.0,1
1.2352855470121422,0.9060075202607951,-1.0809566794848955,0.3072366795362787,-0.28446795335246267,-1.1970693362515892,-0.47830155341151054,0.5622115963510766,0.0,0.0,1.0,0.0,0.0,1.0,1.0,0.0,1.0,0.0,0.0,1.0,0.0,0.0,1
0.2954045860350881,2.382591040894958,-0.19184230363256635,-0.8687888880667023,-0.28446795335246267,1.6652655412073754,0.31381166048352227,-0.7562443653868398,1.0,0.0,0.0,0.0,0.0,1.0,1.0,0.0,0.0,1.0,0.0,0.0,0.0,1.0,0
-0.45650018274655507,-0.6487010930523892,-1.2714811885961088,-0.2807761042652118,-0.5037533288409741,-0.7881643537574514,-1.809725891660609,-0.3167590448075343,0.0,1.0,0.0,0.0,0.0,1.0,1.0,0.0,0.0,1.0,0.0,0.0,0.0,1.0,1
0.10742839383967734,2.382591040894958,0.5702557328122871,1.2312567683671922,-1.0519667675622522,-0.7881643537574514,0.853122784837588,0.5622115963510766,0.0,0.0,0.0,1.0,1.0,0.0,0.0,1.0,0.0,1.0,0.0,0.0,0.0,1.0,0
0.2954045860350881,0.21660549662021264,1.0783210904421894,0.2232348532789229,1.0860656434507325,-0.7881643537574514,-2.1467953443819,-1.1957296859661453,0.0,0.0,1.0,0.0,1.0,0.0,1.0,0.0,1.0,0.0,0.0,0.0,1.0,0.0,1
1.6112379314029637,-0.1305790752852434,1.4593701086646163,2.07127503094075,-1.1616094553065084,0.029645611230824178,-0.24235293650660755,-0.7562443653868398,0.0,0.0,0.0,1.0,1.0,0.0,1.0,0.0,0.0,1.0,0.0,0.0,0.0,1.0,1
-1.9603097203098414,-0.38124736388101793,-0.2553504733363042,0.979251289595125,-0.1748252656082074,-0.7881643537574514,0.07786304357861931,1.0016969169303822,0.0,1.0,0.0,0.0,0.0,1.0,1.0,0.0,0.0,1.0,0.0,0.0,0.0,1.0,0
-1.0204287593327874,-0.6850980943004945,-0.5728913218549931,0.6432439845657019,0.4282095169851983,0.43855059372496197,0.7857088942933298,1.0016969169303822,1.0,0.0,0.0,0.0,0.0,1.0,1.0,0.0,1.0,0.0,0.0,0.0,0.0,1.0,0
-0.08054779835573346,0.25711321800928044,0.1256985448861226,0.055231200764211334,-0.44893198496884645,0.43855059372496197,-1.674898110572093,-0.7562443653868398,0.0,0.0,1.0,0.0,1.0,0.0,1.0,0.0,1.0,0.0,0.0,0.0,1.0,0.0,1
0.48338077823049896,1.2609853324334925,-0.8269240006699443,0.559242158308346,-0.3392892972245912,-3.2415942487222784,-0.9670522598573822,-0.7562443653868398,1.0,0.0,0.0,0.0,1.0,0.0,1.0,0.0,0.0,0.0,1.0,0.0,0.0,1.0,1
0.10742839383967734,-1.0808405478710699,-1.3984975280035845,0.13923302702156712,1.469815050555627,0.43855059372496197,0.9542436206539753,-0.3167590448075343,1.0,0.0,0.0,0.0,0.0,1.0,1.0,0.0,0.0,1.0,0.0,0.0,1.0,0.0,0
-1.58435733591902,-1.0239755859210888,0.5067475631085494,0.13923302702156712,-1.0519667675622522,1.2563605587132376,0.853122784837588,1.0016969169303822,0.0,0.0,1.0,0.0,0.0,1.0,1.0,0.0,0.0,1.0,0.0,0.0,0.0,1.0,0
-0.45650018274655507,2.382591040894958,-0.5093831521512553,1.1472549421098366,0.4282095169851983,-1.1970693362515892,-0.07381821014596203,0.12272627577177116,0.0,0.0,0.0,1.0,0.0,1.0,1.0,0.0,0.0,1.0,0.0,0.0,0.0,1.0,0
0.6713569704259098,2.382591040894958,-0.6363994915587309,-0.5327815830372792,-0.7778600482016131,0.029645611230824178,-1.5400703294835765,-0.3167590448075343,0.0,0.0,1.0,0.0,0.0,1.0,1.0,0.0,0.0,1.0,0.0,0.0,0.0,1.0,1
-1.9603097203098414,-0.10959727456574742,1.7769109571833053,0.47524033205099026,-0.44893198496884645,-1.6059743187457272,-1.2872682399426085,0.12272627577177116,0.0,0.0,0.0,1.0,1.0,0.0,0.0,1.0,0.0,0.0,1.0,0.0,0.0,1.0,1
0.48338077823049896,-0.6600055734400361,-1.7795465462260112,-0.2807761042652118,0.757137580217965,1.6652655412073754,1.0216575111982327,1.880667558088993,1.0,0.0,0.0,0.0,1.0,0.0,1.0,0.0,1.0,0.0,0.0,0.0,0.0,1.0,0
-1.0204287593327874,-1.0570326270546622,-0.2553504733363042,-0.2807761042652118,-1.3260734869228912,-3.2415942487222784,-1.8771397822048672,1.4411822375096877,0.0,0.0,0.0,1.0,0.0,1.0,1.0,0.0,0.0,1.0,0.0,0.0,0.0,1.0,1
0.48338077823049896,-1.1963689118327028,0.633763902516025,1.2312567683671922,-0.6682173604573579,0.029645611230824178,-0.10752515541809113,-0.7562443653868398,0.0,0.0,0.0,1.0,0.0,1.0,1.0,0.0,0.0,0.0,1.0,0.0,0.0,1.0,1
-0.6444763749419659,0.2313355771253282,-0.5728913218549931,-1.0367925405814138,-0.8326813920737407,2.0741705237015133,1.2576061281031365,-0.7562443653868398,0.0,0.0,0.0,1.0,1.0,0.0,1.0,0.0,1.0,0.0,0.0,1.0,0.0,0.0,1
0.48338077823049896,2.382591040894958,1.3958619389608784,0.8112476370804134,-0.7230387043294855,-0.37925937126331366,0.6171741679326842,0.5622115963510766,0.0,0.0,0.0,1.0,0.0,1.0,1.0,0.0,0.0,1.0,0.0,0.0,0.0,1.0,0
-1.9603097203098414,1.1970978902427007,0.06219037518238481,-0.7007852355519907,-1.0519667675622522,0.029645611230824178,-0.950198787221318,1.0016969169303822,0.0,0.0,0.0,1.0,0.0,1.0,1.0,0.0,0.0,0.0,1.0,0.0,0.0,1.0,1
0.6713569704259098,0.9496839217585215,-0.38236681274377976,-1.2887980193534812,1.1957083311949879,-1.1970693362515892,-1.236707822034415,1.880667558088993,0.0,0.0,0.0,1.0,1.0,0.0,1.0,0.0,1.0,0.0,0.0,0.0,0.0,1.0,1
-0.08054779835573346,-0.4788769672288768,0.44323939340481155,0.979251289595125,-0.3392892972245912,0.8474555762190998,-0.12437862805415531,-1.1957296859661453,0.0,1.0,0.0,0.0,1.0,0.0,1.0,0.0,0.0,0.0,1.0,0.0,1.0,0.0,1
-0.6444763749419659,2.382591040894958,-2.414628243263389,-1.0367925405814138,-0.06518257786395218,-0.37925937126331366,0.7857088942933298,-0.7562443653868398,0.0,0.0,1.0,0.0,1.0,0.0,1.0,0.0,0.0,1.0,0.0,0.0,1.0,0.0,0
-1.0204287593327874,-0.6026267714724347,-0.31885864304004197,0.055231200764211334,1.305351018939243,-1.1970693362515892,-1.1187335135819632,-0.3167590448075343,0.0,0.0,0.0,1.0,0.0,1.0,1.0,0.0,0.0,1.0,0.0,1.0,0.0,0.0,1
-1.0204287593327874,-0.6172712119746135,1.3323537692571406,-0.2807761042652118,-0.39411064109671884,0.8474555762190998,-2.1467953443819,-2.074700327124756,0.0,0.0,1.0,0.0,1.0,0.0,1.0,0.0,0.0,1.0,0.0,0.0,1.0,0.0,1
-1.7723335281144308,0.1653071348611184,0.1256985448861226,-0.952790714324058,0.6474948924737097,-0.37925937126331366,0.07786304357861931,-0.7562443653868398,0.0,1.0,0.0,0.0,1.0,0.0,1.0,0.0,0.0,1.0,0.0,1.0,0.0,0.0,0
-0.2685239905511443,-0.822978499028611,0.06219037518238481,-0.3647779305225676,0.757137580217965,0.029645611230824178,-0.309766827050865,1.0016969169303822,0.0,0.0,0.0,1.0,0.0,1.0,1.0,0.0,0.0,0.0,1.0,0.0,1.0,0.0,1
-0.45650018274655507,-0.6364545726324385,-1.7160383765222733,-0.4487797567799234,-1.5453588624114027,0.029645611230824178,0.7351484763851357,0.12272627577177116,1.0,0.0,0.0,0.0,1.0,0.0,1.0,0.0,0.0,1.0,0.0,1.0,0.0,0.0,0
-1.396381143723609,-0.6255782922594753,-0.44587498244751755,-0.952790714324058,-1.1616094553065084,0.43855059372496197,1.2576061281031365,0.5622115963510766,1.0,0.0,0.0,0.0,0.0,1.0,1.0,0.0,0.0,1.0,0.0,0.0,1.0,0.0,1
-1.0204287593327874,1.1010098069477028,1.0783210904421894,0.13923302702156712,-0.3392892972245912,0.029645611230824178,-1.203000876762286,0.5622115963510766,0.0,1.0,0.0,0.0,1.0,0.0,1.0,0.0,0.0,1.0,0.0,1.0,0.0,0.0,0
-0.08054779835573346,-1.2469821535683034,-1.207973018892371,-0.6167834092946349,1.0860656434507325,0.43855059372496197,0.7688554216572648,-0.3167590448075343,0.0,0.0,0.0,1.0,0.0,1.0,1.0,0.0,1.0,0.0,0.0,1.0,0.0,0.0,0
-1.0204287593327874,0.09191365234435078,1.3958619389608784,-0.7847870618093465,0.9216016118343487,0.43855059372496197,0.010449153034361107,0.5622115963510766,0.0,0.0,0.0,1.0,1.0,0.0,1.0,0.0,0.0,1.0,0.0,1.0,0.0,0.0,0
1.2352855470121422,-1.1828377913687014,0.2527148842935982,-0.7847870618093465,-0.6133960165852302,0.029645611230824178,-0.4445946081393814,-0.3167590448075343,0.0,0.0,0.0,1.0,1.0,0.0,0.0,1.0,0.0,0.0,1.0,0.0,0.0,1.0,1
-1.396381143723609,-1.1501233102468749,1.522878278368354,1.399260420881904,0.20892414149668687,0.43855059372496197,2.454202685263719,-0.7562443653868398,1.0,0.0,0.0,0.0,1.0,0.0,1.0,0.0,0.0,0.0,1.0,0.0,1.0,0.0,1
0.10742839383967734,-0.7502701365353371,-0.9539403400774199,0.13923302702156712,1.469815050555627,-0.7881643537574514,-0.3434737723229941,0.5622115963510766,0.0,1.0,0.0,0.0,0.0,1.0,1.0,0.0,0.0,1.0,0.0,0.0,0.0,1.0,1
-0.08054779835573346,-0.6339710125472736,-0.6999076612624687,-1.2887980193534812,-1.216430799178636,-0.7881643537574514,-0.933345314585253,-0.3167590448075343,0.0,0.0,1.0,0.0,0.0,1.0,1.0,0.0,0.0,1.0,0.0,0.0,0.0,1.0,1
-0.2685239905511443,-0.5749650505238747,-0.31885864304004197,-1.9608126294123274,0.04446010988030403,-1.6059743187457272,-0.17493904596234933,0.5622115963510766,0.0,0.0,1.0,0.0,1.0,0.0,1.0,0.0,0.0,1.0,0.0,0.0,1.0,0.0,0
-1.9603097203098414,-0.16457815645112056,-0.9539403400774199,-2.128816281927039,0.7023162363458374,-0.37925937126331366,0.11156998885074842,-0.7562443653868398,0.0,0.0,0.0,1.0,0.0,1.0,0.0,1.0,0.0,1.0,0.0,0.0,0.0,1.0,1
1.423261739207553,-0.6075082516398277,-0.5728913218549931,2.4072823359701734,-0.8875027359458694,-1.6059743187457272,-1.2198543493983505,1.0016969169303822,1.0,0.0,0.0,0.0,0.0,1.0,1.0,0.0,0.0,1.0,0.0,1.0,0.0,0.0,1
1.6112379314029637,-0.6278049323358299,1.1418292601459272,-0.2807761042652118,0.15410279762455925,-0.7881643537574514,-0.8996383693131239,0.5622115963510766,0.0,1.0,0.0,0.0,0.0,1.0,1.0,0.0,0.0,1.0,0.0,0.0,1.0,0.0,1
-0.2685239905511443,-0.02387163162609238,-1.207973018892371,-0.5327815830372792,-0.28446795335246267,0.029645611230824178,0.1284234614868126,0.12272627577177116,0.0,0.0,1.0,0.0,0.0,1.0,1.0,0.0,0.0,1.0,0.0,1.0,0.0,0.0,0
-1.0204287593327874,1.1968409702338905,1.522878278368354,0.979251289595125,1.469815050555627,-0.7881643537574514,1.426140854463782,0.5622115963510766,0.0,0.0,0.0,1.0,1.0,0.0,1.0,0.0,0.0,1.0,0.0,0.0,0.0,1.0,0
-0.2685239905511443,-0.7607182168936167,0.37973122370107376,1.0632531158524807,0.09928145375243164,1.2563605587132376,-0.309766827050865,0.12272627577177116,0.0,0.0,0.0,1.0,0.0,1.0,1.0,0.0,0.0,1.0,0.0,0.0,1.0,0.0,0
1.0473093548167314,1.5048024207943296,0.18920671458986038,0.559242158308346,-0.06518257786395218,0.43855059372496197,1.089071401742491,-0.3167590448075343,0.0,0.0,1.0,0.0,0.0,1.0,1.0,0.0,0.0,1.0,0.0,0.0,0.0,1.0,0
0.6713569704259098,-0.18333331709426187,-0.9539403400774199,0.39123850579363445,0.9764229557064764,-0.7881643537574514,-0.2929133544148008,2.539895538957951,1.0,0.0,0.0,0.0,1.0,0.0,1.0,0.0,0.0,0.0,1.0,0.0,0.0,1.0,1
0.2954045860350881,0.2780093787258397,-1.52551386741106,-1.7088071506402602,-1.4357161746671474,-2.0148793012398647,0.7857088942933298,1.0016969169303822,0.0,0.0,1.0,0.0,0.0,1.0,1.0,0.0,0.0,0.0,1.0,0.0,0.0,1.0,1
1.9871903157937854,0.32022990017364183,-1.1444648491886333,-0.5327815830372792,-0.1200039217360798,0.8474555762190998,0.1452769341228775,0.5622115963510766,0.0,0.0,0.0,1.0,0.0,1.0,1.0,0.0,0.0,1.0,0.0,1.0,0.0,0.0,0
0.6713569704259098,-0.6856975743210515,-0.31885864304004197,-0.19677427800785602,-1.216430799178636,0.43855059372496197,1.4598477997359112,0.5622115963510766,0.0,1.0,0.0,0.0,1.0,0.0,1.0,0.0,0.0,0.0,1.0,0.0,0.0,1.0,1
-1.2084049515281983,-1.208786712258527,-0.5093831521512553,0.559242158308346,0.4282095169851983,-1.6059743187457272,-0.5457154439557688,-0.3167590448075343,0.0,0.0,0.0,1.0,1.0,0.0,1.0,0.0,1.0,0.0,0.0,0.0,0.0,1.0,1
0.2954045860350881,-0.6022842114606879,-1.52551386741106,-2.128816281927039,-0.7230387043294855,1.2563605587132376,0.3980790236638454,-0.3167590448075343,0.0,0.0,0.0,1.0,0.0,1.0,1.0,0.0,0.0,1.0,0.0,0.0,0.0,1.0,0
0.10742839383967734,1.5853896635577815,-0.2553504733363042,0.055231200764211334,0.4282095169851983,-1.6059743187457272,0.1284234614868126,0.12272627577177116,0.0,1.0,0.0,0.0,0.0,1.0,1.0,0.0,1.0,0.0,0.0,0.0,0.0,1.0,1
-0.6444763749419659,-0.5287194489380469,1.1418292601459272,-1.7088071506402602,0.20892414149668687,0.43855059372496197,-0.46144808077544636,-0.7562443653868398,0.0,0.0,0.0,1.0,1.0,0.0,1.0,0.0,0.0,1.0,0.0,0.0,0.0,1.0,0
-0.45650018274655507,0.7195692338675593,0.18920671458986038,0.559242158308346,-1.2712521430507635,0.8474555762190998,0.22954429730319992,1.0016969169303822,1.0,0.0,0.0,0.0,1.0,0.0,1.0,0.0,0.0,0.0,1.0,0.0,0.0,1.0,0
0.2954045860350881,-1.2027919120529567,-2.2876119038559133,-0.6167834092946349,0.09928145375243164,-0.37925937126331366,-0.6973966976803493,-0.7562443653868398,1.0,0.0,0.0,0.0,1.0,0.0,0.0,1.0,0.0,1.0,0.0,0.0,0.0,1.0,1
-0.8324525671373767,-0.17048731665375413,-0.5728913218549931,-1.5408034981255485,-1.3260734869228912,-1.1970693362515892,-1.0176126777655763,-0.7562443653868398,0.0,0.0,0.0,1.0,1.0,0.0,1.0,0.0,0.0,1.0,0.0,1.0,0.0,0.0,1
-1.9603097203098414,-1.1561181104524452,-0.6999076612624687,0.8112476370804134,0.6474948924737097,1.6652655412073754,0.6171741679326842,0.12272627577177116,0.0,0.0,1.0,0.0,1.0,0.0,1.0,0.0,0.0,1.0,0.0,1.0,0.0,0.0,0
2.6451069884777234,0.3223709002470598,0.5067475631085494,-0.3647779305225676,1.1957083311949879,-0.37925937126331366,0.7688554216572648,-0.3167590448075343,0.0,1.0,0.0,0.0,1.0,0.0,1.0,0.0,1.0,0.0,0.0,0.0,0.0,1.0,0
1.2352855470121422,2.382591040894958,-0.5728913218549931,-2.128816281927039,0.4282095169851983,-0.37925937126331366,0.836269312201523,-0.3167590448075343,1.0,0.0,0.0,0.0,0.0,1.0,1.0,0.0,0.0,0.0,1.0,0.0,0.0,1.0,0
-1.9603097203098414,-0.1352036354438262,0.06219037518238481,1.399260420881904,0.5926735486015822,0.43855059372496197,-0.8153710061328016,1.880667558088993,0.0,0.0,0.0,1.0,0.0,1.0,1.0,0.0,1.0,0.0,0.0,0.0,0.0,1.0,1
2.175166507989196,-0.22795175862429212,-0.890432170373682,-0.3647779305225676,0.9764229557064764,-1.1970693362515892,-2.6186925781917063,-0.3167590448075343,0.0,0.0,1.0,0.0,0.0,1.0,1.0,0.0,0.0,1.0,0.0,1.0,0.0,0.0,1
1.9871903157937854,0.1704455350373215,1.0148129207384518,0.47524033205099026,0.7023162363458374,0.43855059372496197,-1.3209751852147373,-2.074700327124756,1.0,0.0,0.0,0.0,1.0,0.0,1.0,0.0,1.0,0.0,0.0,0.0,0.0,1.0,1
-0.08054779835573346,1.7762812301037265,0.44323939340481155,1.2312567683671922,0.6474948924737097,-0.7881643537574514,-1.3378286578508019,0.12272627577177116,1.0,0.0,0.0,0.0,0.0,1.0,1.0,0.0,0.0,1.0,0.0,1.0,0.0,0.0,1
1.423261739207553,0.26250853819429365,0.44323939340481155,0.8112476370804134,-1.1067881114343798,-1.6059743187457272,-0.5120084986836396,-1.1957296859661453,0.0,0.0,1.0,0.0,1.0,0.0,1.0,0.0,0.0,1.0,0.0,0.0,0.0,1.0,1
0.10742839383967734,0.7627317953476653,-0.2553504733363042,0.8112476370804134,0.04446010988030403,0.43855059372496197,-0.5794223892278978,0.12272627577177116,0.0,1.0,0.0,0.0,1.0,0.0,1.0,0.0,1.0,0.0,0.0,0.0,1.0,0.0,0
0.8593331626213205,-0.3287500420808096,-0.7634158309662065,0.979251289595125,-0.1200039217360798,-0.7881643537574514,0.1621304067589417,0.5622115963510766,1.0,0.0,0.0,0.0,1.0,0.0,1.0,0.0,0.0,1.0,0.0,0.0,1.0,0.0,1
0.8593331626213205,-0.7232935356102709,0.2527148842935982,-1.6248053243829044,0.04446010988030403,-0.37925937126331366,1.6452359987326208,-2.074700327124756,0.0,0.0,0.0,1.0,1.0,0.0,1.0,0.0,0.0,1.0,0.0,1.0,0.0,0.0,0
0.2954045860350881,-0.03723147208422044,-1.0174485097811576,0.055231200764211334,0.3185668292409431,0.43855059372496197,-1.6917515832081575,0.12272627577177116,0.0,0.0,0.0,1.0,1.0,0.0,1.0,0.0,1.0,0.0,0.0,0.0,0.0,1.0,1
0.6713569704259098,-1.0301416661325327,-0.5093831521512553,1.0632531158524807,0.09928145375243164,0.8474555762190998,1.2238991828310073,1.0016969169303822,0.0,0.0,0.0,1.0,1.0,0.0,1.0,0.0,0.0,0.0,1.0,0.0,0.0,1.0,0
-1.0204287593327874,-0.8084196985293689,-1.6525302068185357,0.055231200764211334,1.6342790821720108,0.029645611230824178,0.1284234614868126,1.4411822375096877,0.0,0.0,0.0,1.0,0.0,1.0,1.0,0.0,0.0,1.0,0.0,0.0,0.0,1.0,0
-1.0204287593327874,1.8571253928759888,0.1256985448861226,-0.6167834092946349,0.8119589240900935,1.2563605587132376,1.1901922375588783,-0.7562443653868398,0.0,0.0,1.0,0.0,1.0,0.0,1.0,0.0,1.0,0.0,0.0,0.0,0.0,1.0,0
0.10742839383967734,-0.6188127320274746,-0.12833413392882856,-0.3647779305225676,0.3733881731130707,1.2563605587132376,-0.7311036429524784,0.12272627577177116,0.0,0.0,1.0,0.0,1.0,0.0,1.0,0.0,0.0,0.0,1.0,1.0,0.0,0.0,1
-1.9603097203098414,0.24246877750710158,0.06219037518238481,-0.8687888880667023,0.04446010988030403,0.43855059372496197,-0.006404319601703819,0.5622115963510766,0.0,0.0,0.0,1.0,1.0,0.0,1.0,0.0,0.0,1.0,0.0,1.0,0.0,0.0,0
1.2352855470121422,0.6771774324138837,-2.224103734152176,-2.128816281927039,-0.06518257786395218,0.8474555762190998,1.0048040385621686,0.12272627577177116,0.0,1.0,0.0,0.0,1.0,0.0,1.0,0.0,0.0,1.0,0.0,0.0,0.0,1.0,0
-1.58435733591902,0.27081561847915536,-1.3349893582998467,0.8112476370804134,0.6474948924737097,0.43855059372496197,-0.006404319601703819,0.12272627577177116,1.0,0.0,0.0,0.0,1.0,0.0,1.0,0.0,0.0,1.0,0.0,1.0,0.0,0.0,0
0.48338077823049896,-0.725091975671942,-0.38236681274377976,-0.5327815830372792,0.8119589240900935,-2.0148793012398647,-0.14123210069022024,-0.7562443653868398,0.0,0.0,0.0,1.0,1.0,0.0,1.0,0.0,0.0,1.0,0.0,0.0,0.0,1.0,1
0.6713569704259098,-0.552698649760328,0.06219037518238481,0.2232348532789229,-1.2712521430507635,-0.37925937126331366,0.853122784837588,1.880667558088993,1.0,0.0,0.0,0.0,1.0,0.0,1.0,0.0,1.0,0.0,0.0,0.0,0.0,1.0,0
-0.6444763749419659,-0.7145582553107256,2.0944518057019943,2.155276857198106,-0.28446795335246267,-1.6059743187457272,-0.15808557332628442,-0.7562443653868398,0.0,0.0,1.0,0.0,1.0,0.0,1.0,0.0,1.0,0.0,0.0,1.0,0.0,0.0,1
-1.396381143723609,1.5244996214697748,-0.5728913218549931,-0.19677427800785602,-0.06518257786395218,-3.2415942487222784,0.33066513311958723,2.320152878668299,0.0,0.0,0.0,1.0,0.0,1.0,1.0,0.0,1.0,0.0,0.0,0.0,0.0,1.0,1
-0.2685239905511443,-0.7151577353312826,0.1256985448861226,0.559242158308346,1.1408869873228602,2.0741705237015133,0.9036832027457812,-0.7562443653868398,0.0,0.0,0.0,1.0,0.0,1.0,1.0,0.0,0.0,1.0,0.0,0.0,0.0,1.0,0
-0.2685239905511443,-0.9329402627993573,2.0944518057019943,-1.0367925405814138,-0.7230387043294855,-1.6059743187457272,-0.006404319601703819,1.4411822375096877,0.0,0.0,0.0,1.0,0.0,1.0,0.0,1.0,0.0,1.0,0.0,0.0,0.0,1.0,1
1.6112379314029637,2.382591040894958,1.1418292601459272,1.6512658996539713,0.3185668292409431,0.43855059372496197,0.5834672226605552,-0.7562443653868398,0.0,0.0,0.0,1.0,1.0,0.0,1.0,0.0,0.0,1.0,0.0,0.0,0.0,1.0,0
-0.6444763749419659,-0.7754482973987323,1.0148129207384518,0.979251289595125,-1.3260734869228912,0.029645611230824178,1.0216575111982327,-0.7562443653868398,0.0,1.0,0.0,0.0,1.0,0.0,1.0,0.0,0.0,1.0,0.0,0.0,0.0,1.0,1
1.423261739207553,2.077734040440975,-1.843054715929749,-0.4487797567799234,2.018028489276905,-0.37925937126331366,-0.3434737723229941,1.0016969169303822,0.0,0.0,0.0,1.0,1.0,0.0,1.0,0.0,0.0,1.0,0.0,0.0,1.0,0.0,0
1.2352855470121422,-0.7748488173781752,-0.31885864304004197,-0.11277245175050024,0.7023162363458374,0.029645611230824178,-0.46144808077544636,0.12272627577177116,1.0,0.0,0.0,0.0,1.0,0.0,1.0,0.0,1.0,0.0,0.0,0.0,0.0,1.0,1
2.363142700184607,-0.47733544717601584,1.7134027874795674,1.9032713784260387,2.6210632718703115,1.2563605587132376,0.1284234614868126,-1.1957296859661453,1.0,0.0,0.0,0.0,1.0,0.0,1.0,0.0,1.0,0.0,0.0,0.0,0.0,1.0,1
-0.08054779835573346,2.382591040894958,1.0783210904421894,0.979251289595125,0.6474948924737097,0.8474555762190998,-0.0906716827820262,0.5622115963510766,0.0,0.0,0.0,1.0,0.0,1.0,1.0,0.0,0.0,1.0,0.0,0.0,0.0,1.0,0
-0.08054779835573346,0.8370673178967368,0.18920671458986038,0.8112476370804134,-0.1748252656082074,-1.6059743187457272,-2.281623125470416,0.5622115963510766,0.0,0.0,1.0,0.0,1.0,0.0,1.0,0.0,0.0,1.0,0.0,0.0,0.0,1.0,0
1.2352855470121422,-0.03431971198437202,-0.9539403400774199,-0.19677427800785602,-2.312857676621192,-1.6059743187457272,-1.3546821304868664,-1.1957296859661453,0.0,0.0,1.0,0.0,1.0,0.0,1.0,0.0,0.0,1.0,0.0,0.0,0.0,1.0,1
0.10742839383967734,0.650629031503501,0.06219037518238481,0.6432439845657019,-1.216430799178636,0.029645611230824178,0.9036832027457812,0.12272627577177116,0.0,0.0,0.0,1.0,0.0,1.0,1.0,0.0,0.0,1.0,0.0,0.0,0.0,1.0,0
-0.2685239905511443,0.9850532429713861,-0.12833413392882856,-0.5327815830372792,-0.39411064109671884,0.029645611230824178,0.010449153034361107,-1.1957296859661453,0.0,0.0,0.0,1.0,1.0,0.0,1.0,0.0,1.0,0.0,0.0,0.0,0.0,1.0,1
-0.8324525671373767,0.6311031108339293,-0.7634158309662065,0.7272458108230576,1.1957083311949879,-1.1970693362515892,0.027302625670425285,0.12272627577177116,1.0,0.0,0.0,0.0,1.0,0.0,1.0,0.0,0.0,1.0,0.0,0.0,0.0,1.0,0
0.10742839383967734,-0.4056547647179826,0.887796581330976,-0.3647779305225676,-0.1748252656082074,-1.6059743187457272,-0.07381821014596203,-0.7562443653868398,0.0,1.0,0.0,0.0,0.0,1.0,1.0,0.0,0.0,1.0,0.0,0.0,0.0,1.0,0
1.6112379314029637,-1.1426726299913805,-0.44587498244751755,-1.372799845610837,0.3733881731130707,0.029645611230824178,-0.12437862805415531,-0.3167590448075343,0.0,0.0,0.0,1.0,0.0,1.0,1.0,0.0,0.0,0.0,1.0,0.0,0.0,1.0,1
-0.6444763749419659,2.073109480282392,0.5702557328122871,1.0632531158524807,-0.6682173604573579,0.029645611230824178,-0.7142501703164142,0.5622115963510766,0.0,0.0,0.0,1.0,1.0,0.0,1.0,0.0,0.0,1.0,0.0,0.0,1.0,0.0,0
0.48338077823049896,-0.3389412024302791,1.268845599553403,1.0632531158524807,-0.1200039217360798,-0.7881643537574514,-0.7648105882246076,0.12272627577177116,0.0,0.0,1.0,0.0,1.0,0.0,1.0,0.0,0.0,1.0,0.0,0.0,0.0,1.0,1
0.10742839383967734,-1.0141269855833663,0.5702557328122871,0.3072366795362787,-1.6550015501556579,-0.7881643537574514,-1.4389494936671892,0.5622115963510766,0.0,0.0,0.0,1.0,0.0,1.0,0.0,1.0,0.0,1.0,0.0,0.0,1.0,0.0,1
-1.2084049515281983,2.382591040894958,-1.3349893582998467,-1.0367925405814138,-0.39411064109671884,0.8474555762190998,0.9542436206539753,-0.3167590448075343,0.0,0.0,1.0,0.0,0.0,1.0,1.0,0.0,0.0,1.0,0.0,1.0,0.0,0.0,0
-1.58435733591902,-0.1839327971148189,0.44323939340481155,-0.2807761042652118,0.48303086085732594,0.029645611230824178,1.9654519788178468,-1.1957296859661453,1.0,0.0,0.0,0.0,0.0,1.0,1.0,0.0,1.0,0.0,0.0,0.0,0.0,1.0,0
2.175166507989196,-1.17530147111027,0.44323939340481155,0.2232348532789229,-1.8194655817720418,0.029645611230824178,0.9373901480179103,1.4411822375096877,0.0,1.0,0.0,0.0,1.0,0.0,1.0,0.0,0.0,1.0,0.0,0.0,0.0,1.0,0
0.8593331626213205,0.404071463048689,0.18920671458986038,2.491284162227529,-0.6133960165852302,-1.1970693362515892,-1.1861474041262212,-0.3167590448075343,0.0,0.0,1.0,0.0,1.0,0.0,1.0,0.0,0.0,1.0,0.0,1.0,0.0,0.0,1
0.6713569704259098,-0.5395100893080733,1.3958619389608784,2.07127503094075,-0.5037533288409741,-0.37925937126331366,0.2969581878474581,-0.3167590448075343,0.0,0.0,1.0,0.0,0.0,1.0,1.0,0.0,0.0,1.0,0.0,1.0,0.0,0.0,1
-0.2685239905511443,-1.1329953096595313,1.840419126887043,0.13923302702156712,1.6891004260441382,-0.7881643537574514,-0.15808557332628442,-1.1957296859661453,0.0,0.0,0.0,1.0,1.0,0.0,1.0,0.0,0.0,1.0,0.0,0.0,0.0,1.0,1
0.2954045860350881,2.382591040894958,-1.207973018892371,0.13923302702156712,-1.4357161746671474,0.43855059372496197,0.9879505659261044,1.880667558088993,0.0,0.0,0.0,1.0,1.0,0.0,1.0,0.0,0.0,1.0,0.0,0.0,1.0,0.0,0
0.8593331626213205,-0.8607457403237038,0.6972720722197627,-0.19677427800785602,0.7023162363458374,-1.1970693362515892,-2.028821035929448,-0.7562443653868398,1.0,0.0,0.0,0.0,1.0,0.0,1.0,0.0,0.0,1.0,0.0,0.0,1.0,0.0,1
0.2954045860350881,-0.6890375344355836,-0.12833413392882856,0.13923302702156712,-0.6682173604573579,0.8474555762190998,-0.3434737723229941,-0.3167590448075343,0.0,0.0,1.0,0.0,1.0,0.0,1.0,0.0,0.0,1.0,0.0,0.0,0.0,1.0,0
-0.45650018274655507,-0.9405622230607252,0.18920671458986038,-0.3647779305225676,0.5378522047294545,-0.37925937126331366,0.8699762574736521,-1.6352150065454507,0.0,0.0,0.0,1.0,1.0,0.0,1.0,0.0,0.0,1.0,0.0,0.0,0.0,1.0,0
-1.396381143723609,-0.92086502238528,0.18920671458986038,-0.7847870618093465,-1.3260734869228912,-0.7881643537574514,0.3643720783917163,-0.7562443653868398,0.0,1.0,0.0,0.0,1.0,0.0,1.0,0.0,0.0,1.0,0.0,1.0,0.0,0.0,1
-0.08054779835573346,0.1898001757010198,-0.0013177945213529853,1.5672640733966154,0.04446010988030403,0.43855059372496197,0.9879505659261044,1.0016969169303822,0.0,0.0,1.0,0.0,0.0,1.0,0.0,1.0,1.0,0.0,0.0,1.0,0.0,0.0,0
1.0473093548167314,-0.8716220206966669,1.1418292601459272,1.1472549421098366,-2.724017755662151,1.2563605587132376,0.6508811132048133,-1.6352150065454507,0.0,0.0,0.0,1.0,1.0,0.0,1.0,0.0,1.0,0.0,0.0,0.0,0.0,1.0,1
0.2954045860350881,0.39944690289010626,0.5067475631085494,-0.3647779305225676,0.48303086085732594,-0.7881643537574514,-1.4558029663032537,1.4411822375096877,1.0,0.0,0.0,0.0,0.0,1.0,1.0,0.0,0.0,0.0,1.0,0.0,0.0,1.0,1
0.8593331626213205,-0.8761609408523131,0.6972720722197627,-0.11277245175050024,0.15410279762455925,-1.6059743187457272,-1.6580446379360283,-1.1957296859661453,0.0,0.0,0.0,1.0,1.0,0.0,1.0,0.0,1.0,0.0,0.0,0.0,0.0,1.0,1
1.0473093548167314,2.382591040894958,1.9039272965907807,0.8112476370804134,-0.9971454236901246,-0.37925937126331366,0.31381166048352227,-0.3167590448075343,0.0,0.0,0.0,1.0,0.0,1.0,0.0,1.0,1.0,0.0,0.0,1.0,0.0,0.0,1
1.0473093548167314,-0.08416219369354207,-0.2553504733363042,0.39123850579363445,-1.1616094553065084,-0.7881643537574514,-0.39403419023118813,1.4411822375096877,0.0,0.0,0.0,1.0,1.0,0.0,1.0,0.0,0.0,1.0,0.0,1.0,0.0,0.0,1
0.6713569704259098,-1.00359326522215,1.4593701086646163,-0.11277245175050024,0.7023162363458374,-0.7881643537574514,-0.6131293345000269,-0.7562443653868398,0.0,0.0,1.0,0.0,1.0,0.0,1.0,0.0,0.0,1.0,0.0,0.0,1.0,0.0,1
1.2352855470121422,0.9488275217291543,-0.890432170373682,-0.11277245175050024,-0.3392892972245912,0.43855059372496197,0.4823463868441678,-0.7562443653868398,0.0,0.0,0.0,1.0,1.0,0.0,1.0,0.0,1.0,0.0,0.0,1.0,0.0,0.0,1
-0.8324525671373767,-1.0780144277741581,1.205337429849665,0.47524033205099026,-2.5869643959818314,1.2563605587132376,-0.8490779514049307,-2.074700327124756,0.0,1.0,0.0,0.0,1.0,0.0,1.0,0.0,0.0,1.0,0.0,1.0,0.0,0.0,1
0.48338077823049896,-0.2581826796609537,-0.12833413392882856,0.559242158308346,-2.0935723011326806,0.8474555762190998,0.33066513311958723,1.0016969169303822,0.0,0.0,0.0,1.0,1.0,0.0,1.0,0.0,0.0,1.0,0.0,0.0,0.0,1.0,1
-1.0204287593327874,-1.210585152320198,-1.3984975280035845,-1.0367925405814138,0.15410279762455925,0.029645611230824178,0.6677345858408775,0.12272627577177116,0.0,0.0,1.0,0.0,0.0,1.0,1.0,0.0,1.0,0.0,0.0,0.0,0.0,1.0,0
0.48338077823049896,-0.4292914055285169,0.18920671458986038,-0.02877062549314445,-0.06518257786395218,-0.37925937126331366,-0.6636897524082209,1.880667558088993,0.0,0.0,0.0,1.0,0.0,1.0,1.0,0.0,0.0,0.0,1.0,0.0,0.0,1.0,1
-0.08054779835573346,-1.0725334675862082,1.3323537692571406,0.6432439845657019,1.5246363944277546,2.0741705237015133,1.5609686355522985,-1.6352150065454507,0.0,0.0,0.0,1.0,1.0,0.0,0.0,1.0,0.0,1.0,0.0,1.0,0.0,0.0,0
-1.58435733591902,2.0903231208726725,0.5067475631085494,1.6512658996539713,-0.7230387043294855,-0.7881643537574514,-1.1018800409458986,-0.3167590448075343,0.0,0.0,1.0,0.0,1.0,0.0,1.0,0.0,0.0,1.0,0.0,0.0,0.0,1.0,1
0.10742839383967734,0.2402421374307469,-2.0335792250409623,0.2232348532789229,-0.01036123399182359,0.8474555762190998,1.0722179291064267,-1.1957296859661453,1.0,0.0,0.0,0.0,1.0,0.0,1.0,0.0,0.0,1.0,0.0,1.0,0.0,0.0,0
2.175166507989196,0.0952536124588828,-1.0809566794848955,0.8952494633377692,-0.5037533288409741,1.6652655412073754,-0.309766827050865,0.12272627577177116,0.0,1.0,0.0,0.0,1.0,0.0,1.0,0.0,0.0,1.0,0.0,0.0,1.0,0.0,1
-1.396381143723609,-0.9593173837038665,0.633763902516025,-1.2047961930961255,1.5794577382998822,-0.7881643537574514,0.0947165162146835,0.5622115963510766,0.0,0.0,0.0,1.0,1.0,0.0,1.0,0.0,1.0,0.0,0.0,0.0,0.0,1.0,1
-1.9603097203098414,0.5380980676446532,0.5702557328122871,0.8112476370804134,-0.1200039217360798,-0.7881643537574514,0.2801047152113932,1.0016969169303822,1.0,0.0,0.0,0.0,0.0,1.0,1.0,0.0,0.0,1.0,0.0,0.0,0.0,1.0,1
-1.2084049515281983,-0.19498035749365558,-1.0809566794848955,-2.0448144556696835,0.8119589240900935,-0.37925937126331366,-1.6917515832081575,1.4411822375096877,0.0,0.0,0.0,1.0,1.0,0.0,0.0,1.0,0.0,1.0,0.0,0.0,0.0,1.0,0
-1.9603097203098414,-0.7666273770962503,1.1418292601459272,-1.5408034981255485,0.5926735486015822,-1.1970693362515892,-0.7816640608606724,-0.7562443653868398,0.0,0.0,0.0,1.0,1.0,0.0,1.0,0.0,0.0,1.0,0.0,0.0,0.0,1.0,1
1.7992141235983745,1.2417163317727309,1.5863864480720917,-1.5408034981255485,-0.5037533288409741,-0.7881643537574514,0.5329068047523619,1.880667558088993,0.0,0.0,0.0,1.0,0.0,1.0,1.0,0.0,0.0,1.0,0.0,0.0,1.0,0.0,1
-1.9603097203098414,-0.8591185802679061,0.06219037518238481,0.2232348532789229,-1.5453588624114027,0.029645611230824178,1.6283825260965565,0.12272627577177116,0.0,0.0,0.0,1.0,1.0,0.0,1.0,0.0,0.0,1.0,0.0,1.0,0.0,0.0,0
1.423261739207553,0.22020237674355483,1.9039272965907807,0.8112476370804134,-1.5453588624114027,-0.7881643537574514,0.3643720783917163,0.12272627577177116,0.0,0.0,0.0,1.0,1.0,0.0,1.0,0.0,0.0,1.0,0.0,1.0,0.0,0.0,1
-0.2685239905511443,2.382591040894958,-1.0809566794848955,-0.4487797567799234,-0.01036123399182359,0.43855059372496197,0.2801047152113932,0.5622115963510766,0.0,0.0,0.0,1.0,1.0,0.0,1.0,0.0,0.0,1.0,0.0,0.0,0.0,1.0,0
-0.6444763749419659,0.6724672322523643,0.8242884116272383,-1.7088071506402602,-1.1067881114343798,0.029645611230824178,1.0722179291064267,1.880667558088993,0.0,0.0,1.0,0.0,1.0,0.0,1.0,0.0,0.0,1.0,0.0,0.0,1.0,0.0,0
-0.2685239905511443,-0.6651439736162391,-0.12833413392882856,0.979251289595125,-0.22964660948033502,0.8474555762190998,-0.7142501703164142,-0.7562443653868398,0.0,0.0,0.0,1.0,1.0,0.0,1.0,0.0,0.0,1.0,0.0,0.0,0.0,1.0,1
-1.0204287593327874,0.4015022629605875,0.1256985448861226,-0.6167834092946349,-1.2712521430507635,-1.1970693362515892,-0.5625689165918336,-0.7562443653868398,0.0,0.0,1.0,0.0,1.0,0.0,1.0,0.0,0.0,1.0,0.0,0.0,0.0,1.0,1
-1.58435733591902,-0.9052785418507973,0.1256985448861226,0.559242158308346,0.6474948924737097,1.2563605587132376,1.6620894713686858,0.12272627577177116,0.0,0.0,0.0,1.0,0.0,1.0,1.0,0.0,0.0,1.0,0.0,0.0,0.0,1.0,0
0.10742839383967734,0.7634169153711591,-0.5093831521512553,0.8112476370804134,-1.3808948307950188,0.8474555762190998,1.4598477997359112,0.5622115963510766,0.0,0.0,1.0,0.0,1.0,0.0,1.0,0.0,0.0,0.0,1.0,0.0,0.0,1.0,0
0.48338077823049896,-0.6834709342446968,-1.9065628856334869,-0.2807761042652118,-0.5585746727131017,-0.7881643537574514,2.5216165758079776,0.12272627577177116,0.0,1.0,0.0,0.0,0.0,1.0,1.0,0.0,0.0,1.0,0.0,1.0,0.0,0.0,1
-1.396381143723609,0.31149461987409655,-0.19184230363256635,1.4832622471392596,-0.44893198496884645,1.2563605587132376,0.3980790236638454,1.0016969169303822,0.0,0.0,1.0,0.0,1.0,0.0,1.0,0.0,0.0,1.0,0.0,0.0,0.0,1.0,1
0.2954045860350881,0.6083228700527622,0.5067475631085494,0.979251289595125,0.48303086085732594,0.43855059372496197,0.7351484763851357,-0.3167590448075343,0.0,0.0,0.0,1.0,0.0,1.0,1.0,0.0,1.0,0.0,0.0,0.0,0.0,1.0,0
-1.58435733591902,0.882028319438514,0.6972720722197627,0.47524033205099026,-0.01036123399182359,-1.1970693362515892,1.055364456470362,0.5622115963510766,0.0,0.0,1.0,0.0,0.0,1.0,1.0,0.0,0.0,1.0,0.0,0.0,0.0,1.0,1
-1.0204287593327874,-0.7642294570140222,-0.9539403400774199,-0.8687888880667023,1.2505296750671155,0.029645611230824178,0.566613750024491,-0.3167590448075343,0.0,1.0,0.0,0.0,1.0,0.0,1.0,0.0,0.0,1.0,0.0,0.0,1.0,0.0,0
-1.0204287593327874,-0.9777299843352609,-0.12833413392882856,-0.7847870618093465,0.04446010988030403,-1.1970693362515892,-1.3041217125786733,1.0016969169303822,0.0,0.0,1.0,0.0,1.0,0.0,1.0,0.0,0.0,1.0,0.0,0.0,0.0,1.0,1
1.2352855470121422,-1.3050460755593984,1.0783210904421894,1.399260420881904,0.6474948924737097,1.2563605587132376,-0.8490779514049307,2.539895538957951,1.0,0.0,0.0,0.0,0.0,1.0,1.0,0.0,0.0,1.0,0.0,0.0,1.0,0.0,0
0.10742839383967734,-0.9793571443910586,-0.0013177945213529853,1.315258594624548,0.3185668292409431,0.8474555762190998,-0.8659314240409949,-0.3167590448075343,0.0,0.0,0.0,1.0,1.0,0.0,0.0,1.0,0.0,1.0,0.0,0.0,0.0,1.0,1
-0.08054779835573346,-0.024042911631965817,1.268845599553403,-0.02877062549314445,-0.01036123399182359,-1.1970693362515892,-2.0119675632933838,-2.074700327124756,0.0,0.0,0.0,1.0,1.0,0.0,1.0,0.0,0.0,1.0,0.0,0.0,1.0,0.0,1
-0.6444763749419659,-0.012310231229635408,0.18920671458986038,-0.5327815830372792,0.3733881731130707,0.43855059372496197,0.853122784837588,-0.3167590448075343,0.0,0.0,0.0,1.0,0.0,1.0,0.0,1.0,0.0,1.0,0.0,0.0,0.0,1.0,0
-0.45650018274655507,-0.18119231702084393,0.44323939340481155,0.3072366795362787,-0.9423240798179969,2.0741705237015133,-0.12437862805415531,0.12272627577177116,0.0,0.0,0.0,1.0,1.0,0.0,1.0,0.0,0.0,1.0,0.0,0.0,0.0,1.0,0
-1.396381143723609,-0.9894626647375914,-1.0809566794848955,-0.11277245175050024,1.4149937066834992,-2.0148793012398647,1.5441151629162335,0.5622115963510766,1.0,0.0,0.0,0.0,1.0,0.0,1.0,0.0,1.0,0.0,0.0,0.0,0.0,1.0,1
0.8593331626213205,-0.4421374059690246,-1.2714811885961088,-1.2047961930961255,-1.1067881114343798,-0.37925937126331366,0.5329068047523619,-0.7562443653868398,0.0,0.0,0.0,1.0,0.0,1.0,1.0,0.0,0.0,1.0,0.0,0.0,0.0,1.0,0
0.2954045860350881,-0.9675388239857915,-1.3349893582998467,-0.952790714324058,0.5926735486015822,-0.37925937126331366,0.7182950037490715,2.320152878668299,0.0,0.0,0.0,1.0,0.0,1.0,1.0,0.0,1.0,0.0,0.0,0.0,1.0,0.0,0
1.0473093548167314,0.7404653945841186,0.2527148842935982,0.13923302702156712,0.9216016118343487,0.029645611230824178,1.6283825260965565,1.880667558088993,0.0,0.0,0.0,1.0,0.0,1.0,1.0,0.0,0.0,0.0,1.0,0.0,0.0,1.0,0
2.6451069884777234,-0.07765355347035148,-2.2876119038559133,-2.128816281927039,-1.1067881114343798,-1.1970693362515892,-1.7928724190245444,-0.3167590448075343,1.0,0.0,0.0,0.0,1.0,0.0,1.0,0.0,0.0,1.0,0.0,0.0,0.0,1.0,1
0.8593331626213205,0.6069526300057747,1.0148129207384518,1.6512658996539713,-0.6682173604573579,-0.37925937126331366,-0.25920640914267173,0.12272627577177116,1.0,0.0,0.0,0.0,1.0,0.0,1.0,0.0,0.0,1.0,0.0,0.0,0.0,1.0,0
1.0473093548167314,-1.2551179538472916,0.2527148842935982,0.6432439845657019,0.4282095169851983,0.43855059372496197,0.212690824667135,2.539895538957951,0.0,0.0,0.0,1.0,0.0,1.0,1.0,0.0,0.0,1.0,0.0,0.0,0.0,1.0,0
-0.45650018274655507,-0.5291476489527305,1.3958619389608784,0.6432439845657019,1.5246363944277546,1.2563605587132376,-0.22549946387054262,1.0016969169303822,0.0,0.0,1.0,0.0,1.0,0.0,1.0,0.0,0.0,1.0,0.0,0.0,0.0,1.0,0
-0.8324525671373767,-0.5688846103153677,-0.31885864304004197,-0.3647779305225676,0.2637454853688155,0.43855059372496197,0.06100957094255439,-1.1957296859661453,0.0,0.0,0.0,1.0,0.0,1.0,0.0,1.0,0.0,1.0,0.0,0.0,0.0,1.0,0
-1.396381143723609,-1.0745031876537527,0.37973122370107376,-0.5327815830372792,-0.28446795335246267,0.43855059372496197,-0.4445946081393814,-0.3167590448075343,0.0,0.0,1.0,0.0,0.0,1.0,1.0,0.0,0.0,1.0,0.0,0.0,0.0,1.0,1
1.9871903157937854,0.7938191164136941,-0.2553504733363042,0.47524033205099026,-1.1067881114343798,1.2563605587132376,0.2969581878474581,0.12272627577177116,0.0,1.0,0.0,0.0,1.0,0.0,1.0,0.0,0.0,1.0,0.0,0.0,0.0,1.0,0
-1.0204287593327874,1.0071483637290595,-1.1444648491886333,-1.7928089768976159,-0.7778600482016131,0.43855059372496197,-0.14123210069022024,-0.7562443653868398,0.0,0.0,1.0,0.0,1.0,0.0,1.0,0.0,1.0,0.0,0.0,0.0,0.0,1.0,1
-1.7723335281144308,-0.15181779601354956,-1.2714811885961088,-1.2887980193534812,2.401777896381799,0.8474555762190998,1.3587269639195239,0.5622115963510766,0.0,1.0,0.0,0.0,1.0,0.0,1.0,0.0,0.0,1.0,0.0,1.0,0.0,0.0,0
-0.6444763749419659,0.17310037512835974,-1.0809566794848955,-0.3647779305225676,-0.3392892972245912,0.8474555762190998,0.22954429730319992,-0.3167590448075343,0.0,0.0,1.0,0.0,0.0,1.0,1.0,0.0,1.0,0.0,0.0,1.0,0.0,0.0,0
1.6112379314029637,-0.32438240193103696,-0.31885864304004197,0.055231200764211334,0.20892414149668687,0.8474555762190998,-1.1355869862180277,0.5622115963510766,0.0,0.0,0.0,1.0,1.0,0.0,1.0,0.0,0.0,1.0,0.0,0.0,0.0,1.0,0
0.48338077823049896,-0.7710806572489597,0.31622305399733597,-0.02877062549314445,0.9216016118343487,-0.37925937126331366,1.7463568345490081,-0.7562443653868398,0.0,0.0,1.0,0.0,1.0,0.0,1.0,0.0,0.0,1.0,0.0,0.0,1.0,0.0,0
-1.396381143723609,2.382591040894958,-0.5728913218549931,0.6432439845657019,0.09928145375243164,1.2563605587132376,0.7182950037490715,2.320152878668299,0.0,0.0,0.0,1.0,1.0,0.0,1.0,0.0,0.0,1.0,0.0,0.0,0.0,1.0,0
1.6112379314029637,0.14749401425028097,0.18920671458986038,-1.0367925405814138,-1.6550015501556579,0.029645611230824178,0.2969581878474581,0.12272627577177116,1.0,0.0,0.0,0.0,0.0,1.0,1.0,0.0,0.0,1.0,0.0,0.0,0.0,1.0,0
1.6112379314029637,0.07170261165128526,0.5702557328122871,-0.952790714324058,0.04446010988030403,-0.7881643537574514,0.17898387939500587,-0.3167590448075343,1.0,0.0,0.0,0.0,1.0,0.0,1.0,0.0,0.0,0.0,1.0,0.0,0.0,1.0,1
1.2352855470121422,2.382591040894958,0.37973122370107376,-0.4487797567799234,-0.39411064109671884,0.43855059372496197,-0.9164918419491889,0.12272627577177116,1.0,0.0,0.0,0.0,0.0,1.0,1.0,0.0,1.0,0.0,0.0,0.0,1.0,0.0,1
0.2954045860350881,1.3259860946624618,-0.0013177945213529853,-0.5327815830372792,1.0860656434507325,-0.37925937126331366,-1.995114090657319,2.539895538957951,1.0,0.0,0.0,0.0,1.0,0.0,1.0,0.0,0.0,1.0,0.0,0.0,1.0,0.0,1
0.8593331626213205,1.463352659372958,0.37973122370107376,-0.8687888880667023,0.8119589240900935,2.0741705237015133,-0.7816640608606724,0.5622115963510766,1.0,0.0,0.0,0.0,0.0,1.0,1.0,0.0,0.0,0.0,1.0,0.0,0.0,1.0,1
0.48338077823049896,-1.0806692678651963,-0.31885864304004197,-1.5408034981255485,-0.5585746727131017,2.0741705237015133,-0.04011126487383292,-0.7562443653868398,0.0,0.0,0.0,1.0,1.0,0.0,1.0,0.0,0.0,1.0,0.0,0.0,0.0,1.0,0
-1.9603097203098414,-0.3882698441218288,0.7607802419235005,-1.8768108031549717,0.2637454853688155,0.8474555762190998,0.7857088942933298,-1.1957296859661453,0.0,0.0,0.0,1.0,0.0,1.0,1.0,0.0,1.0,0.0,0.0,0.0,0.0,1.0,1
0.48338077823049896,-0.9788433043734384,-0.0013177945213529853,0.7272458108230576,0.3185668292409431,-0.37925937126331366,0.1621304067589417,0.12272627577177116,0.0,1.0,0.0,0.0,1.0,0.0,1.0,0.0,0.0,1.0,0.0,0.0,0.0,1.0,0
-0.08054779835573346,-0.9803848244262993,-0.12833413392882856,-0.4487797567799234,1.305351018939243,-0.37925937126331366,0.6677345858408775,0.12272627577177116,0.0,0.0,0.0,1.0,1.0,0.0,1.0,0.0,0.0,1.0,0.0,0.0,0.0,1.0,0
0.8593331626213205,-0.6848411742916843,-2.0335792250409623,0.979251289595125,-1.1067881114343798,-1.1970693362515892,-1.3546821304868664,-0.7562443653868398,1.0,0.0,0.0,0.0,0.0,1.0,1.0,0.0,1.0,0.0,0.0,1.0,0.0,0.0,1
-1.0204287593327874,-0.7137874952842951,-0.0013177945213529853,-1.7088071506402602,-1.490537518539275,-1.6059743187457272,-1.3546821304868664,1.4411822375096877,0.0,0.0,0.0,1.0,1.0,0.0,1.0,0.0,0.0,1.0,0.0,1.0,0.0,0.0,1
1.9871903157937854,0.7331859943344975,-1.9065628856334869,-0.02877062549314445,-1.4357161746671474,1.2563605587132376,-0.5120084986836396,-0.7562443653868398,0.0,0.0,0.0,1.0,1.0,0.0,1.0,0.0,0.0,1.0,0.0,1.0,0.0,0.0,0
-1.396381143723609,-1.2886031949955485,-0.38236681274377976,-0.952790714324058,0.09928145375243164,-2.0148793012398647,-2.6186925781917063,0.5622115963510766,0.0,0.0,0.0,1.0,0.0,1.0,1.0,0.0,0.0,1.0,0.0,0.0,0.0,1.0,1
-0.08054779835573346,-0.7069362950493576,0.5067475631085494,0.7272458108230576,-0.8875027359458694,1.2563605587132376,-0.2760598817787359,0.12272627577177116,0.0,0.0,1.0,0.0,1.0,0.0,1.0,0.0,0.0,1.0,0.0,0.0,1.0,0.0,1
-0.45650018274655507,-0.9356807428933323,1.522878278368354,0.7272458108230576,1.031244299578604,-0.37925937126331366,1.9485985061817828,0.5622115963510766,0.0,0.0,1.0,0.0,1.0,0.0,1.0,0.0,0.0,0.0,1.0,0.0,0.0,1.0,1
2.363142700184607,0.24332517753646876,1.4593701086646163,0.055231200764211334,0.15410279762455925,-0.7881643537574514,-0.5120084986836396,1.4411822375096877,0.0,0.0,0.0,1.0,1.0,0.0,1.0,0.0,0.0,1.0,0.0,0.0,0.0,1.0,1
0.6713569704259098,-0.8735917407642115,-1.6525302068185357,-1.5408034981255485,-0.44893198496884645,0.43855059372496197,0.1958373520310708,-0.7562443653868398,0.0,0.0,1.0,0.0,0.0,1.0,1.0,0.0,0.0,1.0,0.0,0.0,0.0,1.0,1
1.2352855470121422,2.382591040894958,-0.19184230363256635,-0.11277245175050024,-0.8326813920737407,1.2563605587132376,0.33066513311958723,-0.3167590448075343,0.0,0.0,0.0,1.0,1.0,0.0,1.0,0.0,0.0,1.0,0.0,1.0,0.0,0.0,0
0.8593331626213205,-0.5379685692552124,0.5702557328122871,-1.0367925405814138,-0.8326813920737407,-2.0148793012398647,-1.1524404588540922,1.4411822375096877,0.0,0.0,1.0,0.0,0.0,1.0,1.0,0.0,1.0,0.0,0.0,0.0,0.0,1.0,1
0.6713569704259098,-0.09675127412523966,0.887796581330976,0.2232348532789229,-1.0519667675622522,-0.7881643537574514,-0.49515502604757544,-1.1957296859661453,0.0,0.0,1.0,0.0,0.0,1.0,0.0,1.0,0.0,1.0,0.0,0.0,0.0,1.0,1
1.6112379314029637,2.322493168834116,0.37973122370107376,-0.952790714324058,-0.1200039217360798,0.8474555762190998,-0.12437862805415531,-0.3167590448075343,0.0,0.0,1.0,0.0,0.0,1.0,1.0,0.0,0.0,1.0,0.0,1.0,0.0,0.0,0
-0.8324525671373767,-0.3275510820396955,0.2527148842935982,0.559242158308346,0.2637454853688155,-0.7881643537574514,0.0947165162146835,-2.074700327124756,0.0,0.0,0.0,1.0,1.0,0.0,0.0,1.0,0.0,0.0,1.0,0.0,0.0,1.0,1
-0.8324525671373767,-0.8602319003060834,2.157959975405732,0.8952494633377692,1.0860656434507325,0.8474555762190998,0.1958373520310708,0.12272627577177116,0.0,0.0,0.0,1.0,1.0,0.0,1.0,0.0,1.0,0.0,0.0,0.0,1.0,0.0,1
-0.8324525671373767,-0.5697410103447349,0.6972720722197627,0.055231200764211334,-0.7230387043294855,0.43855059372496197,1.6283825260965565,1.4411822375096877,0.0,0.0,0.0,1.0,0.0,1.0,1.0,0.0,0.0,1.0,0.0,0.0,0.0,1.0,0
-1.0204287593327874,-0.3662603633670922,-1.3984975280035845,-0.8687888880667023,-1.764644237899914,-2.423784283734003,0.43178596893597454,1.4411822375096877,1.0,0.0,0.0,0.0,1.0,0.0,1.0,0.0,0.0,1.0,0.0,1.0,0.0,0.0,1
-0.2685239905511443,-0.7704811772284027,0.633763902516025,0.47524033205099026,0.2637454853688155,0.8474555762190998,-0.2929133544148008,0.5622115963510766,1.0,0.0,0.0,0.0,0.0,1.0,1.0,0.0,1.0,0.0,0.0,0.0,0.0,1.0,0
0.10742839383967734,0.06724933149857591,-0.6999076612624687,-0.19677427800785602,0.3733881731130707,0.029645611230824178,1.3755804365555886,-0.3167590448075343,1.0,0.0,0.0,0.0,1.0,0.0,1.0,0.0,0.0,1.0,0.0,0.0,0.0,1.0,0
1.7992141235983745,-1.2614553140646088,-1.5890220371147978,-0.7007852355519907,-1.5453588624114027,0.029645611230824178,0.22954429730319992,-0.7562443653868398,0.0,1.0,0.0,0.0,1.0,0.0,1.0,0.0,0.0,1.0,0.0,1.0,0.0,0.0,0
0.48338077823049896,0.26002497810912883,1.5863864480720917,1.4832622471392596,-0.6133960165852302,-1.1970693362515892,-1.556923802119641,-0.7562443653868398,0.0,1.0,0.0,0.0,1.0,0.0,1.0,0.0,0.0,1.0,0.0,1.0,0.0,0.0,1
-0.6444763749419659,-0.9605163437449806,-0.38236681274377976,1.8192695521686828,0.757137580217965,0.43855059372496197,1.8980380882735888,0.5622115963510766,0.0,0.0,0.0,1.0,1.0,0.0,1.0,0.0,0.0,1.0,0.0,0.0,0.0,1.0,0
-0.45650018274655507,-1.3050460755593984,-0.6363994915587309,-0.7007852355519907,-0.9423240798179969,0.8474555762190998,1.2576061281031365,-0.3167590448075343,0.0,0.0,0.0,1.0,1.0,0.0,1.0,0.0,0.0,1.0,0.0,1.0,0.0,0.0,0
-1.396381143723609,-0.5043976881040189,1.3958619389608784,-0.8687888880667023,-1.4357161746671474,-1.6059743187457272,-1.556923802119641,2.320152878668299,0.0,0.0,0.0,1.0,1.0,0.0,1.0,0.0,0.0,1.0,0.0,0.0,1.0,0.0,1
2.5511188923800177,-0.4106218848883123,-0.44587498244751755,-0.7007852355519907,0.09928145375243164,-0.7881643537574514,1.3587269639195239,0.5622115963510766,0.0,0.0,0.0,1.0,0.0,1.0,1.0,0.0,0.0,1.0,0.0,0.0,1.0,0.0,1
-1.2084049515281983,-0.7425625362710325,0.1256985448861226,-0.7847870618093465,0.8667802679622212,0.43855059372496197,-0.4277411355033172,-0.3167590448075343,0.0,1.0,0.0,0.0,1.0,0.0,1.0,0.0,1.0,0.0,0.0,0.0,0.0,1.0,1
-1.396381143723609,-0.2839603205449059,-0.06482596422509078,-0.2807761042652118,1.1408869873228602,-0.7881643537574514,0.0947165162146835,-0.7562443653868398,0.0,0.0,0.0,1.0,0.0,1.0,1.0,0.0,0.0,1.0,0.0,0.0,0.0,1.0,1
0.6713569704259098,0.2864877390165748,0.6972720722197627,-0.7847870618093465,1.031244299578604,-0.37925937126331366,0.8868297301097171,-1.6352150065454507,0.0,0.0,0.0,1.0,1.0,0.0,1.0,0.0,1.0,0.0,0.0,1.0,0.0,0.0,0
0.8593331626213205,-0.7150720953283459,-0.31885864304004197,-0.2807761042652118,1.0860656434507325,1.2563605587132376,0.9710970932900395,-1.6352150065454507,0.0,0.0,0.0,1.0,1.0,0.0,1.0,0.0,0.0,1.0,0.0,0.0,0.0,1.0,0
-0.08054779835573346,-0.956748183615765,1.9039272965907807,-0.4487797567799234,0.3733881731130707,0.43855059372496197,-0.4108876628672523,1.880667558088993,1.0,0.0,0.0,0.0,1.0,0.0,1.0,0.0,0.0,1.0,0.0,0.0,0.0,1.0,0
0.6713569704259098,-1.1061899887403384,-1.5890220371147978,-1.4568016718681929,-0.9971454236901246,-0.7881643537574514,-0.0569647375098971,-1.1957296859661453,0.0,0.0,1.0,0.0,1.0,0.0,1.0,0.0,0.0,1.0,0.0,0.0,0.0,1.0,1
2.5511188923800177,-0.948869303345587,-0.2553504733363042,-0.7007852355519907,-0.1748252656082074,-1.1970693362515892,0.33066513311958723,-0.3167590448075343,0.0,0.0,1.0,0.0,1.0,0.0,1.0,0.0,0.0,1.0,0.0,0.0,0.0,1.0,1
-0.2685239905511443,-0.4161028450762623,0.6972720722197627,0.979251289595125,-0.5037533288409741,-0.7881643537574514,-2.365890488650739,-0.3167590448075343,1.0,0.0,0.0,0.0,0.0,1.0,1.0,0.0,0.0,1.0,0.0,0.0,0.0,1.0,1
1.0473093548167314,-0.4116495649235529,-0.38236681274377976,0.055231200764211334,-0.06518257786395218,-1.6059743187457272,-0.4277411355033172,0.5622115963510766,1.0,0.0,0.0,0.0,0.0,1.0,1.0,0.0,0.0,1.0,0.0,0.0,0.0,1.0,1
0.2954045860350881,-0.3808191638663343,-0.0013177945213529853,-2.128816281927039,-1.216430799178636,-0.7881643537574514,-0.15808557332628442,1.4411822375096877,0.0,0.0,1.0,0.0,0.0,1.0,1.0,0.0,0.0,0.0,1.0,0.0,1.0,0.0,1
1.6112379314029637,2.0260074786671973,1.3958619389608784,0.2232348532789229,0.5378522047294545,-0.37925937126331366,2.4373492126276535,2.539895538957951,0.0,0.0,0.0,1.0,1.0,0.0,1.0,0.0,0.0,1.0,0.0,0.0,0.0,1.0,0
-0.45650018274655507,-0.7857250977511385,-1.2714811885961088,0.7272458108230576,0.8119589240900935,0.43855059372496197,-0.8659314240409949,0.12272627577177116,0.0,0.0,1.0,0.0,1.0,0.0,1.0,0.0,0.0,0.0,1.0,0.0,0.0,1.0,1
0.6713569704259098,-0.14034203562002928,-0.6999076612624687,-0.02877062549314445,0.09928145375243164,-0.7881643537574514,-0.933345314585253,-1.1957296859661453,1.0,0.0,0.0,0.0,0.0,1.0,1.0,0.0,0.0,1.0,0.0,1.0,0.0,0.0,1
-1.0204287593327874,-1.0903465881970456,-0.38236681274377976,-1.7088071506402602,0.04446010988030403,-0.37925937126331366,-1.674898110572093,1.4411822375096877,0.0,0.0,1.0,0.0,0.0,1.0,0.0,1.0,0.0,1.0,0.0,0.0,0.0,1.0,1
-0.6444763749419659,-0.4963475278279673,0.6972720722197627,0.8112476370804134,0.3733881731130707,-0.7881643537574514,-1.556923802119641,1.0016969169303822,0.0,0.0,0.0,1.0,1.0,0.0,1.0,0.0,0.0,1.0,0.0,0.0,1.0,0.0,0
-1.396381143723609,-1.0992531485024644,2.6342712481837656,1.315258594624548,-1.3808948307950188,0.029645611230824178,-1.995114090657319,-0.7562443653868398,0.0,0.0,0.0,1.0,1.0,0.0,1.0,0.0,0.0,1.0,0.0,0.0,0.0,1.0,1
0.8593331626213205,1.1624136890533296,-0.8269240006699443,-1.0367925405814138,-0.8326813920737407,0.029645611230824178,-0.12437862805415531,0.12272627577177116,0.0,0.0,0.0,1.0,1.0,0.0,1.0,0.0,0.0,1.0,0.0,0.0,0.0,1.0,0
-0.6444763749419659,-0.3328607622217721,0.1256985448861226,1.1472549421098366,0.20892414149668687,-0.37925937126331366,-0.14123210069022024,0.12272627577177116,0.0,0.0,1.0,0.0,1.0,0.0,0.0,1.0,0.0,1.0,0.0,0.0,0.0,1.0,0
0.2954045860350881,0.09465413243832577,0.31622305399733597,1.1472549421098366,0.5378522047294545,0.43855059372496197,0.1958373520310708,0.12272627577177116,0.0,0.0,0.0,1.0,1.0,0.0,1.0,0.0,0.0,1.0,0.0,0.0,0.0,1.0,0
-0.8324525671373767,-0.3278080020485057,0.887796581330976,-0.8687888880667023,-0.44893198496884645,0.029645611230824178,1.6452359987326208,1.0016969169303822,0.0,0.0,0.0,1.0,1.0,0.0,1.0,0.0,0.0,1.0,0.0,0.0,0.0,1.0,0
-1.396381143723609,2.382591040894958,0.5702557328122871,0.6432439845657019,0.5378522047294545,1.2563605587132376,0.0947165162146835,0.5622115963510766,0.0,0.0,1.0,0.0,1.0,0.0,1.0,0.0,0.0,1.0,0.0,0.0,0.0,1.0,0
0.48338077823049896,-0.23094915872707727,0.31622305399733597,2.5752859884848847,-2.724017755662151,0.029645611230824178,-0.983905732493447,0.5622115963510766,1.0,0.0,0.0,0.0,1.0,0.0,1.0,0.0,0.0,1.0,0.0,0.0,1.0,0.0,1
-0.45650018274655507,-0.267517439981056,-0.44587498244751755,-0.6167834092946349,-0.22964660948033502,0.029645611230824178,0.836269312201523,1.4411822375096877,1.0,0.0,0.0,0.0,0.0,1.0,1.0,0.0,0.0,1.0,0.0,0.0,0.0,1.0,0
0.2954045860350881,-0.6271198123123362,-0.12833413392882856,-0.952790714324058,0.09928145375243164,1.2563605587132376,1.6283825260965565,1.0016969169303822,0.0,0.0,1.0,0.0,1.0,0.0,1.0,0.0,0.0,1.0,0.0,0.0,1.0,0.0,0
-0.08054779835573346,-0.5749650505238747,-1.0809566794848955,-1.0367925405814138,-0.7230387043294855,0.43855059372496197,-0.3771807175951232,1.4411822375096877,0.0,0.0,0.0,1.0,1.0,0.0,1.0,0.0,1.0,0.0,0.0,0.0,0.0,1.0,1
-0.2685239905511443,-0.7913773379449619,0.6972720722197627,1.4832622471392596,1.305351018939243,-0.37925937126331366,0.027302625670425285,1.880667558088993,0.0,0.0,1.0,0.0,1.0,0.0,1.0,0.0,0.0,1.0,0.0,1.0,0.0,0.0,0
-0.08054779835573346,-0.21587651821021484,2.411992654220683,0.8112476370804134,0.3733881731130707,0.43855059372496197,0.7351484763851357,-0.3167590448075343,0.0,0.0,0.0,1.0,0.0,1.0,1.0,0.0,0.0,1.0,0.0,0.0,0.0,1.0,0
0.2954045860350881,-0.7156715753489029,-0.31885864304004197,0.979251289595125,-1.1616094553065084,-2.0148793012398647,-0.20864599123447844,1.880667558088993,0.0,0.0,0.0,1.0,0.0,1.0,1.0,0.0,0.0,1.0,0.0,1.0,0.0,0.0,0
-1.0204287593327874,-0.5987729713402824,0.37973122370107376,0.8112476370804134,1.5794577382998822,0.029645611230824178,1.5946755808244275,1.0016969169303822,1.0,0.0,0.0,0.0,0.0,1.0,1.0,0.0,0.0,1.0,0.0,0.0,0.0,1.0,0
-0.8324525671373767,2.382591040894958,1.0148129207384518,-1.0367925405814138,-1.1616094553065084,0.8474555762190998,0.010449153034361107,2.320152878668299,1.0,0.0,0.0,0.0,0.0,1.0,1.0,0.0,0.0,1.0,0.0,0.0,0.0,1.0,0
-0.2685239905511443,-1.0449573866405848,-0.19184230363256635,-1.0367925405814138,-0.9423240798179969,-1.1970693362515892,-0.25920640914267173,-0.3167590448075343,0.0,0.0,1.0,0.0,1.0,0.0,1.0,0.0,1.0,0.0,0.0,0.0,0.0,1.0,0
0.2954045860350881,-0.44667632612467073,-0.31885864304004197,-0.19677427800785602,-2.0387509572605533,-0.7881643537574514,-1.0681730956737694,0.12272627577177116,0.0,0.0,1.0,0.0,1.0,0.0,1.0,0.0,1.0,0.0,0.0,0.0,0.0,1.0,1
1.6112379314029637,0.11717745321068268,0.31622305399733597,-0.3647779305225676,1.6342790821720108,0.43855059372496197,-0.7311036429524784,-0.3167590448075343,0.0,0.0,0.0,1.0,1.0,0.0,1.0,0.0,1.0,0.0,0.0,0.0,0.0,1.0,0
-1.2084049515281983,-0.6457036929496041,0.7607802419235005,0.39123850579363445,-2.0387509572605533,0.43855059372496197,0.9542436206539753,0.5622115963510766,0.0,0.0,0.0,1.0,1.0,0.0,1.0,0.0,0.0,1.0,0.0,0.0,1.0,0.0,0
-1.2084049515281983,-0.7728790973106308,-0.890432170373682,0.559242158308346,-0.01036123399182359,1.2563605587132376,0.11156998885074842,-0.3167590448075343,0.0,0.0,0.0,1.0,1.0,0.0,1.0,0.0,0.0,1.0,0.0,0.0,0.0,1.0,0
1.2352855470121422,-0.12244327500625517,-1.52551386741106,-0.11277245175050024,-0.8875027359458694,0.43855059372496197,0.04415609830649021,1.880667558088993,0.0,0.0,0.0,1.0,0.0,1.0,1.0,0.0,1.0,0.0,0.0,0.0,0.0,1.0,1
-1.0204287593327874,-0.7756195774046057,-2.414628243263389,-1.1207943668387697,-0.9423240798179969,0.029645611230824178,2.066572814634234,0.12272627577177116,0.0,0.0,0.0,1.0,1.0,0.0,1.0,0.0,0.0,1.0,0.0,0.0,1.0,0.0,0
-0.45650018274655507,-0.8768460608758069,-0.6363994915587309,-1.6248053243829044,-0.6133960165852302,2.0741705237015133,0.7351484763851357,-1.6352150065454507,0.0,1.0,0.0,0.0,1.0,0.0,1.0,0.0,0.0,1.0,0.0,0.0,1.0,0.0,1
0.48338077823049896,-0.8007120982650642,0.633763902516025,-0.5327815830372792,0.3733881731130707,-0.37925937126331366,0.6677345858408775,-0.3167590448075343,0.0,0.0,0.0,1.0,1.0,0.0,1.0,0.0,0.0,1.0,0.0,0.0,0.0,1.0,0
-0.8324525671373767,0.5022149064141682,0.06219037518238481,-1.1207943668387697,-0.6682173604573579,0.43855059372496197,0.22954429730319992,0.12272627577177116,0.0,0.0,1.0,0.0,1.0,0.0,1.0,0.0,1.0,0.0,0.0,0.0,1.0,0.0,1
0.2954045860350881,-0.7503557765382739,0.06219037518238481,1.0632531158524807,0.2637454853688155,-1.1970693362515892,0.8025623669293939,-0.7562443653868398,0.0,0.0,1.0,0.0,0.0,1.0,0.0,1.0,1.0,0.0,0.0,0.0,0.0,1.0,1
0.2954045860350881,0.9627012022049026,-1.843054715929749,-2.128816281927039,-0.44893198496884645,1.2563605587132376,0.04415609830649021,0.5622115963510766,0.0,0.0,1.0,0.0,0.0,1.0,1.0,0.0,0.0,1.0,0.0,0.0,1.0,0.0,0
-0.08054779835573346,-0.9668537039622978,1.3323537692571406,-0.3647779305225676,0.3185668292409431,0.8474555762190998,0.566613750024491,-0.3167590448075343,0.0,0.0,0.0,1.0,1.0,0.0,1.0,0.0,0.0,1.0,0.0,0.0,0.0,1.0,0
-1.7723335281144308,-0.77707545745453,0.2527148842935982,-1.2887980193534812,1.4149937066834992,0.8474555762190998,0.9542436206539753,-1.1957296859661453,0.0,0.0,0.0,1.0,1.0,0.0,1.0,0.0,1.0,0.0,0.0,0.0,1.0,0.0,1
1.6112379314029637,-1.1126129889605922,-0.5728913218549931,1.315258594624548,0.6474948924737097,0.43855059372496197,-1.203000876762286,1.0016969169303822,0.0,0.0,0.0,1.0,0.0,1.0,1.0,0.0,1.0,0.0,0.0,0.0,1.0,0.0,0
-0.8324525671373767,-1.051637306869649,0.7607802419235005,-0.8687888880667023,0.8667802679622212,0.8474555762190998,-1.236707822034415,-1.1957296859661453,0.0,0.0,1.0,0.0,1.0,0.0,1.0,0.0,0.0,1.0,0.0,1.0,0.0,0.0,0
-0.8324525671373767,0.07418617173645009,-0.0013177945213529853,-1.6248053243829044,-0.28446795335246267,-0.37925937126331366,0.7351484763851357,0.12272627577177116,0.0,0.0,1.0,0.0,0.0,1.0,1.0,0.0,0.0,1.0,0.0,0.0,1.0,0.0,0
0.6713569704259098,0.28160625884918183,-0.0013177945213529853,-0.3647779305225676,1.9632071454047775,0.029645611230824178,0.6677345858408775,1.0016969169303822,0.0,0.0,0.0,1.0,1.0,0.0,0.0,1.0,0.0,1.0,0.0,1.0,0.0,0.0,0
-0.6444763749419659,-0.573680450479824,-0.8269240006699443,-1.0367925405814138,-0.06518257786395218,1.2563605587132376,-0.3434737723229941,1.0016969169303822,0.0,1.0,0.0,0.0,1.0,0.0,1.0,0.0,1.0,0.0,0.0,1.0,0.0,0.0,0
-1.0204287593327874,0.07898201190090631,-0.9539403400774199,0.7272458108230576,-1.3260734869228912,0.029645611230824178,-0.983905732493447,1.880667558088993,0.0,0.0,1.0,0.0,1.0,0.0,0.0,1.0,0.0,1.0,0.0,0.0,0.0,1.0,1
-1.58435733591902,-0.41122136490886935,2.0309436359982564,-1.2047961930961255,0.3185668292409431,0.029645611230824178,-0.0569647375098971,0.12272627577177116,0.0,0.0,1.0,0.0,1.0,0.0,1.0,0.0,0.0,1.0,0.0,1.0,0.0,0.0,1
0.6713569704259098,0.004903409360644975,-0.890432170373682,-1.4568016718681929,0.2637454853688155,-0.7881643537574514,-2.349037016014674,1.4411822375096877,0.0,0.0,0.0,1.0,1.0,0.0,1.0,0.0,0.0,1.0,0.0,0.0,1.0,0.0,1
0.2954045860350881,2.382591040894958,-2.0335792250409623,-1.372799845610837,0.8119589240900935,0.029645611230824178,0.5834672226605552,0.5622115963510766,0.0,0.0,0.0,1.0,1.0,0.0,1.0,0.0,0.0,1.0,0.0,0.0,1.0,0.0,0
-1.0204287593327874,1.6213584647912032,0.9513047510347139,0.8952494633377692,1.1957083311949879,0.8474555762190998,-0.6299828071360919,1.0016969169303822,0.0,0.0,1.0,0.0,1.0,0.0,1.0,0.0,0.0,1.0,0.0,0.0,1.0,0.0,1
-0.6444763749419659,-0.13725899551430742,-0.0013177945213529853,0.8952494633377692,0.04446010988030403,0.43855059372496197,-0.950198787221318,-0.3167590448075343,0.0,0.0,1.0,0.0,1.0,0.0,1.0,0.0,0.0,1.0,0.0,0.0,0.0,1.0,0
0.2954045860350881,-0.22195695841872184,0.887796581330976,-0.7007852355519907,0.20892414149668687,0.8474555762190998,0.24639776993926407,0.12272627577177116,0.0,0.0,0.0,1.0,1.0,0.0,1.0,0.0,0.0,1.0,0.0,0.0,0.0,1.0,0
-0.6444763749419659,-0.8404490596277016,-0.8269240006699443,0.13923302702156712,0.20892414149668687,-0.7881643537574514,-1.809725891660609,-1.1957296859661453,0.0,0.0,0.0,1.0,1.0,0.0,1.0,0.0,0.0,1.0,0.0,0.0,0.0,1.0,1
0.10742839383967734,-0.2395131590207491,0.8242884116272383,-1.4568016718681929,1.8535644576605212,0.029645611230824178,0.7182950037490715,0.5622115963510766,0.0,0.0,0.0,1.0,1.0,0.0,1.0,0.0,0.0,1.0,0.0,0.0,1.0,0.0,0
-0.2685239905511443,2.382591040894958,1.0148129207384518,0.47524033205099026,0.2637454853688155,0.43855059372496197,-0.1917925185984135,0.12272627577177116,0.0,0.0,0.0,1.0,1.0,0.0,1.0,0.0,0.0,1.0,0.0,1.0,0.0,0.0,0
2.175166507989196,-0.6194122120480315,0.5067475631085494,-0.2807761042652118,-0.3392892972245912,0.43855059372496197,0.43178596893597454,0.5622115963510766,0.0,0.0,1.0,0.0,0.0,1.0,1.0,0.0,0.0,1.0,0.0,0.0,0.0,1.0,1
-0.45650018274655507,2.382591040894958,-0.06482596422509078,1.399260420881904,-0.5585746727131017,-0.37925937126331366,1.0385109838342976,0.5622115963510766,0.0,0.0,1.0,0.0,1.0,0.0,0.0,1.0,0.0,1.0,0.0,0.0,1.0,0.0,1
-1.7723335281144308,0.028968250185862823,0.06219037518238481,0.2232348532789229,-1.1616094553065084,-0.37925937126331366,-0.49515502604757544,-1.1957296859661453,0.0,0.0,1.0,0.0,1.0,0.0,1.0,0.0,0.0,1.0,0.0,0.0,1.0,0.0,1
-0.6444763749419659,0.3664755017594697,-0.31885864304004197,-1.0367925405814138,0.4282095169851983,-1.1970693362515892,0.6508811132048133,-0.3167590448075343,0.0,0.0,0.0,1.0,0.0,1.0,1.0,0.0,0.0,1.0,0.0,1.0,0.0,0.0,0
-0.8324525671373767,2.199342844611115,-0.0013177945213529853,-0.2807761042652118,0.20892414149668687,-0.37925937126331366,1.1901922375588783,-0.3167590448075343,0.0,0.0,1.0,0.0,1.0,0.0,1.0,0.0,0.0,1.0,0.0,0.0,1.0,0.0,0
-0.2685239905511443,-0.753952656661616,2.0309436359982564,0.7272458108230576,0.4282095169851983,0.43855059372496197,-0.5120084986836396,0.12272627577177116,1.0,0.0,0.0,0.0,0.0,1.0,1.0,0.0,0.0,0.0,1.0,0.0,0.0,1.0,1
-1.396381143723609,-0.6676275337014039,-0.12833413392882856,0.979251289595125,2.456599240253928,1.6652655412073754,-1.2198543493983505,-0.3167590448075343,0.0,0.0,0.0,1.0,1.0,0.0,1.0,0.0,0.0,0.0,1.0,0.0,0.0,1.0,1
0.10742839383967734,-0.9064775018919113,1.1418292601459272,-0.19677427800785602,-0.6682173604573579,-0.7881643537574514,-1.3209751852147373,1.0016969169303822,1.0,0.0,0.0,0.0,1.0,0.0,1.0,0.0,0.0,1.0,0.0,1.0,0.0,0.0,1
0.2954045860350881,-1.1863490314891068,1.3958619389608784,1.8192695521686828,-0.6133960165852302,0.029645611230824178,0.4991998594802327,1.4411822375096877,0.0,0.0,0.0,1.0,1.0,0.0,1.0,0.0,0.0,1.0,0.0,0.0,0.0,1.0,0
-0.2685239905511443,-1.2670219142554955,-0.6999076612624687,-0.11277245175050024,0.9764229557064764,0.8474555762190998,0.010449153034361107,1.4411822375096877,0.0,1.0,0.0,0.0,1.0,0.0,1.0,0.0,0.0,0.0,1.0,0.0,1.0,0.0,1
0.48338077823049896,1.7954645907615516,0.9513047510347139,1.4832622471392596,-1.4357161746671474,0.43855059372496197,-0.023257792237767996,0.12272627577177116,0.0,0.0,0.0,1.0,1.0,0.0,1.0,0.0,1.0,0.0,0.0,0.0,0.0,1.0,0
-0.6444763749419659,0.3787220221794204,-0.12833413392882856,-0.952790714324058,2.1276711770211603,1.2563605587132376,-0.7479571155885434,-0.7562443653868398,0.0,0.0,0.0,1.0,1.0,0.0,1.0,0.0,0.0,1.0,0.0,1.0,0.0,0.0,0
1.6112379314029637,-0.25518527955816855,2.539008993628159,0.6432439845657019,0.6474948924737097,0.43855059372496197,0.06100957094255439,-1.6352150065454507,1.0,0.0,0.0,0.0,1.0,0.0,1.0,0.0,0.0,1.0,0.0,0.0,0.0,1.0,1
-0.6444763749419659,0.48020542565943164,-0.8269240006699443,-1.8768108031549717,0.15410279762455925,1.6652655412073754,-1.203000876762286,-1.6352150065454507,0.0,0.0,1.0,0.0,1.0,0.0,1.0,0.0,0.0,1.0,0.0,0.0,1.0,0.0,0
0.48338077823049896,-1.1195498291984665,0.37973122370107376,-1.0367925405814138,-2.2032149888769363,1.2563605587132376,0.3643720783917163,0.5622115963510766,0.0,0.0,1.0,0.0,0.0,1.0,1.0,0.0,0.0,1.0,0.0,0.0,0.0,1.0,0
1.0473093548167314,-0.5543258098161257,-0.19184230363256635,0.559242158308346,-0.7230387043294855,-1.1970693362515892,-2.6186925781917063,-0.3167590448075343,0.0,0.0,1.0,0.0,1.0,0.0,1.0,0.0,0.0,1.0,0.0,1.0,0.0,0.0,1
-1.9603097203098414,-0.9645414238830063,0.5067475631085494,-0.5327815830372792,-1.5453588624114027,1.2563605587132376,0.010449153034361107,-0.7562443653868398,0.0,0.0,0.0,1.0,1.0,0.0,1.0,0.0,0.0,1.0,0.0,0.0,1.0,0.0,1
-1.58435733591902,-0.44316508600426524,-1.1444648491886333,-2.128816281927039,-0.06518257786395218,-1.1970693362515892,-1.371535603122931,-0.7562443653868398,0.0,1.0,0.0,0.0,1.0,0.0,1.0,0.0,1.0,0.0,0.0,0.0,0.0,1.0,1
0.8593331626213205,-1.0278293860532413,-0.7634158309662065,-1.8768108031549717,1.5246363944277546,0.029645611230824178,-0.49515502604757544,-1.1957296859661453,0.0,0.0,0.0,1.0,0.0,1.0,1.0,0.0,1.0,0.0,0.0,0.0,1.0,0.0,1
0.10742839383967734,1.310999094148536,1.0783210904421894,1.2312567683671922,1.031244299578604,-0.37925937126331366,0.4486394415720387,-1.1957296859661453,0.0,0.0,0.0,1.0,1.0,0.0,1.0,0.0,0.0,0.0,1.0,0.0,0.0,1.0,1
-0.08054779835573346,-0.888664381281074,-0.6363994915587309,1.315258594624548,-0.5585746727131017,1.2563605587132376,0.17898387939500587,0.5622115963510766,0.0,0.0,0.0,1.0,1.0,0.0,1.0,0.0,0.0,1.0,0.0,0.0,0.0,1.0,0
0.10742839383967734,1.3414869351940077,-0.31885864304004197,-0.19677427800785602,0.3733881731130707,0.43855059372496197,-1.5906307473917702,2.539895538957951,0.0,0.0,0.0,1.0,1.0,0.0,1.0,0.0,0.0,1.0,0.0,1.0,0.0,0.0,0
0.48338077823049896,-0.8321419793428398,-0.12833413392882856,0.2232348532789229,0.9764229557064764,-1.1970693362515892,-0.6805432250442851,-1.1957296859661453,0.0,0.0,0.0,1.0,1.0,0.0,1.0,0.0,0.0,1.0,0.0,1.0,0.0,0.0,1
1.7992141235983745,-0.767055577110934,-1.2714811885961088,0.559242158308346,-1.1067881114343798,0.029645611230824178,1.105924874378556,1.0016969169303822,0.0,0.0,0.0,1.0,0.0,1.0,1.0,0.0,0.0,1.0,0.0,1.0,0.0,0.0,0
-0.08054779835573346,0.20906917636178143,-0.7634158309662065,0.3072366795362787,2.401777896381799,0.8474555762190998,-2.6186925781917063,-0.3167590448075343,0.0,0.0,0.0,1.0,1.0,0.0,1.0,0.0,0.0,1.0,0.0,1.0,0.0,0.0,1
-0.45650018274655507,-0.9098174620064433,-1.0809566794848955,-0.5327815830372792,0.2637454853688155,0.8474555762190998,-0.47830155341151054,0.12272627577177116,0.0,0.0,0.0,1.0,0.0,1.0,1.0,0.0,0.0,1.0,0.0,0.0,1.0,0.0,0
0.2954045860350881,-1.2061318721674887,0.5702557328122871,0.2232348532789229,0.15410279762455925,0.029645611230824178,0.9373901480179103,1.880667558088993,0.0,0.0,0.0,1.0,1.0,0.0,1.0,0.0,0.0,1.0,0.0,0.0,0.0,1.0,0
-0.45650018274655507,0.49998826633781357,-0.6999076612624687,-1.0367925405814138,0.09928145375243164,0.029645611230824178,-0.0906716827820262,-0.7562443653868398,0.0,0.0,0.0,1.0,1.0,0.0,1.0,0.0,0.0,1.0,0.0,0.0,1.0,0.0,0
0.6713569704259098,0.9907911231681462,-0.38236681274377976,0.39123850579363445,0.6474948924737097,0.029645611230824178,-0.1917925185984135,-0.3167590448075343,0.0,0.0,0.0,1.0,0.0,1.0,1.0,0.0,1.0,0.0,0.0,0.0,0.0,1.0,0
-0.45650018274655507,0.2500907377684695,-2.0970873947447,-1.2887980193534812,-0.6682173604573579,-2.0148793012398647,-0.47830155341151054,1.0016969169303822,0.0,0.0,1.0,0.0,0.0,1.0,1.0,0.0,0.0,1.0,0.0,1.0,0.0,0.0,1
-1.0204287593327874,-1.0958275483849955,-0.5093831521512553,-0.2807761042652118,1.031244299578604,0.029645611230824178,0.7351484763851357,-1.1957296859661453,0.0,0.0,1.0,0.0,1.0,0.0,1.0,0.0,0.0,1.0,0.0,0.0,0.0,1.0,0
-1.9603097203098414,-0.2586108796756373,0.1256985448861226,0.559242158308346,-0.7778600482016131,-0.37925937126331366,0.836269312201523,-0.3167590448075343,0.0,0.0,1.0,0.0,1.0,0.0,1.0,0.0,0.0,1.0,0.0,0.0,1.0,0.0,1
-0.45650018274655507,0.07195953166009542,0.2527148842935982,-0.5327815830372792,0.757137580217965,-0.7881643537574514,-0.8322244787688657,-0.3167590448075343,0.0,0.0,0.0,1.0,1.0,0.0,1.0,0.0,1.0,0.0,0.0,1.0,0.0,0.0,0
1.0473093548167314,0.32151450021769257,1.3958619389608784,1.8192695521686828,-0.5037533288409741,0.43855059372496197,2.420495739991589,-1.1957296859661453,0.0,1.0,0.0,0.0,1.0,0.0,1.0,0.0,0.0,1.0,0.0,0.0,0.0,1.0,0
-1.7723335281144308,-0.1847891971441861,-0.9539403400774199,0.13923302702156712,0.7023162363458374,0.029645611230824178,-1.4726564389393184,-0.3167590448075343,0.0,0.0,0.0,1.0,1.0,0.0,1.0,0.0,0.0,1.0,0.0,0.0,1.0,0.0,1
2.6451069884777234,-0.3833883639544359,-0.19184230363256635,-0.7847870618093465,0.3185668292409431,0.029645611230824178,0.5834672226605552,-0.7562443653868398,0.0,0.0,0.0,1.0,1.0,0.0,1.0,0.0,1.0,0.0,0.0,0.0,1.0,0.0,1
-0.6444763749419659,-0.2717994401278919,-1.0809566794848955,0.2232348532789229,-0.7778600482016131,-1.1970693362515892,-1.3378286578508019,0.12272627577177116,0.0,1.0,0.0,0.0,1.0,0.0,1.0,0.0,0.0,1.0,0.0,0.0,1.0,0.0,1
0.6713569704259098,0.4875704659119894,1.6498946177758296,-0.4487797567799234,1.1957083311949879,2.0741705237015133,-1.0344661504016404,-0.3167590448075343,0.0,0.0,0.0,1.0,1.0,0.0,1.0,0.0,1.0,0.0,0.0,0.0,1.0,0.0,1
0.2954045860350881,-0.928486982646648,-1.1444648491886333,0.6432439845657019,-1.5453588624114027,1.6652655412073754,1.8306241977293312,1.4411822375096877,0.0,0.0,0.0,1.0,1.0,0.0,1.0,0.0,0.0,1.0,0.0,1.0,0.0,0.0,1
-0.08054779835573346,-1.0594305471368903,0.44323939340481155,0.559242158308346,0.5378522047294545,0.029645611230824178,-0.8996383693131239,2.539895538957951,0.0,0.0,1.0,0.0,0.0,1.0,1.0,0.0,0.0,1.0,0.0,0.0,1.0,0.0,1
-0.6444763749419659,-0.990490344772832,-0.5093831521512553,-1.2887980193534812,-0.1748252656082074,0.43855059372496197,1.1564852922867492,2.320152878668299,1.0,0.0,0.0,0.0,1.0,0.0,1.0,0.0,1.0,0.0,0.0,0.0,0.0,1.0,0
-0.08054779835573346,-1.056176227025295,-0.38236681274377976,1.6512658996539713,1.1408869873228602,-0.37925937126331366,-0.07381821014596203,0.12272627577177116,0.0,0.0,0.0,1.0,1.0,0.0,1.0,0.0,0.0,0.0,1.0,1.0,0.0,0.0,1
-0.2685239905511443,0.550344588064604,-0.8269240006699443,0.2232348532789229,-0.8326813920737407,0.8474555762190998,1.6620894713686858,0.12272627577177116,0.0,0.0,1.0,0.0,0.0,1.0,1.0,0.0,0.0,1.0,0.0,1.0,0.0,0.0,0
-1.9603097203098414,-0.792576297986076,0.5702557328122871,1.1472549421098366,-0.3392892972245912,0.029645611230824178,0.04415609830649021,-1.1957296859661453,0.0,1.0,0.0,0.0,1.0,0.0,1.0,0.0,0.0,1.0,0.0,0.0,0.0,1.0,1
0.8593331626213205,-0.42809244548740283,-0.06482596422509078,0.13923302702156712,-2.0387509572605533,-2.8326892662281407,-0.0906716827820262,-1.1957296859661453,0.0,0.0,1.0,0.0,1.0,0.0,1.0,0.0,1.0,0.0,0.0,0.0,0.0,1.0,1
-0.2685239905511443,-0.7247494156601951,-1.207973018892371,0.055231200764211334,-0.1200039217360798,0.029645611230824178,-0.3771807175951232,-0.3167590448075343,0.0,1.0,0.0,0.0,0.0,1.0,1.0,0.0,1.0,0.0,0.0,0.0,0.0,1.0,0
0.6713569704259098,2.382591040894958,-1.7795465462260112,-2.128816281927039,0.5926735486015822,0.8474555762190998,2.639590884260428,-0.7562443653868398,0.0,1.0,0.0,0.0,0.0,1.0,1.0,0.0,0.0,1.0,0.0,0.0,0.0,1.0,0
2.6451069884777234,0.8523112384194728,-1.0174485097811576,0.8952494633377692,-0.22964660948033502,-0.7881643537574514,-1.708605055844222,-1.1957296859661453,0.0,1.0,0.0,0.0,1.0,0.0,0.0,1.0,0.0,1.0,0.0,0.0,0.0,1.0,1
-1.9603097203098414,-0.9192378623294823,0.37973122370107376,1.4832622471392596,-1.8742869256441694,-0.7881643537574514,-1.5737772747557057,-1.1957296859661453,0.0,0.0,0.0,1.0,0.0,1.0,1.0,0.0,1.0,0.0,0.0,0.0,0.0,1.0,1
0.10742839383967734,-1.2150384324729073,-0.8269240006699443,0.3072366795362787,-0.44893198496884645,0.8474555762190998,1.5272616902801692,0.12272627577177116,0.0,0.0,0.0,1.0,0.0,1.0,1.0,0.0,0.0,1.0,0.0,0.0,0.0,1.0,0
0.8593331626213205,-0.005202110985887787,-0.12833413392882856,0.559242158308346,-0.8875027359458694,0.029645611230824178,0.5160533321162969,1.880667558088993,0.0,0.0,1.0,0.0,1.0,0.0,1.0,0.0,0.0,1.0,0.0,0.0,0.0,1.0,0
-0.08054779835573346,-1.2524631137562534,-0.06482596422509078,0.7272458108230576,-0.06518257786395218,0.43855059372496197,0.3643720783917163,-1.6352150065454507,1.0,0.0,0.0,0.0,1.0,0.0,0.0,1.0,1.0,0.0,0.0,0.0,1.0,0.0,1
1.0473093548167314,0.12839629359539279,0.37973122370107376,0.8952494633377692,-0.44893198496884645,0.029645611230824178,-1.4726564389393184,1.4411822375096877,0.0,0.0,0.0,1.0,0.0,1.0,1.0,0.0,0.0,1.0,0.0,0.0,1.0,0.0,1
-1.0204287593327874,-0.1834189570971986,0.1256985448861226,1.399260420881904,0.3185668292409431,-0.37925937126331366,0.6340276405687484,-0.3167590448075343,0.0,1.0,0.0,0.0,1.0,0.0,1.0,0.0,0.0,1.0,0.0,0.0,0.0,1.0,0
0.8593331626213205,-0.5983447713255988,-0.8269240006699443,-0.8687888880667023,-0.8875027359458694,-0.7881643537574514,0.010449153034361107,0.5622115963510766,0.0,0.0,1.0,0.0,0.0,1.0,1.0,0.0,1.0,0.0,0.0,0.0,0.0,1.0,0
-0.6444763749419659,1.822955031704238,0.633763902516025,0.559242158308346,-0.06518257786395218,0.8474555762190998,0.2801047152113932,0.5622115963510766,0.0,0.0,0.0,1.0,1.0,0.0,1.0,0.0,1.0,0.0,0.0,1.0,0.0,0.0,0
1.2352855470121422,1.124646447758237,-1.1444648491886333,1.735267725911327,0.20892414149668687,-2.423784283734003,0.566613750024491,-0.7562443653868398,0.0,0.0,0.0,1.0,1.0,0.0,1.0,0.0,1.0,0.0,0.0,1.0,0.0,0.0,1
-0.08054779835573346,0.25351633788593825,0.887796581330976,-0.5327815830372792,1.031244299578604,-0.7881643537574514,-0.24235293650660755,1.0016969169303822,0.0,0.0,0.0,1.0,1.0,0.0,1.0,0.0,0.0,1.0,0.0,1.0,0.0,0.0,0
0.10742839383967734,-0.6321725724856025,-0.19184230363256635,1.399260420881904,-0.1748252656082074,0.029645611230824178,-0.6805432250442851,1.4411822375096877,1.0,0.0,0.0,0.0,0.0,1.0,1.0,0.0,0.0,1.0,0.0,0.0,0.0,1.0,0
-1.2084049515281983,-0.8978278615953028,-2.0970873947447,-1.8768108031549717,0.7023162363458374,0.43855059372496197,-0.950198787221318,2.539895538957951,0.0,0.0,1.0,0.0,1.0,0.0,1.0,0.0,1.0,0.0,0.0,0.0,0.0,1.0,0
-1.9603097203098414,0.643949111274437,-0.38236681274377976,0.6432439845657019,0.2637454853688155,0.8474555762190998,-0.47830155341151054,-0.7562443653868398,0.0,0.0,0.0,1.0,0.0,1.0,1.0,0.0,0.0,1.0,0.0,0.0,0.0,1.0,1
-1.0204287593327874,-0.27060048008677784,-0.06482596422509078,-0.19677427800785602,1.4149937066834992,2.0741705237015133,-0.7311036429524784,1.4411822375096877,1.0,0.0,0.0,0.0,1.0,0.0,1.0,0.0,1.0,0.0,0.0,1.0,0.0,0.0,0
0.48338077823049896,-0.8571488602003616,0.44323939340481155,-0.11277245175050024,0.6474948924737097,-0.7881643537574514,-1.0007592051295113,-0.3167590448075343,1.0,0.0,0.0,0.0,1.0,0.0,1.0,0.0,0.0,1.0,0.0,1.0,0.0,0.0,1
-0.6444763749419659,-0.8292302192429915,0.5067475631085494,0.39123850579363445,-0.1748252656082074,0.43855059372496197,-0.4277411355033172,-0.7562443653868398,1.0,0.0,0.0,0.0,0.0,1.0,1.0,0.0,0.0,0.0,1.0,0.0,1.0,0.0,1
0.10742839383967734,-1.272331594437572,-1.3984975280035845,0.8112476370804134,0.7023162363458374,0.43855059372496197,-0.12437862805415531,-0.7562443653868398,1.0,0.0,0.0,0.0,1.0,0.0,0.0,1.0,0.0,1.0,0.0,0.0,0.0,1.0,0
0.10742839383967734,-0.7256058156895623,0.44323939340481155,0.8112476370804134,-0.9423240798179969,0.43855059372496197,0.24639776993926407,-0.7562443653868398,0.0,0.0,0.0,1.0,1.0,0.0,0.0,1.0,0.0,1.0,0.0,0.0,0.0,1.0,1
-1.9603097203098414,-0.15498647612220812,0.06219037518238481,0.3072366795362787,-1.0519667675622522,-0.37925937126331366,-0.0906716827820262,0.5622115963510766,0.0,1.0,0.0,0.0,1.0,0.0,1.0,0.0,0.0,1.0,0.0,0.0,0.0,1.0,0
0.2954045860350881,1.3460258553496538,1.3323537692571406,1.735267725911327,0.3185668292409431,-1.6059743187457272,-0.6131293345000269,1.880667558088993,0.0,0.0,0.0,1.0,1.0,0.0,1.0,0.0,0.0,1.0,0.0,1.0,0.0,0.0,1
1.2352855470121422,-0.9144420221650261,-0.890432170373682,0.7272458108230576,1.305351018939243,-1.1970693362515892,-2.045674508565513,1.0016969169303822,0.0,0.0,0.0,1.0,1.0,0.0,0.0,1.0,0.0,1.0,0.0,0.0,0.0,1.0,1
-0.8324525671373767,-0.6884380544150265,1.3323537692571406,1.5672640733966154,0.5926735486015822,-0.37925937126331366,1.2070457101949432,-0.7562443653868398,0.0,0.0,0.0,1.0,1.0,0.0,1.0,0.0,0.0,1.0,0.0,0.0,1.0,0.0,0
-0.45650018274655507,-1.1346224697153289,1.0148129207384518,0.47524033205099026,-0.7778600482016131,-0.37925937126331366,-0.3434737723229941,-0.7562443653868398,0.0,0.0,1.0,0.0,1.0,0.0,1.0,0.0,0.0,0.0,1.0,0.0,0.0,1.0,1
1.0473093548167314,-0.9091323419829496,0.18920671458986038,1.399260420881904,0.9764229557064764,0.43855059372496197,0.24639776993926407,-0.3167590448075343,0.0,0.0,0.0,1.0,1.0,0.0,1.0,0.0,1.0,0.0,0.0,0.0,0.0,1.0,1
0.2954045860350881,2.3159845286109255,0.7607802419235005,1.399260420881904,0.09928145375243164,-0.37925937126331366,0.24639776993926407,1.0016969169303822,0.0,0.0,0.0,1.0,1.0,0.0,1.0,0.0,0.0,1.0,0.0,0.0,0.0,1.0,0
-1.9603097203098414,0.5657597885932132,0.8242884116272383,0.2232348532789229,0.3733881731130707,-1.6059743187457272,0.6171741679326842,1.0016969169303822,1.0,0.0,0.0,0.0,1.0,0.0,1.0,0.0,0.0,1.0,0.0,0.0,1.0,0.0,0
-0.45650018274655507,2.1411932826170834,0.37973122370107376,-1.2047961930961255,0.7023162363458374,0.029645611230824178,0.7014415311130066,1.0016969169303822,0.0,0.0,0.0,1.0,1.0,0.0,1.0,0.0,1.0,0.0,0.0,0.0,1.0,0.0,0
-0.2685239905511443,-1.0806692678651963,-0.06482596422509078,-0.6167834092946349,1.6891004260441382,-0.37925937126331366,-1.0850265683098343,-0.3167590448075343,0.0,1.0,0.0,0.0,1.0,0.0,0.0,1.0,0.0,1.0,0.0,0.0,0.0,1.0,0
1.2352855470121422,0.13567569384501385,-0.6999076612624687,-0.2807761042652118,0.3185668292409431,0.43855059372496197,0.263251242575329,-1.1957296859661453,0.0,0.0,1.0,0.0,0.0,1.0,1.0,0.0,0.0,1.0,0.0,0.0,0.0,1.0,0
0.10742839383967734,-0.6328576925090963,-0.12833413392882856,-0.5327815830372792,-1.6550015501556579,-1.1970693362515892,0.4486394415720387,-1.1957296859661453,0.0,1.0,0.0,0.0,1.0,0.0,1.0,0.0,1.0,0.0,0.0,0.0,1.0,0.0,1
0.8593331626213205,-0.08630319376696004,-1.3984975280035845,-1.372799845610837,-1.216430799178636,-0.37925937126331366,-0.20864599123447844,-0.3167590448075343,0.0,0.0,1.0,0.0,1.0,0.0,1.0,0.0,0.0,1.0,0.0,0.0,0.0,1.0,0
-0.6444763749419659,0.4450073844524404,-1.3349893582998467,-1.2047961930961255,0.3185668292409431,1.2563605587132376,1.0385109838342976,1.4411822375096877,0.0,0.0,0.0,1.0,0.0,1.0,1.0,0.0,0.0,1.0,0.0,0.0,0.0,1.0,0
-1.396381143723609,-0.3401401624713931,-0.12833413392882856,0.13923302702156712,0.757137580217965,-0.37925937126331366,1.5104082176441043,0.5622115963510766,0.0,0.0,0.0,1.0,1.0,0.0,0.0,1.0,1.0,0.0,0.0,0.0,0.0,1.0,1
-0.6444763749419659,0.057657651169663454,1.7769109571833053,-0.8687888880667023,1.469815050555627,-0.37925937126331366,-0.7816640608606724,0.12272627577177116,0.0,1.0,0.0,0.0,0.0,1.0,0.0,1.0,0.0,1.0,0.0,0.0,0.0,1.0,1
-0.08054779835573346,-0.12604015512959732,-0.6363994915587309,-0.3647779305225676,0.09928145375243164,-0.37925937126331366,1.3081665460113305,0.5622115963510766,0.0,0.0,1.0,0.0,0.0,1.0,1.0,0.0,0.0,1.0,0.0,1.0,0.0,0.0,0
-0.08054779835573346,0.16847581496977695,0.31622305399733597,-1.2887980193534812,0.8667802679622212,1.2563605587132376,1.7969172524572021,1.4411822375096877,0.0,0.0,1.0,0.0,0.0,1.0,1.0,0.0,0.0,1.0,0.0,0.0,0.0,1.0,0
-0.8324525671373767,0.49759034625558546,-0.6363994915587309,0.2232348532789229,-0.39411064109671884,-1.6059743187457272,-0.1917925185984135,-0.7562443653868398,0.0,0.0,0.0,1.0,0.0,1.0,1.0,0.0,1.0,0.0,0.0,0.0,1.0,0.0,1
1.0473093548167314,0.014152529677810553,-1.3984975280035845,0.2232348532789229,-1.1616094553065084,1.6652655412073754,0.3980790236638454,-0.3167590448075343,0.0,0.0,0.0,1.0,0.0,1.0,1.0,0.0,1.0,0.0,0.0,0.0,0.0,1.0,0
-1.7723335281144308,-0.7156715753489029,0.1256985448861226,-0.952790714324058,-0.01036123399182359,-0.37925937126331366,-0.4445946081393814,0.5622115963510766,0.0,0.0,0.0,1.0,0.0,1.0,1.0,0.0,0.0,1.0,0.0,0.0,0.0,1.0,1
0.10742839383967734,-0.22855123864484916,-1.1444648491886333,0.055231200764211334,1.4149937066834992,-0.37925937126331366,-2.4164509065589326,0.12272627577177116,1.0,0.0,0.0,0.0,1.0,0.0,1.0,0.0,1.0,0.0,0.0,0.0,0.0,1.0,1
0.6713569704259098,-0.9134143421297856,-0.06482596422509078,1.4832622471392596,0.6474948924737097,0.029645611230824178,-1.3378286578508019,1.0016969169303822,0.0,1.0,0.0,0.0,1.0,0.0,1.0,0.0,0.0,1.0,0.0,0.0,1.0,0.0,0
0.48338077823049896,0.5684146286842515,-0.31885864304004197,-0.8687888880667023,2.018028489276905,-0.7881643537574514,-0.7142501703164142,-0.7562443653868398,0.0,0.0,1.0,0.0,1.0,0.0,1.0,0.0,0.0,1.0,0.0,0.0,0.0,1.0,1
-0.45650018274655507,-0.4610638466180394,-0.31885864304004197,2.491284162227529,0.3185668292409431,-0.37925937126331366,0.9373901480179103,-1.1957296859661453,0.0,0.0,0.0,1.0,1.0,0.0,1.0,0.0,0.0,1.0,0.0,0.0,1.0,0.0,0
0.48338077823049896,-0.5410516093609343,-1.6525302068185357,-1.8768108031549717,-0.7778600482016131,-0.37925937126331366,0.9879505659261044,-0.7562443653868398,1.0,0.0,0.0,0.0,0.0,1.0,1.0,0.0,0.0,1.0,0.0,0.0,0.0,1.0,0
0.10742839383967734,-0.23754343895320457,0.2527148842935982,0.47524033205099026,-1.983929613388425,2.0741705237015133,-1.8771397822048672,-0.3167590448075343,0.0,1.0,0.0,0.0,1.0,0.0,1.0,0.0,0.0,1.0,0.0,1.0,0.0,0.0,1
-1.0204287593327874,-1.1772711911778146,-0.0013177945213529853,-1.9608126294123274,1.9083858015326498,-0.7881643537574514,-2.6186925781917063,-0.7562443653868398,0.0,0.0,0.0,1.0,1.0,0.0,1.0,0.0,0.0,1.0,0.0,0.0,0.0,1.0,1
-0.6444763749419659,-0.24105467907361003,-0.9539403400774199,-0.3647779305225676,-1.8194655817720418,0.029645611230824178,-0.5457154439557688,-1.1957296859661453,0.0,1.0,0.0,0.0,1.0,0.0,1.0,0.0,0.0,1.0,0.0,1.0,0.0,0.0,1
1.423261739207553,-0.6110194917602332,-0.19184230363256635,0.39123850579363445,-1.4357161746671474,-0.7881643537574514,0.7014415311130066,0.5622115963510766,1.0,0.0,0.0,0.0,1.0,0.0,1.0,0.0,0.0,1.0,0.0,0.0,1.0,0.0,1
-0.45650018274655507,-0.8203236589375728,-0.6363994915587309,-0.5327815830372792,-0.22964660948033502,0.43855059372496197,0.3475186057556514,0.5622115963510766,0.0,0.0,1.0,0.0,0.0,1.0,1.0,0.0,0.0,1.0,0.0,0.0,0.0,1.0,0
0.6713569704259098,0.6525131115681089,1.3958619389608784,-0.11277245175050024,2.758116631550631,1.2563605587132376,0.4149324962999096,-1.1957296859661453,0.0,0.0,0.0,1.0,1.0,0.0,1.0,0.0,0.0,0.0,1.0,0.0,0.0,1.0,1
-0.2685239905511443,0.22979405707246728,1.1418292601459272,0.6432439845657019,0.20892414149668687,0.029645611230824178,0.7520019490212007,1.4411822375096877,0.0,0.0,1.0,0.0,0.0,1.0,1.0,0.0,0.0,0.0,1.0,1.0,0.0,0.0,0
-0.6444763749419659,-0.43006216555494736,2.0309436359982564,0.559242158308346,-0.6682173604573579,1.2563605587132376,0.22954429730319992,1.4411822375096877,0.0,0.0,1.0,0.0,1.0,0.0,1.0,0.0,0.0,1.0,0.0,0.0,0.0,1.0,0
0.48338077823049896,-1.0510378268490919,1.0148129207384518,1.735267725911327,0.6474948924737097,-2.0148793012398647,-1.1187335135819632,-0.7562443653868398,1.0,0.0,0.0,0.0,1.0,0.0,1.0,0.0,0.0,1.0,0.0,0.0,1.0,0.0,1
-0.2685239905511443,-1.2232598727548325,1.6498946177758296,1.6512658996539713,0.20892414149668687,0.029645611230824178,0.549760277388426,-0.3167590448075343,0.0,0.0,0.0,1.0,1.0,0.0,1.0,0.0,0.0,1.0,0.0,0.0,0.0,1.0,0
1.2352855470121422,-0.9855232246025023,-0.38236681274377976,-1.372799845610837,-0.8875027359458694,1.2563605587132376,-0.8659314240409949,0.5622115963510766,0.0,1.0,0.0,0.0,0.0,1.0,1.0,0.0,0.0,1.0,0.0,1.0,0.0,0.0,1
0.8593331626213205,-0.9337966628287245,0.7607802419235005,1.9872732046833943,0.09928145375243164,-2.8326892662281407,-2.2310627075622222,-0.7562443653868398,0.0,1.0,0.0,0.0,1.0,0.0,1.0,0.0,1.0,0.0,0.0,0.0,0.0,1.0,1
0.48338077823049896,-0.6617183734987704,-0.6999076612624687,1.6512658996539713,-1.0519667675622522,-1.1970693362515892,-0.20864599123447844,0.5622115963510766,0.0,1.0,0.0,0.0,1.0,0.0,1.0,0.0,1.0,0.0,0.0,0.0,0.0,1.0,1
0.48338077823049896,2.361716290179133,0.5702557328122871,0.13923302702156712,0.3185668292409431,2.0741705237015133,-0.7648105882246076,2.320152878668299,0.0,0.0,0.0,1.0,1.0,0.0,0.0,1.0,1.0,0.0,0.0,1.0,0.0,0.0,1
-0.08054779835573346,-0.4589228465446214,-0.7634158309662065,0.3072366795362787,-1.8742869256441694,0.029645611230824178,0.11156998885074842,-1.1957296859661453,0.0,0.0,0.0,1.0,1.0,0.0,1.0,0.0,0.0,1.0,0.0,0.0,0.0,1.0,1
1.7992141235983745,-0.4423943259778348,-1.9065628856334869,-2.128816281927039,-1.4357161746671474,0.43855059372496197,0.6508811132048133,0.5622115963510766,0.0,0.0,0.0,1.0,1.0,0.0,1.0,0.0,0.0,1.0,0.0,0.0,0.0,1.0,0
0.6713569704259098,-0.8429326197128664,-0.12833413392882856,0.2232348532789229,-0.01036123399182359,0.43855059372496197,0.010449153034361107,-1.1957296859661453,0.0,0.0,0.0,1.0,1.0,0.0,1.0,0.0,0.0,1.0,0.0,0.0,0.0,1.0,0
-0.08054779835573346,-0.8012259382826845,0.44323939340481155,1.2312567683671922,0.6474948924737097,0.8474555762190998,0.1284234614868126,-0.7562443653868398,0.0,0.0,0.0,1.0,1.0,0.0,1.0,0.0,0.0,1.0,0.0,0.0,0.0,1.0,0
0.2954045860350881,0.8000708366280745,0.8242884116272383,-0.5327815830372792,0.5378522047294545,0.029645611230824178,0.1621304067589417,-0.3167590448075343,1.0,0.0,0.0,0.0,1.0,0.0,1.0,0.0,0.0,1.0,0.0,0.0,0.0,1.0,0
-1.0204287593327874,0.5388688276710837,-0.44587498244751755,-1.2047961930961255,1.3601723628113718,-0.37925937126331366,-0.006404319601703819,-0.3167590448075343,0.0,0.0,0.0,1.0,0.0,1.0,1.0,0.0,1.0,0.0,0.0,0.0,0.0,1.0,0
0.2954045860350881,-0.2601523997284982,0.44323939340481155,0.13923302702156712,0.20892414149668687,-0.37925937126331366,-0.0906716827820262,-0.7562443653868398,0.0,0.0,1.0,0.0,1.0,0.0,1.0,0.0,1.0,0.0,0.0,0.0,0.0,1.0,0
-1.2084049515281983,-0.2044863978196313,0.887796581330976,0.559242158308346,-0.06518257786395218,1.6652655412073754,-0.6468362797721561,-0.7562443653868398,0.0,0.0,0.0,1.0,0.0,1.0,1.0,0.0,0.0,1.0,0.0,0.0,0.0,1.0,1
-1.58435733591902,-0.26828820000748643,-1.1444648491886333,-1.7928089768976159,-1.1067881114343798,-0.7881643537574514,-1.6074842200278348,-1.1957296859661453,0.0,0.0,0.0,1.0,1.0,0.0,1.0,0.0,1.0,0.0,0.0,1.0,0.0,0.0,1
-0.8324525671373767,-0.4990023679190056,-0.6999076612624687,-0.7007852355519907,1.6891004260441382,-0.7881643537574514,-0.6805432250442851,-1.1957296859661453,0.0,0.0,0.0,1.0,0.0,1.0,1.0,0.0,0.0,1.0,0.0,0.0,0.0,1.0,1
0.10742839383967734,0.018605809830519904,0.6972720722197627,-0.19677427800785602,-0.7230387043294855,1.2563605587132376,0.212690824667135,-0.3167590448075343,0.0,0.0,0.0,1.0,1.0,0.0,1.0,0.0,0.0,1.0,0.0,0.0,0.0,1.0,1
1.2352855470121422,-0.9723346641502477,0.8242884116272383,0.2232348532789229,-1.3260734869228912,-0.7881643537574514,-0.8322244787688657,0.12272627577177116,1.0,0.0,0.0,0.0,0.0,1.0,0.0,1.0,0.0,1.0,0.0,1.0,0.0,0.0,1
-1.0204287593327874,-0.29201048082095743,-0.6363994915587309,0.2232348532789229,0.8667802679622212,1.6652655412073754,0.7182950037490715,-0.7562443653868398,0.0,0.0,1.0,0.0,1.0,0.0,1.0,0.0,0.0,0.0,1.0,0.0,0.0,1.0,1
-0.2685239905511443,-1.0200361457859999,2.411992654220683,1.9032713784260387,-1.8742869256441694,0.8474555762190998,-0.950198787221318,-1.6352150065454507,0.0,0.0,0.0,1.0,1.0,0.0,1.0,0.0,0.0,0.0,1.0,0.0,0.0,1.0,1
1.2352855470121422,-0.12107303495926766,-1.207973018892371,0.7272458108230576,-1.1616094553065084,2.0741705237015133,0.1284234614868126,2.320152878668299,1.0,0.0,0.0,0.0,0.0,1.0,1.0,0.0,0.0,1.0,0.0,1.0,0.0,0.0,0
-0.45650018274655507,-1.28594835490451,1.7769109571833053,-0.4487797567799234,0.5378522047294545,0.029645611230824178,1.3755804365555886,-0.7562443653868398,1.0,0.0,0.0,0.0,0.0,1.0,1.0,0.0,0.0,1.0,0.0,0.0,0.0,1.0,0
1.6112379314029637,0.8584773186309165,0.37973122370107376,-2.0448144556696835,0.757137580217965,-0.7881643537574514,0.212690824667135,1.0016969169303822,0.0,0.0,0.0,1.0,1.0,0.0,1.0,0.0,0.0,1.0,0.0,0.0,0.0,1.0,0
-0.08054779835573346,-0.3087102813936175,0.44323939340481155,-0.3647779305225676,-0.39411064109671884,0.8474555762190998,0.027302625670425285,-0.3167590448075343,0.0,0.0,1.0,0.0,1.0,0.0,1.0,0.0,0.0,0.0,1.0,1.0,0.0,0.0,0
0.48338077823049896,-0.20397255780201098,0.18920671458986038,-1.6248053243829044,0.9764229557064764,1.2563605587132376,-0.5625689165918336,-0.3167590448075343,0.0,1.0,0.0,0.0,0.0,1.0,1.0,0.0,0.0,1.0,0.0,0.0,0.0,1.0,0
-0.08054779835573346,-1.0961701083967423,-0.7634158309662065,-0.7847870618093465,-0.22964660948033502,1.2563605587132376,-2.0119675632933838,0.5622115963510766,1.0,0.0,0.0,0.0,1.0,0.0,1.0,0.0,0.0,1.0,0.0,0.0,0.0,1.0,1
0.48338077823049896,1.85369979275852,0.2527148842935982,-2.0448144556696835,-1.3260734869228912,2.0741705237015133,1.3081665460113305,-0.3167590448075343,0.0,0.0,0.0,1.0,1.0,0.0,1.0,0.0,0.0,0.0,1.0,0.0,0.0,1.0,1
1.423261739207553,0.6787189524667446,-0.12833413392882856,-1.4568016718681929,0.20892414149668687,0.029645611230824178,1.3924339091916529,-0.3167590448075343,0.0,0.0,1.0,0.0,0.0,1.0,1.0,0.0,0.0,1.0,0.0,1.0,0.0,0.0,0
0.2954045860350881,2.0350853189784894,-0.5093831521512553,0.2232348532789229,-0.6133960165852302,-1.6059743187457272,-1.1187335135819632,1.880667558088993,0.0,0.0,0.0,1.0,0.0,1.0,1.0,0.0,0.0,1.0,0.0,0.0,1.0,0.0,1
-1.0204287593327874,-0.741791776244602,0.7607802419235005,-0.4487797567799234,1.9083858015326498,-2.8326892662281407,0.853122784837588,-0.3167590448075343,0.0,0.0,1.0,0.0,1.0,0.0,1.0,0.0,0.0,1.0,0.0,0.0,0.0,1.0,1
-0.8324525671373767,-0.8377942195366632,-1.9065628856334869,-0.4487797567799234,1.3601723628113718,1.2563605587132376,-1.4558029663032537,-2.074700327124756,0.0,0.0,0.0,1.0,1.0,0.0,0.0,1.0,0.0,1.0,0.0,0.0,1.0,0.0,1
1.2352855470121422,-0.4246668453699341,1.3323537692571406,-0.7847870618093465,-1.490537518539275,1.2563605587132376,0.1284234614868126,0.5622115963510766,1.0,0.0,0.0,0.0,1.0,0.0,1.0,0.0,1.0,0.0,0.0,0.0,1.0,0.0,0
0.48338077823049896,-0.46680172681479953,0.887796581330976,-0.19677427800785602,0.4282095169851983,2.0741705237015133,-0.7311036429524784,-1.6352150065454507,0.0,0.0,0.0,1.0,1.0,0.0,0.0,1.0,0.0,1.0,0.0,0.0,0.0,1.0,1
0.8593331626213205,-0.10034815424858183,-0.06482596422509078,0.8952494633377692,0.20892414149668687,0.029645611230824178,-0.17493904596234933,-0.3167590448075343,0.0,1.0,0.0,0.0,1.0,0.0,1.0,0.0,0.0,1.0,0.0,0.0,0.0,1.0,0
0.48338077823049896,-0.57273841044752,-0.6363994915587309,-0.7007852355519907,-1.2712521430507635,0.029645611230824178,1.8306241977293312,0.12272627577177116,0.0,1.0,0.0,0.0,1.0,0.0,1.0,0.0,0.0,1.0,0.0,0.0,0.0,1.0,0
0.6713569704259098,0.7368685144607764,0.06219037518238481,0.6432439845657019,0.5926735486015822,2.0741705237015133,0.566613750024491,0.12272627577177116,0.0,0.0,0.0,1.0,1.0,0.0,1.0,0.0,0.0,1.0,0.0,0.0,1.0,0.0,0
0.48338077823049896,-0.2975770810118441,-0.38236681274377976,-0.7007852355519907,-0.7230387043294855,-0.37925937126331366,0.7182950037490715,-1.1957296859661453,0.0,0.0,0.0,1.0,0.0,1.0,1.0,0.0,1.0,0.0,0.0,0.0,0.0,1.0,0
-0.2685239905511443,1.1937579301281687,-0.2553504733363042,-1.372799845610837,0.04446010988030403,0.029645611230824178,-0.04011126487383292,-0.7562443653868398,0.0,0.0,0.0,1.0,0.0,1.0,1.0,0.0,0.0,0.0,1.0,0.0,0.0,1.0,1
-0.8324525671373767,-0.9162404622266972,-1.0174485097811576,0.979251289595125,1.305351018939243,-0.37925937126331366,1.1901922375588783,-1.1957296859661453,0.0,0.0,1.0,0.0,0.0,1.0,1.0,0.0,0.0,1.0,0.0,1.0,0.0,0.0,0
-0.08054779835573346,-0.6748212939480883,-0.5093831521512553,0.3072366795362787,0.8119589240900935,-0.7881643537574514,0.1621304067589417,1.4411822375096877,0.0,0.0,1.0,0.0,1.0,0.0,1.0,0.0,0.0,0.0,1.0,0.0,0.0,1.0,1
0.8593331626213205,-0.6760202539892024,1.522878278368354,2.07127503094075,-0.44893198496884645,0.43855059372496197,1.7800637798211372,-0.7562443653868398,1.0,0.0,0.0,0.0,1.0,0.0,1.0,0.0,0.0,1.0,0.0,1.0,0.0,0.0,1
1.9871903157937854,-1.0188371857448857,-0.0013177945213529853,-0.19677427800785602,-0.39411064109671884,-2.0148793012398647,-1.6411911652999638,1.0016969169303822,0.0,0.0,0.0,1.0,1.0,0.0,1.0,0.0,0.0,1.0,0.0,0.0,0.0,1.0,1
0.2954045860350881,-1.053093186919573,-1.1444648491886333,-0.11277245175050024,-0.28446795335246267,0.8474555762190998,-0.6131293345000269,-0.7562443653868398,0.0,0.0,0.0,1.0,1.0,0.0,1.0,0.0,0.0,0.0,1.0,0.0,0.0,1.0,1
-1.0204287593327874,-0.7656853370639465,-0.6363994915587309,0.055231200764211334,0.2637454853688155,-1.1970693362515892,0.010449153034361107,0.5622115963510766,0.0,0.0,1.0,0.0,1.0,0.0,1.0,0.0,0.0,0.0,1.0,1.0,0.0,0.0,1
-1.2084049515281983,-0.7726221773018206,0.6972720722197627,0.39123850579363445,0.2637454853688155,0.43855059372496197,-0.2929133544148008,-0.7562443653868398,0.0,0.0,0.0,1.0,1.0,0.0,1.0,0.0,0.0,1.0,0.0,0.0,0.0,1.0,0
-0.8324525671373767,0.09208493235022422,-0.0013177945213529853,-0.6167834092946349,-2.0387509572605533,-0.37925937126331366,1.2238991828310073,1.4411822375096877,0.0,1.0,0.0,0.0,1.0,0.0,1.0,0.0,0.0,1.0,0.0,0.0,0.0,1.0,0
-0.08054779835573346,-0.6619752935075806,-0.5728913218549931,-0.11277245175050024,-0.6133960165852302,0.029645611230824178,-1.7928724190245444,1.0016969169303822,1.0,0.0,0.0,0.0,1.0,0.0,1.0,0.0,0.0,0.0,1.0,0.0,0.0,1.0,1
0.10742839383967734,0.31945914014721133,0.633763902516025,0.7272458108230576,2.2373138647654165,-1.6059743187457272,-0.7648105882246076,-0.7562443653868398,1.0,0.0,0.0,0.0,1.0,0.0,1.0,0.0,1.0,0.0,0.0,0.0,0.0,1.0,1
-1.0204287593327874,1.7194162681537457,-0.38236681274377976,1.1472549421098366,2.018028489276905,0.8474555762190998,-0.7816640608606724,1.4411822375096877,1.0,0.0,0.0,0.0,0.0,1.0,1.0,0.0,0.0,1.0,0.0,0.0,0.0,1.0,0
-0.45650018274655507,0.3231416602734902,1.3958619389608784,1.4832622471392596,-0.1200039217360798,-0.7881643537574514,-1.0513196230377053,0.12272627577177116,0.0,0.0,0.0,1.0,0.0,1.0,1.0,0.0,0.0,1.0,0.0,1.0,0.0,0.0,1
-0.8324525671373767,-1.2732736344698758,-0.2553504733363042,-1.2887980193534812,-0.5585746727131017,-0.37925937126331366,1.2238991828310073,-1.1957296859661453,0.0,0.0,0.0,1.0,1.0,0.0,1.0,0.0,0.0,1.0,0.0,0.0,0.0,1.0,0
-0.2685239905511443,-0.2658046399223216,-1.2714811885961088,0.13923302702156712,1.2505296750671155,1.6652655412073754,0.5160533321162969,-0.3167590448075343,1.0,0.0,0.0,0.0,1.0,0.0,1.0,0.0,1.0,0.0,0.0,1.0,0.0,0.0,0
-0.45650018274655507,-0.38630012405428427,-0.12833413392882856,2.07127503094075,1.3601723628113718,1.2563605587132376,-0.4445946081393814,-1.1957296859661453,0.0,0.0,0.0,1.0,1.0,0.0,1.0,0.0,0.0,1.0,0.0,0.0,0.0,1.0,1
-1.2084049515281983,0.6453193513214246,-0.0013177945213529853,0.8112476370804134,-0.9423240798179969,-0.7881643537574514,-0.25920640914267173,1.4411822375096877,0.0,1.0,0.0,0.0,0.0,1.0,1.0,0.0,0.0,1.0,0.0,1.0,0.0,0.0,1
-1.58435733591902,2.382591040894958,-1.4620056977073221,0.055231200764211334,-0.1748252656082074,0.43855059372496197,-0.14123210069022024,1.0016969169303822,0.0,0.0,1.0,0.0,1.0,0.0,1.0,0.0,1.0,0.0,0.0,0.0,0.0,1.0,0
-0.6444763749419659,-0.8932889414396568,1.0783210904421894,-0.7847870618093465,0.5378522047294545,-1.1970693362515892,-0.3771807175951232,0.5622115963510766,0.0,0.0,0.0,1.0,0.0,1.0,1.0,0.0,0.0,1.0,0.0,1.0,0.0,0.0,1
-1.0204287593327874,-0.6765340940068226,2.539008993628159,1.2312567683671922,-0.1200039217360798,0.43855059372496197,2.04971934199817,0.12272627577177116,1.0,0.0,0.0,0.0,1.0,0.0,1.0,0.0,0.0,1.0,0.0,0.0,1.0,0.0,0
0.10742839383967734,-0.8860095411900356,0.9513047510347139,-0.6167834092946349,-0.7230387043294855,0.8474555762190998,0.31381166048352227,1.4411822375096877,0.0,0.0,0.0,1.0,1.0,0.0,1.0,0.0,0.0,1.0,0.0,0.0,1.0,0.0,0
-0.45650018274655507,-1.3050460755593984,0.5702557328122871,-0.19677427800785602,-0.44893198496884645,0.029645611230824178,0.7688554216572648,-0.3167590448075343,0.0,0.0,0.0,1.0,1.0,0.0,1.0,0.0,0.0,1.0,0.0,1.0,0.0,0.0,0
1.2352855470121422,-0.89868426162467,0.18920671458986038,-1.2887980193534812,0.09928145375243164,0.8474555762190998,-0.309766827050865,0.5622115963510766,1.0,0.0,0.0,0.0,1.0,0.0,1.0,0.0,0.0,0.0,1.0,0.0,0.0,1.0,1
-0.45650018274655507,-0.41276288496173025,-0.9539403400774199,0.3072366795362787,0.4282095169851983,0.8474555762190998,1.6115290534604916,-0.3167590448075343,1.0,0.0,0.0,0.0,1.0,0.0,0.0,1.0,0.0,1.0,0.0,1.0,0.0,0.0,0
0.10742839383967734,-0.21022427801639143,-0.12833413392882856,-0.4487797567799234,-0.28446795335246267,-0.7881643537574514,-0.39403419023118813,-0.3167590448075343,0.0,0.0,1.0,0.0,1.0,0.0,1.0,0.0,0.0,1.0,0.0,0.0,0.0,1.0,1
-1.0204287593327874,-0.8514109800036015,-1.5890220371147978,-0.2807761042652118,1.031244299578604,1.6652655412073754,0.5329068047523619,1.4411822375096877,0.0,1.0,0.0,0.0,1.0,0.0,1.0,0.0,0.0,1.0,0.0,0.0,1.0,0.0,0
1.6112379314029637,-1.1551760704201413,-0.7634158309662065,0.055231200764211334,-0.6133960165852302,0.8474555762190998,0.010449153034361107,-1.1957296859661453,0.0,0.0,0.0,1.0,1.0,0.0,1.0,0.0,0.0,1.0,0.0,0.0,1.0,0.0,0
0.48338077823049896,0.2995906594658927,2.2214681451094695,1.735267725911327,-1.1067881114343798,1.2563605587132376,1.4767012723719752,0.12272627577177116,0.0,1.0,0.0,0.0,0.0,1.0,1.0,0.0,0.0,1.0,0.0,1.0,0.0,0.0,1
-0.08054779835573346,0.07863945188915944,1.6498946177758296,-0.19677427800785602,0.04446010988030403,-2.8326892662281407,0.8868297301097171,-1.1957296859661453,1.0,0.0,0.0,0.0,0.0,1.0,1.0,0.0,0.0,0.0,1.0,0.0,0.0,1.0,1
0.6713569704259098,0.748858114871917,0.5067475631085494,0.8112476370804134,0.8119589240900935,-0.37925937126331366,-0.49515502604757544,-0.7562443653868398,1.0,0.0,0.0,0.0,0.0,1.0,1.0,0.0,0.0,1.0,0.0,0.0,0.0,1.0,1
-1.9603097203098414,-0.47673596715545885,-0.44587498244751755,0.47524033205099026,1.7987431137883936,-0.37925937126331366,0.6845880584769425,1.0016969169303822,0.0,0.0,0.0,1.0,0.0,1.0,1.0,0.0,0.0,1.0,0.0,0.0,0.0,1.0,0
-1.58435733591902,0.3511459412337971,-1.1444648491886333,-1.5408034981255485,0.3185668292409431,1.2563605587132376,0.6171741679326842,-1.6352150065454507,0.0,1.0,0.0,0.0,1.0,0.0,1.0,0.0,0.0,0.0,1.0,0.0,0.0,1.0,1
0.10742839383967734,1.4147947777078387,1.205337429849665,0.2232348532789229,-0.6682173604573579,0.43855059372496197,0.17898387939500587,-0.7562443653868398,1.0,0.0,0.0,0.0,0.0,1.0,1.0,0.0,0.0,1.0,0.0,1.0,0.0,0.0,0
0.48338077823049896,-0.8488417799154999,-1.0809566794848955,-2.0448144556696835,-0.8875027359458694,0.8474555762190998,0.7857088942933298,1.4411822375096877,0.0,0.0,1.0,0.0,0.0,1.0,1.0,0.0,0.0,1.0,0.0,1.0,0.0,0.0,0
-1.396381143723609,-0.5619477700774935,1.9674354662945186,0.47524033205099026,-1.216430799178636,-0.37925937126331366,1.9148915609096535,1.880667558088993,0.0,0.0,0.0,1.0,1.0,0.0,1.0,0.0,0.0,1.0,0.0,1.0,0.0,0.0,1
0.10742839383967734,-0.7375097760977661,0.9513047510347139,0.39123850579363445,0.3185668292409431,0.029645611230824178,0.566613750024491,-0.3167590448075343,1.0,0.0,0.0,0.0,1.0,0.0,1.0,0.0,0.0,0.0,1.0,0.0,1.0,0.0,0
2.363142700184607,1.003979683620401,-0.8269240006699443,-0.4487797567799234,-0.06518257786395218,0.029645611230824178,1.8306241977293312,0.5622115963510766,1.0,0.0,0.0,0.0,0.0,1.0,1.0,0.0,0.0,1.0,0.0,0.0,0.0,1.0,0
-0.08054779835573346,-0.20739815791947974,-2.0335792250409623,-0.2807761042652118,1.1957083311949879,-0.7881643537574514,-1.5400703294835765,-2.074700327124756,0.0,0.0,0.0,1.0,1.0,0.0,1.0,0.0,0.0,1.0,0.0,1.0,0.0,0.0,1
-0.6444763749419659,-0.21604779821608827,-0.6363994915587309,-1.1207943668387697,0.20892414149668687,-0.7881643537574514,-0.46144808077544636,0.12272627577177116,0.0,0.0,0.0,1.0,0.0,1.0,1.0,0.0,0.0,1.0,0.0,0.0,0.0,1.0,1
-0.45650018274655507,-1.3050460755593984,-0.44587498244751755,-1.7088071506402602,-1.0519667675622522,0.029645611230824178,-0.4445946081393814,0.5622115963510766,0.0,0.0,1.0,0.0,0.0,1.0,1.0,0.0,0.0,1.0,0.0,0.0,0.0,1.0,0
-1.9603097203098414,-0.4825594873551557,0.37973122370107376,0.979251289595125,-1.216430799178636,-1.1970693362515892,-0.1917925185984135,0.12272627577177116,0.0,0.0,0.0,1.0,0.0,1.0,1.0,0.0,0.0,1.0,0.0,0.0,0.0,1.0,1
0.48338077823049896,0.1027042927143773,-0.06482596422509078,0.559242158308346,-0.3392892972245912,1.2563605587132376,-0.5962758618639628,-0.7562443653868398,1.0,0.0,0.0,0.0,1.0,0.0,1.0,0.0,0.0,0.0,1.0,0.0,0.0,1.0,1
0.2954045860350881,-1.175986591133764,-1.843054715929749,-0.5327815830372792,0.8119589240900935,-0.37925937126331366,2.1508401778145574,-0.7562443653868398,0.0,0.0,1.0,0.0,1.0,0.0,1.0,0.0,0.0,1.0,0.0,1.0,0.0,0.0,0
-0.08054779835573346,0.7122898336179383,-2.224103734152176,-0.02877062549314445,0.5378522047294545,0.8474555762190998,-0.1917925185984135,0.12272627577177116,0.0,0.0,1.0,0.0,1.0,0.0,1.0,0.0,0.0,1.0,0.0,0.0,0.0,1.0,0
0.48338077823049896,2.382591040894958,-0.19184230363256635,-1.4568016718681929,-0.39411064109671884,-0.37925937126331366,0.31381166048352227,1.4411822375096877,0.0,0.0,0.0,1.0,1.0,0.0,1.0,0.0,0.0,1.0,0.0,1.0,0.0,0.0,0
-0.45650018274655507,1.181511409708218,0.2527148842935982,1.6512658996539713,-1.1616094553065084,0.8474555762190998,1.055364456470362,-0.3167590448075343,0.0,0.0,1.0,0.0,0.0,1.0,1.0,0.0,0.0,0.0,1.0,1.0,0.0,0.0,0
1.6112379314029637,0.6750364323404658,-0.31885864304004197,0.7272458108230576,-0.5585746727131017,0.8474555762190998,-1.4726564389393184,2.539895538957951,0.0,0.0,0.0,1.0,1.0,0.0,1.0,0.0,0.0,1.0,0.0,1.0,0.0,0.0,0
-1.0204287593327874,-0.33234692220415174,0.31622305399733597,1.2312567683671922,0.2637454853688155,-0.7881643537574514,0.07786304357861931,0.5622115963510766,0.0,1.0,0.0,0.0,1.0,0.0,1.0,0.0,0.0,1.0,0.0,0.0,0.0,1.0,0
-0.8324525671373767,2.382591040894958,-1.0809566794848955,-1.1207943668387697,-1.0519667675622522,1.6652655412073754,1.055364456470362,-1.1957296859661453,0.0,1.0,0.0,0.0,1.0,0.0,1.0,0.0,1.0,0.0,0.0,0.0,1.0,0.0,1
0.6713569704259098,0.5110358267166503,-0.6999076612624687,1.6512658996539713,1.469815050555627,0.43855059372496197,0.04415609830649021,0.12272627577177116,0.0,0.0,0.0,1.0,0.0,1.0,1.0,0.0,0.0,1.0,0.0,0.0,0.0,1.0,0
1.0473093548167314,-0.8625441803853748,0.5702557328122871,1.0632531158524807,-0.28446795335246267,0.43855059372496197,0.4654929142081036,-1.1957296859661453,0.0,1.0,0.0,0.0,1.0,0.0,1.0,0.0,1.0,0.0,0.0,0.0,0.0,1.0,0
-0.08054779835573346,0.6293046707722583,-1.3984975280035845,0.979251289595125,-0.06518257786395218,1.6652655412073754,-0.3434737723229941,0.5622115963510766,1.0,0.0,0.0,0.0,1.0,0.0,1.0,0.0,0.0,1.0,0.0,1.0,0.0,0.0,0
-0.8324525671373767,-0.4963475278279673,-1.1444648491886333,0.559242158308346,0.15410279762455925,1.2563605587132376,0.6340276405687484,1.4411822375096877,0.0,0.0,0.0,1.0,1.0,0.0,1.0,0.0,1.0,0.0,0.0,0.0,0.0,1.0,0
1.2352855470121422,1.0801992862340801,-0.5093831521512553,1.2312567683671922,1.0860656434507325,0.029645611230824178,0.07786304357861931,0.12272627577177116,0.0,1.0,0.0,0.0,0.0,1.0,1.0,0.0,0.0,1.0,0.0,1.0,0.0,0.0,0
0.10742839383967734,-1.083837947973855,0.633763902516025,-0.19677427800785602,1.0860656434507325,1.2563605587132376,1.055364456470362,0.12272627577177116,0.0,0.0,0.0,1.0,1.0,0.0,1.0,0.0,0.0,1.0,0.0,1.0,0.0,0.0,0
-1.7723335281144308,-1.234649993145416,0.5702557328122871,1.0632531158524807,-0.1748252656082074,-1.6059743187457272,-0.5794223892278978,0.12272627577177116,0.0,0.0,1.0,0.0,0.0,1.0,1.0,0.0,0.0,1.0,0.0,0.0,0.0,1.0,1
1.423261739207553,-0.39220928425691787,-1.9700710553372245,-2.128816281927039,0.9216016118343487,1.6652655412073754,1.3755804365555886,1.0016969169303822,0.0,0.0,0.0,1.0,0.0,1.0,1.0,0.0,1.0,0.0,0.0,0.0,0.0,1.0,0
-0.2685239905511443,-0.38604320404547415,-0.5093831521512553,-0.19677427800785602,0.757137580217965,-0.7881643537574514,-0.4445946081393814,1.4411822375096877,0.0,1.0,0.0,0.0,0.0,1.0,1.0,0.0,0.0,1.0,0.0,0.0,0.0,1.0,1
0.2954045860350881,-0.739650776171184,1.0148129207384518,1.2312567683671922,0.9764229557064764,-1.6059743187457272,-1.7591654737524154,2.320152878668299,0.0,0.0,1.0,0.0,1.0,0.0,1.0,0.0,0.0,1.0,0.0,1.0,0.0,0.0,1
-1.0204287593327874,-0.2761670802776645,-0.12833413392882856,-1.2887980193534812,-1.0519667675622522,-0.37925937126331366,0.07786304357861931,1.0016969169303822,0.0,0.0,0.0,1.0,0.0,1.0,1.0,0.0,0.0,0.0,1.0,1.0,0.0,0.0,1
-0.8324525671373767,2.382591040894958,-0.38236681274377976,-0.3647779305225676,0.04446010988030403,0.8474555762190998,-0.0569647375098971,0.12272627577177116,0.0,0.0,0.0,1.0,1.0,0.0,1.0,0.0,1.0,0.0,0.0,1.0,0.0,0.0,0
0.48338077823049896,1.407686657464091,-0.44587498244751755,0.13923302702156712,-0.6133960165852302,0.8474555762190998,0.027302625670425285,-1.6352150065454507,1.0,0.0,0.0,0.0,1.0,0.0,1.0,0.0,1.0,0.0,0.0,0.0,1.0,0.0,1
1.2352855470121422,2.382591040894958,0.887796581330976,1.399260420881904,0.4282095169851983,1.6652655412073754,0.4991998594802327,-0.3167590448075343,0.0,0.0,0.0,1.0,1.0,0.0,1.0,0.0,1.0,0.0,0.0,1.0,0.0,0.0,0
0.10742839383967734,0.1617102547377762,0.8242884116272383,-0.02877062549314445,-0.06518257786395218,-2.423784283734003,-0.15808557332628442,1.0016969169303822,1.0,0.0,0.0,0.0,1.0,0.0,1.0,0.0,0.0,1.0,0.0,0.0,1.0,0.0,0
0.6713569704259098,-0.3746530836548906,-0.2553504733363042,-0.8687888880667023,-1.0519667675622522,0.029645611230824178,0.2801047152113932,0.12272627577177116,0.0,0.0,0.0,1.0,1.0,0.0,1.0,0.0,0.0,0.0,1.0,0.0,0.0,1.0,1
0.2954045860350881,-0.8056792184353939,-0.6363994915587309,0.7272458108230576,2.018028489276905,-1.6059743187457272,-0.04011126487383292,-1.6352150065454507,0.0,0.0,0.0,1.0,1.0,0.0,1.0,0.0,0.0,1.0,0.0,0.0,1.0,0.0,1
0.2954045860350881,-0.8280312592018774,0.1256985448861226,0.3072366795362787,-0.9971454236901246,0.029645611230824178,0.2969581878474581,-0.3167590448075343,0.0,0.0,0.0,1.0,1.0,0.0,1.0,0.0,0.0,0.0,1.0,0.0,1.0,0.0,1
0.10742839383967734,1.0801136462311434,0.5702557328122871,-0.952790714324058,1.0860656434507325,0.8474555762190998,0.33066513311958723,1.4411822375096877,0.0,0.0,0.0,1.0,1.0,0.0,1.0,0.0,0.0,1.0,0.0,0.0,0.0,1.0,0
0.6713569704259098,0.20761329631185724,-1.7160383765222733,0.055231200764211334,0.9764229557064764,0.8474555762190998,0.1452769341228775,-1.1957296859661453,1.0,0.0,0.0,0.0,1.0,0.0,1.0,0.0,1.0,0.0,0.0,0.0,0.0,1.0,1
0.48338077823049896,-0.3016878011528066,0.31622305399733597,0.559242158308346,-0.5585746727131017,0.029645611230824178,0.4991998594802327,-0.3167590448075343,0.0,1.0,0.0,0.0,0.0,1.0,1.0,0.0,0.0,1.0,0.0,1.0,0.0,0.0,0
0.10742839383967734,0.36536218172129237,-0.2553504733363042,0.2232348532789229,-0.6682173604573579,0.029645611230824178,-0.22549946387054262,1.4411822375096877,0.0,1.0,0.0,0.0,0.0,1.0,1.0,0.0,1.0,0.0,0.0,1.0,0.0,0.0,0
-1.2084049515281983,-0.5477315295899983,-0.19184230363256635,-0.8687888880667023,0.757137580217965,0.43855059372496197,0.263251242575329,-1.6352150065454507,0.0,0.0,1.0,0.0,1.0,0.0,1.0,0.0,0.0,1.0,0.0,0.0,0.0,1.0,0
-1.2084049515281983,-0.8514109800036015,-0.12833413392882856,-0.4487797567799234,-0.3392892972245912,-2.0148793012398647,-1.203000876762286,-1.1957296859661453,0.0,0.0,0.0,1.0,1.0,0.0,1.0,0.0,1.0,0.0,0.0,0.0,0.0,1.0,1
1.0473093548167314,-0.9209506623882168,0.44323939340481155,0.8952494633377692,-2.258036332749064,1.6652655412073754,0.4654929142081036,-1.1957296859661453,0.0,1.0,0.0,0.0,1.0,0.0,1.0,0.0,0.0,1.0,0.0,0.0,0.0,1.0,0
-1.2084049515281983,2.268026126966363,0.31622305399733597,-0.7007852355519907,-0.1200039217360798,0.43855059372496197,1.4429943270998462,0.12272627577177116,0.0,0.0,0.0,1.0,0.0,1.0,1.0,0.0,1.0,0.0,0.0,1.0,0.0,0.0,0
-1.7723335281144308,0.24546617760988673,-0.38236681274377976,1.2312567683671922,0.9764229557064764,-0.7881643537574514,-1.371535603122931,1.0016969169303822,0.0,0.0,0.0,1.0,1.0,0.0,1.0,0.0,0.0,1.0,0.0,0.0,0.0,1.0,1
-1.58435733591902,0.510179426687283,0.37973122370107376,0.3072366795362787,-1.2712521430507635,-0.37925937126331366,2.353081849447331,0.12272627577177116,1.0,0.0,0.0,0.0,0.0,1.0,1.0,0.0,0.0,1.0,0.0,0.0,1.0,0.0,0
-0.8324525671373767,2.382591040894958,-0.12833413392882856,-2.128816281927039,-0.6682173604573579,-0.7881643537574514,-0.5288619713197046,-0.7562443653868398,0.0,1.0,0.0,0.0,1.0,0.0,1.0,0.0,0.0,1.0,0.0,0.0,0.0,1.0,1
0.10742839383967734,-0.8137293787114454,0.5702557328122871,1.399260420881904,-0.01036123399182359,1.2563605587132376,-0.3434737723229941,1.4411822375096877,0.0,0.0,0.0,1.0,1.0,0.0,1.0,0.0,1.0,0.0,0.0,0.0,1.0,0.0,1
-0.2685239905511443,-0.44915988620983555,-0.0013177945213529853,-0.19677427800785602,-0.8326813920737407,0.43855059372496197,0.4486394415720387,-0.7562443653868398,0.0,0.0,1.0,0.0,1.0,0.0,1.0,0.0,0.0,1.0,0.0,0.0,1.0,0.0,0
-1.2084049515281983,-0.05076259254822193,-0.12833413392882856,-0.952790714324058,-0.9423240798179969,-0.37925937126331366,1.105924874378556,2.320152878668299,1.0,0.0,0.0,0.0,0.0,1.0,1.0,0.0,0.0,1.0,0.0,0.0,0.0,1.0,0
-0.45650018274655507,-0.09949175421921465,2.2214681451094695,1.5672640733966154,2.018028489276905,0.029645611230824178,0.549760277388426,-0.3167590448075343,0.0,0.0,0.0,1.0,1.0,0.0,1.0,0.0,0.0,1.0,0.0,1.0,0.0,0.0,0
0.2954045860350881,-0.6723377338629235,0.887796581330976,0.3072366795362787,2.018028489276905,0.029645611230824178,0.5160533321162969,-0.3167590448075343,1.0,0.0,0.0,0.0,1.0,0.0,1.0,0.0,0.0,1.0,0.0,0.0,0.0,1.0,0
1.9871903157937854,-0.21981595834530387,0.8242884116272383,0.559242158308346,0.8667802679622212,0.029645611230824178,0.11156998885074842,-0.7562443653868398,0.0,1.0,0.0,0.0,1.0,0.0,1.0,0.0,0.0,1.0,0.0,0.0,0.0,1.0,0
-1.9603097203098414,-0.518014448570957,-1.5890220371147978,-1.1207943668387697,0.8667802679622212,-0.7881643537574514,-0.25920640914267173,2.539895538957951,0.0,1.0,0.0,0.0,1.0,0.0,1.0,0.0,0.0,1.0,0.0,0.0,1.0,0.0,0
0.8593331626213205,-1.3050460755593984,-1.2714811885961088,0.559242158308346,0.757137580217965,0.43855059372496197,0.8868297301097171,0.12272627577177116,0.0,0.0,1.0,0.0,0.0,1.0,1.0,0.0,1.0,0.0,0.0,1.0,0.0,0.0,0
-1.396381143723609,1.0420038449243039,-0.44587498244751755,-0.19677427800785602,-0.1748252656082074,1.6652655412073754,-0.3771807175951232,1.0016969169303822,0.0,0.0,0.0,1.0,1.0,0.0,1.0,0.0,0.0,1.0,0.0,0.0,0.0,1.0,1
-0.6444763749419659,-1.3050460755593984,-0.44587498244751755,0.3072366795362787,-1.7098228940277864,-1.6059743187457272,-1.5063633842114474,0.12272627577177116,0.0,0.0,1.0,0.0,1.0,0.0,1.0,0.0,0.0,1.0,0.0,0.0,1.0,0.0,1
-1.396381143723609,0.5708981887694163,0.18920671458986038,0.47524033205099026,-1.1067881114343798,0.029645611230824178,0.6171741679326842,-0.7562443653868398,1.0,0.0,0.0,0.0,0.0,1.0,1.0,0.0,0.0,1.0,0.0,1.0,0.0,0.0,1
0.2954045860350881,-0.9870647446553633,1.0148129207384518,1.9032713784260387,1.6891004260441382,-1.1970693362515892,-1.0176126777655763,-0.3167590448075343,1.0,0.0,0.0,0.0,1.0,0.0,1.0,0.0,1.0,0.0,0.0,1.0,0.0,0.0,1
0.48338077823049896,-0.3298633621189869,0.06219037518238481,-0.02877062549314445,0.9216016118343487,1.6652655412073754,0.6340276405687484,0.5622115963510766,0.0,0.0,0.0,1.0,1.0,0.0,1.0,0.0,0.0,0.0,1.0,0.0,0.0,1.0,1
0.6713569704259098,-0.47921952724062367,1.0783210904421894,-0.02877062549314445,1.1957083311949879,-0.37925937126331366,2.04971934199817,0.12272627577177116,1.0,0.0,0.0,0.0,1.0,0.0,1.0,0.0,0.0,1.0,0.0,0.0,0.0,1.0,0
0.8593331626213205,2.382591040894958,2.2849763148132074,0.979251289595125,-0.1748252656082074,-0.37925937126331366,-0.17493904596234933,1.0016969169303822,0.0,1.0,0.0,0.0,0.0,1.0,1.0,0.0,0.0,1.0,0.0,1.0,0.0,0.0,0
2.6451069884777234,2.01992703845869,0.6972720722197627,-0.952790714324058,0.48303086085732594,-1.1970693362515892,0.566613750024491,0.5622115963510766,0.0,0.0,1.0,0.0,1.0,0.0,1.0,0.0,1.0,0.0,0.0,0.0,0.0,1.0,1
0.48338077823049896,-0.3914385242304874,1.0783210904421894,0.13923302702156712,1.9632071454047775,-0.7881643537574514,-0.49515502604757544,0.12272627577177116,0.0,0.0,1.0,0.0,0.0,1.0,1.0,0.0,0.0,1.0,0.0,0.0,0.0,1.0,1
0.8593331626213205,-0.18513175715593297,1.1418292601459272,0.47524033205099026,1.0860656434507325,0.8474555762190998,0.4991998594802327,-1.6352150065454507,0.0,0.0,1.0,0.0,1.0,0.0,1.0,0.0,0.0,1.0,0.0,1.0,0.0,0.0,0
-1.0204287593327874,-0.9526374634748025,-0.5728913218549931,0.8952494633377692,0.9764229557064764,0.43855059372496197,-0.8322244787688657,-0.3167590448075343,1.0,0.0,0.0,0.0,0.0,1.0,1.0,0.0,1.0,0.0,0.0,0.0,0.0,1.0,0
1.0473093548167314,1.3416582151998813,-0.6363994915587309,0.055231200764211334,2.182492520893289,-0.37925937126331366,0.263251242575329,-0.3167590448075343,0.0,0.0,0.0,1.0,1.0,0.0,1.0,0.0,0.0,1.0,0.0,0.0,1.0,0.0,0
-0.45650018274655507,-0.3782499637782328,0.5702557328122871,-0.11277245175050024,0.09928145375243164,-0.7881643537574514,0.9205366753818461,0.5622115963510766,1.0,0.0,0.0,0.0,1.0,0.0,1.0,0.0,0.0,1.0,0.0,0.0,0.0,1.0,0
0.48338077823049896,2.382591040894958,-2.414628243263389,-1.0367925405814138,-0.1200039217360798,-0.37925937126331366,0.3475186057556514,-1.1957296859661453,0.0,0.0,1.0,0.0,1.0,0.0,1.0,0.0,0.0,1.0,0.0,0.0,0.0,1.0,0
0.6713569704259098,-0.10788447450701305,-1.3349893582998467,0.6432439845657019,-1.983929613388425,-1.1970693362515892,-0.2929133544148008,1.0016969169303822,0.0,0.0,1.0,0.0,0.0,1.0,1.0,0.0,0.0,1.0,0.0,0.0,0.0,1.0,1
-0.8324525671373767,-0.8237492590550415,1.840419126887043,0.3072366795362787,2.566241927998183,1.6652655412073754,-0.36032724495905905,1.880667558088993,0.0,0.0,0.0,1.0,1.0,0.0,1.0,0.0,0.0,1.0,0.0,0.0,0.0,1.0,0
0.2954045860350881,-0.9016816617274551,-0.19184230363256635,0.39123850579363445,0.757137580217965,1.6652655412073754,0.3812255510277805,1.0016969169303822,1.0,0.0,0.0,0.0,0.0,1.0,1.0,0.0,0.0,0.0,1.0,1.0,0.0,0.0,0
-0.8324525671373767,-0.7458168563826277,-0.38236681274377976,-0.3647779305225676,2.182492520893289,-0.37925937126331366,0.5329068047523619,0.5622115963510766,0.0,0.0,0.0,1.0,0.0,1.0,1.0,0.0,0.0,1.0,0.0,1.0,0.0,0.0,0
-1.2084049515281983,-0.25895343968738416,2.3484844845169452,1.4832622471392596,0.48303086085732594,0.029645611230824178,-0.0906716827820262,-0.7562443653868398,0.0,0.0,0.0,1.0,0.0,1.0,1.0,0.0,0.0,1.0,0.0,1.0,0.0,0.0,1
0.48338077823049896,0.7075796334564187,-1.207973018892371,0.7272458108230576,-0.3392892972245912,-1.1970693362515892,-1.371535603122931,1.0016969169303822,0.0,0.0,1.0,0.0,1.0,0.0,1.0,0.0,0.0,1.0,0.0,1.0,0.0,0.0,1
2.363142700184607,0.1032181327319976,-1.2714811885961088,-0.4487797567799234,0.4282095169851983,0.43855059372496197,0.5834672226605552,1.0016969169303822,0.0,0.0,0.0,1.0,1.0,0.0,1.0,0.0,0.0,1.0,0.0,1.0,0.0,0.0,0
-0.8324525671373767,-0.17374163676534943,-0.19184230363256635,0.39123850579363445,-0.39411064109671884,-2.0148793012398647,-2.079381453837642,-1.1957296859661453,0.0,0.0,0.0,1.0,1.0,0.0,1.0,0.0,0.0,1.0,0.0,0.0,0.0,1.0,1
1.0473093548167314,-0.46055000660041906,0.37973122370107376,0.13923302702156712,-0.3392892972245912,0.029645611230824178,-0.8827848966770597,-0.7562443653868398,1.0,0.0,0.0,0.0,1.0,0.0,1.0,0.0,0.0,1.0,0.0,0.0,1.0,0.0,1
0.6713569704259098,2.382591040894958,-2.224103734152176,-0.5327815830372792,1.2505296750671155,-0.7881643537574514,-1.0176126777655763,0.5622115963510766,0.0,0.0,1.0,0.0,0.0,1.0,1.0,0.0,0.0,1.0,0.0,1.0,0.0,0.0,1
-1.0204287593327874,-0.8498694599507405,-1.3984975280035845,-1.0367925405814138,0.2637454853688155,0.029645611230824178,1.0048040385621686,-1.1957296859661453,0.0,0.0,0.0,1.0,0.0,1.0,1.0,0.0,1.0,0.0,0.0,0.0,0.0,1.0,0
0.2954045860350881,0.8354401578409392,-0.6363994915587309,0.2232348532789229,0.20892414149668687,0.029645611230824178,0.7857088942933298,0.5622115963510766,0.0,0.0,0.0,1.0,0.0,1.0,1.0,0.0,1.0,0.0,0.0,0.0,0.0,1.0,0
0.2954045860350881,2.382591040894958,-0.7634158309662065,-0.5327815830372792,-0.06518257786395218,1.2563605587132376,1.1901922375588783,1.0016969169303822,0.0,0.0,0.0,1.0,1.0,0.0,1.0,0.0,0.0,1.0,0.0,0.0,1.0,0.0,0
-0.45650018274655507,-0.21039555802226487,0.44323939340481155,0.055231200764211334,-1.5453588624114027,-0.7881643537574514,-1.1861474041262212,-1.1957296859661453,0.0,1.0,0.0,0.0,1.0,0.0,1.0,0.0,0.0,0.0,1.0,0.0,1.0,0.0,1
1.0473093548167314,-0.6310592524474252,-0.06482596422509078,-0.5327815830372792,0.15410279762455925,-0.7881643537574514,-0.2760598817787359,-0.3167590448075343,0.0,0.0,0.0,1.0,1.0,0.0,1.0,0.0,0.0,1.0,0.0,0.0,1.0,0.0,1
1.423261739207553,2.382591040894958,-0.38236681274377976,0.055231200764211334,-0.39411064109671884,0.8474555762190998,0.6340276405687484,-0.3167590448075343,1.0,0.0,0.0,0.0,0.0,1.0,1.0,0.0,0.0,0.0,1.0,0.0,1.0,0.0,1
-1.9603097203098414,0.12274405340156938,-1.7160383765222733,-1.8768108031549717,-0.06518257786395218,0.029645611230824178,-0.6468362797721561,-1.6352150065454507,0.0,0.0,0.0,1.0,1.0,0.0,1.0,0.0,0.0,1.0,0.0,0.0,0.0,1.0,1
-0.45650018274655507,0.515060906854676,0.887796581330976,-1.2047961930961255,0.48303086085732594,-0.37925937126331366,-0.7142501703164142,0.5622115963510766,1.0,0.0,0.0,0.0,1.0,0.0,1.0,0.0,0.0,1.0,0.0,0.0,0.0,1.0,0
-0.2685239905511443,-1.1755583911190803,0.2527148842935982,0.979251289595125,-0.9971454236901246,0.029645611230824178,0.4991998594802327,-0.3167590448075343,0.0,0.0,1.0,0.0,1.0,0.0,1.0,0.0,0.0,1.0,0.0,0.0,0.0,1.0,0
0.48338077823049896,0.030681050244597188,0.5702557328122871,-0.4487797567799234,0.3733881731130707,-2.8326892662281407,-2.0962349264737066,-0.3167590448075343,0.0,0.0,1.0,0.0,1.0,0.0,1.0,0.0,0.0,1.0,0.0,1.0,0.0,0.0,1
0.2954045860350881,-0.3666029233788391,-0.0013177945213529853,0.6432439845657019,-1.1067881114343798,0.8474555762190998,0.9373901480179103,0.12272627577177116,0.0,0.0,0.0,1.0,0.0,1.0,1.0,0.0,0.0,1.0,0.0,0.0,0.0,1.0,0
0.6713569704259098,-1.0442722666170912,-0.6999076612624687,0.055231200764211334,-1.216430799178636,0.8474555762190998,0.7688554216572648,0.12272627577177116,0.0,0.0,0.0,1.0,0.0,1.0,1.0,0.0,0.0,1.0,0.0,0.0,1.0,0.0,0
1.0473093548167314,-0.42997652555201066,1.0148129207384518,-0.11277245175050024,2.018028489276905,-0.7881643537574514,-2.2984765981064808,0.12272627577177116,0.0,0.0,0.0,1.0,0.0,1.0,1.0,0.0,0.0,1.0,0.0,1.0,0.0,0.0,1
-0.2685239905511443,-0.42252584529651616,-1.2714811885961088,-0.6167834092946349,-0.39411064109671884,0.029645611230824178,0.2969581878474581,-1.6352150065454507,1.0,0.0,0.0,0.0,1.0,0.0,1.0,0.0,0.0,0.0,1.0,0.0,0.0,1.0,1
-1.396381143723609,-0.7821282176277964,0.5702557328122871,0.3072366795362787,-0.01036123399182359,-0.7881643537574514,-1.5063633842114474,1.0016969169303822,0.0,0.0,0.0,1.0,0.0,1.0,0.0,1.0,0.0,1.0,0.0,0.0,0.0,1.0,1
-1.2084049515281983,-0.6823576142065195,0.887796581330976,1.1472549421098366,-1.1067881114343798,0.029645611230824178,1.4429943270998462,-0.3167590448075343,0.0,0.0,0.0,1.0,0.0,1.0,1.0,0.0,0.0,1.0,0.0,0.0,1.0,0.0,0
-0.2685239905511443,0.47472446547148167,1.205337429849665,1.6512658996539713,0.4282095169851983,-1.1970693362515892,1.105924874378556,-0.7562443653868398,1.0,0.0,0.0,0.0,0.0,1.0,1.0,0.0,1.0,0.0,0.0,0.0,1.0,0.0,1
0.10742839383967734,-0.9564056236040182,-0.31885864304004197,-1.0367925405814138,1.5246363944277546,1.2563605587132376,-1.1524404588540922,-1.1957296859661453,0.0,0.0,0.0,1.0,0.0,1.0,1.0,0.0,0.0,1.0,0.0,0.0,0.0,1.0,1
-0.45650018274655507,-0.18401843711775562,1.9039272965907807,0.7272458108230576,-0.5585746727131017,0.43855059372496197,0.5834672226605552,0.12272627577177116,0.0,0.0,0.0,1.0,1.0,0.0,1.0,0.0,0.0,1.0,0.0,0.0,0.0,1.0,1
-0.6444763749419659,-1.131282509600797,1.3323537692571406,0.13923302702156712,-0.7230387043294855,-0.37925937126331366,0.8025623669293939,0.5622115963510766,0.0,1.0,0.0,0.0,1.0,0.0,1.0,0.0,0.0,1.0,0.0,0.0,1.0,0.0,0
-1.396381143723609,-1.0210638258212406,-1.0809566794848955,-0.02877062549314445,0.3733881731130707,-1.1970693362515892,-1.4052425483950601,0.5622115963510766,1.0,0.0,0.0,0.0,1.0,0.0,1.0,0.0,1.0,0.0,0.0,0.0,0.0,1.0,1
-0.45650018274655507,0.5100937866843464,-1.0809566794848955,-1.372799845610837,0.3185668292409431,-1.6059743187457272,-2.062527981201577,1.0016969169303822,0.0,0.0,0.0,1.0,0.0,1.0,1.0,0.0,1.0,0.0,0.0,0.0,0.0,1.0,1
-1.0204287593327874,0.8535101984605867,-1.5890220371147978,-0.3647779305225676,-0.39411064109671884,-0.37925937126331366,-0.3266202996869299,0.12272627577177116,0.0,0.0,1.0,0.0,1.0,0.0,1.0,0.0,0.0,1.0,0.0,0.0,0.0,1.0,1
1.423261739207553,0.8347550378174454,1.1418292601459272,0.3072366795362787,1.7987431137883936,0.8474555762190998,-1.5906307473917702,0.5622115963510766,1.0,0.0,0.0,0.0,0.0,1.0,1.0,0.0,0.0,1.0,0.0,1.0,0.0,0.0,0
-1.2084049515281983,-0.7793877375338214,-0.2553504733363042,-0.11277245175050024,1.0860656434507325,-0.37925937126331366,1.7800637798211372,0.5622115963510766,0.0,0.0,1.0,0.0,0.0,1.0,1.0,0.0,0.0,1.0,0.0,0.0,0.0,1.0,0
0.10742839383967734,-0.6995712547967999,-1.3984975280035845,0.7272458108230576,-0.3392892972245912,-0.37925937126331366,0.22954429730319992,1.880667558088993,0.0,0.0,0.0,1.0,1.0,0.0,0.0,1.0,1.0,0.0,0.0,1.0,0.0,0.0,1
0.10742839383967734,-0.012567151238445562,-1.52551386741106,-0.8687888880667023,1.031244299578604,0.43855059372496197,1.5104082176441043,-1.1957296859661453,0.0,0.0,0.0,1.0,0.0,1.0,1.0,0.0,1.0,0.0,0.0,1.0,0.0,0.0,0
-0.6444763749419659,-0.12518375510023014,-0.8269240006699443,-1.372799845610837,-0.1748252656082074,0.8474555762190998,0.9205366753818461,-1.6352150065454507,0.0,0.0,1.0,0.0,1.0,0.0,0.0,1.0,0.0,1.0,0.0,0.0,0.0,1.0,0
1.423261739207553,-0.35624048302349615,0.1256985448861226,-1.6248053243829044,-0.22964660948033502,0.43855059372496197,0.7014415311130066,-1.1957296859661453,0.0,0.0,0.0,1.0,0.0,1.0,1.0,0.0,0.0,1.0,0.0,1.0,0.0,0.0,0
-0.6444763749419659,0.9813707228451072,1.0783210904421894,0.13923302702156712,-2.2032149888769363,-0.7881643537574514,-1.0850265683098343,1.0016969169303822,0.0,0.0,0.0,1.0,1.0,0.0,1.0,0.0,0.0,1.0,0.0,0.0,0.0,1.0,1
-0.08054779835573346,1.0247902043340233,-1.1444648491886333,-0.3647779305225676,0.04446010988030403,0.43855059372496197,1.7295033619129438,0.12272627577177116,1.0,0.0,0.0,0.0,0.0,1.0,1.0,0.0,0.0,1.0,0.0,0.0,0.0,1.0,0
1.6112379314029637,-1.0703068275098535,-0.06482596422509078,0.2232348532789229,0.15410279762455925,-1.1970693362515892,-1.0344661504016404,0.5622115963510766,0.0,0.0,0.0,1.0,0.0,1.0,1.0,0.0,0.0,1.0,0.0,0.0,0.0,1.0,1
-0.08054779835573346,0.22816689701666962,0.18920671458986038,0.559242158308346,-1.2712521430507635,-1.1970693362515892,0.6003206952966192,-0.7562443653868398,0.0,1.0,0.0,0.0,0.0,1.0,1.0,0.0,0.0,1.0,0.0,0.0,0.0,1.0,1
0.10742839383967734,-1.0079609053719225,0.1256985448861226,0.47524033205099026,0.15410279762455925,0.43855059372496197,1.105924874378556,0.5622115963510766,0.0,0.0,0.0,1.0,1.0,0.0,1.0,0.0,0.0,1.0,0.0,0.0,0.0,1.0,0
0.2954045860350881,-0.22957891868008978,0.37973122370107376,0.559242158308346,0.04446010988030403,1.2563605587132376,0.9373901480179103,0.12272627577177116,0.0,0.0,1.0,0.0,1.0,0.0,1.0,0.0,0.0,1.0,0.0,0.0,0.0,1.0,0
0.2954045860350881,0.3925100626522321,-0.7634158309662065,-0.3647779305225676,0.4282095169851983,1.2563605587132376,-0.006404319601703819,-1.1957296859661453,0.0,0.0,1.0,0.0,1.0,0.0,1.0,0.0,0.0,1.0,0.0,0.0,0.0,1.0,0
0.2954045860350881,-1.3050460755593984,0.2527148842935982,-0.2807761042652118,-0.6682173604573579,-0.37925937126331366,0.4486394415720387,-0.7562443653868398,1.0,0.0,0.0,0.0,0.0,1.0,1.0,0.0,0.0,0.0,1.0,0.0,0.0,1.0,1
-1.396381143723609,-1.1183508691573525,2.3484844845169452,1.1472549421098366,-1.0519667675622522,0.029645611230824178,-0.950198787221318,-0.3167590448075343,0.0,0.0,0.0,1.0,0.0,1.0,1.0,0.0,0.0,1.0,0.0,0.0,0.0,1.0,1
0.2954045860350881,-1.029713466117849,-0.890432170373682,1.0632531158524807,-1.7098228940277864,0.029645611230824178,-0.04011126487383292,0.12272627577177116,0.0,0.0,1.0,0.0,1.0,0.0,1.0,0.0,0.0,1.0,0.0,1.0,0.0,0.0,0
-0.08054779835573346,-0.5434495294431624,0.31622305399733597,-1.2047961930961255,0.757137580217965,-0.37925937126331366,0.1452769341228775,2.320152878668299,1.0,0.0,0.0,0.0,0.0,1.0,1.0,0.0,1.0,0.0,0.0,0.0,0.0,1.0,0
0.2954045860350881,-1.1278569094833282,1.0148129207384518,0.979251289595125,0.3733881731130707,-0.37925937126331366,-0.3266202996869299,1.4411822375096877,0.0,1.0,0.0,0.0,1.0,0.0,1.0,0.0,0.0,1.0,0.0,0.0,0.0,1.0,0
1.6112379314029637,-0.04194167224573994,0.5702557328122871,-0.952790714324058,0.2637454853688155,-1.1970693362515892,-2.6186925781917063,-1.6352150065454507,0.0,0.0,1.0,0.0,1.0,0.0,1.0,0.0,0.0,1.0,0.0,1.0,0.0,0.0,1
0.6713569704259098,-0.8313712193164093,-0.6999076612624687,1.0632531158524807,0.7023162363458374,0.43855059372496197,1.3250200186473946,1.4411822375096877,1.0,0.0,0.0,0.0,0.0,1.0,1.0,0.0,0.0,1.0,0.0,0.0,0.0,1.0,0
-0.8324525671373767,-0.6607763334664665,0.5067475631085494,-0.3647779305225676,0.5378522047294545,1.2563605587132376,-1.0007592051295113,0.12272627577177116,0.0,0.0,0.0,1.0,1.0,0.0,1.0,0.0,0.0,1.0,0.0,0.0,1.0,0.0,1
0.10742839383967734,0.06373809137817046,-0.6999076612624687,0.559242158308346,0.20892414149668687,0.43855059372496197,0.566613750024491,-0.3167590448075343,0.0,0.0,0.0,1.0,1.0,0.0,0.0,1.0,0.0,1.0,0.0,0.0,1.0,0.0,0
1.0473093548167314,0.09919305259397183,-0.44587498244751755,-1.372799845610837,0.20892414149668687,0.8474555762190998,0.010449153034361107,-0.3167590448075343,1.0,0.0,0.0,0.0,1.0,0.0,1.0,0.0,0.0,1.0,0.0,0.0,0.0,1.0,0
-0.2685239905511443,-0.8061074184500775,0.18920671458986038,-0.7847870618093465,-1.3808948307950188,0.43855059372496197,-0.3771807175951232,-1.1957296859661453,0.0,1.0,0.0,0.0,1.0,0.0,1.0,0.0,1.0,0.0,0.0,0.0,1.0,0.0,1
0.8593331626213205,-1.0259453059886334,0.1256985448861226,0.979251289595125,-1.0519667675622522,0.029645611230824178,0.4486394415720387,-0.7562443653868398,0.0,1.0,0.0,0.0,1.0,0.0,1.0,0.0,0.0,1.0,0.0,1.0,0.0,0.0,0
-0.6444763749419659,2.382591040894958,1.522878278368354,0.39123850579363445,-1.8194655817720418,0.43855059372496197,0.7688554216572648,1.0016969169303822,0.0,0.0,1.0,0.0,1.0,0.0,1.0,0.0,1.0,0.0,0.0,0.0,0.0,1.0,1
0.10742839383967734,-0.16860323658914633,0.5067475631085494,-0.7847870618093465,-1.1067881114343798,0.8474555762190998,-0.5120084986836396,0.12272627577177116,0.0,0.0,1.0,0.0,0.0,1.0,1.0,0.0,0.0,1.0,0.0,1.0,0.0,0.0,1
-1.396381143723609,-0.47074116694988855,0.8242884116272383,-0.11277245175050024,-0.7230387043294855,0.029645611230824178,0.1284234614868126,-2.074700327124756,1.0,0.0,0.0,0.0,0.0,1.0,1.0,0.0,0.0,1.0,0.0,0.0,0.0,1.0,1
0.6713569704259098,-0.2948366009178691,-0.5728913218549931,-0.6167834092946349,-0.8875027359458694,1.6652655412073754,2.639590884260428,1.4411822375096877,0.0,1.0,0.0,0.0,1.0,0.0,1.0,0.0,0.0,1.0,0.0,0.0,0.0,1.0,0
-1.2084049515281983,2.382591040894958,-0.8269240006699443,0.3072366795362787,1.743921769916266,-1.1970693362515892,-0.5288619713197046,-0.3167590448075343,1.0,0.0,0.0,0.0,1.0,0.0,1.0,0.0,1.0,0.0,0.0,0.0,0.0,1.0,1
1.7992141235983745,2.1800738439503533,0.31622305399733597,-0.952790714324058,1.469815050555627,-1.1970693362515892,-0.5120084986836396,-1.6352150065454507,0.0,0.0,0.0,1.0,0.0,1.0,1.0,0.0,0.0,1.0,0.0,0.0,0.0,1.0,1
1.0473093548167314,-0.9415899030959658,1.4593701086646163,0.7272458108230576,-0.8875027359458694,0.8474555762190998,-0.2929133544148008,1.0016969169303822,0.0,1.0,0.0,0.0,0.0,1.0,1.0,0.0,1.0,0.0,0.0,0.0,0.0,1.0,1
-0.08054779835573346,0.01834888982170975,1.6498946177758296,1.0632531158524807,-0.6133960165852302,-2.0148793012398647,-0.5625689165918336,0.5622115963510766,0.0,0.0,0.0,1.0,1.0,0.0,1.0,0.0,1.0,0.0,0.0,1.0,0.0,0.0,1
0.2954045860350881,0.9442029615705715,-0.6999076612624687,-1.4568016718681929,0.5378522047294545,0.029645611230824178,1.0216575111982327,0.12272627577177116,0.0,0.0,1.0,0.0,1.0,0.0,1.0,0.0,0.0,1.0,0.0,0.0,0.0,1.0,0
0.6713569704259098,-1.3050460755593984,2.157959975405732,-0.4487797567799234,-1.6550015501556579,-1.6059743187457272,-0.20864599123447844,1.880667558088993,0.0,1.0,0.0,0.0,0.0,1.0,1.0,0.0,0.0,1.0,0.0,1.0,0.0,0.0,1
0.10742839383967734,-0.3092241214112378,0.5702557328122871,0.8112476370804134,-0.06518257786395218,-0.7881643537574514,0.6677345858408775,-0.3167590448075343,0.0,1.0,0.0,0.0,1.0,0.0,1.0,0.0,0.0,1.0,0.0,1.0,0.0,0.0,0
-0.6444763749419659,-0.5393388093021999,0.18920671458986038,0.979251289595125,-0.5037533288409741,-0.37925937126331366,1.4598477997359112,0.5622115963510766,0.0,0.0,0.0,1.0,1.0,0.0,1.0,0.0,0.0,1.0,0.0,0.0,0.0,1.0,0
-1.7723335281144308,-1.085978948047273,-0.9539403400774199,-0.8687888880667023,-0.9971454236901246,-1.6059743187457272,-0.6636897524082209,-1.1957296859661453,1.0,0.0,0.0,0.0,0.0,1.0,1.0,0.0,0.0,1.0,0.0,1.0,0.0,0.0,1
-0.08054779835573346,-0.3881842041188921,1.522878278368354,-1.2047961930961255,0.3733881731130707,1.6652655412073754,0.6003206952966192,0.12272627577177116,0.0,0.0,0.0,1.0,1.0,0.0,1.0,0.0,0.0,1.0,0.0,0.0,0.0,1.0,0
0.10742839383967734,0.8247351574738494,-0.5728913218549931,-1.2047961930961255,0.8119589240900935,-1.1970693362515892,-1.2872682399426085,2.320152878668299,0.0,0.0,0.0,1.0,1.0,0.0,1.0,0.0,0.0,1.0,0.0,1.0,0.0,0.0,1
0.8593331626213205,-0.015136351326547112,-0.44587498244751755,1.4832622471392596,-0.22964660948033502,0.029645611230824178,-0.309766827050865,0.12272627577177116,1.0,0.0,0.0,0.0,1.0,0.0,1.0,0.0,0.0,1.0,0.0,0.0,1.0,0.0,1
0.48338077823049896,1.4527332990088049,-0.5093831521512553,1.2312567683671922,-0.44893198496884645,0.43855059372496197,0.9036832027457812,0.12272627577177116,1.0,0.0,0.0,0.0,1.0,0.0,1.0,0.0,0.0,1.0,0.0,0.0,1.0,0.0,0
0.8593331626213205,2.382591040894958,0.1256985448861226,-0.7847870618093465,1.743921769916266,-0.37925937126331366,-0.5794223892278978,0.12272627577177116,0.0,0.0,0.0,1.0,0.0,1.0,1.0,0.0,1.0,0.0,0.0,1.0,0.0,0.0,1
-0.8324525671373767,0.2524030178477609,0.633763902516025,1.2312567683671922,-0.7778600482016131,-0.7881643537574514,-0.04011126487383292,1.4411822375096877,0.0,0.0,0.0,1.0,0.0,1.0,1.0,0.0,1.0,0.0,0.0,1.0,0.0,0.0,0
-1.396381143723609,-1.2427857934244042,-1.2714811885961088,-0.3647779305225676,-0.39411064109671884,-0.37925937126331366,-0.39403419023118813,0.5622115963510766,1.0,0.0,0.0,0.0,1.0,0.0,1.0,0.0,0.0,0.0,1.0,1.0,0.0,0.0,1
-1.9603097203098414,-0.5867833709291419,-1.5890220371147978,-0.7847870618093465,-1.0519667675622522,2.0741705237015133,1.7969172524572021,-0.3167590448075343,0.0,0.0,1.0,0.0,1.0,0.0,1.0,0.0,0.0,1.0,0.0,1.0,0.0,0.0,0
-0.08054779835573346,2.382591040894958,1.3323537692571406,-1.0367925405814138,0.7023162363458374,1.6652655412073754,-0.3771807175951232,-0.3167590448075343,0.0,0.0,0.0,1.0,1.0,0.0,1.0,0.0,0.0,0.0,1.0,0.0,0.0,1.0,1
-1.0204287593327874,-0.8686246205938818,0.7607802419235005,-0.7007852355519907,-0.1200039217360798,1.2563605587132376,0.853122784837588,0.12272627577177116,0.0,0.0,0.0,1.0,1.0,0.0,1.0,0.0,1.0,0.0,0.0,0.0,0.0,1.0,0
-0.08054779835573346,0.2542870979123687,-1.2714811885961088,0.39123850579363445,-0.28446795335246267,-1.1970693362515892,0.6003206952966192,-1.1957296859661453,0.0,0.0,1.0,0.0,1.0,0.0,0.0,1.0,0.0,1.0,0.0,1.0,0.0,0.0,1
-0.6444763749419659,-0.5548396498337459,0.1256985448861226,-1.7928089768976159,2.2373138647654165,-1.1970693362515892,-2.5512786876474487,0.5622115963510766,0.0,0.0,0.0,1.0,1.0,0.0,1.0,0.0,0.0,1.0,0.0,1.0,0.0,0.0,1
-1.396381143723609,1.7882708305148671,0.6972720722197627,0.3072366795362787,-0.44893198496884645,0.8474555762190998,-0.023257792237767996,-0.7562443653868398,1.0,0.0,0.0,0.0,0.0,1.0,1.0,0.0,0.0,1.0,0.0,1.0,0.0,0.0,0
0.10742839383967734,-1.0514660268637754,-0.6999076612624687,-0.7007852355519907,1.743921769916266,1.6652655412073754,-0.15808557332628442,-1.6352150065454507,0.0,0.0,0.0,1.0,1.0,0.0,1.0,0.0,0.0,1.0,0.0,0.0,1.0,0.0,0
-0.8324525671373767,-0.038344792122397775,-0.06482596422509078,0.979251289595125,0.6474948924737097,-1.1970693362515892,0.6340276405687484,0.12272627577177116,1.0,0.0,0.0,0.0,1.0,0.0,1.0,0.0,1.0,0.0,0.0,0.0,1.0,0.0,1
-0.08054779835573346,-1.1273430694657078,1.0148129207384518,0.559242158308346,0.5926735486015822,0.8474555762190998,0.1958373520310708,0.12272627577177116,0.0,0.0,0.0,1.0,1.0,0.0,1.0,0.0,0.0,1.0,0.0,0.0,0.0,1.0,0
-0.45650018274655507,1.9793336770666858,0.633763902516025,1.4832622471392596,-0.9423240798179969,0.029645611230824178,0.5160533321162969,0.12272627577177116,1.0,0.0,0.0,0.0,0.0,1.0,1.0,0.0,0.0,1.0,0.0,0.0,1.0,0.0,0
-1.396381143723609,0.8077784368923792,-0.38236681274377976,-1.2887980193534812,0.757137580217965,0.029645611230824178,0.1958373520310708,-1.1957296859661453,0.0,0.0,1.0,0.0,1.0,0.0,1.0,0.0,0.0,1.0,0.0,0.0,0.0,1.0,0
-0.08054779835573346,0.04815161084368772,0.31622305399733597,-1.4568016718681929,-0.39411064109671884,0.029645611230824178,0.9205366753818461,-0.3167590448075343,0.0,1.0,0.0,0.0,0.0,1.0,1.0,0.0,0.0,1.0,0.0,1.0,0.0,0.0,0
-1.396381143723609,-0.8844680211371747,-0.12833413392882856,0.39123850579363445,-0.22964660948033502,-1.6059743187457272,-0.5288619713197046,-1.6352150065454507,0.0,1.0,0.0,0.0,1.0,0.0,1.0,0.0,0.0,1.0,0.0,0.0,0.0,1.0,1
-1.2084049515281983,0.19964877603874243,-0.06482596422509078,0.8952494633377692,0.09928145375243164,0.8474555762190998,1.6115290534604916,0.12272627577177116,0.0,0.0,0.0,1.0,1.0,0.0,1.0,0.0,0.0,1.0,0.0,0.0,1.0,0.0,0
-0.8324525671373767,-1.1031069486346166,1.522878278368354,-0.02877062549314445,-1.216430799178636,1.2563605587132376,0.2801047152113932,0.5622115963510766,0.0,0.0,0.0,1.0,1.0,0.0,1.0,0.0,0.0,1.0,0.0,1.0,0.0,0.0,0
-1.0204287593327874,2.382591040894958,-0.8269240006699443,-0.952790714324058,0.04446010988030403,0.43855059372496197,1.9148915609096535,-0.7562443653868398,0.0,1.0,0.0,0.0,0.0,1.0,1.0,0.0,0.0,1.0,0.0,0.0,0.0,1.0,0
0.8593331626213205,0.5043559064875862,0.9513047510347139,1.5672640733966154,0.3733881731130707,0.029645611230824178,0.7688554216572648,0.12272627577177116,0.0,1.0,0.0,0.0,1.0,0.0,1.0,0.0,0.0,1.0,0.0,0.0,0.0,1.0,0
0.8593331626213205,2.382591040894958,-0.31885864304004197,0.055231200764211334,0.7023162363458374,-1.1970693362515892,-2.2647696528343517,-1.6352150065454507,0.0,0.0,1.0,0.0,1.0,0.0,1.0,0.0,0.0,1.0,0.0,0.0,0.0,1.0,1
0.48338077823049896,0.1798659353603605,-0.5093831521512553,0.3072366795362787,-0.8326813920737407,0.029645611230824178,-0.17493904596234933,1.880667558088993,0.0,0.0,1.0,0.0,1.0,0.0,1.0,0.0,0.0,1.0,0.0,0.0,0.0,1.0,0
-1.0204287593327874,2.3007406080881894,-0.5093831521512553,-1.5408034981255485,-0.9971454236901246,1.6652655412073754,0.566613750024491,0.12272627577177116,0.0,1.0,0.0,0.0,1.0,0.0,1.0,0.0,0.0,1.0,0.0,0.0,0.0,1.0,0
-0.45650018274655507,-1.1043059086757308,-0.12833413392882856,-0.02877062549314445,0.3185668292409431,2.0741705237015133,-1.4389494936671892,1.880667558088993,0.0,0.0,0.0,1.0,1.0,0.0,1.0,0.0,0.0,0.0,1.0,1.0,0.0,0.0,0
-0.08054779835573346,-0.4170448851085662,1.1418292601459272,0.8112476370804134,1.6342790821720108,0.8474555762190998,-1.2872682399426085,0.5622115963510766,0.0,0.0,0.0,1.0,1.0,0.0,1.0,0.0,0.0,1.0,0.0,0.0,1.0,0.0,0
-0.08054779835573346,0.022716529971482383,-1.6525302068185357,0.3072366795362787,0.5378522047294545,0.43855059372496197,0.2801047152113932,0.12272627577177116,1.0,0.0,0.0,0.0,0.0,1.0,1.0,0.0,0.0,1.0,0.0,0.0,0.0,1.0,0
-0.45650018274655507,-0.5413941693726811,0.5067475631085494,-0.02877062549314445,-0.44893198496884645,-0.7881643537574514,0.4991998594802327,1.4411822375096877,0.0,1.0,0.0,0.0,1.0,0.0,1.0,0.0,1.0,0.0,0.0,0.0,1.0,0.0,1
-1.7723335281144308,-0.7954024180829877,-2.351120073559651,-0.02877062549314445,-0.6682173604573579,-1.1970693362515892,-0.17493904596234933,0.12272627577177116,0.0,0.0,0.0,1.0,1.0,0.0,1.0,0.0,0.0,1.0,0.0,1.0,0.0,0.0,1
0.48338077823049896,0.8756053192182601,0.44323939340481155,0.3072366795362787,0.5378522047294545,1.6652655412073754,-0.5794223892278978,-0.7562443653868398,0.0,0.0,0.0,1.0,0.0,1.0,1.0,0.0,0.0,1.0,0.0,0.0,0.0,1.0,1
-0.45650018274655507,-0.35195848287666026,0.1256985448861226,0.8112476370804134,-1.0519667675622522,0.43855059372496197,2.4036422673555253,-1.6352150065454507,0.0,0.0,0.0,1.0,1.0,0.0,1.0,0.0,0.0,1.0,0.0,0.0,0.0,1.0,1
-0.45650018274655507,-0.10471579439835448,-1.7160383765222733,-0.7847870618093465,0.8667802679622212,0.029645611230824178,0.6845880584769425,1.0016969169303822,0.0,0.0,1.0,0.0,1.0,0.0,1.0,0.0,0.0,1.0,0.0,0.0,0.0,1.0,0
0.2954045860350881,0.9472003616733566,-0.6999076612624687,-0.952790714324058,-0.22964660948033502,-2.0148793012398647,0.3980790236638454,1.0016969169303822,0.0,0.0,1.0,0.0,0.0,1.0,1.0,0.0,0.0,1.0,0.0,0.0,0.0,1.0,0
0.8593331626213205,2.161061763298402,1.0783210904421894,0.8952494633377692,0.20892414149668687,-0.7881643537574514,-0.5457154439557688,2.539895538957951,1.0,0.0,0.0,0.0,0.0,1.0,1.0,0.0,1.0,0.0,0.0,0.0,0.0,1.0,1
-1.2084049515281983,2.0974312411164204,-0.44587498244751755,-0.7847870618093465,0.757137580217965,1.2563605587132376,-1.203000876762286,1.4411822375096877,0.0,0.0,0.0,1.0,1.0,0.0,1.0,0.0,1.0,0.0,0.0,0.0,1.0,0.0,1
-0.6444763749419659,-0.10865523453344351,-0.7634158309662065,-0.11277245175050024,0.5378522047294545,0.43855059372496197,1.0216575111982327,-0.7562443653868398,0.0,0.0,0.0,1.0,1.0,0.0,1.0,0.0,0.0,1.0,0.0,1.0,0.0,0.0,0
-0.2685239905511443,0.6707544321936298,-1.1444648491886333,-0.6167834092946349,-2.2032149888769363,-1.1970693362515892,0.4149324962999096,-1.1957296859661453,0.0,1.0,0.0,0.0,1.0,0.0,1.0,0.0,0.0,0.0,1.0,0.0,0.0,1.0,1
-0.45650018274655507,-1.0715914275539042,0.6972720722197627,1.1472549421098366,-2.1483936450048082,-0.7881643537574514,-0.8153710061328016,1.4411822375096877,1.0,0.0,0.0,0.0,1.0,0.0,1.0,0.0,0.0,1.0,0.0,1.0,0.0,0.0,0
0.10742839383967734,-0.43280264564892235,0.7607802419235005,0.8112476370804134,-1.4357161746671474,0.43855059372496197,-0.12437862805415531,-1.1957296859661453,0.0,0.0,0.0,1.0,1.0,0.0,1.0,0.0,0.0,1.0,0.0,0.0,0.0,1.0,1
-0.08054779835573346,-0.839678299601271,0.5702557328122871,0.13923302702156712,0.9216016118343487,-0.7881643537574514,-0.07381821014596203,-0.7562443653868398,1.0,0.0,0.0,0.0,0.0,1.0,1.0,0.0,0.0,1.0,0.0,0.0,0.0,1.0,0
1.0473093548167314,-0.3616358032085094,-0.6363994915587309,0.13923302702156712,0.3733881731130707,0.43855059372496197,0.836269312201523,0.5622115963510766,0.0,0.0,0.0,1.0,1.0,0.0,0.0,1.0,0.0,1.0,0.0,0.0,1.0,0.0,1
0.10742839383967734,-0.6934051745853562,-1.0174485097811576,-1.0367925405814138,-0.5037533288409741,0.8474555762190998,-1.270414767306544,-1.6352150065454507,0.0,1.0,0.0,0.0,1.0,0.0,1.0,0.0,0.0,1.0,0.0,0.0,0.0,1.0,1
-0.45650018274655507,2.382591040894958,-1.0809566794848955,-0.952790714324058,0.4282095169851983,0.029645611230824178,1.105924874378556,1.4411822375096877,0.0,0.0,0.0,1.0,1.0,0.0,1.0,0.0,0.0,1.0,0.0,0.0,0.0,1.0,0
-0.08054779835573346,-0.3116220414934659,-0.44587498244751755,-1.4568016718681929,-0.9971454236901246,0.029645611230824178,1.2744596007392013,-1.1957296859661453,0.0,1.0,0.0,0.0,1.0,0.0,0.0,1.0,1.0,0.0,0.0,0.0,0.0,1.0,1
-0.45650018274655507,0.5704699887547328,0.37973122370107376,-0.5327815830372792,0.757137580217965,-2.0148793012398647,-0.8490779514049307,-0.7562443653868398,0.0,0.0,0.0,1.0,1.0,0.0,1.0,0.0,1.0,0.0,0.0,0.0,0.0,1.0,1
1.423261739207553,-0.45027320624801287,0.7607802419235005,0.47524033205099026,0.3185668292409431,0.43855059372496197,1.0722179291064267,-0.7562443653868398,0.0,0.0,0.0,1.0,1.0,0.0,1.0,0.0,0.0,1.0,0.0,1.0,0.0,0.0,0
0.8593331626213205,-0.017534271408775223,0.1256985448861226,2.07127503094075,0.15410279762455925,0.8474555762190998,0.04415609830649021,1.4411822375096877,0.0,0.0,0.0,1.0,0.0,1.0,1.0,0.0,0.0,0.0,1.0,0.0,0.0,1.0,0
0.6713569704259098,1.293100333534762,-0.38236681274377976,-0.6167834092946349,-2.0387509572605533,-2.0148793012398647,-0.2929133544148008,0.12272627577177116,0.0,1.0,0.0,0.0,0.0,1.0,1.0,0.0,0.0,1.0,0.0,0.0,1.0,0.0,1
-1.7723335281144308,2.382591040894958,-0.5093831521512553,-1.1207943668387697,-0.5585746727131017,-0.37925937126331366,1.5441151629162335,1.0016969169303822,0.0,0.0,0.0,1.0,1.0,0.0,1.0,0.0,1.0,0.0,0.0,1.0,0.0,0.0,1
0.6713569704259098,-0.210052998010518,-0.890432170373682,1.0632531158524807,-0.28446795335246267,1.6652655412073754,0.4991998594802327,-1.6352150065454507,0.0,0.0,1.0,0.0,0.0,1.0,1.0,0.0,0.0,1.0,0.0,0.0,0.0,1.0,0
-0.2685239905511443,1.312540614201397,-0.7634158309662065,-0.02877062549314445,-0.01036123399182359,1.2563605587132376,0.31381166048352227,0.5622115963510766,0.0,0.0,0.0,1.0,0.0,1.0,1.0,0.0,1.0,0.0,0.0,1.0,0.0,0.0,0
2.363142700184607,0.1414992140447107,-0.38236681274377976,-0.02877062549314445,0.9764229557064764,-0.7881643537574514,-0.7816640608606724,1.0016969169303822,0.0,0.0,1.0,0.0,0.0,1.0,1.0,0.0,1.0,0.0,0.0,0.0,0.0,1.0,1
-1.58435733591902,-0.8238348990579781,0.1256985448861226,-0.5327815830372792,-1.0519667675622522,-0.37925937126331366,-2.315330070742545,0.5622115963510766,0.0,0.0,0.0,1.0,1.0,0.0,1.0,0.0,1.0,0.0,0.0,1.0,0.0,0.0,1
0.10742839383967734,0.5859708292862787,-0.0013177945213529853,-2.0448144556696835,1.469815050555627,-1.6059743187457272,1.9823054514539118,1.4411822375096877,1.0,0.0,0.0,0.0,1.0,0.0,1.0,0.0,0.0,0.0,1.0,0.0,0.0,1.0,1
0.8593331626213205,-0.39623436439494364,-0.38236681274377976,-0.8687888880667023,0.04446010988030403,1.6652655412073754,-0.6299828071360919,-1.6352150065454507,1.0,0.0,0.0,0.0,1.0,0.0,1.0,0.0,0.0,1.0,0.0,0.0,1.0,0.0,1
-0.6444763749419659,-0.6114476917749168,0.7607802419235005,0.055231200764211334,-0.5037533288409741,1.6652655412073754,-0.950198787221318,2.320152878668299,0.0,1.0,0.0,0.0,1.0,0.0,1.0,0.0,0.0,1.0,0.0,1.0,0.0,0.0,0
2.6451069884777234,0.2037594961797049,-1.0174485097811576,-0.11277245175050024,0.2637454853688155,-0.7881643537574514,-0.5794223892278978,1.0016969169303822,0.0,0.0,0.0,1.0,1.0,0.0,0.0,1.0,0.0,0.0,1.0,1.0,0.0,0.0,1
0.8593331626213205,0.03162309027690109,0.31622305399733597,0.47524033205099026,0.20892414149668687,-0.37925937126331366,0.24639776993926407,-0.7562443653868398,0.0,1.0,0.0,0.0,1.0,0.0,1.0,0.0,0.0,1.0,0.0,0.0,0.0,1.0,0
0.10742839383967734,1.8206427516249466,-2.414628243263389,-0.19677427800785602,-0.22964660948033502,0.43855059372496197,0.9373901480179103,-0.3167590448075343,0.0,0.0,0.0,1.0,1.0,0.0,1.0,0.0,0.0,1.0,0.0,0.0,0.0,1.0,0
-0.8324525671373767,1.7455364690494448,1.1418292601459272,-0.7847870618093465,0.9764229557064764,-1.6059743187457272,-1.4052425483950601,0.5622115963510766,1.0,0.0,0.0,0.0,1.0,0.0,1.0,0.0,0.0,1.0,0.0,0.0,0.0,1.0,1
-0.08054779835573346,0.14038589400653334,-0.06482596422509078,0.13923302702156712,-0.5037533288409741,0.43855059372496197,1.3924339091916529,-0.3167590448075343,0.0,0.0,0.0,1.0,0.0,1.0,0.0,1.0,0.0,1.0,0.0,1.0,0.0,0.0,0
0.10742839383967734,-0.6920349345383687,1.9674354662945186,-0.3647779305225676,-0.06518257786395218,-0.37925937126331366,-0.8996383693131239,0.12272627577177116,0.0,1.0,0.0,0.0,1.0,0.0,1.0,0.0,0.0,0.0,1.0,1.0,0.0,0.0,1
0.2954045860350881,-0.6015990914371941,-0.890432170373682,0.8112476370804134,0.3733881731130707,0.8474555762190998,1.5272616902801692,-0.3167590448075343,0.0,0.0,0.0,1.0,0.0,1.0,1.0,0.0,0.0,0.0,1.0,0.0,0.0,1.0,0
-0.08054779835573346,-0.03748839209303059,-1.2714811885961088,-0.8687888880667023,-1.8742869256441694,0.43855059372496197,0.7857088942933298,0.12272627577177116,0.0,0.0,1.0,0.0,0.0,1.0,0.0,1.0,0.0,1.0,0.0,0.0,0.0,1.0,0
-0.45650018274655507,-0.02027475150275021,-0.06482596422509078,0.39123850579363445,-1.216430799178636,0.43855059372496197,0.4654929142081036,-0.7562443653868398,0.0,0.0,1.0,0.0,1.0,0.0,1.0,0.0,0.0,1.0,0.0,0.0,0.0,1.0,0
-0.45650018274655507,-0.9940015848932374,0.31622305399733597,0.2232348532789229,-2.1483936450048082,-0.37925937126331366,0.4149324962999096,-1.6352150065454507,0.0,1.0,0.0,0.0,1.0,0.0,1.0,0.0,0.0,0.0,1.0,0.0,0.0,1.0,1
0.6713569704259098,-1.0169531056802779,-0.06482596422509078,0.2232348532789229,-0.9423240798179969,0.43855059372496197,1.8811846156375245,-1.6352150065454507,0.0,0.0,1.0,0.0,1.0,0.0,1.0,0.0,0.0,1.0,0.0,1.0,0.0,0.0,0
0.48338077823049896,0.6138038302407122,1.9039272965907807,0.3072366795362787,0.3733881731130707,0.43855059372496197,0.9879505659261044,0.12272627577177116,0.0,0.0,0.0,1.0,0.0,1.0,1.0,0.0,0.0,1.0,0.0,1.0,0.0,0.0,1
-1.2084049515281983,-0.8776168209022372,-1.0174485097811576,-0.02877062549314445,0.8119589240900935,1.6652655412073754,-0.6131293345000269,0.5622115963510766,0.0,0.0,0.0,1.0,1.0,0.0,1.0,0.0,0.0,1.0,0.0,0.0,0.0,1.0,0
-0.2685239905511443,-0.7328852159391833,-0.19184230363256635,-1.2047961930961255,-0.6682173604573579,0.8474555762190998,0.3812255510277805,-0.3167590448075343,0.0,1.0,0.0,0.0,0.0,1.0,0.0,1.0,0.0,1.0,0.0,0.0,0.0,1.0,0
-0.45650018274655507,2.2123601250574962,-0.5728913218549931,-0.7007852355519907,0.04446010988030403,-0.7881643537574514,-0.933345314585253,1.0016969169303822,0.0,0.0,1.0,0.0,1.0,0.0,1.0,0.0,0.0,1.0,0.0,0.0,0.0,1.0,1
-0.45650018274655507,-0.40394196465924825,2.475500823924421,1.315258594624548,1.1408869873228602,-0.7881643537574514,-0.46144808077544636,-0.3167590448075343,1.0,0.0,0.0,0.0,1.0,0.0,1.0,0.0,0.0,0.0,1.0,1.0,0.0,0.0,1
-0.08054779835573346,-0.2689733200309802,-0.0013177945213529853,-0.11277245175050024,-1.1616094553065084,0.029645611230824178,0.3812255510277805,0.12272627577177116,0.0,0.0,0.0,1.0,0.0,1.0,1.0,0.0,0.0,1.0,0.0,0.0,0.0,1.0,0
0.10742839383967734,-0.8062786984559509,-0.5093831521512553,0.559242158308346,-0.39411064109671884,0.43855059372496197,-0.04011126487383292,-0.7562443653868398,0.0,1.0,0.0,0.0,1.0,0.0,0.0,1.0,0.0,0.0,1.0,0.0,0.0,1.0,1
-1.9603097203098414,-0.282418800492045,-1.4620056977073221,-2.128816281927039,-1.216430799178636,-0.37925937126331366,1.105924874378556,1.0016969169303822,0.0,1.0,0.0,0.0,0.0,1.0,1.0,0.0,0.0,1.0,0.0,1.0,0.0,0.0,0
0.10742839383967734,-0.3391124824361525,-0.06482596422509078,-0.4487797567799234,-1.3260734869228912,0.8474555762190998,-0.07381821014596203,-1.1957296859661453,0.0,0.0,0.0,1.0,1.0,0.0,1.0,0.0,0.0,1.0,0.0,0.0,0.0,1.0,0
0.6713569704259098,-0.3266090420073916,0.31622305399733597,0.47524033205099026,-0.06518257786395218,-1.1970693362515892,-0.5288619713197046,0.5622115963510766,0.0,0.0,1.0,0.0,1.0,0.0,1.0,0.0,0.0,1.0,0.0,1.0,0.0,0.0,1
-0.45650018274655507,-0.5781337306325334,-0.2553504733363042,1.1472549421098366,1.3601723628113718,0.43855059372496197,0.7182950037490715,0.12272627577177116,0.0,0.0,1.0,0.0,1.0,0.0,1.0,0.0,0.0,1.0,0.0,1.0,0.0,0.0,0
-0.08054779835573346,2.382591040894958,0.06219037518238481,1.6512658996539713,-0.6133960165852302,-0.7881643537574514,-0.5625689165918336,1.0016969169303822,0.0,0.0,0.0,1.0,0.0,1.0,1.0,0.0,1.0,0.0,0.0,0.0,0.0,1.0,1
-1.0204287593327874,-0.9292577426730784,-1.0809566794848955,-0.2807761042652118,-0.44893198496884645,1.6652655412073754,0.4654929142081036,-0.3167590448075343,0.0,0.0,1.0,0.0,1.0,0.0,1.0,0.0,1.0,0.0,0.0,0.0,0.0,1.0,0
-0.2685239905511443,-0.22152875840403824,0.37973122370107376,-1.1207943668387697,0.2637454853688155,-0.7881643537574514,-1.236707822034415,1.4411822375096877,0.0,0.0,0.0,1.0,1.0,0.0,1.0,0.0,1.0,0.0,0.0,0.0,1.0,0.0,1
0.8593331626213205,-0.47836312721125646,0.06219037518238481,2.2392786834554617,1.031244299578604,0.029645611230824178,-0.8827848966770597,-0.3167590448075343,1.0,0.0,0.0,0.0,0.0,1.0,1.0,0.0,0.0,1.0,0.0,0.0,0.0,1.0,0
-0.2685239905511443,-1.2063887921762988,0.5702557328122871,-0.02877062549314445,-0.1748252656082074,-2.0148793012398647,1.8643311430014595,1.0016969169303822,0.0,0.0,0.0,1.0,1.0,0.0,1.0,0.0,1.0,0.0,0.0,0.0,1.0,0.0,0
1.423261739207553,-0.6676275337014039,1.3323537692571406,0.055231200764211334,0.8667802679622212,-0.37925937126331366,1.089071401742491,1.880667558088993,1.0,0.0,0.0,0.0,0.0,1.0,1.0,0.0,0.0,1.0,0.0,0.0,0.0,1.0,0
0.10742839383967734,-0.08870111384918815,-1.52551386741106,-2.128816281927039,0.04446010988030403,0.43855059372496197,0.04415609830649021,0.12272627577177116,0.0,0.0,1.0,0.0,1.0,0.0,1.0,0.0,0.0,1.0,0.0,0.0,1.0,0.0,0
-0.2685239905511443,-0.45198600630674723,1.205337429849665,-0.19677427800785602,-2.0387509572605533,-0.37925937126331366,1.2238991828310073,-0.3167590448075343,0.0,1.0,0.0,0.0,1.0,0.0,1.0,0.0,0.0,1.0,0.0,0.0,0.0,1.0,0
0.6713569704259098,-0.19258243741142747,0.06219037518238481,-0.4487797567799234,-0.7778600482016131,-0.7881643537574514,0.6003206952966192,-0.7562443653868398,0.0,0.0,1.0,0.0,1.0,0.0,1.0,0.0,0.0,1.0,0.0,0.0,1.0,0.0,1
0.48338077823049896,2.382591040894958,0.633763902516025,0.055231200764211334,-0.01036123399182359,-0.37925937126331366,1.0216575111982327,1.4411822375096877,0.0,1.0,0.0,0.0,1.0,0.0,1.0,0.0,1.0,0.0,0.0,1.0,0.0,0.0,0
-0.45650018274655507,-0.6795314941096078,1.1418292601459272,1.735267725911327,0.8667802679622212,-1.1970693362515892,0.6171741679326842,1.4411822375096877,0.0,0.0,0.0,1.0,0.0,1.0,1.0,0.0,1.0,0.0,0.0,1.0,0.0,0.0,1
-0.8324525671373767,-0.005116470982951068,-0.38236681274377976,0.47524033205099026,0.3733881731130707,0.43855059372496197,0.549760277388426,-0.3167590448075343,0.0,0.0,0.0,1.0,1.0,0.0,1.0,0.0,1.0,0.0,0.0,0.0,1.0,0.0,0
-0.8324525671373767,2.382591040894958,1.268845599553403,-0.11277245175050024,0.8119589240900935,-1.6059743187457272,-1.9277002001130608,1.0016969169303822,0.0,0.0,0.0,1.0,1.0,0.0,1.0,0.0,0.0,1.0,0.0,0.0,0.0,1.0,1
0.2954045860350881,-0.6277192923328933,-0.5728913218549931,0.47524033205099026,1.305351018939243,-0.37925937126331366,-0.36032724495905905,-1.6352150065454507,0.0,0.0,1.0,0.0,1.0,0.0,1.0,0.0,0.0,1.0,0.0,0.0,0.0,1.0,0
-0.6444763749419659,-0.6250644522418549,-1.2714811885961088,-0.5327815830372792,1.305351018939243,0.8474555762190998,0.04415609830649021,-1.1957296859661453,0.0,0.0,1.0,0.0,0.0,1.0,1.0,0.0,0.0,1.0,0.0,0.0,1.0,0.0,0
0.10742839383967734,0.45793902489588484,0.2527148842935982,0.8112476370804134,-0.01036123399182359,-0.7881643537574514,-0.5288619713197046,-0.7562443653868398,0.0,0.0,1.0,0.0,1.0,0.0,1.0,0.0,1.0,0.0,0.0,0.0,0.0,1.0,1
-0.6444763749419659,1.093045286674588,1.9674354662945186,1.1472549421098366,-1.6001802062835302,-0.7881643537574514,-1.4052425483950601,0.5622115963510766,0.0,0.0,1.0,0.0,1.0,0.0,1.0,0.0,0.0,1.0,0.0,0.0,1.0,0.0,1
1.423261739207553,-0.5670005302507599,-0.2553504733363042,1.2312567683671922,-0.3392892972245912,-2.8326892662281407,0.6677345858408775,0.5622115963510766,0.0,0.0,0.0,1.0,1.0,0.0,1.0,0.0,0.0,0.0,1.0,0.0,0.0,1.0,1
-0.08054779835573346,-1.1779563112013085,0.7607802419235005,0.47524033205099026,-0.06518257786395218,-0.7881643537574514,-0.0906716827820262,1.4411822375096877,1.0,0.0,0.0,0.0,0.0,1.0,1.0,0.0,1.0,0.0,0.0,1.0,0.0,0.0,0
1.6112379314029637,0.2856313389872076,1.1418292601459272,1.2312567683671922,0.757137580217965,0.8474555762190998,0.17898387939500587,-1.1957296859661453,0.0,0.0,1.0,0.0,1.0,0.0,1.0,0.0,0.0,1.0,0.0,1.0,0.0,0.0,0
0.48338077823049896,1.326842494691829,-0.890432170373682,-0.11277245175050024,-0.44893198496884645,-0.7881643537574514,0.3475186057556514,-0.7562443653868398,0.0,0.0,0.0,1.0,1.0,0.0,1.0,0.0,0.0,1.0,0.0,0.0,0.0,1.0,1
-0.2685239905511443,-0.4495880862245191,2.0309436359982564,0.2232348532789229,0.15410279762455925,0.029645611230824178,1.2744596007392013,-0.3167590448075343,1.0,0.0,0.0,0.0,1.0,0.0,1.0,0.0,1.0,0.0,0.0,1.0,0.0,0.0,0
0.6713569704259098,-0.3668598433876492,-0.44587498244751755,-1.2047961930961255,-0.01036123399182359,-2.423784283734003,0.010449153034361107,0.12272627577177116,0.0,1.0,0.0,0.0,0.0,1.0,1.0,0.0,0.0,1.0,0.0,0.0,0.0,1.0,0
2.175166507989196,-0.7847830577188346,-0.0013177945213529853,0.3072366795362787,0.15410279762455925,-1.1970693362515892,-0.46144808077544636,-0.7562443653868398,0.0,0.0,0.0,1.0,1.0,0.0,1.0,0.0,0.0,1.0,0.0,0.0,0.0,1.0,1
0.10742839383967734,-0.009227191123913547,-0.890432170373682,-0.11277245175050024,-2.0387509572605533,-0.37925937126331366,-0.3266202996869299,0.5622115963510766,0.0,0.0,0.0,1.0,0.0,1.0,1.0,0.0,1.0,0.0,0.0,0.0,0.0,1.0,0
-1.7723335281144308,-0.42869192550795987,-1.3984975280035845,0.47524033205099026,0.48303086085732594,-0.7881643537574514,-1.8265793642966734,-1.6352150065454507,0.0,0.0,1.0,0.0,1.0,0.0,1.0,0.0,0.0,1.0,0.0,0.0,0.0,1.0,1
1.423261739207553,-0.22341283846864604,0.1256985448861226,-0.8687888880667023,0.9216016118343487,-1.1970693362515892,-1.708605055844222,-0.7562443653868398,0.0,0.0,0.0,1.0,0.0,1.0,1.0,0.0,1.0,0.0,0.0,0.0,0.0,1.0,1
1.0473093548167314,-0.19874851762287118,0.887796581330976,-0.7007852355519907,0.3185668292409431,1.2563605587132376,0.8025623669293939,0.12272627577177116,0.0,0.0,0.0,1.0,1.0,0.0,1.0,0.0,0.0,1.0,0.0,1.0,0.0,0.0,0
-0.8324525671373767,-0.5226390087295398,0.18920671458986038,1.2312567683671922,0.5378522047294545,-2.423784283734003,-1.489509911575383,0.5622115963510766,1.0,0.0,0.0,0.0,0.0,1.0,1.0,0.0,0.0,1.0,0.0,0.0,0.0,1.0,1
-1.9603097203098414,-1.1544909503966476,-0.0013177945213529853,-0.4487797567799234,-0.3392892972245912,0.43855059372496197,0.4991998594802327,1.0016969169303822,0.0,1.0,0.0,0.0,1.0,0.0,0.0,1.0,0.0,1.0,0.0,0.0,0.0,1.0,0
-1.58435733591902,0.4131493033599812,-0.890432170373682,-1.5408034981255485,0.48303086085732594,1.6652655412073754,0.212690824667135,-0.3167590448075343,0.0,0.0,0.0,1.0,1.0,0.0,1.0,0.0,0.0,1.0,0.0,0.0,0.0,1.0,0
0.2954045860350881,-0.908704141968266,1.522878278368354,0.13923302702156712,-1.216430799178636,0.43855059372496197,1.1564852922867492,-2.074700327124756,0.0,0.0,1.0,0.0,1.0,0.0,1.0,0.0,1.0,0.0,0.0,0.0,0.0,1.0,1
0.8593331626213205,0.9955013233296657,0.37973122370107376,1.5672640733966154,-0.9971454236901246,-1.1970693362515892,-1.3883890757589956,1.4411822375096877,0.0,0.0,0.0,1.0,1.0,0.0,1.0,0.0,0.0,0.0,1.0,1.0,0.0,0.0,1
-0.45650018274655507,-0.5735948104768872,-1.0174485097811576,-0.19677427800785602,0.7023162363458374,-1.1970693362515892,-0.933345314585253,-0.7562443653868398,1.0,0.0,0.0,0.0,0.0,1.0,1.0,0.0,1.0,0.0,0.0,0.0,1.0,0.0,1
0.8593331626213205,0.29599377934255056,-0.6999076612624687,2.3232805097128173,1.1408869873228602,0.43855059372496197,1.12277834701462,0.12272627577177116,0.0,0.0,1.0,0.0,0.0,1.0,1.0,0.0,0.0,1.0,0.0,0.0,1.0,0.0,0
-0.45650018274655507,0.5844293092334178,-0.19184230363256635,-0.7007852355519907,-1.9291082695162973,-0.7881643537574514,-0.5457154439557688,-1.1957296859661453,0.0,0.0,1.0,0.0,0.0,1.0,1.0,0.0,0.0,1.0,0.0,1.0,0.0,0.0,1
-0.08054779835573346,-0.750612696547084,-0.06482596422509078,-1.8768108031549717,1.9632071454047775,-0.7881643537574514,0.31381166048352227,2.320152878668299,0.0,0.0,0.0,1.0,1.0,0.0,1.0,0.0,1.0,0.0,0.0,0.0,1.0,0.0,1
1.0473093548167314,1.3545042156403888,0.44323939340481155,-1.5408034981255485,-0.3392892972245912,-0.7881643537574514,-0.22549946387054262,-1.6352150065454507,0.0,0.0,1.0,0.0,0.0,1.0,1.0,0.0,0.0,1.0,0.0,0.0,0.0,1.0,1
-0.2685239905511443,-0.17151499668899475,-0.38236681274377976,-0.8687888880667023,0.3185668292409431,0.43855059372496197,-0.17493904596234933,-0.3167590448075343,0.0,0.0,0.0,1.0,0.0,1.0,1.0,0.0,0.0,1.0,0.0,0.0,0.0,1.0,0
0.8593331626213205,1.819015591569149,0.6972720722197627,-0.6167834092946349,-2.724017755662151,0.43855059372496197,0.07786304357861931,0.5622115963510766,0.0,0.0,0.0,1.0,1.0,0.0,1.0,0.0,0.0,1.0,0.0,0.0,1.0,0.0,0
0.8593331626213205,0.3627073416302541,-1.2714811885961088,-0.5327815830372792,0.09928145375243164,0.43855059372496197,-0.023257792237767996,0.5622115963510766,0.0,0.0,0.0,1.0,1.0,0.0,1.0,0.0,0.0,1.0,0.0,0.0,0.0,1.0,0
-0.45650018274655507,-0.855179140132817,0.9513047510347139,0.2232348532789229,0.20892414149668687,-0.37925937126331366,-1.7423120011163509,-0.3167590448075343,1.0,0.0,0.0,0.0,0.0,1.0,0.0,1.0,1.0,0.0,0.0,0.0,1.0,0.0,1
-0.6444763749419659,0.2539445379006218,-0.06482596422509078,0.7272458108230576,0.48303086085732594,0.43855059372496197,0.6003206952966192,-0.3167590448075343,0.0,0.0,0.0,1.0,1.0,0.0,1.0,0.0,1.0,0.0,0.0,0.0,0.0,1.0,0
-1.396381143723609,-0.7650002170404527,0.5702557328122871,1.0632531158524807,-0.7778600482016131,-0.7881643537574514,0.3812255510277805,-0.3167590448075343,0.0,0.0,1.0,0.0,1.0,0.0,1.0,0.0,0.0,1.0,0.0,1.0,0.0,0.0,1
0.48338077823049896,-0.3932369642921585,1.3323537692571406,0.3072366795362787,-0.01036123399182359,0.029645611230824178,0.7520019490212007,-0.3167590448075343,0.0,1.0,0.0,0.0,0.0,1.0,1.0,0.0,0.0,1.0,0.0,0.0,1.0,0.0,0
-0.2685239905511443,1.3555318956756295,0.8242884116272383,-0.4487797567799234,-0.06518257786395218,-0.37925937126331366,0.43178596893597454,0.12272627577177116,0.0,0.0,0.0,1.0,1.0,0.0,1.0,0.0,1.0,0.0,0.0,0.0,1.0,0.0,0
-1.58435733591902,-0.4017153245828936,-0.44587498244751755,-2.128816281927039,0.9216016118343487,0.8474555762190998,-0.22549946387054262,-0.3167590448075343,0.0,0.0,0.0,1.0,1.0,0.0,1.0,0.0,0.0,1.0,0.0,0.0,0.0,1.0,0
-0.6444763749419659,0.24126981746598752,-1.9700710553372245,-0.7847870618093465,-0.39411064109671884,0.8474555762190998,0.6845880584769425,-0.3167590448075343,0.0,1.0,0.0,0.0,0.0,1.0,1.0,0.0,0.0,1.0,0.0,0.0,0.0,1.0,0
-0.08054779835573346,1.699547787472427,0.5067475631085494,0.055231200764211334,1.031244299578604,0.029645611230824178,-2.2310627075622222,0.12272627577177116,0.0,0.0,0.0,1.0,1.0,0.0,1.0,0.0,0.0,1.0,0.0,0.0,1.0,0.0,1
0.6713569704259098,-0.5817306107558755,0.887796581330976,0.3072366795362787,0.7023162363458374,-0.37925937126331366,-0.6805432250442851,-0.7562443653868398,0.0,0.0,0.0,1.0,1.0,0.0,1.0,0.0,0.0,1.0,0.0,0.0,0.0,1.0,0
0.48338077823049896,0.6788902324726181,0.1256985448861226,0.6432439845657019,-1.983929613388425,-2.0148793012398647,0.4823463868441678,-0.3167590448075343,0.0,1.0,0.0,0.0,1.0,0.0,1.0,0.0,1.0,0.0,0.0,0.0,0.0,1.0,0
0.8593331626213205,-0.6048534115487895,-0.6999076612624687,0.7272458108230576,-2.0935723011326806,0.43855059372496197,1.426140854463782,0.12272627577177116,0.0,1.0,0.0,0.0,1.0,0.0,1.0,0.0,0.0,0.0,1.0,0.0,0.0,1.0,1
-1.58435733591902,0.7645302354093364,0.44323939340481155,-0.8687888880667023,1.1957083311949879,-1.1970693362515892,-0.46144808077544636,1.880667558088993,0.0,0.0,0.0,1.0,1.0,0.0,1.0,0.0,0.0,0.0,1.0,0.0,0.0,1.0,1
1.6112379314029637,0.21086761642345253,-0.6363994915587309,-1.5408034981255485,-0.6682173604573579,-0.7881643537574514,0.04415609830649021,0.12272627577177116,0.0,0.0,0.0,1.0,1.0,0.0,1.0,0.0,0.0,1.0,0.0,0.0,0.0,1.0,0
1.2352855470121422,0.16290921477889025,1.0783210904421894,-0.11277245175050024,-0.8875027359458694,-1.6059743187457272,0.2801047152113932,0.12272627577177116,0.0,0.0,1.0,0.0,0.0,1.0,1.0,0.0,0.0,1.0,0.0,0.0,0.0,1.0,1
0.8593331626213205,-0.6372253326588689,-1.5890220371147978,-1.1207943668387697,-1.1616094553065084,0.029645611230824178,1.3250200186473946,-1.1957296859661453,0.0,0.0,0.0,1.0,0.0,1.0,1.0,0.0,1.0,0.0,0.0,1.0,0.0,0.0,1
2.363142700184607,-0.01984655148806662,0.1256985448861226,0.13923302702156712,0.04446010988030403,0.029645611230824178,0.1452769341228775,0.5622115963510766,0.0,0.0,0.0,1.0,1.0,0.0,1.0,0.0,0.0,1.0,0.0,1.0,0.0,0.0,0
0.8593331626213205,-0.6364545726324385,-1.5890220371147978,0.13923302702156712,-0.22964660948033502,-1.6059743187457272,-0.1917925185984135,-0.3167590448075343,0.0,0.0,1.0,0.0,1.0,0.0,0.0,1.0,1.0,0.0,0.0,1.0,0.0,0.0,1
0.8593331626213205,0.07529949177462743,0.633763902516025,-0.19677427800785602,0.04446010988030403,1.2563605587132376,-0.10752515541809113,0.5622115963510766,0.0,0.0,0.0,1.0,1.0,0.0,1.0,0.0,0.0,1.0,0.0,1.0,0.0,0.0,0
0.10742839383967734,2.2818141674391748,1.0148129207384518,0.3072366795362787,-1.4357161746671474,-0.7881643537574514,0.549760277388426,-0.3167590448075343,0.0,1.0,0.0,0.0,1.0,0.0,1.0,0.0,0.0,1.0,0.0,1.0,0.0,0.0,1
-0.2685239905511443,2.382591040894958,0.5067475631085494,0.2232348532789229,-0.9423240798179969,2.0741705237015133,-0.25920640914267173,0.5622115963510766,0.0,0.0,1.0,0.0,1.0,0.0,1.0,0.0,1.0,0.0,0.0,0.0,0.0,1.0,0
0.8593331626213205,-0.7167848953870802,0.1256985448861226,-0.19677427800785602,0.5926735486015822,0.029645611230824178,0.7014415311130066,1.0016969169303822,0.0,1.0,0.0,0.0,1.0,0.0,1.0,0.0,0.0,0.0,1.0,0.0,1.0,0.0,1
0.10742839383967734,-1.0125854655305053,2.411992654220683,0.6432439845657019,0.20892414149668687,0.43855059372496197,0.3980790236638454,-1.1957296859661453,0.0,1.0,0.0,0.0,0.0,1.0,0.0,1.0,0.0,1.0,0.0,1.0,0.0,0.0,1
-0.8324525671373767,0.23399041721636646,-0.19184230363256635,-0.19677427800785602,-1.4357161746671474,0.43855059372496197,0.0947165162146835,1.0016969169303822,0.0,0.0,0.0,1.0,0.0,1.0,1.0,0.0,0.0,1.0,0.0,0.0,0.0,1.0,0
-1.9603097203098414,-0.6713956938306196,-0.5093831521512553,-0.19677427800785602,-0.8875027359458694,0.8474555762190998,0.1452769341228775,1.0016969169303822,0.0,1.0,0.0,0.0,1.0,0.0,1.0,0.0,1.0,0.0,0.0,0.0,0.0,1.0,0
-0.2685239905511443,-0.9529800234865494,0.37973122370107376,-0.11277245175050024,-1.7098228940277864,0.029645611230824178,-1.4558029663032537,0.12272627577177116,0.0,1.0,0.0,0.0,1.0,0.0,1.0,0.0,1.0,0.0,0.0,0.0,0.0,1.0,1
-1.9603097203098414,-0.3713987635432953,-0.19184230363256635,-0.8687888880667023,1.6891004260441382,0.43855059372496197,1.6283825260965565,0.12272627577177116,0.0,0.0,0.0,1.0,1.0,0.0,1.0,0.0,0.0,1.0,0.0,1.0,0.0,0.0,0
-0.08054779835573346,0.12651221353078498,-1.9700710553372245,0.39123850579363445,-1.490537518539275,-0.37925937126331366,1.4092873818277178,0.12272627577177116,0.0,0.0,0.0,1.0,0.0,1.0,1.0,0.0,1.0,0.0,0.0,0.0,0.0,1.0,0
1.423261739207553,1.7969204708114757,-0.38236681274377976,0.7272458108230576,0.15410279762455925,-0.7881643537574514,-1.4389494936671892,0.5622115963510766,0.0,1.0,0.0,0.0,1.0,0.0,0.0,1.0,0.0,1.0,0.0,1.0,0.0,0.0,1
0.6713569704259098,0.5918799894889123,-0.06482596422509078,-0.7847870618093465,-0.1748252656082074,0.029645611230824178,0.9373901480179103,0.5622115963510766,0.0,0.0,0.0,1.0,1.0,0.0,1.0,0.0,0.0,0.0,1.0,0.0,0.0,1.0,0
0.10742839383967734,-0.1619233163600823,-1.0809566794848955,-0.3647779305225676,0.3185668292409431,0.43855059372496197,0.4149324962999096,-0.7562443653868398,1.0,0.0,0.0,0.0,1.0,0.0,1.0,0.0,0.0,1.0,0.0,0.0,0.0,1.0,0
0.6713569704259098,1.1893046499754594,-0.0013177945213529853,-0.2807761042652118,-0.7230387043294855,-1.1970693362515892,-1.1187335135819632,-0.3167590448075343,0.0,0.0,0.0,1.0,1.0,0.0,1.0,0.0,0.0,1.0,0.0,0.0,0.0,1.0,1
-1.9603097203098414,-0.19720699757001026,0.633763902516025,0.13923302702156712,1.5794577382998822,-0.7881643537574514,-0.3434737723229941,-1.1957296859661453,0.0,1.0,0.0,0.0,1.0,0.0,1.0,0.0,0.0,1.0,0.0,0.0,1.0,0.0,1
0.48338077823049896,-0.6637737335692516,-0.5093831521512553,0.2232348532789229,-0.6133960165852302,-1.1970693362515892,-1.6074842200278348,-2.074700327124756,0.0,0.0,1.0,0.0,1.0,0.0,1.0,0.0,0.0,1.0,0.0,0.0,0.0,1.0,1
2.6451069884777234,-0.8426756997040562,0.7607802419235005,0.559242158308346,-0.22964660948033502,0.8474555762190998,-1.1187335135819632,-0.3167590448075343,0.0,0.0,0.0,1.0,0.0,1.0,1.0,0.0,1.0,0.0,0.0,0.0,0.0,1.0,1
-0.08054779835573346,0.5561681082643007,1.0148129207384518,0.47524033205099026,0.8119589240900935,-1.1970693362515892,-0.25920640914267173,-0.7562443653868398,0.0,0.0,0.0,1.0,0.0,1.0,1.0,0.0,1.0,0.0,0.0,0.0,1.0,0.0,0
-0.2685239905511443,-1.3050460755593984,1.1418292601459272,-0.19677427800785602,-0.8875027359458694,0.8474555762190998,-0.47830155341151054,0.12272627577177116,1.0,0.0,0.0,0.0,0.0,1.0,1.0,0.0,1.0,0.0,0.0,1.0,0.0,0.0,0
-0.45650018274655507,-0.8095330185675462,-1.207973018892371,-1.2047961930961255,-0.3392892972245912,-0.7881643537574514,-1.3883890757589956,-1.6352150065454507,0.0,0.0,1.0,0.0,1.0,0.0,1.0,0.0,0.0,1.0,0.0,0.0,0.0,1.0,1
-0.08054779835573346,2.382591040894958,-0.31885864304004197,-0.3647779305225676,-0.01036123399182359,0.43855059372496197,0.0947165162146835,-0.3167590448075343,0.0,1.0,0.0,0.0,0.0,1.0,1.0,0.0,0.0,1.0,0.0,0.0,0.0,1.0,0
-0.45650018274655507,-0.3399688824655197,1.0783210904421894,-0.7007852355519907,-0.1200039217360798,0.43855059372496197,0.43178596893597454,0.12272627577177116,0.0,0.0,1.0,0.0,1.0,0.0,1.0,0.0,0.0,1.0,0.0,0.0,0.0,1.0,0
-1.7723335281144308,-0.37628024371068824,-0.2553504733363042,-0.5327815830372792,-0.01036123399182359,0.8474555762190998,2.1676936504506217,-0.7562443653868398,0.0,0.0,1.0,0.0,1.0,0.0,0.0,1.0,0.0,1.0,0.0,0.0,0.0,1.0,1
-1.58435733591902,-0.01565019134416742,1.0783210904421894,0.39123850579363445,0.20892414149668687,0.43855059372496197,-2.349037016014674,0.12272627577177116,1.0,0.0,0.0,0.0,0.0,1.0,1.0,0.0,1.0,0.0,0.0,1.0,0.0,0.0,1
1.0473093548167314,0.16761941494040977,0.887796581330976,-1.7928089768976159,-1.1067881114343798,0.43855059372496197,0.31381166048352227,1.880667558088993,0.0,0.0,0.0,1.0,0.0,1.0,1.0,0.0,0.0,1.0,0.0,1.0,0.0,0.0,0
0.2954045860350881,1.5166207411995967,-1.0174485097811576,-0.5327815830372792,0.09928145375243164,0.8474555762190998,0.027302625670425285,0.12272627577177116,0.0,0.0,0.0,1.0,1.0,0.0,1.0,0.0,0.0,1.0,0.0,0.0,0.0,1.0,0
1.9871903157937854,-0.9144420221650261,1.0783210904421894,1.0632531158524807,-0.1748252656082074,0.029645611230824178,0.6003206952966192,-1.6352150065454507,0.0,0.0,0.0,1.0,1.0,0.0,1.0,0.0,1.0,0.0,0.0,0.0,0.0,1.0,0
0.48338077823049896,-0.6606050534605931,0.7607802419235005,-0.3647779305225676,-0.6133960165852302,0.8474555762190998,0.5834672226605552,-0.7562443653868398,0.0,0.0,1.0,0.0,0.0,1.0,1.0,0.0,1.0,0.0,0.0,0.0,0.0,1.0,1
-0.45650018274655507,-0.310080521440605,0.31622305399733597,0.559242158308346,-0.5585746727131017,-0.37925937126331366,-1.2198543493983505,-1.6352150065454507,0.0,0.0,1.0,0.0,1.0,0.0,1.0,0.0,0.0,1.0,0.0,0.0,0.0,1.0,1
1.7992141235983745,-0.3307197621483541,0.7607802419235005,0.8952494633377692,-0.1200039217360798,0.029645611230824178,-0.6636897524082209,0.12272627577177116,0.0,0.0,1.0,0.0,1.0,0.0,1.0,0.0,0.0,1.0,0.0,1.0,0.0,0.0,0
0.48338077823049896,-1.196283271829766,-0.0013177945213529853,0.13923302702156712,0.8667802679622212,-0.7881643537574514,-1.270414767306544,-2.074700327124756,0.0,1.0,0.0,0.0,1.0,0.0,1.0,0.0,0.0,1.0,0.0,0.0,0.0,1.0,1
0.8593331626213205,-0.8797578209756552,-0.890432170373682,1.4832622471392596,-0.44893198496884645,-2.0148793012398647,-0.8996383693131239,0.5622115963510766,0.0,0.0,1.0,0.0,0.0,1.0,1.0,0.0,1.0,0.0,0.0,0.0,0.0,1.0,1
-1.9603097203098414,-0.34861852276212824,1.4593701086646163,0.13923302702156712,-0.1200039217360798,0.43855059372496197,-0.8659314240409949,0.12272627577177116,0.0,0.0,0.0,1.0,1.0,0.0,1.0,0.0,0.0,1.0,0.0,1.0,0.0,0.0,1
0.10742839383967734,0.5699561487371124,0.2527148842935982,-0.2807761042652118,-1.6550015501556579,0.029645611230824178,0.24639776993926407,-0.7562443653868398,0.0,0.0,0.0,1.0,0.0,1.0,1.0,0.0,0.0,1.0,0.0,0.0,0.0,1.0,0
0.2954045860350881,-0.4172161651144396,-0.2553504733363042,-0.5327815830372792,0.09928145375243164,0.8474555762190998,0.549760277388426,1.880667558088993,0.0,0.0,0.0,1.0,1.0,0.0,1.0,0.0,0.0,1.0,0.0,1.0,0.0,0.0,0
0.48338077823049896,-0.12586887512372388,-0.44587498244751755,-0.2807761042652118,-0.39411064109671884,1.2563605587132376,1.3924339091916529,-0.3167590448075343,0.0,1.0,0.0,0.0,1.0,0.0,0.0,1.0,0.0,1.0,0.0,0.0,0.0,1.0,0
0.48338077823049896,-0.34450780262116576,0.2527148842935982,0.2232348532789229,-0.5585746727131017,-2.0148793012398647,-2.5681321602835134,0.5622115963510766,0.0,0.0,0.0,1.0,0.0,1.0,1.0,0.0,0.0,1.0,0.0,0.0,0.0,1.0,1
0.10742839383967734,0.3747825820443314,-0.31885864304004197,-0.4487797567799234,1.6342790821720108,-0.7881643537574514,-0.49515502604757544,-0.3167590448075343,0.0,0.0,0.0,1.0,0.0,1.0,1.0,0.0,1.0,0.0,0.0,0.0,0.0,1.0,1
2.175166507989196,1.2533633721721247,-1.2714811885961088,-1.372799845610837,-0.8326813920737407,0.8474555762190998,-0.5794223892278978,-1.1957296859661453,1.0,0.0,0.0,0.0,1.0,0.0,1.0,0.0,0.0,1.0,0.0,0.0,0.0,1.0,1
-1.396381143723609,0.5469189879471352,-0.0013177945213529853,1.9032713784260387,-0.44893198496884645,1.2563605587132376,0.263251242575329,-0.3167590448075343,0.0,0.0,0.0,1.0,1.0,0.0,0.0,1.0,0.0,1.0,0.0,1.0,0.0,0.0,0
1.2352855470121422,-0.11088187460979819,0.8242884116272383,0.13923302702156712,1.6891004260441382,-1.1970693362515892,-0.8996383693131239,-1.6352150065454507,0.0,1.0,0.0,0.0,1.0,0.0,1.0,0.0,0.0,1.0,0.0,0.0,1.0,0.0,1
-1.396381143723609,0.9438604015588246,0.5067475631085494,0.055231200764211334,-0.06518257786395218,1.6652655412073754,0.1452769341228775,0.5622115963510766,0.0,1.0,0.0,0.0,0.0,1.0,1.0,0.0,1.0,0.0,0.0,0.0,0.0,1.0,0
-1.58435733591902,1.038321324798025,-1.2714811885961088,1.735267725911327,1.5246363944277546,0.029645611230824178,0.7520019490212007,1.880667558088993,1.0,0.0,0.0,0.0,1.0,0.0,1.0,0.0,0.0,1.0,0.0,0.0,0.0,1.0,0
0.48338077823049896,-0.8570632201974249,-0.06482596422509078,0.2232348532789229,0.04446010988030403,1.2563605587132376,2.2182540683588154,-0.3167590448075343,0.0,0.0,0.0,1.0,0.0,1.0,1.0,0.0,0.0,1.0,0.0,0.0,0.0,1.0,0
-0.6444763749419659,1.8399117522857082,0.18920671458986038,0.8952494633377692,-0.1200039217360798,1.6652655412073754,-0.023257792237767996,2.539895538957951,0.0,0.0,0.0,1.0,0.0,1.0,1.0,0.0,0.0,1.0,0.0,0.0,0.0,1.0,0
-0.45650018274655507,1.5764831032523627,-1.2714811885961088,-2.128816281927039,-0.9971454236901246,0.43855059372496197,-0.0569647375098971,0.5622115963510766,0.0,0.0,0.0,1.0,0.0,1.0,1.0,0.0,0.0,1.0,0.0,0.0,0.0,1.0,0
0.48338077823049896,0.5297909873597916,-0.6999076612624687,-0.7007852355519907,-2.2032149888769363,-1.1970693362515892,-2.6186925781917063,-0.3167590448075343,1.0,0.0,0.0,0.0,1.0,0.0,1.0,0.0,0.0,1.0,0.0,0.0,1.0,0.0,1
2.5511188923800177,0.44749094453760524,-0.7634158309662065,0.979251289595125,0.3733881731130707,1.2563605587132376,0.3980790236638454,0.12272627577177116,0.0,1.0,0.0,0.0,1.0,0.0,1.0,0.0,0.0,1.0,0.0,0.0,1.0,0.0,1
1.7992141235983745,0.2725284185378897,-0.31885864304004197,0.39123850579363445,-0.28446795335246267,-2.0148793012398647,-1.1524404588540922,1.880667558088993,0.0,0.0,0.0,1.0,1.0,0.0,1.0,0.0,0.0,1.0,0.0,0.0,0.0,1.0,1
1.2352855470121422,-0.3115364014905292,1.7134027874795674,1.4832622471392596,0.04446010988030403,-0.7881643537574514,-0.2929133544148008,0.5622115963510766,0.0,0.0,1.0,0.0,1.0,0.0,1.0,0.0,0.0,1.0,0.0,0.0,1.0,0.0,1
-0.08054779835573346,-0.7083921750992819,-0.06482596422509078,-0.7847870618093465,0.9764229557064764,0.43855059372496197,-0.0569647375098971,-0.7562443653868398,0.0,0.0,0.0,1.0,0.0,1.0,1.0,0.0,0.0,1.0,0.0,0.0,0.0,1.0,0
0.2954045860350881,-0.547217689572378,-0.6999076612624687,0.2232348532789229,-0.8326813920737407,-0.7881643537574514,-0.5288619713197046,1.4411822375096877,0.0,0.0,1.0,0.0,0.0,1.0,1.0,0.0,0.0,1.0,0.0,0.0,1.0,0.0,1
1.2352855470121422,0.35174542125435415,-0.06482596422509078,-1.7928089768976159,-0.7230387043294855,-1.6059743187457272,-1.6074842200278348,0.5622115963510766,0.0,0.0,1.0,0.0,0.0,1.0,1.0,0.0,1.0,0.0,0.0,1.0,0.0,0.0,1
1.0473093548167314,-1.0982254684672237,-0.06482596422509078,-0.02877062549314445,-0.8326813920737407,-2.0148793012398647,-1.1018800409458986,0.12272627577177116,0.0,0.0,1.0,0.0,1.0,0.0,1.0,0.0,0.0,1.0,0.0,0.0,1.0,0.0,1
0.48338077823049896,-0.25655551960515605,-0.890432170373682,0.13923302702156712,-0.8326813920737407,0.8474555762190998,0.3812255510277805,-0.3167590448075343,0.0,0.0,0.0,1.0,0.0,1.0,1.0,0.0,0.0,1.0,0.0,1.0,0.0,0.0,0
2.175166507989196,1.8774220735719909,0.887796581330976,-0.2807761042652118,-1.6001802062835302,1.2563605587132376,-0.3771807175951232,1.0016969169303822,0.0,0.0,1.0,0.0,1.0,0.0,1.0,0.0,1.0,0.0,0.0,0.0,0.0,1.0,1
-0.2685239905511443,-0.7070219350522944,0.31622305399733597,0.3072366795362787,0.20892414149668687,-0.7881643537574514,-1.1861474041262212,-0.3167590448075343,0.0,0.0,0.0,1.0,1.0,0.0,1.0,0.0,0.0,1.0,0.0,1.0,0.0,0.0,0
-0.45650018274655507,-0.14017075561415585,-0.2553504733363042,2.2392786834554617,-0.7778600482016131,0.43855059372496197,-0.36032724495905905,-0.3167590448075343,0.0,0.0,0.0,1.0,0.0,1.0,1.0,0.0,0.0,1.0,0.0,0.0,0.0,1.0,1
-0.45650018274655507,-0.9713926241179438,-1.1444648491886333,-0.11277245175050024,0.5378522047294545,0.8474555762190998,-0.4277411355033172,-1.1957296859661453,0.0,0.0,0.0,1.0,1.0,0.0,1.0,0.0,0.0,1.0,0.0,1.0,0.0,0.0,1
0.6713569704259098,-0.1646637964540573,-0.2553504733363042,0.3072366795362787,-1.1616094553065084,-0.7881643537574514,-0.8490779514049307,-1.1957296859661453,1.0,0.0,0.0,0.0,1.0,0.0,1.0,0.0,0.0,1.0,0.0,0.0,0.0,1.0,1
-1.2084049515281983,-0.32215576185468225,1.7769109571833053,1.4832622471392596,-1.0519667675622522,-0.7881643537574514,0.6003206952966192,0.12272627577177116,0.0,0.0,1.0,0.0,0.0,1.0,1.0,0.0,0.0,1.0,0.0,0.0,0.0,1.0,1
-0.2685239905511443,0.02545701006545737,0.31622305399733597,-1.372799845610837,-0.9971454236901246,0.029645611230824178,-0.006404319601703819,-1.1957296859661453,0.0,0.0,0.0,1.0,1.0,0.0,1.0,0.0,0.0,1.0,0.0,0.0,0.0,1.0,0
-0.2685239905511443,-0.9684808640180954,0.44323939340481155,-0.5327815830372792,-0.28446795335246267,0.029645611230824178,1.139631819650685,-0.7562443653868398,0.0,0.0,1.0,0.0,0.0,1.0,1.0,0.0,0.0,1.0,0.0,1.0,0.0,0.0,0
0.48338077823049896,-0.3616358032085094,-0.9539403400774199,-0.2807761042652118,0.15410279762455925,-1.1970693362515892,-1.5063633842114474,1.0016969169303822,0.0,1.0,0.0,0.0,0.0,1.0,1.0,0.0,0.0,1.0,0.0,0.0,0.0,1.0,1
0.2954045860350881,0.12445685346030375,1.522878278368354,1.9872732046833943,-0.22964660948033502,0.8474555762190998,0.9710970932900395,-1.6352150065454507,0.0,0.0,0.0,1.0,1.0,0.0,1.0,0.0,0.0,1.0,0.0,0.0,0.0,1.0,1
0.2954045860350881,0.47138450535694965,-0.5093831521512553,0.39123850579363445,0.3185668292409431,0.029645611230824178,1.2407526554670723,1.0016969169303822,0.0,0.0,0.0,1.0,0.0,1.0,1.0,0.0,0.0,1.0,0.0,0.0,0.0,1.0,0
0.48338077823049896,-0.7387087361388801,-0.06482596422509078,-0.952790714324058,-0.6133960165852302,2.0741705237015133,-0.25920640914267173,0.5622115963510766,0.0,0.0,1.0,0.0,0.0,1.0,1.0,0.0,0.0,1.0,0.0,0.0,1.0,0.0,0
-0.45650018274655507,-0.21913083832181013,-0.38236681274377976,0.3072366795362787,0.4282095169851983,1.2563605587132376,0.9036832027457812,-1.6352150065454507,0.0,0.0,0.0,1.0,1.0,0.0,1.0,0.0,1.0,0.0,0.0,0.0,1.0,0.0,0
-1.396381143723609,-1.0622566672338019,1.9039272965907807,1.735267725911327,0.8119589240900935,-0.37925937126331366,0.33066513311958723,0.12272627577177116,0.0,1.0,0.0,0.0,1.0,0.0,1.0,0.0,0.0,1.0,0.0,1.0,0.0,0.0,1
1.6112379314029637,-1.0577177470781558,-1.0809566794848955,-0.3647779305225676,-0.44893198496884645,-0.37925937126331366,0.24639776993926407,0.12272627577177116,0.0,0.0,0.0,1.0,0.0,1.0,1.0,0.0,0.0,1.0,0.0,0.0,0.0,1.0,0
1.6112379314029637,0.14860733428845832,1.7134027874795674,1.0632531158524807,-0.06518257786395218,-0.7881643537574514,-0.2929133544148008,0.5622115963510766,0.0,0.0,0.0,1.0,1.0,0.0,1.0,0.0,0.0,1.0,0.0,0.0,1.0,0.0,1
0.6713569704259098,-0.701969174879028,1.4593701086646163,0.13923302702156712,-0.22964660948033502,0.8474555762190998,0.3643720783917163,-1.6352150065454507,0.0,0.0,0.0,1.0,1.0,0.0,1.0,0.0,1.0,0.0,0.0,1.0,0.0,0.0,1
-0.45650018274655507,1.0421751249301772,-1.5890220371147978,0.8952494633377692,-0.44893198496884645,-0.7881643537574514,-0.8659314240409949,0.12272627577177116,0.0,0.0,0.0,1.0,1.0,0.0,1.0,0.0,0.0,1.0,0.0,0.0,0.0,1.0,1
0.6713569704259098,-0.8589473002620327,2.2214681451094695,0.7272458108230576,-0.6133960165852302,0.029645611230824178,-0.6299828071360919,0.12272627577177116,0.0,0.0,1.0,0.0,0.0,1.0,1.0,0.0,0.0,1.0,0.0,0.0,0.0,1.0,1
-1.0204287593327874,-0.03723147208422044,0.887796581330976,0.2232348532789229,1.031244299578604,-0.37925937126331366,-0.7816640608606724,-0.7562443653868398,1.0,0.0,0.0,0.0,0.0,1.0,1.0,0.0,0.0,1.0,0.0,0.0,1.0,0.0,0
-1.9603097203098414,-0.48572816746381425,-2.0335792250409623,0.3072366795362787,-0.5585746727131017,-0.37925937126331366,-0.20864599123447844,0.12272627577177116,0.0,0.0,0.0,1.0,1.0,0.0,0.0,1.0,0.0,1.0,0.0,0.0,0.0,1.0,1
-0.2685239905511443,-0.31701736167847916,-0.7634158309662065,-0.19677427800785602,1.469815050555627,2.0741705237015133,1.8643311430014595,0.12272627577177116,0.0,0.0,0.0,1.0,0.0,1.0,1.0,0.0,0.0,1.0,0.0,1.0,0.0,0.0,0
-0.6444763749419659,-0.884981861154795,-0.6999076612624687,-1.0367925405814138,-0.1748252656082074,1.2563605587132376,1.8474776703653955,0.12272627577177116,0.0,0.0,0.0,1.0,0.0,1.0,1.0,0.0,0.0,1.0,0.0,0.0,1.0,0.0,0
0.8593331626213205,-0.09735075414579669,-1.1444648491886333,0.47524033205099026,-0.01036123399182359,-0.7881643537574514,-0.3771807175951232,1.4411822375096877,1.0,0.0,0.0,0.0,0.0,1.0,1.0,0.0,0.0,1.0,0.0,1.0,0.0,0.0,1
-1.0204287593327874,-1.2947692752069921,1.268845599553403,-1.0367925405814138,1.9083858015326498,0.029645611230824178,0.3643720783917163,0.12272627577177116,0.0,0.0,0.0,1.0,0.0,1.0,1.0,0.0,0.0,1.0,0.0,0.0,0.0,1.0,0
0.2954045860350881,-0.8748763408082623,0.5702557328122871,-0.7007852355519907,-0.22964660948033502,-0.7881643537574514,-1.8265793642966734,1.4411822375096877,1.0,0.0,0.0,0.0,0.0,1.0,1.0,0.0,0.0,1.0,0.0,0.0,0.0,1.0,1
0.2954045860350881,-1.091117348223476,-1.3984975280035845,-2.128816281927039,-1.764644237899914,-1.6059743187457272,-2.4838647971031906,1.0016969169303822,0.0,1.0,0.0,0.0,1.0,0.0,1.0,0.0,0.0,1.0,0.0,0.0,1.0,0.0,1
1.423261739207553,0.27124381849383894,-0.2553504733363042,-1.2047961930961255,-0.01036123399182359,-0.7881643537574514,0.4823463868441678,-0.3167590448075343,0.0,0.0,0.0,1.0,1.0,0.0,1.0,0.0,0.0,1.0,0.0,0.0,0.0,1.0,0
0.8593331626213205,0.38668654245253525,-2.414628243263389,-1.2887980193534812,0.3733881731130707,1.2563605587132376,1.12277834701462,0.12272627577177116,0.0,0.0,1.0,0.0,1.0,0.0,1.0,0.0,1.0,0.0,0.0,0.0,0.0,1.0,0
1.423261739207553,-0.6868965343621656,-0.890432170373682,-0.4487797567799234,-0.3392892972245912,0.43855059372496197,-0.7648105882246076,-0.3167590448075343,0.0,0.0,1.0,0.0,0.0,1.0,1.0,0.0,0.0,1.0,0.0,1.0,0.0,0.0,0
2.363142700184607,0.03230821030039484,2.157959975405732,1.735267725911327,0.2637454853688155,0.43855059372496197,-0.983905732493447,0.5622115963510766,0.0,1.0,0.0,0.0,1.0,0.0,1.0,0.0,0.0,1.0,0.0,0.0,0.0,1.0,1
-0.08054779835573346,0.24041341743662034,-0.5728913218549931,0.979251289595125,0.20892414149668687,-0.37925937126331366,-1.0344661504016404,-0.3167590448075343,1.0,0.0,0.0,0.0,1.0,0.0,0.0,1.0,0.0,1.0,0.0,0.0,1.0,0.0,0
1.423261739207553,0.133192133759849,1.268845599553403,-0.5327815830372792,-1.1616094553065084,0.43855059372496197,0.9542436206539753,-0.7562443653868398,0.0,1.0,0.0,0.0,1.0,0.0,1.0,0.0,1.0,0.0,0.0,0.0,1.0,0.0,0
0.10742839383967734,1.8173884315133515,1.205337429849665,0.47524033205099026,0.7023162363458374,2.0741705237015133,0.5329068047523619,1.4411822375096877,0.0,0.0,1.0,0.0,1.0,0.0,1.0,0.0,0.0,0.0,1.0,0.0,0.0,1.0,0
-0.8324525671373767,-0.4779349271965729,-0.2553504733363042,-1.8768108031549717,0.3733881731130707,0.029645611230824178,-0.0906716827820262,0.5622115963510766,1.0,0.0,0.0,0.0,0.0,1.0,1.0,0.0,0.0,1.0,0.0,0.0,0.0,1.0,0
0.2954045860350881,-0.5631467301186076,-0.8269240006699443,-0.7007852355519907,0.8667802679622212,0.8474555762190998,0.5329068047523619,0.5622115963510766,0.0,0.0,1.0,0.0,0.0,1.0,1.0,0.0,1.0,0.0,0.0,0.0,1.0,0.0,0
0.8593331626213205,1.9427653958127071,-1.0174485097811576,-1.2047961930961255,0.48303086085732594,-0.7881643537574514,-0.2760598817787359,0.12272627577177116,0.0,0.0,0.0,1.0,1.0,0.0,1.0,0.0,0.0,1.0,0.0,0.0,0.0,1.0,1
1.2352855470121422,-0.7081352550904717,-0.5093831521512553,-0.02877062549314445,-0.1748252656082074,-0.37925937126331366,-0.4277411355033172,1.0016969169303822,0.0,0.0,0.0,1.0,1.0,0.0,0.0,1.0,1.0,0.0,0.0,0.0,0.0,1.0,1
-0.6444763749419659,-0.7801584975602518,0.5702557328122871,-0.8687888880667023,0.5378522047294545,-0.7881643537574514,-0.7142501703164142,-1.1957296859661453,1.0,0.0,0.0,0.0,1.0,0.0,1.0,0.0,0.0,1.0,0.0,0.0,1.0,0.0,1
-0.08054779835573346,2.382591040894958,0.31622305399733597,0.3072366795362787,-1.490537518539275,0.029645611230824178,-0.7816640608606724,0.12272627577177116,0.0,0.0,1.0,0.0,0.0,1.0,1.0,0.0,1.0,0.0,0.0,1.0,0.0,0.0,1
-1.9603097203098414,-1.2858627149015736,-0.6999076612624687,-0.3647779305225676,0.09928145375243164,1.6652655412073754,1.9823054514539118,0.12272627577177116,0.0,0.0,1.0,0.0,0.0,1.0,1.0,0.0,1.0,0.0,0.0,0.0,1.0,0.0,0
-0.08054779835573346,-1.0146408256009867,0.9513047510347139,2.4072823359701734,-0.06518257786395218,0.8474555762190998,0.24639776993926407,-1.6352150065454507,1.0,0.0,0.0,0.0,1.0,0.0,1.0,0.0,0.0,1.0,0.0,0.0,1.0,0.0,0
0.8593331626213205,-0.018904511455762718,0.2527148842935982,0.13923302702156712,0.9216016118343487,0.029645611230824178,0.263251242575329,-0.7562443653868398,0.0,0.0,0.0,1.0,1.0,0.0,1.0,0.0,0.0,1.0,0.0,0.0,1.0,0.0,0
-0.2685239905511443,1.1487969285863915,0.31622305399733597,-0.02877062549314445,0.15410279762455925,-0.37925937126331366,0.8868297301097171,-1.6352150065454507,0.0,0.0,0.0,1.0,1.0,0.0,1.0,0.0,0.0,1.0,0.0,0.0,1.0,0.0,0
-1.9603097203098414,-0.47930516724356037,0.2527148842935982,1.315258594624548,-1.490537518539275,0.8474555762190998,-0.46144808077544636,1.4411822375096877,0.0,0.0,1.0,0.0,1.0,0.0,1.0,0.0,0.0,1.0,0.0,0.0,1.0,0.0,1
-1.396381143723609,-1.2763566745755976,-0.31885864304004197,-0.7847870618093465,-1.0519667675622522,1.2563605587132376,-0.17493904596234933,1.4411822375096877,0.0,0.0,0.0,1.0,1.0,0.0,1.0,0.0,1.0,0.0,0.0,0.0,0.0,1.0,0
0.8593331626213205,-0.39863228447717175,-0.890432170373682,-1.372799845610837,0.5926735486015822,0.8474555762190998,-0.5625689165918336,0.12272627577177116,1.0,0.0,0.0,0.0,0.0,1.0,0.0,1.0,0.0,0.0,1.0,1.0,0.0,0.0,1
0.8593331626213205,-0.6550384532697063,0.5702557328122871,-0.5327815830372792,-1.3808948307950188,-0.37925937126331366,0.212690824667135,0.5622115963510766,0.0,0.0,1.0,0.0,0.0,1.0,1.0,0.0,0.0,1.0,0.0,0.0,0.0,1.0,0
-0.6444763749419659,1.0430315249595443,-0.12833413392882856,-0.5327815830372792,-0.5585746727131017,0.43855059372496197,0.7182950037490715,-0.3167590448075343,1.0,0.0,0.0,0.0,1.0,0.0,1.0,0.0,0.0,1.0,0.0,0.0,1.0,0.0,0
-0.08054779835573346,0.08112301197432427,0.6972720722197627,-0.7007852355519907,-0.9423240798179969,-0.7881643537574514,-0.8827848966770597,1.0016969169303822,0.0,0.0,0.0,1.0,1.0,0.0,1.0,0.0,0.0,1.0,0.0,0.0,1.0,0.0,1
0.6713569704259098,-1.1926007517034873,-1.3984975280035845,1.9872732046833943,-0.22964660948033502,-0.7881643537574514,-0.24235293650660755,0.5622115963510766,0.0,0.0,0.0,1.0,1.0,0.0,1.0,0.0,0.0,1.0,0.0,0.0,0.0,1.0,1
0.2954045860350881,-0.28670080063888087,-0.2553504733363042,0.6432439845657019,-0.06518257786395218,-2.0148793012398647,-0.8827848966770597,-0.7562443653868398,0.0,1.0,0.0,0.0,1.0,0.0,1.0,0.0,0.0,1.0,0.0,0.0,0.0,1.0,1
-0.45650018274655507,1.7417683089202292,-0.7634158309662065,-0.5327815830372792,-1.3260734869228912,0.8474555762190998,0.0947165162146835,0.12272627577177116,0.0,0.0,1.0,0.0,1.0,0.0,1.0,0.0,0.0,1.0,0.0,1.0,0.0,0.0,0
-1.0204287593327874,-0.5468751295606311,-1.5890220371147978,1.2312567683671922,-0.7778600482016131,1.6652655412073754,-0.5794223892278978,-1.1957296859661453,0.0,0.0,0.0,1.0,1.0,0.0,1.0,0.0,0.0,1.0,0.0,0.0,1.0,0.0,1
-0.2685239905511443,-0.27308404017194265,0.9513047510347139,1.399260420881904,0.4282095169851983,-0.37925937126331366,0.9710970932900395,0.5622115963510766,0.0,0.0,0.0,1.0,1.0,0.0,1.0,0.0,0.0,1.0,0.0,0.0,0.0,1.0,0
0.6713569704259098,-0.47682160715839556,-1.4620056977073221,-0.952790714324058,1.305351018939243,0.43855059372496197,0.06100957094255439,0.12272627577177116,0.0,0.0,0.0,1.0,1.0,0.0,1.0,0.0,0.0,1.0,0.0,1.0,0.0,0.0,0
0.48338077823049896,-0.14111279564645976,1.3323537692571406,2.2392786834554617,0.8119589240900935,0.029645611230824178,-2.6186925781917063,0.5622115963510766,0.0,1.0,0.0,0.0,0.0,1.0,1.0,0.0,0.0,0.0,1.0,1.0,0.0,0.0,1
-0.2685239905511443,-0.8195528989111422,0.5067475631085494,-0.7847870618093465,1.469815050555627,-0.37925937126331366,0.06100957094255439,-0.3167590448075343,1.0,0.0,0.0,0.0,1.0,0.0,1.0,0.0,0.0,1.0,0.0,0.0,1.0,0.0,0
-0.6444763749419659,-0.6747356539451516,0.5067475631085494,-0.8687888880667023,-0.44893198496884645,0.43855059372496197,-0.07381821014596203,-0.3167590448075343,0.0,0.0,0.0,1.0,0.0,1.0,1.0,0.0,0.0,1.0,0.0,1.0,0.0,0.0,1
0.10742839383967734,0.7773762358498442,1.205337429849665,1.0632531158524807,0.9216016118343487,1.2563605587132376,-0.49515502604757544,-0.3167590448075343,0.0,1.0,0.0,0.0,1.0,0.0,1.0,0.0,0.0,1.0,0.0,0.0,1.0,0.0,1
0.48338077823049896,-0.7775036574692136,0.31622305399733597,-1.0367925405814138,0.3733881731130707,-1.6059743187457272,0.5834672226605552,-0.3167590448075343,1.0,0.0,0.0,0.0,1.0,0.0,1.0,0.0,0.0,1.0,0.0,0.0,1.0,0.0,0
-0.45650018274655507,-0.8469576998508921,0.5702557328122871,1.399260420881904,-0.9971454236901246,-0.37925937126331366,-1.6917515832081575,1.880667558088993,1.0,0.0,0.0,0.0,1.0,0.0,1.0,0.0,0.0,1.0,0.0,0.0,0.0,1.0,1
1.6112379314029637,0.7602482352625005,-0.19184230363256635,0.3072366795362787,-0.6682173604573579,0.43855059372496197,0.5834672226605552,0.12272627577177116,0.0,1.0,0.0,0.0,0.0,1.0,1.0,0.0,0.0,1.0,0.0,0.0,0.0,1.0,0
-1.0204287593327874,-0.3582958430939774,0.06219037518238481,0.2232348532789229,-1.1616094553065084,0.8474555762190998,1.12277834701462,1.0016969169303822,0.0,1.0,0.0,0.0,1.0,0.0,1.0,0.0,0.0,1.0,0.0,0.0,0.0,1.0,0
0.10742839383967734,-0.4602930865916089,-0.12833413392882856,-2.128816281927039,-0.01036123399182359,1.2563605587132376,0.9879505659261044,-1.1957296859661453,0.0,0.0,1.0,0.0,1.0,0.0,1.0,0.0,1.0,0.0,0.0,1.0,0.0,0.0,0
-0.2685239905511443,2.382591040894958,-0.9539403400774199,-1.2887980193534812,-0.8326813920737407,0.029645611230824178,1.4092873818277178,1.4411822375096877,0.0,0.0,1.0,0.0,1.0,0.0,1.0,0.0,0.0,1.0,0.0,0.0,1.0,0.0,0
-0.45650018274655507,-0.30314368120273083,0.633763902516025,-0.8687888880667023,-0.39411064109671884,-0.37925937126331366,-0.46144808077544636,1.0016969169303822,0.0,0.0,0.0,1.0,1.0,0.0,1.0,0.0,0.0,1.0,0.0,0.0,0.0,1.0,0
-0.45650018274655507,-0.9143563821620895,-0.5728913218549931,-1.5408034981255485,-0.7778600482016131,1.2563605587132376,-0.5625689165918336,0.12272627577177116,1.0,0.0,0.0,0.0,1.0,0.0,1.0,0.0,1.0,0.0,0.0,0.0,0.0,1.0,0
-0.08054779835573346,0.04395525069978853,-0.9539403400774199,-0.4487797567799234,0.8119589240900935,-0.37925937126331366,0.6171741679326842,1.0016969169303822,1.0,0.0,0.0,0.0,1.0,0.0,1.0,0.0,0.0,1.0,0.0,0.0,0.0,1.0,0
0.8593331626213205,-0.25518527955816855,2.157959975405732,1.8192695521686828,0.7023162363458374,0.029645611230824178,0.9879505659261044,-0.7562443653868398,0.0,0.0,0.0,1.0,1.0,0.0,1.0,0.0,0.0,1.0,0.0,0.0,0.0,1.0,0
0.48338077823049896,2.1043680813542944,-0.6999076612624687,0.2232348532789229,-0.28446795335246267,0.029645611230824178,-0.5288619713197046,1.880667558088993,1.0,0.0,0.0,0.0,1.0,0.0,1.0,0.0,0.0,1.0,0.0,0.0,0.0,1.0,1
-0.2685239905511443,1.1822821697346484,-1.5890220371147978,0.8952494633377692,1.031244299578604,0.8474555762190998,0.9373901480179103,-0.3167590448075343,0.0,1.0,0.0,0.0,1.0,0.0,1.0,0.0,1.0,0.0,0.0,0.0,1.0,0.0,0
0.48338077823049896,0.6252795906342324,1.268845599553403,1.4832622471392596,-0.22964660948033502,-0.37925937126331366,-0.5120084986836396,-0.7562443653868398,0.0,0.0,0.0,1.0,1.0,0.0,1.0,0.0,0.0,1.0,0.0,0.0,0.0,1.0,1
-0.45650018274655507,-0.1328913553645348,-0.12833413392882856,0.47524033205099026,0.5926735486015822,0.43855059372496197,0.5160533321162969,1.0016969169303822,0.0,0.0,0.0,1.0,0.0,1.0,1.0,0.0,0.0,1.0,0.0,0.0,0.0,1.0,0
1.2352855470121422,1.393042216961912,0.633763902516025,2.6592878147422407,1.031244299578604,1.6652655412073754,-0.7985175334967366,1.0016969169303822,0.0,0.0,0.0,1.0,1.0,0.0,1.0,0.0,0.0,0.0,1.0,0.0,0.0,1.0,1
-1.396381143723609,-0.5423362094049851,1.3323537692571406,2.5752859884848847,1.6891004260441382,-0.7881643537574514,-1.1018800409458986,0.5622115963510766,0.0,0.0,1.0,0.0,0.0,1.0,1.0,0.0,0.0,1.0,0.0,0.0,0.0,1.0,1
1.2352855470121422,0.7316444742816366,-0.44587498244751755,0.7272458108230576,-1.7098228940277864,2.0741705237015133,-0.4108876628672523,0.12272627577177116,0.0,0.0,1.0,0.0,1.0,0.0,1.0,0.0,0.0,1.0,0.0,0.0,1.0,0.0,1
0.6713569704259098,2.382591040894958,-0.12833413392882856,-1.2047961930961255,0.04446010988030403,0.43855059372496197,-0.7479571155885434,0.5622115963510766,0.0,1.0,0.0,0.0,0.0,1.0,1.0,0.0,0.0,1.0,0.0,0.0,1.0,0.0,0
2.6451069884777234,-1.05891670711927,-0.5728913218549931,-1.0367925405814138,0.8667802679622212,0.43855059372496197,-0.47830155341151054,-0.3167590448075343,0.0,0.0,0.0,1.0,0.0,1.0,1.0,0.0,0.0,1.0,0.0,0.0,0.0,1.0,1
-0.45650018274655507,-1.2692485543318501,-0.44587498244751755,0.3072366795362787,-0.8326813920737407,0.8474555762190998,0.1958373520310708,0.12272627577177116,0.0,0.0,0.0,1.0,1.0,0.0,1.0,0.0,0.0,0.0,1.0,0.0,1.0,0.0,1
0.48338077823049896,0.1499775743354458,-1.7160383765222733,-0.19677427800785602,-0.5585746727131017,0.8474555762190998,0.07786304357861931,-0.3167590448075343,0.0,1.0,0.0,0.0,0.0,1.0,1.0,0.0,0.0,1.0,0.0,0.0,1.0,0.0,0
0.8593331626213205,-0.9519523434513087,-0.38236681274377976,-1.5408034981255485,-0.22964660948033502,-2.0148793012398647,0.027302625670425285,0.5622115963510766,0.0,0.0,1.0,0.0,1.0,0.0,1.0,0.0,0.0,1.0,0.0,0.0,0.0,1.0,0
-0.2685239905511443,0.20855533634416112,-0.19184230363256635,-0.4487797567799234,0.5378522047294545,0.43855059372496197,-0.0569647375098971,-1.6352150065454507,0.0,0.0,0.0,1.0,0.0,1.0,1.0,0.0,0.0,0.0,1.0,1.0,0.0,0.0,1
-0.8324525671373767,-0.767312497119744,0.887796581330976,0.559242158308346,-0.3392892972245912,2.0741705237015133,1.105924874378556,-1.1957296859661453,1.0,0.0,0.0,0.0,1.0,0.0,1.0,0.0,0.0,1.0,0.0,0.0,1.0,0.0,0
0.48338077823049896,-0.4774210871789526,-0.9539403400774199,-0.11277245175050024,-0.28446795335246267,-0.7881643537574514,0.027302625670425285,-0.3167590448075343,1.0,0.0,0.0,0.0,0.0,1.0,1.0,0.0,0.0,1.0,0.0,0.0,1.0,0.0,1
1.6112379314029637,0.7020986732684688,-0.9539403400774199,0.559242158308346,-0.9971454236901246,-1.6059743187457272,0.4991998594802327,1.880667558088993,0.0,0.0,0.0,1.0,1.0,0.0,1.0,0.0,0.0,1.0,0.0,0.0,0.0,1.0,1
-0.8324525671373767,-0.6487010930523892,-1.52551386741106,-0.2807761042652118,-1.216430799178636,0.43855059372496197,2.2688144862670088,1.0016969169303822,0.0,0.0,0.0,1.0,0.0,1.0,1.0,0.0,0.0,1.0,0.0,0.0,0.0,1.0,0
0.10742839383967734,-0.47819184720538305,-2.414628243263389,-0.4487797567799234,-1.216430799178636,-1.6059743187457272,0.4149324962999096,0.5622115963510766,0.0,0.0,0.0,1.0,0.0,1.0,1.0,0.0,1.0,0.0,0.0,0.0,0.0,1.0,0
0.6713569704259098,-1.2116984723583755,0.18920671458986038,-0.3647779305225676,-0.39411064109671884,-1.6059743187457272,-2.163648817017964,-0.7562443653868398,0.0,1.0,0.0,0.0,1.0,0.0,1.0,0.0,0.0,0.0,1.0,1.0,0.0,0.0,1
-0.08054779835573346,-0.9178676222824949,1.0148129207384518,0.39123850579363445,-0.06518257786395218,0.029645611230824178,-0.5962758618639628,1.0016969169303822,0.0,0.0,0.0,1.0,1.0,0.0,1.0,0.0,0.0,1.0,0.0,0.0,1.0,0.0,1
-0.2685239905511443,1.9788198370490655,0.887796581330976,0.559242158308346,0.6474948924737097,0.029645611230824178,0.11156998885074842,-0.3167590448075343,0.0,0.0,0.0,1.0,1.0,0.0,1.0,0.0,0.0,1.0,0.0,0.0,0.0,1.0,0
0.6713569704259098,-0.6316587324679823,-0.5728913218549931,0.055231200764211334,-1.4357161746671474,-0.37925937126331366,-0.5794223892278978,-0.7562443653868398,0.0,0.0,1.0,0.0,1.0,0.0,1.0,0.0,0.0,1.0,0.0,0.0,0.0,1.0,1
0.2954045860350881,1.1084604872031971,-0.5093831521512553,-1.2887980193534812,0.7023162363458374,0.43855059372496197,0.6340276405687484,2.320152878668299,0.0,0.0,0.0,1.0,0.0,1.0,1.0,0.0,1.0,0.0,0.0,0.0,0.0,1.0,0
-0.45650018274655507,2.382591040894958,1.522878278368354,1.399260420881904,-0.1200039217360798,-0.37925937126331366,-0.7311036429524784,1.0016969169303822,0.0,0.0,0.0,1.0,1.0,0.0,1.0,0.0,1.0,0.0,0.0,0.0,0.0,1.0,1
-1.0204287593327874,-0.8283738192136242,1.9674354662945186,2.2392786834554617,-0.3392892972245912,-0.7881643537574514,-0.0569647375098971,0.5622115963510766,0.0,0.0,1.0,0.0,0.0,1.0,1.0,0.0,0.0,1.0,0.0,0.0,0.0,1.0,1
-0.6444763749419659,-1.109358668848997,-0.19184230363256635,-0.11277245175050024,1.1408869873228602,0.8474555762190998,0.6677345858408775,-0.3167590448075343,1.0,0.0,0.0,0.0,0.0,1.0,1.0,0.0,0.0,1.0,0.0,0.0,0.0,1.0,0
-0.6444763749419659,-0.69982817480561,-1.52551386741106,0.13923302702156712,0.4282095169851983,0.43855059372496197,-0.8153710061328016,0.5622115963510766,0.0,1.0,0.0,0.0,0.0,1.0,1.0,0.0,0.0,1.0,0.0,0.0,0.0,1.0,0
0.10742839383967734,2.382591040894958,-0.19184230363256635,-0.4487797567799234,-0.7778600482016131,0.029645611230824178,1.5272616902801692,1.880667558088993,0.0,0.0,0.0,1.0,1.0,0.0,1.0,0.0,1.0,0.0,0.0,0.0,1.0,0.0,0
-0.08054779835573346,-0.40060200454471623,-0.44587498244751755,0.7272458108230576,-0.44893198496884645,0.029645611230824178,0.4149324962999096,-1.6352150065454507,0.0,0.0,1.0,0.0,0.0,1.0,1.0,0.0,0.0,1.0,0.0,0.0,0.0,1.0,0
-1.9603097203098414,0.020661169901001145,-1.1444648491886333,1.0632531158524807,-0.39411064109671884,0.8474555762190998,-0.309766827050865,-0.3167590448075343,0.0,1.0,0.0,0.0,0.0,1.0,1.0,0.0,0.0,1.0,0.0,0.0,1.0,0.0,0
0.10742839383967734,-1.1335947896800884,-1.0809566794848955,-0.4487797567799234,-0.01036123399182359,-0.7881643537574514,-1.0681730956737694,0.12272627577177116,0.0,0.0,1.0,0.0,1.0,0.0,1.0,0.0,1.0,0.0,0.0,0.0,0.0,1.0,1
0.48338077823049896,-0.20791199793710005,-0.06482596422509078,-0.3647779305225676,2.566241927998183,-0.37925937126331366,-0.2929133544148008,0.5622115963510766,0.0,0.0,1.0,0.0,1.0,0.0,1.0,0.0,0.0,1.0,0.0,0.0,0.0,1.0,0
-0.45650018274655507,-1.0329677862294442,-2.0335792250409623,-0.02877062549314445,-0.22964660948033502,-0.37925937126331366,-0.7985175334967366,1.4411822375096877,0.0,1.0,0.0,0.0,1.0,0.0,1.0,0.0,0.0,0.0,1.0,0.0,1.0,0.0,1
-0.45650018274655507,-0.4574669664946972,1.7769109571833053,1.5672640733966154,-0.6133960165852302,0.8474555762190998,-0.8490779514049307,0.12272627577177116,0.0,0.0,0.0,1.0,1.0,0.0,1.0,0.0,0.0,1.0,0.0,0.0,0.0,1.0,1
-0.45650018274655507,0.35594178139825333,0.7607802419235005,-0.02877062549314445,-1.7098228940277864,1.6652655412073754,0.8868297301097171,-0.7562443653868398,0.0,1.0,0.0,0.0,1.0,0.0,1.0,0.0,0.0,1.0,0.0,1.0,0.0,0.0,1
-0.08054779835573346,-0.37379668362552343,1.3323537692571406,0.6432439845657019,-0.5037533288409741,0.029645611230824178,0.11156998885074842,-0.7562443653868398,0.0,0.0,0.0,1.0,1.0,0.0,1.0,0.0,0.0,1.0,0.0,0.0,0.0,1.0,0
-1.2084049515281983,0.21437885654385797,-0.0013177945213529853,-1.2887980193534812,-1.2712521430507635,-0.7881643537574514,-0.15808557332628442,-1.1957296859661453,0.0,0.0,1.0,0.0,1.0,0.0,1.0,0.0,0.0,1.0,0.0,0.0,0.0,1.0,1
-0.2685239905511443,-0.1393999955877254,0.06219037518238481,-0.3647779305225676,1.6342790821720108,0.029645611230824178,0.6171741679326842,-2.074700327124756,1.0,0.0,0.0,0.0,1.0,0.0,1.0,0.0,0.0,1.0,0.0,0.0,1.0,0.0,0
-0.2685239905511443,-0.38124736388101793,0.8242884116272383,0.13923302702156712,0.9764229557064764,-0.7881643537574514,-0.47830155341151054,-2.074700327124756,0.0,0.0,0.0,1.0,1.0,0.0,1.0,0.0,0.0,1.0,0.0,0.0,0.0,1.0,1
0.6713569704259098,-0.7200392154986756,0.37973122370107376,0.6432439845657019,2.018028489276905,0.8474555762190998,-0.49515502604757544,1.0016969169303822,0.0,0.0,0.0,1.0,1.0,0.0,1.0,0.0,0.0,1.0,0.0,0.0,0.0,1.0,0
0.2954045860350881,1.3067170940017,-0.2553504733363042,1.4832622471392596,-1.216430799178636,-0.7881643537574514,-0.4108876628672523,-0.3167590448075343,1.0,0.0,0.0,0.0,0.0,1.0,1.0,0.0,0.0,1.0,0.0,0.0,0.0,1.0,1
-1.0204287593327874,0.07521385177169071,0.9513047510347139,1.6512658996539713,0.757137580217965,0.029645611230824178,-1.1355869862180277,1.4411822375096877,0.0,0.0,1.0,0.0,0.0,1.0,1.0,0.0,0.0,1.0,0.0,0.0,1.0,0.0,0
-0.45650018274655507,-0.2861013206183239,0.37973122370107376,0.055231200764211334,0.9764229557064764,0.43855059372496197,-0.5962758618639628,0.12272627577177116,1.0,0.0,0.0,0.0,1.0,0.0,1.0,0.0,0.0,1.0,0.0,0.0,1.0,0.0,0
-0.45650018274655507,2.382591040894958,0.31622305399733597,-0.19677427800785602,0.4282095169851983,0.029645611230824178,0.836269312201523,-0.7562443653868398,0.0,1.0,0.0,0.0,0.0,1.0,1.0,0.0,0.0,1.0,0.0,1.0,0.0,0.0,0
-0.45650018274655507,-1.3050460755593984,-1.0809566794848955,-0.952790714324058,-1.216430799178636,-1.1970693362515892,-0.22549946387054262,-0.7562443653868398,0.0,0.0,0.0,1.0,0.0,1.0,1.0,0.0,0.0,1.0,0.0,0.0,0.0,1.0,0
-1.0204287593327874,0.525080787198272,-0.6363994915587309,-1.2047961930961255,-0.22964660948033502,1.6652655412073754,0.7182950037490715,0.5622115963510766,0.0,0.0,0.0,1.0,0.0,1.0,1.0,0.0,0.0,1.0,0.0,0.0,0.0,1.0,0
-1.396381143723609,-0.9820976244850336,0.887796581330976,0.055231200764211334,-0.44893198496884645,-0.7881643537574514,-0.8659314240409949,-0.3167590448075343,0.0,0.0,1.0,0.0,1.0,0.0,1.0,0.0,1.0,0.0,0.0,0.0,0.0,1.0,1
0.8593331626213205,-0.498574167904322,0.31622305399733597,-0.5327815830372792,-0.01036123399182359,1.6652655412073754,-0.933345314585253,0.12272627577177116,0.0,0.0,0.0,1.0,1.0,0.0,0.0,1.0,0.0,1.0,0.0,0.0,0.0,1.0,1
0.10742839383967734,0.1470658142355974,-1.4620056977073221,-0.2807761042652118,-1.4357161746671474,0.8474555762190998,1.0048040385621686,0.12272627577177116,0.0,0.0,1.0,0.0,1.0,0.0,1.0,0.0,0.0,1.0,0.0,0.0,0.0,1.0,0
-0.8324525671373767,0.8267905175443306,-1.0174485097811576,-0.11277245175050024,0.8667802679622212,0.8474555762190998,-0.5625689165918336,-0.7562443653868398,0.0,0.0,1.0,0.0,0.0,1.0,1.0,0.0,0.0,0.0,1.0,0.0,0.0,1.0,1
-1.396381143723609,-1.2118697523642488,-1.0809566794848955,-1.5408034981255485,1.9632071454047775,-0.7881643537574514,-0.25920640914267173,0.12272627577177116,0.0,1.0,0.0,0.0,1.0,0.0,1.0,0.0,0.0,1.0,0.0,0.0,0.0,1.0,0
0.2954045860350881,-0.10077635426326542,-0.0013177945213529853,0.055231200764211334,-0.06518257786395218,0.43855059372496197,0.5329068047523619,-0.3167590448075343,1.0,0.0,0.0,0.0,1.0,0.0,1.0,0.0,0.0,1.0,0.0,0.0,0.0,1.0,0
1.9871903157937854,-0.5181857285768305,0.31622305399733597,0.13923302702156712,-0.6133960165852302,0.43855059372496197,-0.25920640914267173,0.5622115963510766,0.0,0.0,0.0,1.0,0.0,1.0,1.0,0.0,1.0,0.0,0.0,0.0,0.0,1.0,0
-1.2084049515281983,-0.10445887438954432,1.0148129207384518,0.47524033205099026,0.2637454853688155,1.2563605587132376,1.4598477997359112,-0.3167590448075343,1.0,0.0,0.0,0.0,1.0,0.0,1.0,0.0,1.0,0.0,0.0,1.0,0.0,0.0,0
0.6713569704259098,-0.5093648082743485,-0.2553504733363042,-0.2807761042652118,-0.8326813920737407,-0.37925937126331366,2.0834262872702993,-1.1957296859661453,0.0,0.0,0.0,1.0,0.0,1.0,1.0,0.0,0.0,1.0,0.0,1.0,0.0,0.0,0
0.2954045860350881,0.5422944277885524,-0.12833413392882856,1.8192695521686828,0.4282095169851983,1.2563605587132376,-0.07381821014596203,-0.3167590448075343,0.0,0.0,0.0,1.0,1.0,0.0,1.0,0.0,0.0,1.0,0.0,0.0,0.0,1.0,0
1.0473093548167314,0.36287862163612755,0.1256985448861226,-0.5327815830372792,2.018028489276905,0.029645611230824178,1.2070457101949432,-1.6352150065454507,1.0,0.0,0.0,0.0,1.0,0.0,1.0,0.0,1.0,0.0,0.0,1.0,0.0,0.0,0
0.10742839383967734,-0.6328576925090963,0.1256985448861226,-0.8687888880667023,-1.0519667675622522,-1.1970693362515892,-0.15808557332628442,0.12272627577177116,0.0,1.0,0.0,0.0,1.0,0.0,0.0,1.0,0.0,1.0,0.0,0.0,0.0,1.0,1
-0.45650018274655507,2.382591040894958,-0.0013177945213529853,-0.4487797567799234,-0.06518257786395218,-0.37925937126331366,-0.006404319601703819,0.12272627577177116,0.0,0.0,0.0,1.0,0.0,1.0,1.0,0.0,1.0,0.0,0.0,0.0,0.0,1.0,0
-1.58435733591902,0.43738542419107246,0.633763902516025,-0.7007852355519907,0.04446010988030403,-2.0148793012398647,0.24639776993926407,-1.1957296859661453,1.0,0.0,0.0,0.0,1.0,0.0,1.0,0.0,0.0,1.0,0.0,0.0,1.0,0.0,1
-1.2084049515281983,0.38163378227926886,-0.44587498244751755,-1.2047961930961255,0.757137580217965,1.2563605587132376,1.1901922375588783,0.5622115963510766,0.0,0.0,0.0,1.0,1.0,0.0,1.0,0.0,0.0,1.0,0.0,0.0,1.0,0.0,0
1.6112379314029637,-0.4185007651584904,0.2527148842935982,-1.372799845610837,1.1957083311949879,-0.7881643537574514,-0.24235293650660755,-0.7562443653868398,0.0,0.0,0.0,1.0,0.0,1.0,1.0,0.0,1.0,0.0,0.0,0.0,0.0,1.0,1
2.363142700184607,-0.5224677287236664,-0.890432170373682,0.47524033205099026,0.20892414149668687,0.8474555762190998,-0.7142501703164142,0.12272627577177116,0.0,0.0,1.0,0.0,0.0,1.0,1.0,0.0,0.0,1.0,0.0,0.0,0.0,1.0,1
-0.45650018274655507,0.3889988225318266,2.2849763148132074,-0.2807761042652118,-1.6550015501556579,0.029645611230824178,0.4991998594802327,0.12272627577177116,0.0,0.0,1.0,0.0,1.0,0.0,1.0,0.0,0.0,1.0,0.0,1.0,0.0,0.0,0
1.423261739207553,0.296764539368981,-0.9539403400774199,-0.4487797567799234,-0.39411064109671884,0.43855059372496197,0.2801047152113932,0.12272627577177116,1.0,0.0,0.0,0.0,1.0,0.0,1.0,0.0,0.0,0.0,1.0,0.0,0.0,1.0,1
1.2352855470121422,0.29239689921920836,-0.9539403400774199,0.47524033205099026,-0.01036123399182359,0.029645611230824178,0.3980790236638454,-1.1957296859661453,0.0,0.0,0.0,1.0,1.0,0.0,1.0,0.0,0.0,1.0,0.0,0.0,0.0,1.0,0
-0.2685239905511443,0.022716529971482383,1.7134027874795674,2.6592878147422407,0.04446010988030403,0.8474555762190998,-0.25920640914267173,-0.7562443653868398,0.0,0.0,0.0,1.0,0.0,1.0,1.0,0.0,1.0,0.0,0.0,1.0,0.0,0.0,1
0.8593331626213205,0.47797878558307694,0.5067475631085494,1.1472549421098366,-1.7098228940277864,-0.37925937126331366,-1.0850265683098343,0.12272627577177116,1.0,0.0,0.0,0.0,1.0,0.0,1.0,0.0,0.0,1.0,0.0,0.0,1.0,0.0,1
1.9871903157937854,0.03273641031507843,1.0783210904421894,0.559242158308346,2.758116631550631,-0.7881643537574514,-1.0344661504016404,-2.074700327124756,1.0,0.0,0.0,0.0,0.0,1.0,1.0,0.0,1.0,0.0,0.0,0.0,1.0,0.0,1
1.423261739207553,-0.9668537039622978,1.5863864480720917,0.3072366795362787,0.7023162363458374,2.0741705237015133,0.8699762574736521,-1.6352150065454507,0.0,0.0,0.0,1.0,1.0,0.0,1.0,0.0,0.0,1.0,0.0,0.0,1.0,0.0,1
-0.08054779835573346,-0.29303816085619805,0.06219037518238481,-0.4487797567799234,0.9216016118343487,1.2563605587132376,-0.25920640914267173,0.5622115963510766,0.0,0.0,1.0,0.0,1.0,0.0,1.0,0.0,0.0,1.0,0.0,0.0,1.0,0.0,0
0.2954045860350881,-0.5844710908498505,-0.2553504733363042,0.8952494633377692,0.2637454853688155,2.0741705237015133,0.6171741679326842,-1.1957296859661453,0.0,0.0,0.0,1.0,1.0,0.0,1.0,0.0,0.0,1.0,0.0,0.0,1.0,0.0,1
0.10742839383967734,1.882303553739384,2.6342712481837656,1.399260420881904,-2.4773217082375756,0.029645611230824178,1.3587269639195239,-2.074700327124756,1.0,0.0,0.0,0.0,1.0,0.0,1.0,0.0,0.0,1.0,0.0,1.0,0.0,0.0,1
0.2954045860350881,0.2270535769784923,0.5067475631085494,0.6432439845657019,0.3733881731130707,-0.7881643537574514,0.5160533321162969,1.880667558088993,0.0,0.0,0.0,1.0,1.0,0.0,1.0,0.0,0.0,1.0,0.0,1.0,0.0,0.0,0
1.2352855470121422,0.1799515753632972,-1.0174485097811576,-0.19677427800785602,0.757137580217965,-1.6059743187457272,-2.045674508565513,0.5622115963510766,0.0,0.0,0.0,1.0,1.0,0.0,0.0,1.0,0.0,1.0,0.0,0.0,0.0,1.0,1
0.48338077823049896,-0.42415300535231376,-1.2714811885961088,1.2312567683671922,0.4282095169851983,-0.7881643537574514,-0.39403419023118813,-0.7562443653868398,0.0,0.0,1.0,0.0,1.0,0.0,1.0,0.0,1.0,0.0,0.0,0.0,1.0,0.0,1
1.6112379314029637,1.2865916933115713,1.0148129207384518,1.2312567683671922,2.566241927998183,-0.37925937126331366,0.4991998594802327,1.4411822375096877,1.0,0.0,0.0,0.0,1.0,0.0,1.0,0.0,0.0,1.0,0.0,1.0,0.0,0.0,0
1.9871903157937854,-0.009312831126850265,-0.5728913218549931,-0.2807761042652118,0.4282095169851983,-0.37925937126331366,1.3587269639195239,-0.7562443653868398,0.0,0.0,0.0,1.0,1.0,0.0,1.0,0.0,1.0,0.0,0.0,0.0,0.0,1.0,0
0.48338077823049896,-0.8496125399419304,-0.2553504733363042,2.07127503094075,-1.764644237899914,0.029645611230824178,-0.2929133544148008,-2.074700327124756,0.0,0.0,1.0,0.0,1.0,0.0,1.0,0.0,0.0,1.0,0.0,0.0,0.0,1.0,0
0.6713569704259098,-0.09161287394903657,-0.06482596422509078,-1.5408034981255485,0.757137580217965,1.6652655412073754,-0.983905732493447,-0.3167590448075343,1.0,0.0,0.0,0.0,0.0,1.0,1.0,0.0,0.0,1.0,0.0,0.0,0.0,1.0,0
0.2954045860350881,-0.23591627889740693,0.06219037518238481,-0.11277245175050024,-1.3808948307950188,-0.7881643537574514,-1.4558029663032537,-0.3167590448075343,0.0,1.0,0.0,0.0,0.0,1.0,1.0,0.0,0.0,1.0,0.0,1.0,0.0,0.0,1
-0.8324525671373767,-0.8824126610666935,-0.890432170373682,-1.6248053243829044,-0.44893198496884645,0.8474555762190998,-0.6805432250442851,0.5622115963510766,0.0,0.0,1.0,0.0,1.0,0.0,1.0,0.0,1.0,0.0,0.0,1.0,0.0,0.0,0
0.10742839383967734,0.5160029468869799,0.887796581330976,-0.3647779305225676,-0.1748252656082074,0.43855059372496197,0.4823463868441678,0.5622115963510766,0.0,0.0,0.0,1.0,1.0,0.0,1.0,0.0,0.0,1.0,0.0,0.0,0.0,1.0,0
-0.2685239905511443,1.3804531365302146,0.06219037518238481,-0.4487797567799234,1.5246363944277546,-0.7881643537574514,-2.4670113244671263,0.5622115963510766,0.0,0.0,0.0,1.0,0.0,1.0,1.0,0.0,1.0,0.0,0.0,0.0,0.0,1.0,1
1.0473093548167314,0.21669113662314937,-0.9539403400774199,-1.0367925405814138,1.0860656434507325,0.43855059372496197,0.7520019490212007,0.12272627577177116,0.0,0.0,0.0,1.0,1.0,0.0,1.0,0.0,1.0,0.0,0.0,0.0,1.0,0.0,0
-0.08054779835573346,1.7116230278865043,0.2527148842935982,0.055231200764211334,1.5246363944277546,-1.6059743187457272,-1.0850265683098343,1.4411822375096877,0.0,0.0,0.0,1.0,0.0,1.0,1.0,0.0,0.0,1.0,0.0,0.0,0.0,1.0,1
0.10742839383967734,-0.42646528543160517,0.06219037518238481,0.3072366795362787,-0.28446795335246267,1.6652655412073754,-0.5457154439557688,1.0016969169303822,1.0,0.0,0.0,0.0,0.0,1.0,1.0,0.0,0.0,1.0,0.0,1.0,0.0,0.0,0
0.10742839383967734,-0.9472421432897893,-0.19184230363256635,0.13923302702156712,1.4149937066834992,-0.37925937126331366,1.763210307185073,-1.6352150065454507,1.0,0.0,0.0,0.0,1.0,0.0,1.0,0.0,1.0,0.0,0.0,0.0,0.0,1.0,0
-0.6444763749419659,-0.623522932188994,1.0783210904421894,-1.0367925405814138,1.305351018939243,1.6652655412073754,-0.7479571155885434,-0.7562443653868398,0.0,0.0,0.0,1.0,1.0,0.0,1.0,0.0,0.0,1.0,0.0,0.0,1.0,0.0,1
-0.2685239905511443,-0.11242339466265912,-0.890432170373682,-0.3647779305225676,-0.8326813920737407,-1.1970693362515892,-1.3041217125786733,-0.7562443653868398,0.0,0.0,1.0,0.0,1.0,0.0,1.0,0.0,0.0,1.0,0.0,1.0,0.0,0.0,1
0.6713569704259098,-0.5446484894842765,-0.890432170373682,-0.952790714324058,-0.22964660948033502,0.029645611230824178,-0.9670522598573822,0.12272627577177116,0.0,1.0,0.0,0.0,1.0,0.0,1.0,0.0,0.0,1.0,0.0,0.0,0.0,1.0,1
1.7992141235983745,-0.6647157736015555,0.9513047510347139,-0.6167834092946349,0.48303086085732594,-0.7881643537574514,-2.045674508565513,0.12272627577177116,0.0,0.0,1.0,0.0,0.0,1.0,1.0,0.0,1.0,0.0,0.0,0.0,1.0,0.0,1
1.0473093548167314,0.7636738353799692,-0.5093831521512553,-0.2807761042652118,1.4149937066834992,0.43855059372496197,0.1621304067589417,-0.3167590448075343,1.0,0.0,0.0,0.0,0.0,1.0,1.0,0.0,0.0,1.0,0.0,0.0,0.0,1.0,0
-0.08054779835573346,-0.1763964768563877,-0.06482596422509078,-0.5327815830372792,0.757137580217965,-1.1970693362515892,-0.8490779514049307,0.5622115963510766,1.0,0.0,0.0,0.0,1.0,0.0,0.0,1.0,1.0,0.0,0.0,0.0,1.0,0.0,1
-0.08054779835573346,-0.9618865837919681,0.887796581330976,0.8952494633377692,1.6891004260441382,0.029645611230824178,-0.47830155341151054,-0.3167590448075343,0.0,0.0,0.0,1.0,1.0,0.0,1.0,0.0,1.0,0.0,0.0,1.0,0.0,0.0,1
1.0473093548167314,0.6476316314007159,1.6498946177758296,1.4832622471392596,-1.3260734869228912,-0.37925937126331366,0.6171741679326842,-2.074700327124756,0.0,0.0,1.0,0.0,1.0,0.0,1.0,0.0,0.0,1.0,0.0,0.0,0.0,1.0,1
1.0473093548167314,-0.14950551593425815,0.9513047510347139,0.7272458108230576,0.3185668292409431,1.2563605587132376,0.6508811132048133,-1.1957296859661453,0.0,0.0,0.0,1.0,1.0,0.0,1.0,0.0,0.0,1.0,0.0,1.0,0.0,0.0,0
-1.396381143723609,-0.12518375510023014,0.2527148842935982,-0.19677427800785602,-2.258036332749064,-0.7881643537574514,-2.365890488650739,1.0016969169303822,0.0,0.0,1.0,0.0,1.0,0.0,1.0,0.0,0.0,1.0,0.0,1.0,0.0,0.0,1
0.10742839383967734,0.004218289337151228,-0.06482596422509078,0.6432439845657019,0.4282095169851983,-1.1970693362515892,-2.6186925781917063,-1.1957296859661453,0.0,0.0,0.0,1.0,0.0,1.0,1.0,0.0,0.0,1.0,0.0,1.0,0.0,0.0,1
0.48338077823049896,-0.31975784177245414,0.06219037518238481,0.055231200764211334,-0.9423240798179969,-0.37925937126331366,0.6171741679326842,-0.3167590448075343,0.0,0.0,0.0,1.0,1.0,0.0,1.0,0.0,0.0,1.0,0.0,0.0,0.0,1.0,0
-1.2084049515281983,2.382591040894958,0.9513047510347139,1.4832622471392596,1.5794577382998822,-0.37925937126331366,-0.023257792237767996,-0.7562443653868398,0.0,0.0,0.0,1.0,1.0,0.0,1.0,0.0,0.0,1.0,0.0,1.0,0.0,0.0,0
0.2954045860350881,0.19373961583610885,1.1418292601459272,-0.2807761042652118,0.04446010988030403,0.43855059372496197,0.3980790236638454,0.5622115963510766,1.0,0.0,0.0,0.0,0.0,1.0,1.0,0.0,0.0,1.0,0.0,0.0,0.0,1.0,0
-0.2685239905511443,1.4123112176226738,0.5067475631085494,1.399260420881904,0.9764229557064764,0.8474555762190998,1.139631819650685,-0.7562443653868398,0.0,0.0,1.0,0.0,0.0,1.0,1.0,0.0,0.0,1.0,0.0,0.0,0.0,1.0,0
0.6713569704259098,2.382591040894958,1.3323537692571406,0.979251289595125,0.7023162363458374,1.2563605587132376,-0.0569647375098971,0.12272627577177116,0.0,0.0,0.0,1.0,0.0,1.0,0.0,1.0,0.0,1.0,0.0,0.0,0.0,1.0,0
0.48338077823049896,-0.07525563338812337,0.18920671458986038,1.9032713784260387,-0.1200039217360798,-0.37925937126331366,1.1901922375588783,-1.1957296859661453,0.0,1.0,0.0,0.0,0.0,1.0,1.0,0.0,1.0,0.0,0.0,0.0,0.0,1.0,1
0.10742839383967734,-0.7796446575426316,1.4593701086646163,1.0632531158524807,-1.7098228940277864,0.8474555762190998,1.4598477997359112,1.4411822375096877,0.0,1.0,0.0,0.0,1.0,0.0,1.0,0.0,0.0,1.0,0.0,0.0,1.0,0.0,1
2.6451069884777234,0.11178213302566943,-0.19184230363256635,-0.2807761042652118,0.04446010988030403,-0.7881643537574514,0.8194158395654588,0.5622115963510766,0.0,0.0,0.0,1.0,1.0,0.0,1.0,0.0,0.0,1.0,0.0,0.0,0.0,1.0,0
0.10742839383967734,0.6314456708456762,0.633763902516025,-0.6167834092946349,0.09928145375243164,0.43855059372496197,-0.5288619713197046,-1.6352150065454507,0.0,1.0,0.0,0.0,1.0,0.0,1.0,0.0,0.0,1.0,0.0,0.0,0.0,1.0,0
-1.9603097203098414,1.6661481863271068,2.411992654220683,0.6432439845657019,0.4282095169851983,0.43855059372496197,0.7014415311130066,0.5622115963510766,0.0,0.0,1.0,0.0,1.0,0.0,1.0,0.0,1.0,0.0,0.0,0.0,0.0,1.0,1
-1.9603097203098414,-0.8217795389874969,-1.7795465462260112,-0.7847870618093465,-1.8194655817720418,-0.7881643537574514,-2.4164509065589326,0.5622115963510766,0.0,0.0,1.0,0.0,1.0,0.0,1.0,0.0,1.0,0.0,0.0,0.0,0.0,1.0,1
-0.08054779835573346,-0.7583202968113887,-0.19184230363256635,-0.7007852355519907,1.9632071454047775,0.8474555762190998,0.3812255510277805,-1.6352150065454507,0.0,1.0,0.0,0.0,0.0,1.0,1.0,0.0,0.0,0.0,1.0,1.0,0.0,0.0,1
-1.7723335281144308,0.2994193794600193,-0.31885864304004197,-0.8687888880667023,1.1408869873228602,-1.6059743187457272,-1.489509911575383,0.5622115963510766,1.0,0.0,0.0,0.0,1.0,0.0,1.0,0.0,1.0,0.0,0.0,1.0,0.0,0.0,1
-0.8324525671373767,-0.10788447450701305,-0.31885864304004197,-0.7847870618093465,1.5246363944277546,0.029645611230824178,1.0216575111982327,2.539895538957951,0.0,0.0,0.0,1.0,0.0,1.0,1.0,0.0,1.0,0.0,0.0,0.0,0.0,1.0,0
0.6713569704259098,-0.331661802180658,-0.06482596422509078,0.559242158308346,-0.1748252656082074,-0.37925937126331366,-0.7479571155885434,-0.7562443653868398,0.0,1.0,0.0,0.0,0.0,1.0,1.0,0.0,0.0,1.0,0.0,0.0,0.0,1.0,1
1.9871903157937854,-0.7061655350229272,0.37973122370107376,1.4832622471392596,1.3601723628113718,0.029645611230824178,0.8868297301097171,-0.7562443653868398,0.0,0.0,0.0,1.0,0.0,1.0,1.0,0.0,0.0,1.0,0.0,1.0,0.0,0.0,0
1.2352855470121422,0.2643926182589015,1.6498946177758296,-1.5408034981255485,-1.3260734869228912,-0.7881643537574514,-2.197355762290093,-0.7562443653868398,0.0,0.0,0.0,1.0,1.0,0.0,0.0,1.0,1.0,0.0,0.0,0.0,1.0,0.0,1
-0.6444763749419659,2.382591040894958,-0.19184230363256635,-1.372799845610837,0.20892414149668687,-1.1970693362515892,0.0947165162146835,-1.1957296859661453,0.0,0.0,1.0,0.0,1.0,0.0,1.0,0.0,0.0,1.0,0.0,0.0,0.0,1.0,1
1.423261739207553,-0.23591627889740693,-0.38236681274377976,-0.4487797567799234,2.346956552509672,-0.7881643537574514,-1.4726564389393184,-0.3167590448075343,0.0,0.0,0.0,1.0,0.0,1.0,1.0,0.0,0.0,1.0,0.0,0.0,0.0,1.0,1
-1.2084049515281983,1.7019457075546551,-1.0809566794848955,-2.0448144556696835,-0.5585746727131017,-0.37925937126331366,-0.20864599123447844,-0.3167590448075343,0.0,0.0,0.0,1.0,1.0,0.0,1.0,0.0,1.0,0.0,0.0,0.0,0.0,1.0,0
-0.8324525671373767,0.0948254124441992,-1.6525302068185357,-0.5327815830372792,0.3185668292409431,2.0741705237015133,0.07786304357861931,0.12272627577177116,0.0,0.0,1.0,0.0,1.0,0.0,1.0,0.0,0.0,1.0,0.0,0.0,1.0,0.0,0
-0.6444763749419659,0.6083228700527622,-2.351120073559651,-0.7847870618093465,-0.6682173604573579,-0.7881643537574514,0.07786304357861931,-0.7562443653868398,1.0,0.0,0.0,0.0,1.0,0.0,1.0,0.0,0.0,1.0,0.0,0.0,0.0,1.0,1
-0.08054779835573346,-0.5922643311170919,2.0309436359982564,-0.6167834092946349,-0.01036123399182359,-1.6059743187457272,-0.309766827050865,0.5622115963510766,1.0,0.0,0.0,0.0,1.0,0.0,1.0,0.0,0.0,1.0,0.0,0.0,1.0,0.0,1
0.10742839383967734,0.18371973549251283,-0.38236681274377976,2.3232805097128173,-0.7778600482016131,-0.7881643537574514,-0.47830155341151054,-0.3167590448075343,0.0,0.0,1.0,0.0,0.0,1.0,1.0,0.0,0.0,1.0,0.0,0.0,0.0,1.0,1
0.10742839383967734,0.058942251213714235,-1.0809566794848955,-1.5408034981255485,-1.1067881114343798,-0.37925937126331366,1.089071401742491,-0.7562443653868398,0.0,1.0,0.0,0.0,1.0,0.0,1.0,0.0,0.0,1.0,0.0,0.0,0.0,1.0,1
-0.8324525671373767,0.1570000545762567,-0.2553504733363042,-1.2047961930961255,1.305351018939243,2.0741705237015133,0.549760277388426,0.12272627577177116,0.0,0.0,0.0,1.0,1.0,0.0,1.0,0.0,0.0,1.0,0.0,1.0,0.0,0.0,0
0.8593331626213205,-0.42552324539930125,0.1256985448861226,1.1472549421098366,0.5926735486015822,0.43855059372496197,-0.5625689165918336,-2.074700327124756,0.0,0.0,0.0,1.0,1.0,0.0,1.0,0.0,1.0,0.0,0.0,1.0,0.0,0.0,0
-1.396381143723609,0.2530024978683179,-0.8269240006699443,-0.5327815830372792,1.9083858015326498,-0.7881643537574514,-1.5906307473917702,-0.7562443653868398,0.0,0.0,0.0,1.0,0.0,1.0,1.0,0.0,1.0,0.0,0.0,0.0,0.0,1.0,1
-1.2084049515281983,-0.37439616364608047,0.44323939340481155,0.8112476370804134,-0.22964660948033502,-0.7881643537574514,-1.3546821304868664,-1.1957296859661453,0.0,0.0,0.0,1.0,1.0,0.0,1.0,0.0,0.0,0.0,1.0,0.0,0.0,1.0,1
-0.2685239905511443,-0.56151957006281,0.7607802419235005,0.2232348532789229,-0.01036123399182359,0.43855059372496197,0.7688554216572648,-0.3167590448075343,0.0,0.0,0.0,1.0,0.0,1.0,1.0,0.0,0.0,1.0,0.0,0.0,0.0,1.0,0
-1.2084049515281983,-0.45429828638603864,-0.38236681274377976,-0.3647779305225676,1.0860656434507325,0.029645611230824178,0.6845880584769425,-0.3167590448075343,0.0,0.0,0.0,1.0,1.0,0.0,1.0,0.0,0.0,1.0,0.0,0.0,0.0,1.0,0
-1.0204287593327874,1.0788290461870926,-0.12833413392882856,-0.2807761042652118,1.1957083311949879,0.029645611230824178,0.9879505659261044,-1.1957296859661453,0.0,0.0,0.0,1.0,0.0,1.0,1.0,0.0,0.0,1.0,0.0,0.0,1.0,0.0,0
0.8593331626213205,1.1970978902427007,0.37973122370107376,-1.2047961930961255,-0.9971454236901246,-0.7881643537574514,2.639590884260428,-0.3167590448075343,0.0,1.0,0.0,0.0,0.0,1.0,1.0,0.0,0.0,0.0,1.0,1.0,0.0,0.0,1
0.2954045860350881,1.014855963993364,-1.207973018892371,-0.3647779305225676,-0.06518257786395218,0.029645611230824178,-1.371535603122931,0.12272627577177116,0.0,0.0,1.0,0.0,1.0,0.0,0.0,1.0,0.0,1.0,0.0,0.0,0.0,1.0,0
0.48338077823049896,0.07872509189209616,0.18920671458986038,1.315258594624548,0.5378522047294545,1.2563605587132376,0.1452769341228775,-0.3167590448075343,1.0,0.0,0.0,0.0,1.0,0.0,1.0,0.0,0.0,0.0,1.0,0.0,0.0,1.0,1
0.6713569704259098,-0.8024248983237986,0.37973122370107376,0.7272458108230576,1.3601723628113718,-0.37925937126331366,1.173338764922814,-1.6352150065454507,0.0,0.0,0.0,1.0,1.0,0.0,1.0,0.0,0.0,1.0,0.0,0.0,0.0,1.0,0
-0.6444763749419659,1.3816520965713286,0.2527148842935982,0.8112476370804134,2.1276711770211603,-0.37925937126331366,1.3081665460113305,-0.3167590448075343,1.0,0.0,0.0,0.0,0.0,1.0,1.0,0.0,0.0,1.0,0.0,0.0,0.0,1.0,0
-1.9603097203098414,-0.34604932267402666,0.8242884116272383,0.7272458108230576,0.2637454853688155,-0.37925937126331366,0.6845880584769425,1.0016969169303822,1.0,0.0,0.0,0.0,1.0,0.0,1.0,0.0,1.0,0.0,0.0,0.0,1.0,0.0,0
-1.2084049515281983,-0.4596936065710519,2.2214681451094695,1.315258594624548,0.20892414149668687,-0.7881643537574514,-0.6131293345000269,-0.7562443653868398,0.0,0.0,0.0,1.0,1.0,0.0,1.0,0.0,0.0,1.0,0.0,0.0,0.0,1.0,1
-1.2084049515281983,-0.15378751608109406,1.840419126887043,1.399260420881904,0.04446010988030403,-0.37925937126331366,-0.47830155341151054,1.880667558088993,0.0,0.0,0.0,1.0,0.0,1.0,0.0,1.0,0.0,1.0,0.0,0.0,1.0,0.0,1
-0.08054779835573346,-0.6349130525795775,1.1418292601459272,0.3072366795362787,-0.1200039217360798,0.43855059372496197,-0.4445946081393814,1.880667558088993,0.0,0.0,0.0,1.0,1.0,0.0,1.0,0.0,1.0,0.0,0.0,0.0,0.0,1.0,0
-0.8324525671373767,-0.5400239293256937,1.6498946177758296,0.2232348532789229,2.0728498331490326,-0.37925937126331366,0.7182950037490715,-0.3167590448075343,0.0,1.0,0.0,0.0,0.0,1.0,1.0,0.0,0.0,0.0,1.0,0.0,0.0,1.0,1
0.48338077823049896,0.09628129249412341,0.44323939340481155,0.559242158308346,0.5926735486015822,0.43855059372496197,0.9373901480179103,-1.1957296859661453,0.0,0.0,0.0,1.0,1.0,0.0,1.0,0.0,0.0,1.0,0.0,1.0,0.0,0.0,0
1.0473093548167314,-1.155004790414268,1.7134027874795674,1.399260420881904,0.8667802679622212,-0.37925937126331366,1.0216575111982327,0.5622115963510766,1.0,0.0,0.0,0.0,0.0,1.0,1.0,0.0,0.0,0.0,1.0,0.0,0.0,1.0,1
-0.8324525671373767,-1.1246025893717329,-0.0013177945213529853,1.1472549421098366,-1.764644237899914,-0.7881643537574514,-0.309766827050865,0.12272627577177116,0.0,1.0,0.0,0.0,1.0,0.0,0.0,1.0,0.0,1.0,0.0,0.0,0.0,1.0,1
0.10742839383967734,-1.3050460755593984,0.44323939340481155,-0.952790714324058,-0.22964660948033502,0.8474555762190998,0.2969581878474581,1.0016969169303822,0.0,1.0,0.0,0.0,0.0,1.0,0.0,1.0,0.0,1.0,0.0,0.0,1.0,0.0,1
-0.45650018274655507,1.5780246233052238,-0.8269240006699443,-0.5327815830372792,0.6474948924737097,-0.37925937126331366,-1.995114090657319,-0.7562443653868398,1.0,0.0,0.0,0.0,1.0,0.0,1.0,0.0,0.0,1.0,0.0,0.0,0.0,1.0,1
0.6713569704259098,-0.6940046546059132,0.1256985448861226,-1.5408034981255485,0.09928145375243164,-0.37925937126331366,1.4767012723719752,-2.074700327124756,0.0,0.0,1.0,0.0,1.0,0.0,1.0,0.0,0.0,1.0,0.0,0.0,0.0,1.0,0
-1.2084049515281983,0.22816689701666962,0.2527148842935982,1.9032713784260387,0.04446010988030403,0.8474555762190998,0.6845880584769425,0.5622115963510766,0.0,1.0,0.0,0.0,1.0,0.0,1.0,0.0,0.0,1.0,0.0,0.0,0.0,1.0,0
1.423261739207553,-0.9701080240738931,-0.06482596422509078,2.491284162227529,-1.1616094553065084,0.8474555762190998,0.33066513311958723,-2.074700327124756,0.0,0.0,1.0,0.0,1.0,0.0,1.0,0.0,1.0,0.0,0.0,0.0,1.0,0.0,1
1.2352855470121422,2.382591040894958,-0.2553504733363042,-0.7847870618093465,1.1957083311949879,0.8474555762190998,-1.2198543493983505,0.12272627577177116,0.0,1.0,0.0,0.0,1.0,0.0,1.0,0.0,0.0,1.0,0.0,0.0,0.0,1.0,0
-0.8324525671373767,-0.25150275943188966,-1.3349893582998467,-0.11277245175050024,-0.3392892972245912,-0.37925937126331366,0.2969581878474581,0.12272627577177116,1.0,0.0,0.0,0.0,1.0,0.0,1.0,0.0,0.0,0.0,1.0,0.0,0.0,1.0,0
1.2352855470121422,-1.1903741116271325,1.0148129207384518,0.2232348532789229,-1.0519667675622522,-0.37925937126331366,-0.6636897524082209,-0.3167590448075343,0.0,0.0,1.0,0.0,1.0,0.0,1.0,0.0,0.0,0.0,1.0,0.0,0.0,1.0,1
-0.45650018274655507,-0.6083646516691948,-0.31885864304004197,-1.1207943668387697,0.9764229557064764,-1.6059743187457272,-1.8602863095688027,-0.7562443653868398,0.0,0.0,0.0,1.0,0.0,1.0,1.0,0.0,1.0,0.0,0.0,1.0,0.0,0.0,1
1.6112379314029637,-1.0054773452867578,-0.890432170373682,-0.3647779305225676,-0.3392892972245912,0.8474555762190998,-1.371535603122931,1.4411822375096877,1.0,0.0,0.0,0.0,0.0,1.0,1.0,0.0,0.0,1.0,0.0,1.0,0.0,0.0,0
-0.6444763749419659,-0.5015715680071071,1.268845599553403,0.3072366795362787,0.9216016118343487,1.2563605587132376,1.3418734912834596,0.5622115963510766,0.0,0.0,0.0,1.0,0.0,1.0,1.0,0.0,0.0,1.0,0.0,0.0,0.0,1.0,0
-0.2685239905511443,0.10304685272612417,-1.9700710553372245,-0.6167834092946349,1.031244299578604,-0.7881643537574514,-0.7985175334967366,-0.3167590448075343,0.0,0.0,0.0,1.0,1.0,0.0,1.0,0.0,0.0,1.0,0.0,0.0,0.0,1.0,1
1.6112379314029637,-0.4601218065857355,0.2527148842935982,-1.2887980193534812,1.305351018939243,1.6652655412073754,0.11156998885074842,1.0016969169303822,0.0,0.0,1.0,0.0,0.0,1.0,1.0,0.0,0.0,1.0,0.0,0.0,0.0,1.0,0
0.6713569704259098,-0.22906507866246947,0.5702557328122871,-0.2807761042652118,-0.1200039217360798,-1.1970693362515892,0.566613750024491,1.0016969169303822,0.0,1.0,0.0,0.0,1.0,0.0,1.0,0.0,0.0,1.0,0.0,0.0,0.0,1.0,0
1.0473093548167314,-0.6849268142946211,-0.7634158309662065,-1.0367925405814138,-0.8326813920737407,2.0741705237015133,0.3643720783917163,-0.3167590448075343,0.0,0.0,1.0,0.0,1.0,0.0,1.0,0.0,0.0,1.0,0.0,1.0,0.0,0.0,0
-1.0204287593327874,-0.5188708486003243,-0.0013177945213529853,0.47524033205099026,0.4282095169851983,0.8474555762190998,-0.6131293345000269,-1.1957296859661453,0.0,0.0,1.0,0.0,1.0,0.0,1.0,0.0,0.0,1.0,0.0,0.0,0.0,1.0,1
-0.6444763749419659,0.7520267949805756,0.633763902516025,0.8112476370804134,2.758116631550631,-1.1970693362515892,-0.983905732493447,0.5622115963510766,0.0,0.0,0.0,1.0,1.0,0.0,1.0,0.0,0.0,1.0,0.0,0.0,0.0,1.0,1
0.2954045860350881,-0.3307197621483541,1.7134027874795674,0.39123850579363445,-0.7778600482016131,0.43855059372496197,1.0048040385621686,-0.3167590448075343,1.0,0.0,0.0,0.0,1.0,0.0,1.0,0.0,0.0,1.0,0.0,0.0,0.0,1.0,0
0.2954045860350881,0.4141769833952218,0.06219037518238481,-0.3647779305225676,0.5378522047294545,-2.0148793012398647,-1.5737772747557057,1.4411822375096877,0.0,0.0,0.0,1.0,0.0,1.0,1.0,0.0,0.0,1.0,0.0,0.0,0.0,1.0,1
-1.0204287593327874,-0.20705559790773287,-0.19184230363256635,1.1472549421098366,-0.8326813920737407,-1.1970693362515892,0.7182950037490715,1.4411822375096877,1.0,0.0,0.0,0.0,1.0,0.0,0.0,1.0,0.0,1.0,0.0,0.0,0.0,1.0,1
0.2954045860350881,-0.5669148902478233,-0.5728913218549931,1.4832622471392596,-0.01036123399182359,0.8474555762190998,0.9879505659261044,-0.7562443653868398,0.0,0.0,0.0,1.0,1.0,0.0,0.0,1.0,0.0,0.0,1.0,0.0,0.0,1.0,1
-0.8324525671373767,-0.6612901734840868,-1.52551386741106,-1.1207943668387697,0.3185668292409431,-0.37925937126331366,0.22954429730319992,-0.3167590448075343,0.0,0.0,0.0,1.0,0.0,1.0,1.0,0.0,0.0,1.0,0.0,1.0,0.0,0.0,0
0.48338077823049896,-0.05495895269212113,-0.6363994915587309,-1.4568016718681929,0.04446010988030403,1.6652655412073754,-0.6636897524082209,-0.3167590448075343,0.0,0.0,0.0,1.0,1.0,0.0,1.0,0.0,1.0,0.0,0.0,0.0,0.0,1.0,0
0.6713569704259098,1.192473330084118,1.7769109571833053,0.39123850579363445,-0.39411064109671884,-0.37925937126331366,0.853122784837588,-0.3167590448075343,0.0,0.0,0.0,1.0,1.0,0.0,1.0,0.0,1.0,0.0,0.0,0.0,0.0,1.0,0
-0.08054779835573346,-0.30185908115868004,-0.06482596422509078,1.5672640733966154,-1.216430799178636,0.029645611230824178,-0.3266202996869299,0.5622115963510766,1.0,0.0,0.0,0.0,0.0,1.0,1.0,0.0,1.0,0.0,0.0,0.0,0.0,1.0,1
1.0473093548167314,0.6361558710071957,1.0783210904421894,2.155276857198106,1.1957083311949879,1.6652655412073754,-0.14123210069022024,1.4411822375096877,0.0,1.0,0.0,0.0,1.0,0.0,1.0,0.0,0.0,1.0,0.0,1.0,0.0,0.0,0
0.48338077823049896,0.07418617173645009,-2.0335792250409623,-0.7007852355519907,0.09928145375243164,0.43855059372496197,-0.5794223892278978,-0.7562443653868398,0.0,0.0,0.0,1.0,1.0,0.0,1.0,0.0,0.0,1.0,0.0,0.0,0.0,1.0,0
-0.45650018274655507,0.7193979538616859,-0.12833413392882856,0.39123850579363445,-0.5585746727131017,1.2563605587132376,-0.07381821014596203,-0.3167590448075343,0.0,0.0,1.0,0.0,1.0,0.0,1.0,0.0,0.0,1.0,0.0,0.0,0.0,1.0,0
-0.45650018274655507,2.0372263190519075,0.5067475631085494,1.8192695521686828,1.7987431137883936,0.43855059372496197,0.010449153034361107,-0.3167590448075343,0.0,0.0,1.0,0.0,0.0,1.0,1.0,0.0,0.0,1.0,0.0,0.0,0.0,1.0,0
0.2954045860350881,0.06271041134292983,1.840419126887043,0.47524033205099026,-0.44893198496884645,1.6652655412073754,0.1958373520310708,-0.3167590448075343,0.0,0.0,0.0,1.0,1.0,0.0,1.0,0.0,0.0,1.0,0.0,0.0,0.0,1.0,1
-0.2685239905511443,1.3072309340193204,1.3958619389608784,-0.11277245175050024,0.20892414149668687,0.029645611230824178,0.2969581878474581,-0.3167590448075343,0.0,0.0,0.0,1.0,1.0,0.0,1.0,0.0,0.0,1.0,0.0,0.0,1.0,0.0,0
0.2954045860350881,-1.0815256678945635,-0.9539403400774199,-0.19677427800785602,0.5926735486015822,1.2563605587132376,0.7520019490212007,0.5622115963510766,0.0,0.0,0.0,1.0,0.0,1.0,1.0,0.0,0.0,1.0,0.0,0.0,0.0,1.0,0
-0.8324525671373767,-1.12520206939229,2.0309436359982564,-0.952790714324058,0.9216016118343487,0.029645611230824178,0.5329068047523619,-0.3167590448075343,0.0,0.0,0.0,1.0,1.0,0.0,1.0,0.0,0.0,1.0,0.0,0.0,0.0,1.0,0
-0.6444763749419659,-0.7952311380771142,0.2527148842935982,0.3072366795362787,0.20892414149668687,2.0741705237015133,1.7969172524572021,0.12272627577177116,0.0,0.0,0.0,1.0,0.0,1.0,1.0,0.0,0.0,1.0,0.0,0.0,0.0,1.0,0
-1.9603097203098414,0.17592649522527146,-0.19184230363256635,0.47524033205099026,1.305351018939243,0.029645611230824178,-0.22549946387054262,1.4411822375096877,0.0,0.0,0.0,1.0,1.0,0.0,0.0,1.0,0.0,1.0,0.0,1.0,0.0,0.0,1
-0.08054779835573346,-0.8603175403090202,1.522878278368354,0.3072366795362787,-0.8875027359458694,-1.1970693362515892,-1.1692939314901567,0.12272627577177116,0.0,0.0,1.0,0.0,0.0,1.0,1.0,0.0,0.0,1.0,0.0,0.0,0.0,1.0,1
-0.45650018274655507,-0.8874654212399599,-0.7634158309662065,-1.8768108031549717,-1.1616094553065084,2.0741705237015133,-0.20864599123447844,0.5622115963510766,0.0,1.0,0.0,0.0,1.0,0.0,1.0,0.0,1.0,0.0,0.0,1.0,0.0,0.0,0
0.10742839383967734,-0.1445383957639285,-0.0013177945213529853,1.2312567683671922,-0.06518257786395218,-0.7881643537574514,-1.3209751852147373,-0.7562443653868398,0.0,0.0,1.0,0.0,1.0,0.0,0.0,1.0,1.0,0.0,0.0,0.0,0.0,1.0,1
-0.2685239905511443,0.06947597157493059,-0.0013177945213529853,1.6512658996539713,-0.5585746727131017,-0.37925937126331366,0.7182950037490715,-1.1957296859661453,0.0,0.0,0.0,1.0,1.0,0.0,1.0,0.0,0.0,1.0,0.0,1.0,0.0,0.0,1
-1.58435733591902,-0.32104244181650493,-0.19184230363256635,-0.11277245175050024,2.346956552509672,0.029645611230824178,0.1621304067589417,-1.1957296859661453,1.0,0.0,0.0,0.0,1.0,0.0,1.0,0.0,0.0,1.0,0.0,0.0,1.0,0.0,1
-0.45650018274655507,-0.21930211832768357,-0.12833413392882856,0.8952494633377692,-0.01036123399182359,0.43855059372496197,-0.46144808077544636,1.4411822375096877,1.0,0.0,0.0,0.0,1.0,0.0,1.0,0.0,0.0,1.0,0.0,0.0,0.0,1.0,0
-1.7723335281144308,-0.5385680492757695,2.0944518057019943,0.8952494633377692,2.018028489276905,0.43855059372496197,0.43178596893597454,-0.3167590448075343,0.0,0.0,1.0,0.0,1.0,0.0,1.0,0.0,0.0,1.0,0.0,0.0,1.0,0.0,0
1.0473093548167314,-0.5217826087001727,0.7607802419235005,0.055231200764211334,0.6474948924737097,0.029645611230824178,-0.24235293650660755,0.5622115963510766,0.0,0.0,0.0,1.0,0.0,1.0,1.0,0.0,1.0,0.0,0.0,0.0,0.0,1.0,0
-0.08054779835573346,0.8689253989891961,-1.207973018892371,-0.952790714324058,0.3733881731130707,0.029645611230824178,-0.24235293650660755,-0.3167590448075343,0.0,0.0,0.0,1.0,0.0,1.0,1.0,0.0,0.0,1.0,0.0,1.0,0.0,0.0,0
-1.0204287593327874,-0.44444968604831603,-1.3349893582998467,-1.372799845610837,-0.1748252656082074,0.43855059372496197,0.24639776993926407,-1.6352150065454507,0.0,0.0,0.0,1.0,0.0,1.0,1.0,0.0,0.0,1.0,0.0,0.0,0.0,1.0,0
0.2954045860350881,-0.8934602214455302,1.1418292601459272,-0.6167834092946349,-0.6682173604573579,-0.37925937126331366,0.4991998594802327,0.5622115963510766,0.0,0.0,0.0,1.0,0.0,1.0,1.0,0.0,0.0,1.0,0.0,0.0,0.0,1.0,0
0.10742839383967734,-0.34065400248901345,-0.06482596422509078,-1.6248053243829044,0.757137580217965,0.43855059372496197,0.010449153034361107,-1.1957296859661453,0.0,1.0,0.0,0.0,0.0,1.0,1.0,0.0,1.0,0.0,0.0,0.0,0.0,1.0,0
0.48338077823049896,-0.8239205390609149,-0.12833413392882856,-0.02877062549314445,1.7987431137883936,1.2563605587132376,-0.10752515541809113,-2.074700327124756,0.0,0.0,0.0,1.0,1.0,0.0,0.0,1.0,0.0,1.0,0.0,0.0,0.0,1.0,1
-0.2685239905511443,0.1495493743207622,-1.0809566794848955,0.39123850579363445,1.1957083311949879,-2.0148793012398647,0.1958373520310708,-1.1957296859661453,1.0,0.0,0.0,0.0,1.0,0.0,1.0,0.0,0.0,0.0,1.0,0.0,0.0,1.0,1
-1.396381143723609,0.08865933223275549,-0.890432170373682,-0.8687888880667023,0.04446010988030403,0.43855059372496197,0.06100957094255439,-1.1957296859661453,0.0,0.0,0.0,1.0,1.0,0.0,1.0,0.0,0.0,1.0,0.0,1.0,0.0,0.0,1
-0.2685239905511443,2.382591040894958,-0.12833413392882856,-0.5327815830372792,-0.8875027359458694,-0.37925937126331366,-1.1524404588540922,-0.3167590448075343,0.0,0.0,1.0,0.0,1.0,0.0,1.0,0.0,0.0,1.0,0.0,0.0,0.0,1.0,1
1.423261739207553,0.38206198229395244,0.2527148842935982,-1.1207943668387697,0.9216016118343487,1.2563605587132376,0.7014415311130066,0.12272627577177116,1.0,0.0,0.0,0.0,0.0,1.0,1.0,0.0,1.0,0.0,0.0,1.0,0.0,0.0,0
1.0473093548167314,-1.0149833856127335,-0.12833413392882856,-0.6167834092946349,-0.7778600482016131,-2.0148793012398647,-0.3771807175951232,1.0016969169303822,0.0,0.0,0.0,1.0,0.0,1.0,1.0,0.0,1.0,0.0,0.0,0.0,0.0,1.0,1
1.6112379314029637,-0.769453497193162,0.9513047510347139,0.055231200764211334,-0.28446795335246267,-0.7881643537574514,0.9036832027457812,-0.7562443653868398,0.0,0.0,0.0,1.0,1.0,0.0,1.0,0.0,0.0,0.0,1.0,0.0,0.0,1.0,1
1.6112379314029637,-1.1848931514391825,-0.890432170373682,-0.02877062549314445,-0.9423240798179969,-0.7881643537574514,-0.6468362797721561,-0.7562443653868398,1.0,0.0,0.0,0.0,0.0,1.0,1.0,0.0,0.0,1.0,0.0,1.0,0.0,0.0,1
-0.08054779835573346,-1.2714751944082048,-0.0013177945213529853,0.7272458108230576,0.3733881731130707,-0.7881643537574514,-2.6186925781917063,-0.3167590448075343,0.0,0.0,1.0,0.0,0.0,1.0,1.0,0.0,0.0,1.0,0.0,1.0,0.0,0.0,1
-0.45650018274655507,-0.03389151196968842,0.18920671458986038,1.2312567683671922,-0.5037533288409741,0.029645611230824178,0.1452769341228775,1.4411822375096877,1.0,0.0,0.0,0.0,0.0,1.0,1.0,0.0,0.0,0.0,1.0,0.0,0.0,1.0,0
-1.9603097203098414,1.523814501446281,2.0944518057019943,-0.3647779305225676,-0.06518257786395218,0.8474555762190998,-0.07381821014596203,-0.3167590448075343,0.0,0.0,0.0,1.0,0.0,1.0,1.0,0.0,0.0,0.0,1.0,0.0,1.0,0.0,1
-0.6444763749419659,-1.15860167053761,0.31622305399733597,1.399260420881904,-0.01036123399182359,-0.7881643537574514,0.11156998885074842,0.12272627577177116,1.0,0.0,0.0,0.0,1.0,0.0,1.0,0.0,0.0,1.0,0.0,1.0,0.0,0.0,0
-1.58435733591902,-0.6952892546499639,0.5702557328122871,0.6432439845657019,1.3601723628113718,0.029645611230824178,2.639590884260428,-1.6352150065454507,1.0,0.0,0.0,0.0,1.0,0.0,1.0,0.0,0.0,1.0,0.0,1.0,0.0,0.0,0
0.2954045860350881,-0.5567237298983537,0.44323939340481155,-0.4487797567799234,-0.22964660948033502,-0.37925937126331366,0.8194158395654588,-0.7562443653868398,0.0,1.0,0.0,0.0,1.0,0.0,1.0,0.0,0.0,1.0,0.0,0.0,1.0,0.0,0
-0.2685239905511443,-0.2555278395699154,0.1256985448861226,1.399260420881904,0.20892414149668687,2.0741705237015133,2.032865869362105,-0.7562443653868398,0.0,0.0,0.0,1.0,1.0,0.0,1.0,0.0,0.0,1.0,0.0,0.0,0.0,1.0,0
0.6713569704259098,-0.8526955800476522,-0.19184230363256635,-1.4568016718681929,-1.3808948307950188,0.43855059372496197,-0.5625689165918336,0.12272627577177116,0.0,0.0,0.0,1.0,1.0,0.0,1.0,0.0,0.0,1.0,0.0,0.0,0.0,1.0,0
1.0473093548167314,-0.5619477700774935,-1.3349893582998467,1.2312567683671922,-0.22964660948033502,0.43855059372496197,1.5441151629162335,0.5622115963510766,0.0,0.0,0.0,1.0,1.0,0.0,1.0,0.0,0.0,1.0,0.0,0.0,1.0,0.0,0
-0.08054779835573346,-0.42766424547271925,-0.12833413392882856,0.39123850579363445,-0.3392892972245912,0.43855059372496197,0.5834672226605552,-1.6352150065454507,0.0,0.0,0.0,1.0,1.0,0.0,1.0,0.0,0.0,1.0,0.0,0.0,0.0,1.0,0
1.2352855470121422,-1.2040765120970074,1.268845599553403,0.8112476370804134,-2.0387509572605533,2.0741705237015133,-0.2760598817787359,-1.1957296859661453,0.0,0.0,1.0,0.0,1.0,0.0,1.0,0.0,0.0,1.0,0.0,0.0,0.0,1.0,1
-1.7723335281144308,-0.7071075750552311,0.2527148842935982,0.3072366795362787,1.1408869873228602,-1.6059743187457272,0.43178596893597454,-0.7562443653868398,0.0,0.0,0.0,1.0,1.0,0.0,1.0,0.0,0.0,1.0,0.0,0.0,0.0,1.0,1
-1.58435733591902,-1.1201493092190236,0.5067475631085494,-0.3647779305225676,-0.1748252656082074,-0.37925937126331366,-0.2929133544148008,0.5622115963510766,0.0,0.0,0.0,1.0,0.0,1.0,1.0,0.0,0.0,1.0,0.0,0.0,0.0,1.0,1
0.6713569704259098,1.5832486634843634,1.205337429849665,-1.4568016718681929,0.09928145375243164,0.43855059372496197,0.3812255510277805,-0.3167590448075343,1.0,0.0,0.0,0.0,1.0,0.0,1.0,0.0,0.0,1.0,0.0,1.0,0.0,0.0,0
-0.2685239905511443,0.580404229095392,0.44323939340481155,0.055231200764211334,-0.22964660948033502,-0.7881643537574514,-0.07381821014596203,0.5622115963510766,0.0,0.0,1.0,0.0,1.0,0.0,1.0,0.0,0.0,1.0,0.0,0.0,1.0,0.0,1
0.48338077823049896,-0.8943166214748973,-2.0335792250409623,-0.11277245175050024,-0.1200039217360798,1.2563605587132376,1.7295033619129438,-0.3167590448075343,0.0,1.0,0.0,0.0,1.0,0.0,1.0,0.0,0.0,1.0,0.0,0.0,0.0,1.0,0
-1.2084049515281983,1.2197068510179943,-0.12833413392882856,2.2392786834554617,1.469815050555627,0.029645611230824178,1.089071401742491,-1.1957296859661453,0.0,0.0,0.0,1.0,0.0,1.0,1.0,0.0,0.0,1.0,0.0,0.0,0.0,1.0,0
1.2352855470121422,-0.8207518589522563,-1.2714811885961088,1.0632531158524807,-0.06518257786395218,0.43855059372496197,1.1901922375588783,-0.3167590448075343,0.0,0.0,1.0,0.0,1.0,0.0,1.0,0.0,0.0,1.0,0.0,0.0,1.0,0.0,0
-1.2084049515281983,2.382591040894958,0.18920671458986038,0.979251289595125,-0.5037533288409741,-0.7881643537574514,-1.4558029663032537,-1.1957296859661453,1.0,0.0,0.0,0.0,1.0,0.0,1.0,0.0,0.0,1.0,0.0,0.0,0.0,1.0,1
0.2954045860350881,1.0320696045836444,-0.2553504733363042,0.2232348532789229,1.0860656434507325,-0.37925937126331366,-1.1692939314901567,-0.3167590448075343,0.0,1.0,0.0,0.0,1.0,0.0,1.0,0.0,0.0,1.0,0.0,0.0,1.0,0.0,0
1.9871903157937854,-0.9769592243088305,1.3323537692571406,0.6432439845657019,0.04446010988030403,1.2563605587132376,0.5834672226605552,0.5622115963510766,0.0,0.0,1.0,0.0,1.0,0.0,1.0,0.0,0.0,1.0,0.0,0.0,0.0,1.0,0
-1.396381143723609,-0.45909412655049486,-0.06482596422509078,0.559242158308346,0.8667802679622212,-0.37925937126331366,1.7969172524572021,1.880667558088993,1.0,0.0,0.0,0.0,0.0,1.0,1.0,0.0,0.0,1.0,0.0,0.0,0.0,1.0,0
1.0473093548167314,-1.0297991061207856,0.9513047510347139,0.2232348532789229,-0.8875027359458694,-0.37925937126331366,-0.2760598817787359,-1.6352150065454507,0.0,0.0,1.0,0.0,1.0,0.0,1.0,0.0,0.0,1.0,0.0,1.0,0.0,0.0,0
0.6713569704259098,2.382591040894958,1.205337429849665,-0.8687888880667023,-0.01036123399182359,0.43855059372496197,-0.47830155341151054,-0.7562443653868398,0.0,1.0,0.0,0.0,1.0,0.0,1.0,0.0,0.0,1.0,0.0,0.0,0.0,1.0,1
-0.8324525671373767,-0.9503251833955111,-0.44587498244751755,0.7272458108230576,2.1276711770211603,0.029645611230824178,-1.0007592051295113,0.5622115963510766,0.0,0.0,0.0,1.0,1.0,0.0,1.0,0.0,0.0,1.0,0.0,0.0,0.0,1.0,0
0.10742839383967734,-0.6827858142212031,1.1418292601459272,0.8112476370804134,-1.3808948307950188,0.8474555762190998,1.5441151629162335,0.5622115963510766,0.0,0.0,0.0,1.0,1.0,0.0,1.0,0.0,0.0,1.0,0.0,1.0,0.0,0.0,0
-1.58435733591902,-1.1229754293159353,-1.0809566794848955,-0.952790714324058,0.20892414149668687,0.43855059372496197,1.055364456470362,-0.3167590448075343,0.0,0.0,0.0,1.0,1.0,0.0,1.0,0.0,0.0,1.0,0.0,0.0,0.0,1.0,0
1.2352855470121422,-0.608022091657448,0.37973122370107376,0.8112476370804134,-0.3392892972245912,0.8474555762190998,0.1958373520310708,-0.3167590448075343,1.0,0.0,0.0,0.0,1.0,0.0,1.0,0.0,0.0,1.0,0.0,0.0,0.0,1.0,0
-0.8324525671373767,0.7541677950539936,1.3323537692571406,0.3072366795362787,1.0860656434507325,1.6652655412073754,1.0216575111982327,-0.7562443653868398,0.0,0.0,0.0,1.0,1.0,0.0,0.0,1.0,0.0,1.0,0.0,0.0,0.0,1.0,1
2.363142700184607,-0.6742218139275312,0.1256985448861226,-0.7847870618093465,1.4149937066834992,-0.7881643537574514,1.7800637798211372,0.5622115963510766,0.0,0.0,1.0,0.0,1.0,0.0,1.0,0.0,1.0,0.0,0.0,0.0,0.0,1.0,0
-1.396381143723609,-1.086920988079577,1.0783210904421894,1.6512658996539713,-1.1067881114343798,-0.37925937126331366,0.6171741679326842,-1.6352150065454507,1.0,0.0,0.0,0.0,1.0,0.0,1.0,0.0,1.0,0.0,0.0,0.0,1.0,0.0,1
0.10742839383967734,2.2017407646933433,-0.19184230363256635,0.559242158308346,1.4149937066834992,0.8474555762190998,1.4598477997359112,1.4411822375096877,0.0,0.0,0.0,1.0,0.0,1.0,1.0,0.0,0.0,1.0,0.0,0.0,1.0,0.0,0
-0.2685239905511443,-0.3704567235109914,0.37973122370107376,-2.0448144556696835,-1.216430799178636,-0.37925937126331366,1.7969172524572021,-2.074700327124756,0.0,0.0,0.0,1.0,1.0,0.0,1.0,0.0,0.0,1.0,0.0,0.0,0.0,1.0,0
-1.2084049515281983,-0.292438680835641,0.06219037518238481,1.315258594624548,0.8119589240900935,-1.1970693362515892,-1.6074842200278348,-0.3167590448075343,0.0,0.0,0.0,1.0,0.0,1.0,1.0,0.0,1.0,0.0,0.0,0.0,0.0,1.0,1
0.2954045860350881,0.5546265882114398,0.37973122370107376,0.47524033205099026,-0.22964660948033502,-0.7881643537574514,-1.7254585284802866,-1.1957296859661453,1.0,0.0,0.0,0.0,0.0,1.0,0.0,1.0,0.0,1.0,0.0,0.0,0.0,1.0,1
-0.2685239905511443,-0.7017978948731546,-0.2553504733363042,-0.4487797567799234,-0.06518257786395218,0.43855059372496197,0.3475186057556514,1.0016969169303822,0.0,0.0,1.0,0.0,1.0,0.0,1.0,0.0,0.0,1.0,0.0,1.0,0.0,0.0,0
-0.45650018274655507,1.1230192877024392,-0.6999076612624687,-0.4487797567799234,-1.1067881114343798,0.029645611230824178,0.9710970932900395,-0.7562443653868398,0.0,0.0,0.0,1.0,0.0,1.0,1.0,0.0,0.0,0.0,1.0,0.0,1.0,0.0,1
0.2954045860350881,-1.273873114490433,-0.5728913218549931,-0.3647779305225676,-0.9971454236901246,0.029645611230824178,0.212690824667135,0.12272627577177116,1.0,0.0,0.0,0.0,0.0,1.0,1.0,0.0,0.0,1.0,0.0,0.0,0.0,1.0,0
1.6112379314029637,0.5314181474155891,0.18920671458986038,-0.11277245175050024,-1.1067881114343798,0.43855059372496197,-0.22549946387054262,0.5622115963510766,0.0,0.0,1.0,0.0,1.0,0.0,1.0,0.0,0.0,1.0,0.0,0.0,0.0,1.0,0
-1.0204287593327874,-0.18633071719704702,-1.0174485097811576,0.47524033205099026,-1.983929613388425,-1.1970693362515892,1.0048040385621686,-0.7562443653868398,0.0,0.0,0.0,1.0,1.0,0.0,1.0,0.0,1.0,0.0,0.0,0.0,1.0,0.0,1
1.423261739207553,-1.132738389650721,-0.19184230363256635,-0.5327815830372792,0.04446010988030403,0.8474555762190998,-0.950198787221318,1.0016969169303822,0.0,1.0,0.0,0.0,1.0,0.0,1.0,0.0,0.0,0.0,1.0,0.0,0.0,1.0,1
-0.6444763749419659,2.382591040894958,-0.8269240006699443,1.0632531158524807,-0.3392892972245912,0.029645611230824178,-0.1917925185984135,-1.1957296859661453,0.0,0.0,1.0,0.0,1.0,0.0,1.0,0.0,0.0,1.0,0.0,0.0,1.0,0.0,0
-0.6444763749419659,-1.0315119061795202,-1.3349893582998467,-0.2807761042652118,-0.9423240798179969,0.43855059372496197,0.43178596893597454,-0.3167590448075343,0.0,1.0,0.0,0.0,0.0,1.0,0.0,1.0,0.0,1.0,0.0,0.0,0.0,1.0,0
-0.08054779835573346,-0.2606662397461185,-0.5728913218549931,0.47524033205099026,1.743921769916266,-0.7881643537574514,-0.6636897524082209,-0.7562443653868398,0.0,0.0,1.0,0.0,1.0,0.0,0.0,1.0,0.0,0.0,1.0,1.0,0.0,0.0,1
1.6112379314029637,0.5929933095270896,-0.38236681274377976,0.13923302702156712,-2.0387509572605533,-0.37925937126331366,-0.6973966976803493,0.12272627577177116,1.0,0.0,0.0,0.0,1.0,0.0,1.0,0.0,0.0,1.0,0.0,0.0,0.0,1.0,0
0.2954045860350881,-1.0176382257037717,0.1256985448861226,0.8112476370804134,0.8119589240900935,-0.7881643537574514,0.06100957094255439,-0.3167590448075343,1.0,0.0,0.0,0.0,1.0,0.0,1.0,0.0,1.0,0.0,0.0,0.0,0.0,1.0,0
0.2954045860350881,-1.0792990278182089,-1.2714811885961088,-1.2887980193534812,2.401777896381799,0.029645611230824178,-0.39403419023118813,0.5622115963510766,1.0,0.0,0.0,0.0,1.0,0.0,1.0,0.0,0.0,1.0,0.0,0.0,1.0,0.0,1
1.423261739207553,-0.9536651435100432,0.8242884116272383,-0.02877062549314445,-0.8326813920737407,-0.7881643537574514,-0.8322244787688657,0.5622115963510766,1.0,0.0,0.0,0.0,0.0,1.0,1.0,0.0,0.0,1.0,0.0,0.0,0.0,1.0,1
0.2954045860350881,2.27359272715725,-0.38236681274377976,0.979251289595125,2.6758846157424383,-2.0148793012398647,-0.04011126487383292,-0.7562443653868398,0.0,0.0,1.0,0.0,0.0,1.0,1.0,0.0,0.0,1.0,0.0,0.0,0.0,1.0,0
1.423261739207553,-0.615900971927626,-0.2553504733363042,0.8112476370804134,-0.1748252656082074,-0.37925937126331366,-0.22549946387054262,-0.7562443653868398,0.0,0.0,0.0,1.0,0.0,1.0,1.0,0.0,1.0,0.0,0.0,0.0,1.0,0.0,0
-0.08054779835573346,-0.7337416159685505,0.887796581330976,1.735267725911327,0.15410279762455925,1.6652655412073754,1.2913130733752656,-1.1957296859661453,0.0,0.0,0.0,1.0,0.0,1.0,1.0,0.0,0.0,1.0,0.0,0.0,0.0,1.0,0
0.8593331626213205,0.5444354278619704,0.37973122370107376,1.0632531158524807,1.7987431137883936,0.029645611230824178,0.5160533321162969,0.5622115963510766,0.0,0.0,0.0,1.0,1.0,0.0,1.0,0.0,0.0,1.0,0.0,1.0,0.0,0.0,0
0.6713569704259098,0.6799179125078587,-1.52551386741106,-1.8768108031549717,-0.7230387043294855,-0.37925937126331366,0.6171741679326842,-0.7562443653868398,1.0,0.0,0.0,0.0,1.0,0.0,1.0,0.0,1.0,0.0,0.0,0.0,0.0,1.0,0
-0.45650018274655507,2.382591040894958,0.1256985448861226,0.3072366795362787,2.6758846157424383,0.029645611230824178,1.5609686355522985,-0.7562443653868398,0.0,0.0,0.0,1.0,1.0,0.0,1.0,0.0,0.0,1.0,0.0,1.0,0.0,0.0,0
0.10742839383967734,-0.7586628568231355,-0.6999076612624687,-1.5408034981255485,-0.8326813920737407,-1.6059743187457272,-0.49515502604757544,-1.1957296859661453,0.0,1.0,0.0,0.0,0.0,1.0,1.0,0.0,0.0,1.0,0.0,1.0,0.0,0.0,1
0.48338077823049896,1.4177921778106237,1.3323537692571406,1.1472549421098366,-1.6550015501556579,0.43855059372496197,0.1958373520310708,0.5622115963510766,1.0,0.0,0.0,0.0,0.0,1.0,0.0,1.0,0.0,1.0,0.0,1.0,0.0,0.0,0
-0.45650018274655507,-0.8142432187290657,0.18920671458986038,1.6512658996539713,0.3733881731130707,-0.7881643537574514,-0.46144808077544636,-0.3167590448075343,0.0,0.0,1.0,0.0,0.0,1.0,1.0,0.0,0.0,1.0,0.0,0.0,0.0,1.0,1
1.7992141235983745,-0.15781259621911983,-0.19184230363256635,1.0632531158524807,1.5246363944277546,0.43855059372496197,-0.04011126487383292,0.5622115963510766,0.0,0.0,0.0,1.0,1.0,0.0,1.0,0.0,0.0,0.0,1.0,0.0,1.0,0.0,1
-0.45650018274655507,0.6081515900468888,2.0944518057019943,0.3072366795362787,-0.01036123399182359,0.8474555762190998,0.07786304357861931,-0.3167590448075343,0.0,0.0,1.0,0.0,1.0,0.0,1.0,0.0,1.0,0.0,0.0,0.0,0.0,1.0,0
-0.08054779835573346,-0.23180555875644446,-0.12833413392882856,-0.3647779305225676,-0.9971454236901246,-0.37925937126331366,-0.20864599123447844,-1.1957296859661453,1.0,0.0,0.0,0.0,0.0,1.0,1.0,0.0,0.0,1.0,0.0,1.0,0.0,0.0,0
0.2954045860350881,-0.42809244548740283,-0.7634158309662065,0.6432439845657019,0.3185668292409431,1.2563605587132376,1.4767012723719752,-1.6352150065454507,0.0,0.0,1.0,0.0,0.0,1.0,1.0,0.0,1.0,0.0,0.0,1.0,0.0,0.0,0
1.0473093548167314,0.36724626178590014,0.5067475631085494,-1.6248053243829044,-0.8875027359458694,0.43855059372496197,0.17898387939500587,-1.1957296859661453,0.0,0.0,0.0,1.0,1.0,0.0,1.0,0.0,0.0,1.0,0.0,0.0,0.0,1.0,0
0.6713569704259098,0.2922256192133349,-0.5093831521512553,0.47524033205099026,0.7023162363458374,0.8474555762190998,0.9373901480179103,-0.7562443653868398,0.0,0.0,0.0,1.0,0.0,1.0,1.0,0.0,0.0,1.0,0.0,0.0,1.0,0.0,0
-0.08054779835573346,2.382591040894958,-1.7795465462260112,-1.1207943668387697,-1.8742869256441694,-1.1970693362515892,-0.07381821014596203,0.5622115963510766,0.0,0.0,0.0,1.0,0.0,1.0,0.0,1.0,0.0,1.0,0.0,0.0,0.0,1.0,1
-0.08054779835573346,-0.6132461318365878,-0.5728913218549931,-0.19677427800785602,0.5378522047294545,0.8474555762190998,-0.9164918419491889,1.4411822375096877,0.0,0.0,0.0,1.0,1.0,0.0,0.0,1.0,1.0,0.0,0.0,0.0,0.0,1.0,1
0.6713569704259098,-1.0935152683057041,-0.6363994915587309,1.0632531158524807,-0.39411064109671884,-1.6059743187457272,-1.3041217125786733,-0.7562443653868398,0.0,0.0,1.0,0.0,1.0,0.0,1.0,0.0,0.0,1.0,0.0,1.0,0.0,0.0,1
0.10742839383967734,0.6424075912215761,0.37973122370107376,-0.5327815830372792,-0.06518257786395218,-0.37925937126331366,0.3643720783917163,-1.1957296859661453,0.0,0.0,1.0,0.0,1.0,0.0,1.0,0.0,1.0,0.0,0.0,0.0,0.0,1.0,0
0.6713569704259098,0.45237242470499817,0.2527148842935982,0.13923302702156712,-0.3392892972245912,-0.7881643537574514,-1.270414767306544,-0.7562443653868398,0.0,1.0,0.0,0.0,1.0,0.0,1.0,0.0,1.0,0.0,0.0,0.0,1.0,0.0,1
-0.08054779835573346,-1.1067038287579587,-0.0013177945213529853,1.2312567683671922,-1.6550015501556579,0.8474555762190998,0.263251242575329,-0.7562443653868398,1.0,0.0,0.0,0.0,1.0,0.0,0.0,1.0,0.0,1.0,0.0,0.0,1.0,0.0,1
-0.8324525671373767,-0.6004857713990168,1.1418292601459272,0.6432439845657019,0.15410279762455925,-0.37925937126331366,-0.7816640608606724,-0.7562443653868398,0.0,1.0,0.0,0.0,1.0,0.0,1.0,0.0,0.0,1.0,0.0,0.0,1.0,0.0,0
-1.396381143723609,-0.8159560187878001,-1.2714811885961088,-1.0367925405814138,1.1408869873228602,0.029645611230824178,0.04415609830649021,1.4411822375096877,0.0,0.0,0.0,1.0,0.0,1.0,1.0,0.0,0.0,1.0,0.0,0.0,1.0,0.0,0
-1.2084049515281983,0.022630889968545665,1.522878278368354,0.8952494633377692,-0.9423240798179969,1.6652655412073754,-0.1917925185984135,0.12272627577177116,0.0,0.0,1.0,0.0,1.0,0.0,1.0,0.0,0.0,1.0,0.0,0.0,1.0,0.0,1
0.2954045860350881,2.382591040894958,-0.0013177945213529853,0.6432439845657019,0.3733881731130707,0.43855059372496197,-1.1861474041262212,1.4411822375096877,0.0,0.0,0.0,1.0,1.0,0.0,1.0,0.0,0.0,0.0,1.0,0.0,1.0,0.0,1
0.48338077823049896,-0.6565799733225673,0.633763902516025,0.2232348532789229,-1.1067881114343798,-0.7881643537574514,0.33066513311958723,-1.1957296859661453,0.0,0.0,1.0,0.0,1.0,0.0,1.0,0.0,0.0,1.0,0.0,0.0,1.0,0.0,1
-1.9603097203098414,-0.3634342432701805,-0.0013177945213529853,0.055231200764211334,-0.1200039217360798,-2.0148793012398647,-0.8490779514049307,-0.3167590448075343,0.0,1.0,0.0,0.0,1.0,0.0,1.0,0.0,1.0,0.0,0.0,1.0,0.0,0.0,1
0.2954045860350881,-0.2658046399223216,-0.44587498244751755,-0.02877062549314445,-1.3808948307950188,-0.7881643537574514,-1.0007592051295113,1.4411822375096877,1.0,0.0,0.0,0.0,0.0,1.0,1.0,0.0,0.0,1.0,0.0,0.0,1.0,0.0,1
0.8593331626213205,-0.44188048596021445,-0.44587498244751755,0.13923302702156712,1.031244299578604,0.43855059372496197,0.212690824667135,-0.3167590448075343,0.0,0.0,0.0,1.0,0.0,1.0,1.0,0.0,1.0,0.0,0.0,1.0,0.0,0.0,0
-0.45650018274655507,-0.32207012185174555,-1.52551386741106,-1.0367925405814138,-1.4357161746671474,0.43855059372496197,0.5160533321162969,0.5622115963510766,0.0,0.0,0.0,1.0,0.0,1.0,1.0,0.0,0.0,1.0,0.0,0.0,0.0,1.0,0
0.48338077823049896,2.382591040894958,0.6972720722197627,-0.02877062549314445,-0.06518257786395218,1.2563605587132376,0.1284234614868126,-1.1957296859661453,0.0,0.0,0.0,1.0,1.0,0.0,1.0,0.0,0.0,1.0,0.0,0.0,0.0,1.0,0
0.10742839383967734,-1.025174545962203,-0.6999076612624687,-0.3647779305225676,0.3185668292409431,-0.7881643537574514,-1.7423120011163509,0.12272627577177116,0.0,0.0,1.0,0.0,0.0,1.0,1.0,0.0,0.0,1.0,0.0,0.0,0.0,1.0,1
-1.396381143723609,2.382591040894958,0.1256985448861226,0.8952494633377692,-0.5585746727131017,0.43855059372496197,0.4149324962999096,1.880667558088993,1.0,0.0,0.0,0.0,1.0,0.0,1.0,0.0,1.0,0.0,0.0,0.0,0.0,1.0,1
-0.8324525671373767,-0.6916923745266218,1.522878278368354,0.559242158308346,1.031244299578604,0.029645611230824178,2.2688144862670088,0.12272627577177116,0.0,0.0,0.0,1.0,1.0,0.0,1.0,0.0,0.0,0.0,1.0,0.0,0.0,1.0,1
-0.2685239905511443,-0.9456149832339916,1.4593701086646163,0.055231200764211334,-0.44893198496884645,-0.37925937126331366,0.1452769341228775,-0.3167590448075343,1.0,0.0,0.0,0.0,1.0,0.0,1.0,0.0,1.0,0.0,0.0,0.0,0.0,1.0,1
0.10742839383967734,2.382591040894958,0.18920671458986038,-0.3647779305225676,0.6474948924737097,-1.1970693362515892,-0.49515502604757544,0.12272627577177116,0.0,0.0,0.0,1.0,1.0,0.0,1.0,0.0,1.0,0.0,0.0,0.0,1.0,0.0,1
1.6112379314029637,-0.08852983384331471,-0.7634158309662065,-0.7847870618093465,0.48303086085732594,0.8474555762190998,-2.349037016014674,0.5622115963510766,1.0,0.0,0.0,0.0,0.0,1.0,1.0,0.0,0.0,1.0,0.0,0.0,0.0,1.0,1
-0.6444763749419659,-0.4145613250234013,0.44323939340481155,1.4832622471392596,-1.8742869256441694,1.2563605587132376,-0.1917925185984135,0.12272627577177116,0.0,0.0,0.0,1.0,0.0,1.0,1.0,0.0,0.0,1.0,0.0,1.0,0.0,0.0,0
0.2954045860350881,0.0564586911285494,0.633763902516025,0.6432439845657019,-0.1748252656082074,0.43855059372496197,0.17898387939500587,0.12272627577177116,0.0,0.0,1.0,0.0,1.0,0.0,1.0,0.0,0.0,1.0,0.0,1.0,0.0,0.0,0
1.0473093548167314,-0.1381153955436746,-1.207973018892371,0.6432439845657019,0.757137580217965,1.2563605587132376,-0.023257792237767996,0.12272627577177116,0.0,0.0,0.0,1.0,0.0,1.0,1.0,0.0,0.0,0.0,1.0,1.0,0.0,0.0,0
-0.8324525671373767,2.382591040894958,-0.5093831521512553,0.055231200764211334,-0.44893198496884645,1.2563605587132376,-1.2872682399426085,1.0016969169303822,1.0,0.0,0.0,0.0,1.0,0.0,1.0,0.0,0.0,1.0,0.0,0.0,0.0,1.0,0
1.9871903157937854,-0.783155897663037,-0.31885864304004197,1.1472549421098366,-0.1200039217360798,-0.37925937126331366,-0.6131293345000269,1.0016969169303822,0.0,0.0,0.0,1.0,1.0,0.0,1.0,0.0,0.0,1.0,0.0,0.0,0.0,1.0,0
1.2352855470121422,-0.42997652555201066,1.268845599553403,1.2312567683671922,-0.8875027359458694,1.6652655412073754,1.2913130733752656,0.12272627577177116,1.0,0.0,0.0,0.0,1.0,0.0,1.0,0.0,0.0,1.0,0.0,1.0,0.0,0.0,0
0.6713569704259098,1.882303553739384,0.31622305399733597,0.39123850579363445,1.8535644576605212,-1.1970693362515892,0.9373901480179103,-0.3167590448075343,0.0,0.0,0.0,1.0,0.0,1.0,1.0,0.0,1.0,0.0,0.0,0.0,0.0,1.0,0
-1.58435733591902,-0.43374468568122626,-0.44587498244751755,0.055231200764211334,0.8667802679622212,0.43855059372496197,0.6340276405687484,0.12272627577177116,0.0,1.0,0.0,0.0,1.0,0.0,0.0,1.0,0.0,1.0,0.0,0.0,0.0,1.0,0
-0.45650018274655507,-0.1992623576404915,0.633763902516025,1.0632531158524807,2.0728498331490326,-0.37925937126331366,1.3081665460113305,1.4411822375096877,0.0,0.0,0.0,1.0,1.0,0.0,1.0,0.0,0.0,1.0,0.0,1.0,0.0,0.0,0
-0.8324525671373767,-0.08450475370528894,-0.0013177945213529853,1.1472549421098366,0.15410279762455925,-2.8326892662281407,-1.523216856847512,-0.3167590448075343,0.0,0.0,0.0,1.0,1.0,0.0,1.0,0.0,0.0,1.0,0.0,1.0,0.0,0.0,1
1.2352855470121422,1.932402955457364,-1.9065628856334869,-0.3647779305225676,0.5926735486015822,1.2563605587132376,0.9373901480179103,0.5622115963510766,0.0,0.0,0.0,1.0,0.0,1.0,1.0,0.0,0.0,1.0,0.0,0.0,0.0,1.0,0
0.10742839383967734,0.5673869486490108,-0.38236681274377976,-0.2807761042652118,1.469815050555627,1.2563605587132376,-0.15808557332628442,0.12272627577177116,1.0,0.0,0.0,0.0,1.0,0.0,1.0,0.0,0.0,1.0,0.0,0.0,0.0,1.0,0
-0.08054779835573346,0.6748651523345923,-0.5093831521512553,-0.02877062549314445,-1.1616094553065084,1.6652655412073754,-0.8996383693131239,0.12272627577177116,0.0,0.0,1.0,0.0,1.0,0.0,1.0,0.0,1.0,0.0,0.0,0.0,0.0,1.0,1
1.6112379314029637,-0.06729111311500857,-0.5728913218549931,-0.19677427800785602,0.3733881731130707,-0.7881643537574514,-1.5737772747557057,1.0016969169303822,0.0,0.0,0.0,1.0,0.0,1.0,1.0,0.0,1.0,0.0,0.0,0.0,0.0,1.0,1
-1.0204287593327874,-0.8912335813691755,-1.9065628856334869,-2.128816281927039,-0.8326813920737407,-0.37925937126331366,-0.0906716827820262,1.880667558088993,0.0,0.0,1.0,0.0,1.0,0.0,1.0,0.0,0.0,0.0,1.0,0.0,0.0,1.0,1
0.2954045860350881,0.2094117363735283,1.4593701086646163,-0.2807761042652118,-1.490537518539275,-0.7881643537574514,-1.6580446379360283,-1.1957296859661453,1.0,0.0,0.0,0.0,1.0,0.0,0.0,1.0,0.0,1.0,0.0,0.0,1.0,0.0,1
-0.6444763749419659,-0.4788769672288768,-1.9065628856334869,-1.2047961930961255,1.1408869873228602,1.6652655412073754,-0.17493904596234933,1.4411822375096877,0.0,0.0,0.0,1.0,0.0,1.0,1.0,0.0,0.0,1.0,0.0,0.0,1.0,0.0,0
0.2954045860350881,-0.5985160513314722,-0.9539403400774199,0.6432439845657019,0.9216016118343487,1.2563605587132376,-0.12437862805415531,-1.1957296859661453,0.0,0.0,0.0,1.0,1.0,0.0,0.0,1.0,1.0,0.0,0.0,0.0,1.0,0.0,0
1.7992141235983745,-0.8492699799301835,0.887796581330976,0.8952494633377692,0.48303086085732594,0.43855059372496197,-0.10752515541809113,1.4411822375096877,0.0,0.0,0.0,1.0,0.0,1.0,1.0,0.0,0.0,1.0,0.0,0.0,0.0,1.0,0
2.6451069884777234,1.1096594472443113,0.44323939340481155,0.055231200764211334,-1.3260734869228912,0.8474555762190998,1.6283825260965565,0.12272627577177116,0.0,0.0,0.0,1.0,1.0,0.0,1.0,0.0,0.0,1.0,0.0,1.0,0.0,0.0,1
-1.58435733591902,-0.21390679814267033,-1.207973018892371,1.5672640733966154,-0.01036123399182359,-0.37925937126331366,-0.0906716827820262,-1.1957296859661453,0.0,0.0,1.0,0.0,1.0,0.0,1.0,0.0,0.0,1.0,0.0,0.0,1.0,0.0,1
1.2352855470121422,-1.008132185377796,0.2527148842935982,-0.19677427800785602,1.305351018939243,-1.1970693362515892,-0.983905732493447,-1.6352150065454507,1.0,0.0,0.0,0.0,1.0,0.0,1.0,0.0,0.0,1.0,0.0,0.0,0.0,1.0,1
-0.6444763749419659,0.6871116727545431,-0.12833413392882856,-0.11277245175050024,-1.1067881114343798,-0.7881643537574514,0.6508811132048133,0.12272627577177116,0.0,0.0,0.0,1.0,1.0,0.0,1.0,0.0,0.0,1.0,0.0,0.0,1.0,0.0,1
1.6112379314029637,-0.9847524645760719,-0.44587498244751755,-0.6167834092946349,0.04446010988030403,0.029645611230824178,-1.1355869862180277,0.12272627577177116,0.0,1.0,0.0,0.0,1.0,0.0,1.0,0.0,0.0,1.0,0.0,0.0,1.0,0.0,1
0.10742839383967734,2.382591040894958,-0.5093831521512553,-1.2047961930961255,-0.22964660948033502,-1.6059743187457272,1.2576061281031365,0.12272627577177116,0.0,1.0,0.0,0.0,0.0,1.0,1.0,0.0,0.0,1.0,0.0,0.0,0.0,1.0,0
-0.45650018274655507,1.1457138884806697,0.2527148842935982,0.2232348532789229,0.09928145375243164,0.43855059372496197,-1.4558029663032537,0.12272627577177116,0.0,0.0,0.0,1.0,0.0,1.0,1.0,0.0,0.0,1.0,0.0,0.0,0.0,1.0,0
-0.6444763749419659,-0.033548951957941546,0.31622305399733597,1.4832622471392596,-2.0387509572605533,2.0741705237015133,0.3980790236638454,-1.1957296859661453,0.0,0.0,0.0,1.0,1.0,0.0,1.0,0.0,1.0,0.0,0.0,1.0,0.0,0.0,0
0.6713569704259098,0.2956512193308037,0.6972720722197627,-1.372799845610837,-0.9423240798179969,1.2563605587132376,-0.46144808077544636,-1.1957296859661453,0.0,0.0,0.0,1.0,0.0,1.0,1.0,0.0,1.0,0.0,0.0,1.0,0.0,0.0,1
-0.2685239905511443,-0.6231803721772472,-0.9539403400774199,-0.6167834092946349,-0.28446795335246267,0.8474555762190998,1.0216575111982327,-1.6352150065454507,0.0,0.0,0.0,1.0,1.0,0.0,1.0,0.0,0.0,1.0,0.0,0.0,0.0,1.0,0
1.2352855470121422,-0.6578645733666181,0.37973122370107376,0.39123850579363445,-0.9423240798179969,-0.37925937126331366,2.639590884260428,-0.3167590448075343,0.0,0.0,1.0,0.0,1.0,0.0,1.0,0.0,1.0,0.0,0.0,0.0,1.0,0.0,1
-0.8324525671373767,1.0880781665042583,-1.3349893582998467,-0.2807761042652118,1.8535644576605212,-0.7881643537574514,1.0722179291064267,-0.7562443653868398,0.0,1.0,0.0,0.0,1.0,0.0,0.0,1.0,0.0,1.0,0.0,0.0,1.0,0.0,1
0.10742839383967734,-0.09452463404888499,-1.1444648491886333,-2.128816281927039,-0.6133960165852302,-0.37925937126331366,-1.6074842200278348,-2.074700327124756,0.0,1.0,0.0,0.0,0.0,1.0,0.0,1.0,0.0,1.0,0.0,0.0,0.0,1.0,1
1.0473093548167314,-0.13880051556716835,2.411992654220683,2.4072823359701734,1.5246363944277546,0.029645611230824178,-0.36032724495905905,0.12272627577177116,0.0,0.0,1.0,0.0,1.0,0.0,1.0,0.0,0.0,1.0,0.0,0.0,0.0,1.0,1
-0.08054779835573346,-0.6915210945207484,0.37973122370107376,1.399260420881904,-1.3808948307950188,-0.37925937126331366,-0.0906716827820262,0.12272627577177116,1.0,0.0,0.0,0.0,1.0,0.0,1.0,0.0,0.0,1.0,0.0,1.0,0.0,0.0,0
-0.08054779835573346,0.6663867920438572,-0.890432170373682,0.3072366795362787,0.5378522047294545,-1.1970693362515892,-0.6805432250442851,0.5622115963510766,1.0,0.0,0.0,0.0,1.0,0.0,1.0,0.0,0.0,1.0,0.0,0.0,0.0,1.0,1
1.6112379314029637,-0.7238073756278912,-0.6999076612624687,0.47524033205099026,1.9083858015326498,2.0741705237015133,1.105924874378556,-0.3167590448075343,0.0,0.0,0.0,1.0,0.0,1.0,1.0,0.0,0.0,1.0,0.0,0.0,0.0,1.0,0
0.6713569704259098,-1.3050460755593984,-1.4620056977073221,-0.952790714324058,0.6474948924737097,1.6652655412073754,0.4486394415720387,1.0016969169303822,0.0,1.0,0.0,0.0,0.0,1.0,1.0,0.0,1.0,0.0,0.0,1.0,0.0,0.0,0
0.6713569704259098,2.382591040894958,0.18920671458986038,0.979251289595125,1.1408869873228602,-0.37925937126331366,1.4935547450080402,-0.3167590448075343,0.0,1.0,0.0,0.0,1.0,0.0,1.0,0.0,0.0,1.0,0.0,0.0,1.0,0.0,0
-0.6444763749419659,-1.0630274272602325,-0.8269240006699443,-0.7007852355519907,-0.01036123399182359,-1.1970693362515892,0.1958373520310708,0.5622115963510766,0.0,0.0,1.0,0.0,0.0,1.0,1.0,0.0,1.0,0.0,0.0,1.0,0.0,0.0,0
1.0473093548167314,-0.05067695254528521,-1.4620056977073221,1.399260420881904,0.8667802679622212,0.029645611230824178,0.6508811132048133,0.5622115963510766,0.0,1.0,0.0,0.0,0.0,1.0,1.0,0.0,1.0,0.0,0.0,1.0,0.0,0.0,0
-0.8324525671373767,-0.48829736755191583,-0.44587498244751755,-1.4568016718681929,2.1276711770211603,-1.1970693362515892,-0.006404319601703819,0.5622115963510766,0.0,0.0,0.0,1.0,1.0,0.0,1.0,0.0,0.0,1.0,0.0,1.0,0.0,0.0,0
1.9871903157937854,-0.6982866547527491,-0.06482596422509078,1.2312567683671922,-0.39411064109671884,-0.37925937126331366,-1.8434328369327382,0.5622115963510766,1.0,0.0,0.0,0.0,1.0,0.0,1.0,0.0,0.0,1.0,0.0,1.0,0.0,0.0,0
0.2954045860350881,0.1976790559711979,-0.7634158309662065,-0.02877062549314445,-0.5585746727131017,-0.37925937126331366,0.7014415311130066,0.12272627577177116,0.0,0.0,0.0,1.0,0.0,1.0,1.0,0.0,0.0,1.0,0.0,0.0,0.0,1.0,0
0.2954045860350881,-1.285091954875143,0.633763902516025,-0.2807761042652118,-0.5585746727131017,1.2563605587132376,-0.5288619713197046,-0.3167590448075343,0.0,1.0,0.0,0.0,0.0,1.0,1.0,0.0,0.0,1.0,0.0,0.0,0.0,1.0,0
-1.7723335281144308,-0.21904519831887342,-1.0809566794848955,-0.2807761042652118,1.2505296750671155,-0.37925937126331366,0.7182950037490715,-0.3167590448075343,0.0,0.0,0.0,1.0,0.0,1.0,1.0,0.0,1.0,0.0,0.0,1.0,0.0,0.0,0
-1.2084049515281983,-1.121519549266011,0.7607802419235005,0.7272458108230576,-1.490537518539275,-1.6059743187457272,-1.5906307473917702,-0.7562443653868398,0.0,1.0,0.0,0.0,0.0,1.0,0.0,1.0,1.0,0.0,0.0,1.0,0.0,0.0,1
-0.45650018274655507,-0.850040739956614,0.06219037518238481,1.2312567683671922,1.3601723628113718,-0.37925937126331366,0.836269312201523,-0.3167590448075343,0.0,0.0,1.0,0.0,1.0,0.0,1.0,0.0,0.0,0.0,1.0,0.0,1.0,0.0,1
-0.2685239905511443,-0.9434739831605736,0.887796581330976,1.315258594624548,1.4149937066834992,0.8474555762190998,-0.46144808077544636,-0.7562443653868398,0.0,0.0,1.0,0.0,1.0,0.0,1.0,0.0,0.0,1.0,0.0,0.0,0.0,1.0,0
-0.45650018274655507,1.3217040945156258,-0.7634158309662065,-0.02877062549314445,-2.0387509572605533,1.6652655412073754,0.549760277388426,0.12272627577177116,0.0,0.0,0.0,1.0,0.0,1.0,1.0,0.0,0.0,0.0,1.0,0.0,0.0,1.0,1
0.48338077823049896,-0.2592103596961943,0.06219037518238481,0.2232348532789229,0.15410279762455925,-1.1970693362515892,-1.3209751852147373,-1.6352150065454507,0.0,0.0,1.0,0.0,1.0,0.0,1.0,0.0,0.0,1.0,0.0,0.0,0.0,1.0,1
-0.6444763749419659,-0.4498450062333293,-0.2553504733363042,-0.7007852355519907,0.3185668292409431,-1.1970693362515892,-1.7423120011163509,-1.1957296859661453,0.0,1.0,0.0,0.0,0.0,1.0,1.0,0.0,0.0,1.0,0.0,0.0,0.0,1.0,1
-1.7723335281144308,-0.5215256886913625,0.06219037518238481,0.2232348532789229,0.5378522047294545,0.43855059372496197,-0.0569647375098971,0.12272627577177116,0.0,0.0,0.0,1.0,0.0,1.0,1.0,0.0,1.0,0.0,0.0,1.0,0.0,0.0,1
-0.8324525671373767,1.4833067800572133,-1.2714811885961088,0.39123850579363445,-0.5037533288409741,-2.423784283734003,-1.5737772747557057,1.0016969169303822,0.0,1.0,0.0,0.0,1.0,0.0,0.0,1.0,0.0,1.0,0.0,0.0,0.0,1.0,1
0.6713569704259098,2.382591040894958,-0.12833413392882856,1.9032713784260387,-2.2032149888769363,2.0741705237015133,-0.46144808077544636,0.5622115963510766,0.0,0.0,0.0,1.0,1.0,0.0,1.0,0.0,1.0,0.0,0.0,0.0,1.0,0.0,1
-1.58435733591902,-0.725091975671942,0.5702557328122871,-0.19677427800785602,-0.8875027359458694,0.8474555762190998,0.3643720783917163,-0.3167590448075343,0.0,1.0,0.0,0.0,1.0,0.0,1.0,0.0,0.0,1.0,0.0,0.0,0.0,1.0,1
0.8593331626213205,2.382591040894958,-0.5093831521512553,-0.6167834092946349,-2.4225003643654475,-0.7881643537574514,-1.674898110572093,-0.7562443653868398,0.0,0.0,1.0,0.0,0.0,1.0,1.0,0.0,0.0,1.0,0.0,0.0,0.0,1.0,1
0.6713569704259098,-0.1501906359577519,0.06219037518238481,0.7272458108230576,0.3733881731130707,0.43855059372496197,-1.0176126777655763,0.5622115963510766,0.0,0.0,0.0,1.0,1.0,0.0,1.0,0.0,0.0,1.0,0.0,0.0,1.0,0.0,0
1.7992141235983745,-0.3461349626769634,-0.5093831521512553,-0.7847870618093465,1.031244299578604,0.8474555762190998,-0.20864599123447844,1.880667558088993,0.0,0.0,0.0,1.0,0.0,1.0,1.0,0.0,0.0,1.0,0.0,0.0,0.0,1.0,0
0.8593331626213205,1.48364934006896,-1.4620056977073221,-0.11277245175050024,-0.01036123399182359,-0.7881643537574514,-1.489509911575383,-0.3167590448075343,0.0,0.0,0.0,1.0,1.0,0.0,1.0,0.0,0.0,1.0,0.0,0.0,0.0,1.0,1
0.2954045860350881,-0.7779318574838971,-0.890432170373682,0.7272458108230576,1.5246363944277546,-0.7881643537574514,-0.3434737723229941,0.5622115963510766,0.0,0.0,1.0,0.0,1.0,0.0,1.0,0.0,0.0,1.0,0.0,1.0,0.0,0.0,1
-0.8324525671373767,0.3270811004085793,-0.0013177945213529853,0.8112476370804134,0.4282095169851983,0.8474555762190998,0.1284234614868126,0.12272627577177116,1.0,0.0,0.0,0.0,0.0,1.0,1.0,0.0,0.0,1.0,0.0,0.0,0.0,1.0,0
-0.45650018274655507,0.6299041507928153,-0.5093831521512553,0.7272458108230576,-1.8194655817720418,0.8474555762190998,0.8868297301097171,-0.7562443653868398,0.0,0.0,0.0,1.0,1.0,0.0,1.0,0.0,1.0,0.0,0.0,1.0,0.0,0.0,1
0.8593331626213205,-0.9105025820299371,-0.8269240006699443,-1.2047961930961255,0.04446010988030403,1.2563605587132376,0.566613750024491,-1.1957296859661453,0.0,0.0,0.0,1.0,0.0,1.0,1.0,0.0,0.0,1.0,0.0,0.0,0.0,1.0,0
-0.08054779835573346,-0.10171839429556932,-0.0013177945213529853,-0.4487797567799234,-0.1748252656082074,1.2563605587132376,-0.4108876628672523,0.12272627577177116,0.0,0.0,1.0,0.0,0.0,1.0,1.0,0.0,0.0,0.0,1.0,1.0,0.0,0.0,1
0.48338077823049896,0.42137074364190613,-0.890432170373682,-1.372799845610837,0.757137580217965,-1.6059743187457272,-1.236707822034415,2.539895538957951,0.0,0.0,1.0,0.0,0.0,1.0,1.0,0.0,0.0,1.0,0.0,0.0,0.0,1.0,1
1.2352855470121422,2.382591040894958,1.7134027874795674,1.0632531158524807,1.9632071454047775,0.029645611230824178,1.105924874378556,-2.074700327124756,0.0,0.0,0.0,1.0,1.0,0.0,1.0,0.0,0.0,1.0,0.0,1.0,0.0,0.0,1
-0.08054779835573346,1.1327822480372252,0.37973122370107376,0.47524033205099026,1.1408869873228602,-0.7881643537574514,-0.22549946387054262,-0.7562443653868398,0.0,0.0,1.0,0.0,1.0,0.0,1.0,0.0,0.0,1.0,0.0,0.0,0.0,1.0,1
0.2954045860350881,1.4976086605476453,0.6972720722197627,-0.2807761042652118,-0.7230387043294855,-1.1970693362515892,-0.5625689165918336,2.539895538957951,0.0,0.0,0.0,1.0,1.0,0.0,1.0,0.0,0.0,1.0,0.0,0.0,0.0,1.0,1
0.10742839383967734,-0.03466227199611889,-0.44587498244751755,0.559242158308346,1.4149937066834992,-1.1970693362515892,-0.5120084986836396,-1.6352150065454507,0.0,0.0,1.0,0.0,0.0,1.0,1.0,0.0,1.0,0.0,0.0,0.0,0.0,1.0,1
1.0473093548167314,-0.26160827977842244,-1.7795465462260112,-0.8687888880667023,-0.5585746727131017,0.029645611230824178,1.12277834701462,-0.7562443653868398,0.0,1.0,0.0,0.0,1.0,0.0,1.0,0.0,0.0,0.0,1.0,0.0,1.0,0.0,1
-1.2084049515281983,-0.5404521293403772,-0.31885864304004197,0.3072366795362787,-0.7230387043294855,0.43855059372496197,-0.36032724495905905,-1.6352150065454507,1.0,0.0,0.0,0.0,1.0,0.0,1.0,0.0,0.0,1.0,0.0,1.0,0.0,0.0,1
-1.58435733591902,0.2986486194335888,-0.44587498244751755,0.6432439845657019,-1.3260734869228912,0.43855059372496197,-0.8827848966770597,0.12272627577177116,0.0,0.0,0.0,1.0,0.0,1.0,1.0,0.0,0.0,1.0,0.0,0.0,0.0,1.0,1
0.2954045860350881,-0.3090528414053644,2.2214681451094695,-0.02877062549314445,-0.1748252656082074,0.8474555762190998,1.3755804365555886,-0.7562443653868398,0.0,0.0,1.0,0.0,0.0,1.0,1.0,0.0,0.0,1.0,0.0,0.0,1.0,0.0,0
-1.0204287593327874,0.05859969120196736,0.5067475631085494,-0.11277245175050024,1.5246363944277546,-0.37925937126331366,-0.17493904596234933,1.0016969169303822,0.0,0.0,0.0,1.0,0.0,1.0,1.0,0.0,0.0,1.0,0.0,0.0,0.0,1.0,0
0.2954045860350881,-0.5118483683595133,-0.06482596422509078,-0.2807761042652118,1.6342790821720108,-0.37925937126331366,0.9879505659261044,0.12272627577177116,0.0,0.0,0.0,1.0,1.0,0.0,1.0,0.0,0.0,0.0,1.0,1.0,0.0,0.0,0
0.6713569704259098,-1.0900896681882355,-0.8269240006699443,0.055231200764211334,1.1957083311949879,-2.0148793012398647,-0.5288619713197046,0.12272627577177116,0.0,0.0,0.0,1.0,0.0,1.0,1.0,0.0,0.0,1.0,0.0,1.0,0.0,0.0,0
-1.396381143723609,0.5651603085726562,2.2214681451094695,1.6512658996539713,-0.39411064109671884,0.43855059372496197,-0.36032724495905905,1.4411822375096877,0.0,1.0,0.0,0.0,0.0,1.0,1.0,0.0,0.0,1.0,0.0,0.0,1.0,0.0,1
0.6713569704259098,1.8882983539449543,1.1418292601459272,0.055231200764211334,0.3733881731130707,0.43855059372496197,0.5329068047523619,-0.7562443653868398,0.0,1.0,0.0,0.0,1.0,0.0,1.0,0.0,0.0,1.0,0.0,0.0,0.0,1.0,0
-0.08054779835573346,1.2203063310385514,1.4593701086646163,0.47524033205099026,-1.7098228940277864,-0.37925937126331366,2.1171332325424284,-0.3167590448075343,0.0,1.0,0.0,0.0,1.0,0.0,1.0,0.0,1.0,0.0,0.0,0.0,0.0,1.0,0
-0.08054779835573346,-0.14993371594894175,-0.6999076612624687,-0.11277245175050024,-0.01036123399182359,-0.37925937126331366,-0.8490779514049307,-0.7562443653868398,0.0,0.0,1.0,0.0,1.0,0.0,1.0,0.0,0.0,1.0,0.0,0.0,1.0,0.0,1
-1.58435733591902,-0.419528445193731,-1.7160383765222733,-2.128816281927039,-1.6001802062835302,-0.7881643537574514,-1.5906307473917702,-1.6352150065454507,0.0,0.0,1.0,0.0,0.0,1.0,1.0,0.0,0.0,0.0,1.0,0.0,1.0,0.0,1
2.175166507989196,-0.21964467833943044,-1.9065628856334869,-1.4568016718681929,0.757137580217965,-1.1970693362515892,-1.1524404588540922,-1.1957296859661453,0.0,0.0,0.0,1.0,1.0,0.0,1.0,0.0,1.0,0.0,0.0,0.0,1.0,0.0,1
0.2954045860350881,-0.12329967503562235,-0.06482596422509078,2.6592878147422407,1.9083858015326498,0.029645611230824178,0.8699762574736521,0.12272627577177116,1.0,0.0,0.0,0.0,1.0,0.0,1.0,0.0,1.0,0.0,0.0,0.0,0.0,1.0,1
0.10742839383967734,0.01226844961320275,-0.12833413392882856,-1.0367925405814138,0.3185668292409431,0.029645611230824178,-0.309766827050865,1.4411822375096877,0.0,1.0,0.0,0.0,1.0,0.0,1.0,0.0,0.0,1.0,0.0,0.0,1.0,0.0,0
-1.396381143723609,2.382591040894958,0.2527148842935982,0.39123850579363445,-2.258036332749064,-0.37925937126331366,0.3643720783917163,-0.7562443653868398,0.0,0.0,1.0,0.0,1.0,0.0,1.0,0.0,0.0,1.0,0.0,0.0,0.0,1.0,0
0.48338077823049896,-0.6573507333489977,-0.6363994915587309,0.7272458108230576,-2.4225003643654475,-2.0148793012398647,-0.10752515541809113,0.12272627577177116,0.0,1.0,0.0,0.0,1.0,0.0,1.0,0.0,0.0,1.0,0.0,1.0,0.0,0.0,1
0.2954045860350881,0.3446373010106065,1.5863864480720917,0.13923302702156712,0.09928145375243164,0.43855059372496197,-0.1917925185984135,2.320152878668299,0.0,0.0,0.0,1.0,1.0,0.0,1.0,0.0,0.0,1.0,0.0,0.0,1.0,0.0,0
-1.0204287593327874,-0.25801139965508024,1.6498946177758296,0.559242158308346,-0.5585746727131017,0.43855059372496197,0.04415609830649021,-0.3167590448075343,0.0,0.0,0.0,1.0,1.0,0.0,1.0,0.0,1.0,0.0,0.0,0.0,0.0,1.0,1
0.10742839383967734,-0.15747003620737296,0.2527148842935982,-2.0448144556696835,-0.22964660948033502,0.43855059372496197,0.853122784837588,-0.3167590448075343,0.0,0.0,1.0,0.0,1.0,0.0,1.0,0.0,1.0,0.0,0.0,1.0,0.0,0.0,0
-1.0204287593327874,0.6772630724168205,-1.843054715929749,-0.952790714324058,-0.28446795335246267,2.0741705237015133,-0.36032724495905905,-0.7562443653868398,0.0,0.0,0.0,1.0,1.0,0.0,1.0,0.0,0.0,1.0,0.0,0.0,1.0,0.0,1
2.175166507989196,0.052262330984650204,0.18920671458986038,-0.8687888880667023,-1.1067881114343798,-1.6059743187457272,2.4879096305358477,1.0016969169303822,0.0,0.0,1.0,0.0,1.0,0.0,1.0,0.0,0.0,1.0,0.0,0.0,0.0,1.0,1
-0.6444763749419659,-0.47956208725237054,-0.5093831521512553,-0.8687888880667023,-0.8326813920737407,0.029645611230824178,0.22954429730319992,1.0016969169303822,0.0,0.0,1.0,0.0,0.0,1.0,1.0,0.0,0.0,1.0,0.0,0.0,0.0,1.0,0
0.6713569704259098,-0.429548325537327,0.633763902516025,2.07127503094075,-0.8875027359458694,-0.37925937126331366,0.6171741679326842,2.320152878668299,0.0,0.0,0.0,1.0,0.0,1.0,1.0,0.0,0.0,1.0,0.0,1.0,0.0,0.0,0
-1.7723335281144308,-0.5196416086267547,-0.5728913218549931,0.8952494633377692,0.3733881731130707,0.029645611230824178,0.027302625670425285,1.880667558088993,0.0,0.0,0.0,1.0,1.0,0.0,1.0,0.0,1.0,0.0,0.0,1.0,0.0,0.0,0
0.48338077823049896,-0.5944053311905098,0.44323939340481155,-1.372799845610837,-0.7778600482016131,-0.7881643537574514,-1.4220960210311246,0.12272627577177116,0.0,0.0,0.0,1.0,0.0,1.0,1.0,0.0,0.0,1.0,0.0,0.0,0.0,1.0,1
-0.2685239905511443,-0.9868078246465531,-0.6999076612624687,-0.19677427800785602,-0.5037533288409741,-0.7881643537574514,0.6508811132048133,0.5622115963510766,0.0,0.0,0.0,1.0,0.0,1.0,1.0,0.0,0.0,1.0,0.0,0.0,0.0,1.0,1
-0.45650018274655507,0.7081791134769758,2.6025171633318966,0.055231200764211334,0.2637454853688155,-1.6059743187457272,-1.3209751852147373,-0.7562443653868398,0.0,1.0,0.0,0.0,1.0,0.0,1.0,0.0,0.0,1.0,0.0,0.0,0.0,1.0,1
1.9871903157937854,-0.48076104729348457,0.18920671458986038,0.8952494633377692,0.6474948924737097,1.2563605587132376,-0.1917925185984135,-1.6352150065454507,0.0,0.0,1.0,0.0,0.0,1.0,1.0,0.0,0.0,0.0,1.0,0.0,1.0,0.0,1
-0.8324525671373767,-0.04622367239257586,-1.7795465462260112,-1.2047961930961255,-0.7230387043294855,0.8474555762190998,1.12277834701462,0.5622115963510766,0.0,1.0,0.0,0.0,1.0,0.0,1.0,0.0,0.0,1.0,0.0,0.0,1.0,0.0,0
-0.6444763749419659,-1.0255171059739498,-0.31885864304004197,0.6432439845657019,1.469815050555627,0.029645611230824178,0.7351484763851357,1.0016969169303822,0.0,0.0,0.0,1.0,0.0,1.0,1.0,0.0,0.0,1.0,0.0,1.0,0.0,0.0,0
0.6713569704259098,-0.12997959526468636,-0.5093831521512553,-0.952790714324058,0.5378522047294545,-0.7881643537574514,0.6171741679326842,-1.1957296859661453,0.0,0.0,0.0,1.0,1.0,0.0,1.0,0.0,0.0,1.0,0.0,0.0,0.0,1.0,1
1.423261739207553,-0.1230427550268122,-0.6363994915587309,0.055231200764211334,2.018028489276905,1.6652655412073754,-0.983905732493447,0.5622115963510766,0.0,0.0,1.0,0.0,0.0,1.0,1.0,0.0,0.0,1.0,0.0,0.0,0.0,1.0,0
0.8593331626213205,-1.3050460755593984,0.633763902516025,0.8952494633377692,0.20892414149668687,-1.1970693362515892,-0.7816640608606724,0.5622115963510766,1.0,0.0,0.0,0.0,1.0,0.0,1.0,0.0,0.0,1.0,0.0,0.0,0.0,1.0,1
-1.2084049515281983,0.6736661922934783,0.633763902516025,0.47524033205099026,-0.22964660948033502,0.8474555762190998,1.2070457101949432,-0.7562443653868398,0.0,1.0,0.0,0.0,0.0,1.0,1.0,0.0,0.0,1.0,0.0,0.0,0.0,1.0,0
-0.08054779835573346,-0.225553838542064,0.18920671458986038,-0.2807761042652118,-1.1067881114343798,0.029645611230824178,-1.2198543493983505,1.880667558088993,0.0,1.0,0.0,0.0,1.0,0.0,1.0,0.0,0.0,0.0,1.0,0.0,0.0,1.0,1
-0.08054779835573346,-0.05735687277434924,-0.9539403400774199,0.055231200764211334,-0.39411064109671884,-1.1970693362515892,-1.3546821304868664,0.5622115963510766,0.0,1.0,0.0,0.0,1.0,0.0,1.0,0.0,1.0,0.0,0.0,1.0,0.0,0.0,1
-1.7723335281144308,-1.2243731927930097,1.0783210904421894,0.7272458108230576,0.5378522047294545,1.2563605587132376,1.1901922375588783,-0.3167590448075343,1.0,0.0,0.0,0.0,0.0,1.0,1.0,0.0,1.0,0.0,0.0,0.0,1.0,0.0,0
-1.2084049515281983,-0.6224952521537535,-1.0809566794848955,-0.7007852355519907,-1.983929613388425,-0.37925937126331366,-0.3266202996869299,0.5622115963510766,0.0,0.0,0.0,1.0,1.0,0.0,1.0,0.0,0.0,1.0,0.0,1.0,0.0,0.0,0
0.48338077823049896,-0.8123591386644579,0.1256985448861226,0.8952494633377692,-0.6133960165852302,0.43855059372496197,0.027302625670425285,2.539895538957951,0.0,0.0,0.0,1.0,0.0,1.0,1.0,0.0,0.0,1.0,0.0,0.0,0.0,1.0,0
-0.08054779835573346,-0.2987760410529582,-0.44587498244751755,1.735267725911327,0.5926735486015822,-0.7881643537574514,-0.46144808077544636,0.5622115963510766,0.0,0.0,1.0,0.0,1.0,0.0,1.0,0.0,0.0,1.0,0.0,1.0,0.0,0.0,1
0.10742839383967734,-0.1165341148036216,0.8242884116272383,1.8192695521686828,-1.1616094553065084,-0.37925937126331366,-0.6299828071360919,-0.3167590448075343,0.0,0.0,0.0,1.0,1.0,0.0,1.0,0.0,0.0,1.0,0.0,0.0,0.0,1.0,1
0.6713569704259098,-0.5110776083330829,1.205337429849665,-0.11277245175050024,-1.490537518539275,-1.6059743187457272,-1.0850265683098343,-0.3167590448075343,0.0,1.0,0.0,0.0,1.0,0.0,1.0,0.0,0.0,1.0,0.0,1.0,0.0,0.0,1
0.6713569704259098,0.13764541391255836,0.1256985448861226,-0.4487797567799234,0.3733881731130707,0.8474555762190998,0.1621304067589417,1.0016969169303822,0.0,0.0,0.0,1.0,1.0,0.0,1.0,0.0,0.0,1.0,0.0,1.0,0.0,0.0,0
-0.45650018274655507,-1.1164667890927447,-0.0013177945213529853,-0.02877062549314445,-1.7098228940277864,0.8474555762190998,0.4823463868441678,0.12272627577177116,1.0,0.0,0.0,0.0,1.0,0.0,1.0,0.0,0.0,1.0,0.0,0.0,0.0,1.0,0
-1.2084049515281983,0.42505326376818503,0.18920671458986038,0.3072366795362787,1.4149937066834992,1.2563605587132376,0.4823463868441678,-1.1957296859661453,0.0,0.0,0.0,1.0,1.0,0.0,1.0,0.0,0.0,1.0,0.0,0.0,0.0,1.0,0
-0.45650018274655507,0.1552016145145856,-0.8269240006699443,0.2232348532789229,-0.39411064109671884,-0.37925937126331366,0.4823463868441678,-0.3167590448075343,1.0,0.0,0.0,0.0,1.0,0.0,1.0,0.0,0.0,0.0,1.0,0.0,0.0,1.0,0
0.48338077823049896,-0.726890415733613,1.3958619389608784,-1.1207943668387697,-0.1748252656082074,-1.1970693362515892,0.6171741679326842,0.12272627577177116,0.0,0.0,0.0,1.0,1.0,0.0,1.0,0.0,0.0,1.0,0.0,0.0,0.0,1.0,1
-1.9603097203098414,-0.36617472336415546,0.44323939340481155,-1.1207943668387697,1.743921769916266,1.6652655412073754,-0.6636897524082209,1.880667558088993,0.0,0.0,0.0,1.0,1.0,0.0,1.0,0.0,0.0,1.0,0.0,0.0,1.0,0.0,1
1.423261739207553,-0.2913253607974637,0.5067475631085494,2.2392786834554617,1.305351018939243,1.6652655412073754,0.07786304357861931,1.0016969169303822,0.0,0.0,0.0,1.0,1.0,0.0,1.0,0.0,0.0,1.0,0.0,0.0,1.0,0.0,0
0.10742839383967734,-0.6671136936837837,-0.5728913218549931,-0.3647779305225676,-0.1200039217360798,-3.2415942487222784,-1.8939932548409317,-0.7562443653868398,1.0,0.0,0.0,0.0,1.0,0.0,1.0,0.0,0.0,1.0,0.0,0.0,0.0,1.0,1
-0.08054779835573346,1.4835637000660233,-0.7634158309662065,-0.7847870618093465,2.2373138647654165,-0.7881643537574514,-0.7816640608606724,-0.3167590448075343,0.0,0.0,0.0,1.0,1.0,0.0,1.0,0.0,1.0,0.0,0.0,0.0,0.0,1.0,1
-0.8324525671373767,-0.9021955017450755,1.3323537692571406,0.6432439845657019,-2.5321430521097033,-0.37925937126331366,-0.6636897524082209,1.4411822375096877,1.0,0.0,0.0,0.0,0.0,1.0,1.0,0.0,0.0,1.0,0.0,0.0,1.0,0.0,1
1.2352855470121422,-0.5825013707823059,-0.9539403400774199,1.315258594624548,0.2637454853688155,1.2563605587132376,0.2969581878474581,-0.3167590448075343,1.0,0.0,0.0,0.0,1.0,0.0,1.0,0.0,0.0,1.0,0.0,1.0,0.0,0.0,0
-0.2685239905511443,-0.46645916680305266,0.5067475631085494,0.2232348532789229,1.1957083311949879,-0.7881643537574514,-0.3266202996869299,-0.3167590448075343,0.0,1.0,0.0,0.0,1.0,0.0,1.0,0.0,0.0,1.0,0.0,0.0,0.0,1.0,1
0.6713569704259098,1.0706076059051677,0.6972720722197627,1.8192695521686828,0.757137580217965,0.8474555762190998,0.31381166048352227,0.12272627577177116,0.0,0.0,1.0,0.0,1.0,0.0,1.0,0.0,0.0,1.0,0.0,0.0,1.0,0.0,0
0.10742839383967734,0.01774940980115272,-0.6363994915587309,-1.372799845610837,0.48303086085732594,2.0741705237015133,0.4654929142081036,-1.1957296859661453,0.0,0.0,1.0,0.0,1.0,0.0,1.0,0.0,0.0,1.0,0.0,0.0,0.0,1.0,0
1.0473093548167314,2.382591040894958,1.3958619389608784,0.2232348532789229,2.182492520893289,0.029645611230824178,0.2801047152113932,0.12272627577177116,0.0,0.0,0.0,1.0,0.0,1.0,1.0,0.0,0.0,1.0,0.0,1.0,0.0,0.0,0
0.48338077823049896,-1.1830090713745747,-0.06482596422509078,-0.7847870618093465,0.4282095169851983,0.8474555762190998,0.5160533321162969,-0.3167590448075343,0.0,0.0,0.0,1.0,1.0,0.0,1.0,0.0,0.0,1.0,0.0,0.0,0.0,1.0,0
1.423261739207553,-0.6057954515810934,-2.414628243263389,-1.7088071506402602,0.6474948924737097,-0.37925937126331366,-0.4108876628672523,1.0016969169303822,0.0,0.0,1.0,0.0,1.0,0.0,1.0,0.0,0.0,0.0,1.0,0.0,1.0,0.0,1
-1.58435733591902,-1.159543710569914,0.887796581330976,-0.2807761042652118,0.8667802679622212,-0.37925937126331366,1.3418734912834596,-1.1957296859661453,0.0,0.0,0.0,1.0,0.0,1.0,1.0,0.0,0.0,1.0,0.0,0.0,0.0,1.0,0
1.423261739207553,-0.8028530983384822,-1.5890220371147978,-0.02877062549314445,-0.01036123399182359,-0.37925937126331366,0.6171741679326842,-0.7562443653868398,1.0,0.0,0.0,0.0,1.0,0.0,1.0,0.0,0.0,1.0,0.0,0.0,0.0,1.0,0
1.423261739207553,-0.6399658127528439,-0.06482596422509078,-0.02877062549314445,-0.22964660948033502,-2.0148793012398647,0.3980790236638454,-0.7562443653868398,0.0,0.0,1.0,0.0,1.0,0.0,1.0,0.0,1.0,0.0,0.0,0.0,1.0,0.0,1
1.2352855470121422,-0.21836007829537968,0.44323939340481155,-0.8687888880667023,-0.1200039217360798,0.43855059372496197,0.1621304067589417,-0.3167590448075343,0.0,0.0,1.0,0.0,0.0,1.0,1.0,0.0,0.0,1.0,0.0,0.0,0.0,1.0,0
-0.45650018274655507,-0.7484716964736661,-0.890432170373682,-1.8768108031549717,0.4282095169851983,-0.37925937126331366,0.7182950037490715,2.539895538957951,0.0,0.0,0.0,1.0,0.0,1.0,1.0,0.0,0.0,1.0,0.0,0.0,0.0,1.0,0
-0.6444763749419659,-0.8008833782709377,1.5863864480720917,0.2232348532789229,-0.5037533288409741,0.029645611230824178,1.5609686355522985,-1.1957296859661453,1.0,0.0,0.0,0.0,0.0,1.0,1.0,0.0,1.0,0.0,0.0,0.0,0.0,1.0,1
1.6112379314029637,0.935210761262216,0.18920671458986038,-1.0367925405814138,1.305351018939243,0.029645611230824178,1.4092873818277178,0.12272627577177116,0.0,0.0,0.0,1.0,0.0,1.0,1.0,0.0,0.0,1.0,0.0,0.0,0.0,1.0,0
-0.6444763749419659,0.036418930441357314,-0.12833413392882856,-0.7847870618093465,0.7023162363458374,0.029645611230824178,0.33066513311958723,-1.1957296859661453,0.0,1.0,0.0,0.0,1.0,0.0,0.0,1.0,0.0,1.0,0.0,1.0,0.0,0.0,1
0.2954045860350881,0.007643889454619961,0.31622305399733597,-1.372799845610837,-0.5585746727131017,0.029645611230824178,1.8643311430014595,0.5622115963510766,0.0,0.0,0.0,1.0,0.0,1.0,1.0,0.0,0.0,1.0,0.0,1.0,0.0,0.0,0
-0.8324525671373767,-0.29260996084151447,2.6342712481837656,1.5672640733966154,-0.44893198496884645,-0.37925937126331366,0.010449153034361107,1.0016969169303822,0.0,0.0,0.0,1.0,1.0,0.0,0.0,1.0,0.0,1.0,0.0,0.0,0.0,1.0,1
-1.396381143723609,-0.2770234803070317,-1.0809566794848955,0.8112476370804134,-0.5585746727131017,0.029645611230824178,-0.4108876628672523,-1.6352150065454507,0.0,0.0,1.0,0.0,1.0,0.0,1.0,0.0,0.0,1.0,0.0,0.0,1.0,0.0,1
-1.9603097203098414,1.1941004901399155,1.205337429849665,2.5752859884848847,-1.4357161746671474,-1.1970693362515892,-0.6131293345000269,1.0016969169303822,0.0,0.0,1.0,0.0,0.0,1.0,0.0,1.0,0.0,1.0,0.0,0.0,0.0,1.0,1
1.0473093548167314,2.382591040894958,-1.0174485097811576,-2.128816281927039,-1.1067881114343798,-0.37925937126331366,-1.2198543493983505,0.12272627577177116,0.0,1.0,0.0,0.0,1.0,0.0,1.0,0.0,0.0,1.0,0.0,0.0,0.0,1.0,0
-0.45650018274655507,-0.7752770173928589,-1.0809566794848955,-1.7928089768976159,-0.22964660948033502,1.2563605587132376,0.4486394415720387,-1.1957296859661453,0.0,0.0,0.0,1.0,0.0,1.0,1.0,0.0,0.0,0.0,1.0,0.0,1.0,0.0,1
-1.9603097203098414,-1.0554911070018012,-0.6999076612624687,-0.7007852355519907,0.8667802679622212,1.2563605587132376,-0.7816640608606724,-1.1957296859661453,0.0,0.0,0.0,1.0,1.0,0.0,1.0,0.0,1.0,0.0,0.0,0.0,0.0,1.0,1
-1.2084049515281983,-0.5670005302507599,0.8242884116272383,-0.3647779305225676,-1.3260734869228912,-1.6059743187457272,0.4486394415720387,0.12272627577177116,0.0,0.0,1.0,0.0,1.0,0.0,1.0,0.0,0.0,1.0,0.0,0.0,1.0,0.0,1
0.2954045860350881,-0.5508145696957202,0.5067475631085494,-1.7088071506402602,0.8667802679622212,0.43855059372496197,-0.1917925185984135,0.5622115963510766,1.0,0.0,0.0,0.0,1.0,0.0,1.0,0.0,0.0,0.0,1.0,0.0,0.0,1.0,0
1.0473093548167314,-1.2287408329427825,1.7134027874795674,2.155276857198106,-0.8875027359458694,-0.7881643537574514,-0.04011126487383292,-1.6352150065454507,0.0,1.0,0.0,0.0,1.0,0.0,0.0,1.0,0.0,1.0,0.0,0.0,1.0,0.0,1
-0.08054779835573346,-1.1392470298739117,0.2527148842935982,-2.0448144556696835,1.1957083311949879,-0.37925937126331366,0.3812255510277805,0.12272627577177116,0.0,1.0,0.0,0.0,1.0,0.0,1.0,0.0,0.0,1.0,0.0,0.0,0.0,1.0,0
-0.45650018274655507,0.18817301564522218,-0.44587498244751755,0.979251289595125,1.031244299578604,-2.8326892662281407,-0.5794223892278978,-1.1957296859661453,0.0,0.0,1.0,0.0,1.0,0.0,1.0,0.0,0.0,1.0,0.0,1.0,0.0,0.0,1
-0.08054779835573346,-0.7157572153518397,0.44323939340481155,0.47524033205099026,-0.9971454236901246,-1.6059743187457272,-0.6636897524082209,1.0016969169303822,0.0,0.0,0.0,1.0,0.0,1.0,1.0,0.0,0.0,1.0,0.0,0.0,0.0,1.0,1
-1.2084049515281983,1.4445974987298167,1.3958619389608784,-1.0367925405814138,1.0860656434507325,1.6652655412073754,1.2070457101949432,0.12272627577177116,1.0,0.0,0.0,0.0,1.0,0.0,1.0,0.0,0.0,1.0,0.0,1.0,0.0,0.0,0
-1.7723335281144308,-0.36471884331423127,1.7769109571833053,2.6592878147422407,1.305351018939243,-0.7881643537574514,-1.6917515832081575,-0.7562443653868398,0.0,0.0,0.0,1.0,1.0,0.0,1.0,0.0,0.0,1.0,0.0,0.0,0.0,1.0,1
0.2954045860350881,1.4646372594170087,0.44323939340481155,-0.3647779305225676,-0.6682173604573579,-0.37925937126331366,-0.983905732493447,-1.1957296859661453,0.0,0.0,0.0,1.0,0.0,1.0,1.0,0.0,0.0,0.0,1.0,0.0,0.0,1.0,1
0.2954045860350881,-0.8242630990726617,0.9513047510347139,0.13923302702156712,0.20892414149668687,1.2563605587132376,0.6340276405687484,-0.7562443653868398,0.0,0.0,0.0,1.0,0.0,1.0,1.0,0.0,0.0,1.0,0.0,1.0,0.0,0.0,0
1.0473093548167314,-1.1514079102909258,-1.0809566794848955,-0.7007852355519907,-0.9423240798179969,0.8474555762190998,1.6452359987326208,0.12272627577177116,0.0,0.0,1.0,0.0,1.0,0.0,1.0,0.0,1.0,0.0,0.0,0.0,0.0,1.0,0
1.6112379314029637,-1.000253305107618,-1.7795465462260112,-0.4487797567799234,-0.06518257786395218,-0.37925937126331366,0.8025623669293939,-0.3167590448075343,0.0,0.0,1.0,0.0,0.0,1.0,1.0,0.0,0.0,1.0,0.0,0.0,1.0,0.0,0
-1.58435733591902,-0.07217259328240151,-1.0174485097811576,-0.6167834092946349,0.09928145375243164,-0.37925937126331366,1.6452359987326208,0.5622115963510766,0.0,0.0,0.0,1.0,1.0,0.0,1.0,0.0,0.0,1.0,0.0,0.0,0.0,1.0,0
-1.7723335281144308,-0.9808130244409828,-1.0809566794848955,-1.6248053243829044,-0.1200039217360798,0.8474555762190998,-0.07381821014596203,-0.7562443653868398,0.0,0.0,1.0,0.0,1.0,0.0,1.0,0.0,1.0,0.0,0.0,1.0,0.0,0.0,0
1.423261739207553,0.1420986940652677,-0.5728913218549931,0.979251289595125,-0.28446795335246267,1.6652655412073754,0.3643720783917163,-0.7562443653868398,0.0,0.0,1.0,0.0,0.0,1.0,1.0,0.0,0.0,1.0,0.0,0.0,1.0,0.0,0
0.10742839383967734,0.5477753879765024,-0.6363994915587309,-1.0367925405814138,1.743921769916266,1.2563605587132376,1.12277834701462,-0.7562443653868398,0.0,0.0,1.0,0.0,0.0,1.0,1.0,0.0,0.0,1.0,0.0,0.0,0.0,1.0,1
0.8593331626213205,1.6511611858131812,0.5067475631085494,1.8192695521686828,1.305351018939243,-1.6059743187457272,-0.4445946081393814,1.0016969169303822,0.0,0.0,0.0,1.0,1.0,0.0,1.0,0.0,1.0,0.0,0.0,0.0,0.0,1.0,1
0.8593331626213205,-0.5104781283125258,-0.06482596422509078,-0.2807761042652118,0.20892414149668687,0.43855059372496197,-0.0906716827820262,-1.1957296859661453,0.0,0.0,0.0,1.0,0.0,1.0,1.0,0.0,0.0,1.0,0.0,1.0,0.0,0.0,0
-1.9603097203098414,-0.8894351413075045,-0.9539403400774199,-0.8687888880667023,-1.490537518539275,0.8474555762190998,0.853122784837588,1.880667558088993,0.0,0.0,1.0,0.0,1.0,0.0,1.0,0.0,0.0,1.0,0.0,0.0,0.0,1.0,0
-0.2685239905511443,-0.7950598580712408,-0.9539403400774199,-0.8687888880667023,-0.5037533288409741,-1.6059743187457272,-1.236707822034415,0.12272627577177116,0.0,0.0,1.0,0.0,1.0,0.0,1.0,0.0,0.0,1.0,0.0,0.0,0.0,1.0,1
0.10742839383967734,-0.49069528763414394,1.3958619389608784,2.4072823359701734,-0.6133960165852302,-0.37925937126331366,0.7351484763851357,0.12272627577177116,0.0,0.0,1.0,0.0,1.0,0.0,1.0,0.0,0.0,1.0,0.0,1.0,0.0,0.0,1
0.8593331626213205,0.17601213522820816,1.0148129207384518,1.315258594624548,-1.8194655817720418,0.8474555762190998,0.1958373520310708,2.320152878668299,0.0,0.0,1.0,0.0,0.0,1.0,1.0,0.0,0.0,1.0,0.0,1.0,0.0,0.0,0
-0.2685239905511443,0.45973746495755596,0.44323939340481155,-0.5327815830372792,0.09928145375243164,-2.0148793012398647,-1.3209751852147373,-0.3167590448075343,1.0,0.0,0.0,0.0,1.0,0.0,1.0,0.0,0.0,1.0,0.0,0.0,0.0,1.0,1
1.423261739207553,-0.8198954589228892,0.8242884116272383,0.3072366795362787,1.3601723628113718,0.43855059372496197,-0.309766827050865,-0.7562443653868398,0.0,0.0,0.0,1.0,1.0,0.0,1.0,0.0,0.0,1.0,0.0,0.0,1.0,0.0,0
-0.08054779835573346,1.4612972993024766,-0.6363994915587309,0.055231200764211334,0.7023162363458374,0.43855059372496197,0.4149324962999096,-1.6352150065454507,0.0,0.0,0.0,1.0,1.0,0.0,0.0,1.0,0.0,0.0,1.0,0.0,0.0,1.0,1
0.10742839383967734,-0.6265203322917792,0.31622305399733597,0.559242158308346,-1.1616094553065084,-0.37925937126331366,0.1621304067589417,-1.1957296859661453,0.0,0.0,0.0,1.0,0.0,1.0,1.0,0.0,0.0,1.0,0.0,1.0,0.0,0.0,1
-1.0204287593327874,-0.7802441375631886,-0.12833413392882856,-0.7007852355519907,0.3733881731130707,0.8474555762190998,0.8868297301097171,-0.3167590448075343,0.0,0.0,0.0,1.0,1.0,0.0,1.0,0.0,0.0,1.0,0.0,0.0,0.0,1.0,0
1.423261739207553,-0.36232092323200316,0.06219037518238481,1.315258594624548,-2.0387509572605533,0.43855059372496197,0.2969581878474581,-0.7562443653868398,0.0,0.0,0.0,1.0,0.0,1.0,1.0,0.0,0.0,1.0,0.0,0.0,0.0,1.0,0
-0.8324525671373767,0.024686250039026907,-0.7634158309662065,-0.11277245175050024,0.3185668292409431,-0.7881643537574514,-0.8827848966770597,0.5622115963510766,0.0,0.0,0.0,1.0,1.0,0.0,0.0,1.0,0.0,0.0,1.0,0.0,0.0,1.0,1
1.6112379314029637,1.0430315249595443,-0.31885864304004197,-0.19677427800785602,1.7987431137883936,0.029645611230824178,1.2744596007392013,1.880667558088993,1.0,0.0,0.0,0.0,1.0,0.0,1.0,0.0,0.0,0.0,1.0,0.0,0.0,1.0,0
-0.2685239905511443,-0.273597880189563,0.31622305399733597,-0.2807761042652118,-0.01036123399182359,-0.7881643537574514,0.4149324962999096,-2.074700327124756,0.0,0.0,0.0,1.0,1.0,0.0,1.0,0.0,0.0,1.0,0.0,0.0,0.0,1.0,1
-1.396381143723609,-0.9385925029931808,-0.06482596422509078,-0.7007852355519907,0.757137580217965,-0.37925937126331366,0.6003206952966192,-0.3167590448075343,0.0,0.0,1.0,0.0,1.0,0.0,1.0,0.0,0.0,0.0,1.0,0.0,0.0,1.0,1
0.6713569704259098,-0.27993524040688017,1.205337429849665,0.8112476370804134,-0.7230387043294855,-0.37925937126331366,-0.07381821014596203,-2.074700327124756,0.0,1.0,0.0,0.0,1.0,0.0,1.0,0.0,0.0,0.0,1.0,0.0,0.0,1.0,1
0.10742839383967734,1.4564158191350838,-1.2714811885961088,-0.952790714324058,-0.9971454236901246,-0.7881643537574514,-1.2198543493983505,0.12272627577177116,0.0,0.0,1.0,0.0,1.0,0.0,1.0,0.0,0.0,1.0,0.0,0.0,0.0,1.0,1
-0.2685239905511443,1.4111122575815598,0.6972720722197627,0.2232348532789229,-0.5585746727131017,-0.37925937126331366,1.2407526554670723,0.5622115963510766,0.0,0.0,1.0,0.0,0.0,1.0,1.0,0.0,1.0,0.0,0.0,1.0,0.0,0.0,0
-1.0204287593327874,-0.19027015733213606,0.5702557328122871,-0.19677427800785602,1.1408869873228602,-0.37925937126331366,-0.6131293345000269,-1.1957296859661453,1.0,0.0,0.0,0.0,1.0,0.0,1.0,0.0,1.0,0.0,0.0,0.0,0.0,1.0,1
0.8593331626213205,-0.21861699830418982,-0.8269240006699443,-1.372799845610837,0.5926735486015822,0.8474555762190998,-0.5625689165918336,0.12272627577177116,0.0,0.0,1.0,0.0,1.0,0.0,1.0,0.0,0.0,0.0,1.0,0.0,0.0,1.0,1
-0.45650018274655507,-0.19480907748778215,-1.7795465462260112,-0.19677427800785602,0.7023162363458374,0.029645611230824178,-0.15808557332628442,1.880667558088993,0.0,0.0,1.0,0.0,0.0,1.0,1.0,0.0,0.0,0.0,1.0,0.0,0.0,1.0,0
-1.7723335281144308,0.3085828597742481,-1.1444648491886333,-0.3647779305225676,-1.3808948307950188,0.43855059372496197,-0.20864599123447844,-0.7562443653868398,0.0,1.0,0.0,0.0,1.0,0.0,1.0,0.0,0.0,0.0,1.0,0.0,0.0,1.0,1
1.2352855470121422,-0.23848547898550848,1.3958619389608784,1.315258594624548,-1.3260734869228912,0.029645611230824178,-1.556923802119641,0.12272627577177116,0.0,0.0,0.0,1.0,1.0,0.0,1.0,0.0,0.0,1.0,0.0,0.0,1.0,0.0,1
-1.396381143723609,-0.1292944752411926,0.6972720722197627,1.6512658996539713,0.9216016118343487,1.2563605587132376,0.4654929142081036,-0.7562443653868398,0.0,0.0,0.0,1.0,0.0,1.0,1.0,0.0,0.0,1.0,0.0,0.0,1.0,0.0,0
-0.2685239905511443,-0.1773385168886916,-0.2553504733363042,-0.952790714324058,0.20892414149668687,1.6652655412073754,-0.25920640914267173,1.0016969169303822,0.0,1.0,0.0,0.0,0.0,1.0,1.0,0.0,0.0,1.0,0.0,0.0,0.0,1.0,0
0.8593331626213205,0.06553653143984155,0.31622305399733597,-1.1207943668387697,0.6474948924737097,1.2563605587132376,1.1901922375588783,-0.3167590448075343,0.0,0.0,1.0,0.0,1.0,0.0,1.0,0.0,0.0,0.0,1.0,0.0,0.0,1.0,0
-0.45650018274655507,-0.5852418508762809,0.31622305399733597,0.8112476370804134,0.9764229557064764,-1.1970693362515892,-0.9164918419491889,2.539895538957951,1.0,0.0,0.0,0.0,1.0,0.0,1.0,0.0,1.0,0.0,0.0,1.0,0.0,0.0,1
0.2954045860350881,-0.6038257315135488,1.0783210904421894,-1.2887980193534812,0.5926735486015822,0.43855059372496197,1.0385109838342976,0.5622115963510766,0.0,0.0,0.0,1.0,0.0,1.0,1.0,0.0,0.0,1.0,0.0,0.0,0.0,1.0,0
0.8593331626213205,-0.7330564959450567,0.37973122370107376,-0.6167834092946349,-0.8326813920737407,-0.7881643537574514,0.24639776993926407,0.5622115963510766,0.0,0.0,0.0,1.0,1.0,0.0,1.0,0.0,0.0,1.0,0.0,0.0,1.0,0.0,1
-1.9603097203098414,1.1708920493440649,1.7769109571833053,0.6432439845657019,0.757137580217965,0.029645611230824178,0.24639776993926407,-0.3167590448075343,0.0,0.0,0.0,1.0,0.0,1.0,1.0,0.0,1.0,0.0,0.0,0.0,0.0,1.0,1
-1.58435733591902,-1.2150384324729073,0.8242884116272383,0.39123850579363445,-1.0519667675622522,0.8474555762190998,-0.023257792237767996,-1.1957296859661453,1.0,0.0,0.0,0.0,1.0,0.0,1.0,0.0,1.0,0.0,0.0,0.0,0.0,1.0,1
-0.08054779835573346,-0.7646576570287058,-0.38236681274377976,1.315258594624548,0.04446010988030403,0.029645611230824178,1.2576061281031365,-0.7562443653868398,0.0,0.0,0.0,1.0,1.0,0.0,1.0,0.0,0.0,1.0,0.0,0.0,0.0,1.0,0
0.10742839383967734,0.37546770206782515,-1.0174485097811576,-0.8687888880667023,-0.1748252656082074,0.029645611230824178,-0.22549946387054262,0.5622115963510766,0.0,0.0,0.0,1.0,1.0,0.0,1.0,0.0,0.0,1.0,0.0,0.0,0.0,1.0,0
-0.8324525671373767,-0.7803297775661253,-1.1444648491886333,1.399260420881904,1.0860656434507325,-0.7881643537574514,-0.6131293345000269,1.880667558088993,0.0,0.0,0.0,1.0,1.0,0.0,1.0,0.0,0.0,1.0,0.0,0.0,1.0,0.0,1
1.2352855470121422,0.8912774397556795,-0.5728913218549931,-1.4568016718681929,-1.1616094553065084,-0.37925937126331366,1.3755804365555886,-0.3167590448075343,0.0,1.0,0.0,0.0,1.0,0.0,1.0,0.0,0.0,1.0,0.0,0.0,0.0,1.0,0
0.6713569704259098,-0.6082790116662582,0.31622305399733597,-1.0367925405814138,-0.01036123399182359,-1.1970693362515892,-1.3041217125786733,1.0016969169303822,0.0,1.0,0.0,0.0,0.0,1.0,0.0,1.0,0.0,1.0,0.0,0.0,0.0,1.0,1
-0.6444763749419659,-0.9229203824557612,0.5067475631085494,0.6432439845657019,1.5246363944277546,-0.7881643537574514,-0.39403419023118813,0.12272627577177116,1.0,0.0,0.0,0.0,1.0,0.0,1.0,0.0,0.0,1.0,0.0,0.0,0.0,1.0,1
0.6713569704259098,0.2707299784762186,-0.2553504733363042,0.7272458108230576,1.305351018939243,0.8474555762190998,0.212690824667135,-0.7562443653868398,1.0,0.0,0.0,0.0,1.0,0.0,1.0,0.0,0.0,1.0,0.0,0.0,0.0,1.0,0
-0.45650018274655507,1.2701488127477214,0.18920671458986038,1.8192695521686828,-0.28446795335246267,1.2563605587132376,1.0385109838342976,-0.7562443653868398,0.0,0.0,1.0,0.0,0.0,1.0,1.0,0.0,0.0,1.0,0.0,0.0,0.0,1.0,0
-1.58435733591902,-1.0435871465935973,2.0944518057019943,1.9032713784260387,-1.8194655817720418,-0.7881643537574514,-0.8490779514049307,1.880667558088993,0.0,0.0,0.0,1.0,0.0,1.0,1.0,0.0,0.0,0.0,1.0,0.0,0.0,1.0,1
0.2954045860350881,0.2094117363735283,-0.890432170373682,-1.2887980193534812,-2.724017755662151,0.43855059372496197,1.4429943270998462,0.5622115963510766,1.0,0.0,0.0,0.0,0.0,1.0,1.0,0.0,1.0,0.0,0.0,1.0,0.0,0.0,0
-0.6444763749419659,-0.5619477700774935,-0.2553504733363042,0.979251289595125,-0.6133960165852302,0.029645611230824178,-0.47830155341151054,0.5622115963510766,0.0,0.0,1.0,0.0,0.0,1.0,1.0,0.0,0.0,1.0,0.0,0.0,1.0,0.0,1
-1.396381143723609,0.940691721450166,1.205337429849665,0.47524033205099026,0.3733881731130707,-1.6059743187457272,-1.9277002001130608,-0.7562443653868398,0.0,1.0,0.0,0.0,1.0,0.0,1.0,0.0,0.0,1.0,0.0,0.0,0.0,1.0,1
1.2352855470121422,0.002505489278416862,-0.5093831521512553,2.07127503094075,0.15410279762455925,2.0741705237015133,-0.8490779514049307,0.12272627577177116,0.0,0.0,1.0,0.0,0.0,1.0,1.0,0.0,0.0,1.0,0.0,0.0,1.0,0.0,1
-0.2685239905511443,0.5315894274214626,-0.0013177945213529853,1.0632531158524807,-1.8194655817720418,-1.6059743187457272,-1.3883890757589956,1.0016969169303822,0.0,1.0,0.0,0.0,1.0,0.0,1.0,0.0,0.0,1.0,0.0,1.0,0.0,0.0,1
0.48338077823049896,1.2378625316405785,0.5067475631085494,0.47524033205099026,0.2637454853688155,-0.7881643537574514,0.04415609830649021,2.320152878668299,0.0,0.0,0.0,1.0,0.0,1.0,1.0,0.0,0.0,1.0,0.0,0.0,0.0,1.0,0
0.2954045860350881,-1.0751026676743096,-0.8269240006699443,-0.19677427800785602,1.2505296750671155,0.8474555762190998,0.6340276405687484,1.4411822375096877,0.0,1.0,0.0,0.0,0.0,1.0,1.0,0.0,0.0,0.0,1.0,1.0,0.0,0.0,0
-0.2685239905511443,-1.2205193926608573,1.522878278368354,0.39123850579363445,0.48303086085732594,-2.8326892662281407,-1.3209751852147373,-1.6352150065454507,0.0,0.0,0.0,1.0,1.0,0.0,1.0,0.0,0.0,1.0,0.0,0.0,0.0,1.0,1
0.10742839383967734,-0.7131023752608013,0.887796581330976,0.7272458108230576,-0.5585746727131017,-0.37925937126331366,1.0385109838342976,0.12272627577177116,0.0,0.0,1.0,0.0,1.0,0.0,1.0,0.0,0.0,1.0,0.0,1.0,0.0,0.0,0
0.48338077823049896,-1.255289233853165,0.7607802419235005,-0.02877062549314445,2.0728498331490326,-0.7881643537574514,-0.6131293345000269,1.4411822375096877,1.0,0.0,0.0,0.0,1.0,0.0,0.0,1.0,0.0,1.0,0.0,0.0,0.0,1.0,1
-1.58435733591902,-0.9711357041091336,-1.4620056977073221,0.2232348532789229,0.757137580217965,0.43855059372496197,-0.7816640608606724,0.12272627577177116,0.0,0.0,1.0,0.0,1.0,0.0,1.0,0.0,1.0,0.0,0.0,0.0,0.0,1.0,0
0.48338077823049896,-1.2384181532746315,-0.31885864304004197,-1.0367925405814138,0.757137580217965,0.43855059372496197,-0.25920640914267173,-1.1957296859661453,1.0,0.0,0.0,0.0,1.0,0.0,1.0,0.0,0.0,0.0,1.0,0.0,1.0,0.0,1
0.8593331626213205,-1.2250583128165036,-0.5093831521512553,-0.5327815830372792,-0.8875027359458694,-1.1970693362515892,-0.1917925185984135,1.0016969169303822,0.0,0.0,1.0,0.0,1.0,0.0,1.0,0.0,1.0,0.0,0.0,0.0,1.0,0.0,1
-0.2685239905511443,1.0113447238729587,0.5067475631085494,1.5672640733966154,0.48303086085732594,-2.423784283734003,-0.5457154439557688,-0.7562443653868398,1.0,0.0,0.0,0.0,0.0,1.0,1.0,0.0,0.0,1.0,0.0,0.0,0.0,1.0,1
-1.0204287593327874,1.0158836440286048,0.6972720722197627,0.8112476370804134,-0.22964660948033502,0.029645611230824178,0.4991998594802327,-1.1957296859661453,0.0,0.0,0.0,1.0,1.0,0.0,1.0,0.0,0.0,1.0,0.0,0.0,0.0,1.0,0
-0.8324525671373767,-0.2269240785890515,1.3958619389608784,0.6432439845657019,1.0860656434507325,0.8474555762190998,-1.0344661504016404,0.12272627577177116,0.0,0.0,0.0,1.0,0.0,1.0,1.0,0.0,0.0,1.0,0.0,0.0,0.0,1.0,1
-0.45650018274655507,0.022288329956798792,-0.5093831521512553,0.3072366795362787,-1.1616094553065084,-0.37925937126331366,-1.270414767306544,1.4411822375096877,0.0,1.0,0.0,0.0,0.0,1.0,1.0,0.0,0.0,1.0,0.0,0.0,0.0,1.0,1
0.8593331626213205,-1.2076733922203498,-1.7160383765222733,0.979251289595125,-0.39411064109671884,0.8474555762190998,0.4991998594802327,0.12272627577177116,0.0,0.0,0.0,1.0,0.0,1.0,1.0,0.0,0.0,1.0,0.0,1.0,0.0,0.0,0
-0.08054779835573346,-0.52289592873835,0.8242884116272383,0.6432439845657019,1.8535644576605212,-0.37925937126331366,1.2576061281031365,1.4411822375096877,0.0,0.0,0.0,1.0,1.0,0.0,1.0,0.0,1.0,0.0,0.0,1.0,0.0,0.0,0
0.10742839383967734,-0.6960600146763944,1.5863864480720917,1.315258594624548,-1.5453588624114027,0.8474555762190998,0.6677345858408775,1.880667558088993,1.0,0.0,0.0,0.0,1.0,0.0,1.0,0.0,0.0,1.0,0.0,0.0,0.0,1.0,0
-0.2685239905511443,1.426527458110169,1.3958619389608784,-0.6167834092946349,0.9216016118343487,-0.37925937126331366,-0.4277411355033172,-1.1957296859661453,0.0,0.0,1.0,0.0,1.0,0.0,1.0,0.0,0.0,1.0,0.0,0.0,0.0,1.0,1
0.8593331626213205,2.382591040894958,-0.31885864304004197,-0.5327815830372792,-0.39411064109671884,-0.37925937126331366,0.7688554216572648,0.12272627577177116,0.0,0.0,1.0,0.0,1.0,0.0,1.0,0.0,0.0,1.0,0.0,1.0,0.0,0.0,0
0.10742839383967734,-0.10651423446002556,0.6972720722197627,0.39123850579363445,1.1408869873228602,1.6652655412073754,1.5272616902801692,1.880667558088993,0.0,0.0,0.0,1.0,1.0,0.0,1.0,0.0,1.0,0.0,0.0,0.0,0.0,1.0,0
0.6713569704259098,0.5938497095564569,-0.19184230363256635,0.559242158308346,0.09928145375243164,-1.1970693362515892,-0.7648105882246076,1.0016969169303822,0.0,0.0,0.0,1.0,1.0,0.0,1.0,0.0,0.0,1.0,0.0,1.0,0.0,0.0,1
1.423261739207553,0.15314625444410437,0.1256985448861226,-0.6167834092946349,1.5794577382998822,-1.1970693362515892,-1.0344661504016404,-1.1957296859661453,1.0,0.0,0.0,0.0,0.0,1.0,1.0,0.0,1.0,0.0,0.0,0.0,0.0,1.0,1
0.2954045860350881,-0.9825258244997173,0.37973122370107376,0.979251289595125,0.8667802679622212,1.2563605587132376,0.1452769341228775,-1.1957296859661453,0.0,1.0,0.0,0.0,1.0,0.0,1.0,0.0,0.0,1.0,0.0,0.0,1.0,0.0,0
1.6112379314029637,1.21251309077131,-0.6363994915587309,1.8192695521686828,0.757137580217965,-2.423784283734003,0.1284234614868126,-1.1957296859661453,0.0,0.0,1.0,0.0,1.0,0.0,1.0,0.0,0.0,1.0,0.0,0.0,0.0,1.0,0
0.10742839383967734,-0.5479028095958718,0.31622305399733597,0.47524033205099026,0.2637454853688155,0.43855059372496197,0.6845880584769425,1.4411822375096877,0.0,0.0,0.0,1.0,1.0,0.0,1.0,0.0,0.0,1.0,0.0,0.0,1.0,0.0,0
-1.9603097203098414,-0.8562924601709944,0.44323939340481155,-1.372799845610837,0.2637454853688155,0.029645611230824178,-0.10752515541809113,-0.7562443653868398,0.0,0.0,0.0,1.0,1.0,0.0,1.0,0.0,0.0,1.0,0.0,0.0,1.0,0.0,1
1.0473093548167314,-0.900825261698088,-0.5093831521512553,0.055231200764211334,0.3733881731130707,-0.7881643537574514,-0.6299828071360919,-0.3167590448075343,1.0,0.0,0.0,0.0,0.0,1.0,1.0,0.0,0.0,1.0,0.0,1.0,0.0,0.0,1
0.2954045860350881,0.04626753077907992,2.411992654220683,2.5752859884848847,-0.1748252656082074,0.029645611230824178,-0.47830155341151054,-1.1957296859661453,0.0,0.0,1.0,0.0,1.0,0.0,1.0,0.0,1.0,0.0,0.0,1.0,0.0,0.0,1
-0.8324525671373767,-0.35598356301468603,1.268845599553403,0.39123850579363445,0.15410279762455925,0.029645611230824178,0.6003206952966192,0.5622115963510766,0.0,0.0,1.0,0.0,1.0,0.0,1.0,0.0,0.0,1.0,0.0,0.0,0.0,1.0,0
-1.396381143723609,0.8485430782902571,0.37973122370107376,0.055231200764211334,-0.9971454236901246,1.6652655412073754,1.089071401742491,-0.7562443653868398,0.0,0.0,0.0,1.0,0.0,1.0,1.0,0.0,0.0,1.0,0.0,0.0,1.0,0.0,1
-0.8324525671373767,-0.5469607695635679,-1.7795465462260112,-0.6167834092946349,0.9764229557064764,-0.7881643537574514,-0.8153710061328016,0.5622115963510766,0.0,0.0,1.0,0.0,1.0,0.0,1.0,0.0,0.0,1.0,0.0,1.0,0.0,0.0,1
-0.2685239905511443,-0.4518147263008738,-1.4620056977073221,2.4072823359701734,0.2637454853688155,1.2563605587132376,0.9879505659261044,0.5622115963510766,0.0,0.0,0.0,1.0,0.0,1.0,1.0,0.0,0.0,1.0,0.0,1.0,0.0,0.0,0
0.10742839383967734,-0.6010852514195738,1.205337429849665,2.6592878147422407,-0.1200039217360798,-1.6059743187457272,-0.39403419023118813,-1.1957296859661453,0.0,0.0,1.0,0.0,1.0,0.0,1.0,0.0,0.0,1.0,0.0,0.0,0.0,1.0,1
0.6713569704259098,-1.3050460755593984,0.5702557328122871,0.6432439845657019,-0.5585746727131017,0.43855059372496197,-0.7142501703164142,0.12272627577177116,0.0,0.0,1.0,0.0,1.0,0.0,1.0,0.0,1.0,0.0,0.0,0.0,0.0,1.0,1
0.8593331626213205,-0.914185102156216,-0.8269240006699443,-0.4487797567799234,0.9764229557064764,0.8474555762190998,0.06100957094255439,0.12272627577177116,0.0,0.0,0.0,1.0,1.0,0.0,1.0,0.0,0.0,1.0,0.0,1.0,0.0,0.0,0
1.7992141235983745,-0.6663429336573532,-0.06482596422509078,-0.2807761042652118,-1.3808948307950188,-0.7881643537574514,0.549760277388426,1.0016969169303822,0.0,0.0,1.0,0.0,0.0,1.0,1.0,0.0,1.0,0.0,0.0,0.0,0.0,1.0,1
-1.0204287593327874,2.382591040894958,1.0148129207384518,0.47524033205099026,-0.1748252656082074,0.8474555762190998,0.5329068047523619,2.320152878668299,0.0,0.0,0.0,1.0,1.0,0.0,1.0,0.0,0.0,1.0,0.0,0.0,0.0,1.0,0
0.48338077823049896,-0.653325653210972,0.6972720722197627,0.8112476370804134,1.469815050555627,-1.6059743187457272,-2.163648817017964,-1.1957296859661453,0.0,0.0,0.0,1.0,1.0,0.0,1.0,0.0,0.0,1.0,0.0,0.0,0.0,1.0,1
0.10742839383967734,-0.838479339560157,-0.6363994915587309,0.47524033205099026,0.8119589240900935,0.8474555762190998,1.0048040385621686,0.12272627577177116,1.0,0.0,0.0,0.0,0.0,1.0,1.0,0.0,0.0,1.0,0.0,0.0,0.0,1.0,0
-0.08054779835573346,-1.092915788285147,-0.44587498244751755,-0.4487797567799234,-1.216430799178636,-1.6059743187457272,-1.5063633842114474,-0.7562443653868398,0.0,0.0,0.0,1.0,1.0,0.0,1.0,0.0,0.0,1.0,0.0,0.0,1.0,0.0,1
-1.0204287593327874,-0.4484747661863418,0.18920671458986038,0.979251289595125,-0.3392892972245912,0.029645611230824178,-0.6805432250442851,0.5622115963510766,1.0,0.0,0.0,0.0,0.0,1.0,1.0,0.0,0.0,1.0,0.0,0.0,0.0,1.0,1
0.2954045860350881,-1.1946561117739685,0.2527148842935982,1.1472549421098366,-0.06518257786395218,-0.37925937126331366,-0.6973966976803493,-0.7562443653868398,1.0,0.0,0.0,0.0,1.0,0.0,1.0,0.0,0.0,1.0,0.0,1.0,0.0,0.0,0
-0.2685239905511443,-0.26297851982540993,0.44323939340481155,-1.9608126294123274,-0.7230387043294855,0.8474555762190998,0.8699762574736521,-1.1957296859661453,0.0,0.0,0.0,1.0,0.0,1.0,1.0,0.0,0.0,1.0,0.0,1.0,0.0,0.0,1
-0.45650018274655507,0.5504302280675406,1.205337429849665,0.47524033205099026,-0.1748252656082074,0.43855059372496197,0.22954429730319992,-1.1957296859661453,0.0,0.0,0.0,1.0,1.0,0.0,1.0,0.0,0.0,1.0,0.0,1.0,0.0,0.0,0
-0.8324525671373767,0.29659325936310754,0.8242884116272383,1.1472549421098366,1.6342790821720108,0.43855059372496197,0.027302625670425285,0.12272627577177116,0.0,0.0,0.0,1.0,1.0,0.0,1.0,0.0,1.0,0.0,0.0,0.0,1.0,0.0,0
-0.2685239905511443,0.008842849495734018,-1.5890220371147978,-1.6248053243829044,-0.5037533288409741,1.6652655412073754,-0.6299828071360919,-2.074700327124756,0.0,0.0,0.0,1.0,1.0,0.0,1.0,0.0,1.0,0.0,0.0,0.0,0.0,1.0,1
2.6451069884777234,2.110534161565738,-0.8269240006699443,0.2232348532789229,0.2637454853688155,-0.7881643537574514,-1.7591654737524154,-0.3167590448075343,1.0,0.0,0.0,0.0,1.0,0.0,1.0,0.0,1.0,0.0,0.0,0.0,0.0,1.0,1
1.423261739207553,2.3169265686432294,-0.5728913218549931,-0.3647779305225676,1.1957083311949879,0.43855059372496197,0.3475186057556514,-0.3167590448075343,0.0,1.0,0.0,0.0,0.0,1.0,1.0,0.0,0.0,1.0,0.0,0.0,0.0,1.0,0
0.10742839383967734,0.4646189451249489,1.3958619389608784,1.735267725911327,0.2637454853688155,0.43855059372496197,-0.49515502604757544,-1.6352150065454507,0.0,1.0,0.0,0.0,1.0,0.0,1.0,0.0,0.0,1.0,0.0,0.0,0.0,1.0,1
-1.396381143723609,-0.7944603780506838,0.633763902516025,-0.952790714324058,0.9216016118343487,0.029645611230824178,0.566613750024491,1.4411822375096877,1.0,0.0,0.0,0.0,1.0,0.0,1.0,0.0,0.0,1.0,0.0,1.0,0.0,0.0,0
2.5511188923800177,1.6246127849027985,-0.5728913218549931,-2.128816281927039,-1.5453588624114027,0.8474555762190998,1.12277834701462,-0.7562443653868398,1.0,0.0,0.0,0.0,0.0,1.0,1.0,0.0,0.0,1.0,0.0,0.0,0.0,1.0,1
-0.6444763749419659,-0.40162968457995685,-1.843054715929749,0.8952494633377692,-0.44893198496884645,0.029645611230824178,-1.1861474041262212,-0.3167590448075343,0.0,1.0,0.0,0.0,0.0,1.0,1.0,0.0,0.0,1.0,0.0,0.0,0.0,1.0,1
-0.45650018274655507,-0.8218651789904337,-0.8269240006699443,0.39123850579363445,-0.1200039217360798,0.8474555762190998,0.4149324962999096,0.12272627577177116,1.0,0.0,0.0,0.0,1.0,0.0,1.0,0.0,0.0,1.0,0.0,0.0,0.0,1.0,0
-0.2685239905511443,-0.7136162152784217,-2.224103734152176,-2.128816281927039,-1.490537518539275,-0.37925937126331366,-0.8322244787688657,-0.3167590448075343,0.0,1.0,0.0,0.0,1.0,0.0,1.0,0.0,0.0,1.0,0.0,0.0,0.0,1.0,0
0.48338077823049896,0.11940409328703737,1.0148129207384518,0.7272458108230576,1.1408869873228602,0.029645611230824178,1.1564852922867492,-0.3167590448075343,0.0,0.0,1.0,0.0,1.0,0.0,0.0,1.0,1.0,0.0,0.0,0.0,0.0,1.0,0
-0.2685239905511443,-0.946128823251612,-0.06482596422509078,0.3072366795362787,0.20892414149668687,0.43855059372496197,0.04415609830649021,0.12272627577177116,0.0,0.0,0.0,1.0,0.0,1.0,1.0,0.0,1.0,0.0,0.0,0.0,0.0,1.0,0
1.2352855470121422,-0.03140795188452359,-1.0174485097811576,0.3072366795362787,0.5378522047294545,0.029645611230824178,0.1284234614868126,-0.3167590448075343,1.0,0.0,0.0,0.0,1.0,0.0,1.0,0.0,0.0,1.0,0.0,0.0,1.0,0.0,0
-1.7723335281144308,0.6714395522171236,-0.2553504733363042,0.559242158308346,-0.5585746727131017,-1.6059743187457272,-0.4445946081393814,-1.6352150065454507,1.0,0.0,0.0,0.0,1.0,0.0,1.0,0.0,1.0,0.0,0.0,0.0,1.0,0.0,1
0.2954045860350881,1.0579328854705334,-0.38236681274377976,-0.8687888880667023,0.6474948924737097,-0.37925937126331366,0.1452769341228775,-0.7562443653868398,0.0,0.0,0.0,1.0,0.0,1.0,0.0,1.0,1.0,0.0,0.0,0.0,1.0,0.0,1
-0.8324525671373767,-0.6230947321743104,-0.2553504733363042,-0.11277245175050024,-0.6133960165852302,-0.37925937126331366,-0.39403419023118813,-0.3167590448075343,1.0,0.0,0.0,0.0,1.0,0.0,1.0,0.0,0.0,1.0,0.0,0.0,0.0,1.0,0
-0.2685239905511443,-0.9081903019506458,1.0783210904421894,1.1472549421098366,-1.5453588624114027,-0.7881643537574514,-0.4277411355033172,0.12272627577177116,1.0,0.0,0.0,0.0,0.0,1.0,1.0,0.0,0.0,1.0,0.0,1.0,0.0,0.0,0
-1.0204287593327874,-1.1894320715948286,0.633763902516025,0.559242158308346,-1.3260734869228912,0.029645611230824178,0.4991998594802327,-0.7562443653868398,0.0,0.0,1.0,0.0,1.0,0.0,1.0,0.0,0.0,1.0,0.0,1.0,0.0,0.0,1
0.8593331626213205,1.6231569048528742,2.6025171633318966,-0.11277245175050024,-0.6682173604573579,-1.1970693362515892,0.07786304357861931,1.880667558088993,0.0,0.0,1.0,0.0,0.0,1.0,1.0,0.0,0.0,0.0,1.0,0.0,0.0,1.0,1
0.8593331626213205,-0.8443884997627905,-0.44587498244751755,1.735267725911327,-1.7098228940277864,-0.7881643537574514,2.336228376811267,0.12272627577177116,0.0,0.0,0.0,1.0,1.0,0.0,1.0,0.0,0.0,1.0,0.0,0.0,0.0,1.0,0
-1.2084049515281983,-0.5658872102125826,0.1256985448861226,-0.7007852355519907,0.09928145375243164,-1.6059743187457272,0.31381166048352227,-0.3167590448075343,1.0,0.0,0.0,0.0,1.0,0.0,1.0,0.0,0.0,1.0,0.0,0.0,0.0,1.0,1
0.2954045860350881,-0.3670311233935227,-0.19184230363256635,0.7272458108230576,0.5378522047294545,0.029645611230824178,0.6340276405687484,0.12272627577177116,0.0,0.0,0.0,1.0,0.0,1.0,1.0,0.0,0.0,1.0,0.0,0.0,0.0,1.0,0
0.2954045860350881,-0.0011770308478620257,-0.9539403400774199,0.47524033205099026,-0.06518257786395218,0.029645611230824178,1.763210307185073,0.12272627577177116,1.0,0.0,0.0,0.0,1.0,0.0,1.0,0.0,1.0,0.0,0.0,0.0,1.0,0.0,0
1.0473093548167314,-0.6388524927146666,1.3958619389608784,0.8112476370804134,1.6342790821720108,0.029645611230824178,-0.933345314585253,0.5622115963510766,0.0,0.0,1.0,0.0,0.0,1.0,0.0,1.0,0.0,1.0,0.0,0.0,0.0,1.0,1
0.2954045860350881,-0.9701080240738931,-1.0809566794848955,-0.8687888880667023,0.5926735486015822,0.029645611230824178,-1.1187335135819632,0.12272627577177116,0.0,0.0,1.0,0.0,1.0,0.0,1.0,0.0,1.0,0.0,0.0,1.0,0.0,0.0,0
2.175166507989196,-0.6618040135017071,0.44323939340481155,0.8952494633377692,-0.01036123399182359,0.8474555762190998,1.139631819650685,-0.3167590448075343,0.0,0.0,0.0,1.0,1.0,0.0,1.0,0.0,1.0,0.0,0.0,0.0,0.0,1.0,0
-0.8324525671373767,-0.15353059607228392,-1.4620056977073221,-0.8687888880667023,-0.9423240798179969,0.43855059372496197,0.04415609830649021,-2.074700327124756,0.0,1.0,0.0,0.0,1.0,0.0,1.0,0.0,0.0,1.0,0.0,0.0,0.0,1.0,0
0.6713569704259098,-0.29723452100009723,-0.2553504733363042,0.39123850579363445,1.1408869873228602,1.6652655412073754,-0.9670522598573822,0.5622115963510766,0.0,0.0,0.0,1.0,1.0,0.0,1.0,0.0,0.0,1.0,0.0,0.0,1.0,0.0,1
-0.2685239905511443,-0.5320594090525789,0.887796581330976,1.5672640733966154,-0.7778600482016131,2.0741705237015133,0.4486394415720387,-0.3167590448075343,1.0,0.0,0.0,0.0,1.0,0.0,0.0,1.0,0.0,1.0,0.0,0.0,1.0,0.0,0
1.2352855470121422,1.130127407946187,0.2527148842935982,1.399260420881904,0.5378522047294545,2.0741705237015133,-0.17493904596234933,0.5622115963510766,0.0,0.0,0.0,1.0,0.0,1.0,1.0,0.0,0.0,1.0,0.0,1.0,0.0,0.0,0
-0.08054779835573346,0.33264770059946597,-0.31885864304004197,0.8952494633377692,-0.06518257786395218,-1.1970693362515892,-0.6973966976803493,-0.3167590448075343,0.0,1.0,0.0,0.0,1.0,0.0,1.0,0.0,0.0,0.0,1.0,0.0,0.0,1.0,1
-0.8324525671373767,-1.1956837918092091,0.31622305399733597,1.0632531158524807,0.8119589240900935,0.8474555762190998,1.5946755808244275,1.4411822375096877,1.0,0.0,0.0,0.0,0.0,1.0,1.0,0.0,0.0,1.0,0.0,0.0,1.0,0.0,0
0.6713569704259098,-0.7364820960625255,-0.12833413392882856,0.13923302702156712,-0.9423240798179969,-0.37925937126331366,0.4654929142081036,1.0016969169303822,0.0,0.0,1.0,0.0,1.0,0.0,1.0,0.0,0.0,1.0,0.0,0.0,0.0,1.0,0
0.8593331626213205,-1.1785557912218654,-0.44587498244751755,-2.0448144556696835,0.6474948924737097,-0.7881643537574514,-0.7479571155885434,1.0016969169303822,0.0,1.0,0.0,0.0,1.0,0.0,1.0,0.0,0.0,1.0,0.0,0.0,0.0,1.0,0
0.6713569704259098,-0.3551271629853188,0.633763902516025,-0.7007852355519907,-1.8194655817720418,0.8474555762190998,-0.25920640914267173,1.880667558088993,0.0,1.0,0.0,0.0,1.0,0.0,0.0,1.0,1.0,0.0,0.0,0.0,1.0,0.0,1
0.10742839383967734,2.382591040894958,-1.4620056977073221,-1.1207943668387697,-0.1748252656082074,0.43855059372496197,-1.4052425483950601,0.12272627577177116,0.0,0.0,0.0,1.0,0.0,1.0,1.0,0.0,1.0,0.0,0.0,0.0,0.0,1.0,0
-0.8324525671373767,-0.02078859152037052,0.887796581330976,0.3072366795362787,0.9216016118343487,2.0741705237015133,1.6957964166408148,0.12272627577177116,0.0,1.0,0.0,0.0,1.0,0.0,1.0,0.0,0.0,1.0,0.0,0.0,0.0,1.0,0
0.10742839383967734,0.2051297362266924,-1.6525302068185357,0.3072366795362787,-0.1200039217360798,2.0741705237015133,-0.023257792237767996,0.12272627577177116,0.0,1.0,0.0,0.0,1.0,0.0,1.0,0.0,0.0,1.0,0.0,1.0,0.0,0.0,0
0.48338077823049896,-0.7327995759362466,-0.2553504733363042,-0.02877062549314445,-0.1200039217360798,0.029645611230824178,-1.5737772747557057,-1.1957296859661453,0.0,0.0,1.0,0.0,1.0,0.0,1.0,0.0,0.0,1.0,0.0,0.0,0.0,1.0,0
0.2954045860350881,1.5206458213376224,1.205337429849665,-0.19677427800785602,-0.6682173604573579,1.2563605587132376,0.17898387939500587,1.0016969169303822,0.0,0.0,1.0,0.0,1.0,0.0,1.0,0.0,1.0,0.0,0.0,0.0,0.0,1.0,0
-0.2685239905511443,-1.2785833146519525,-1.9065628856334869,0.2232348532789229,0.3185668292409431,-0.37925937126331366,2.04971934199817,-1.1957296859661453,1.0,0.0,0.0,0.0,1.0,0.0,0.0,1.0,0.0,1.0,0.0,1.0,0.0,0.0,0
-0.45650018274655507,-0.888321821269327,-1.7795465462260112,-2.0448144556696835,0.6474948924737097,0.029645611230824178,-1.0513196230377053,-0.7562443653868398,0.0,0.0,1.0,0.0,1.0,0.0,1.0,0.0,0.0,1.0,0.0,0.0,0.0,1.0,1
0.8593331626213205,-1.3050460755593984,0.06219037518238481,0.055231200764211334,-1.3808948307950188,-0.37925937126331366,0.3812255510277805,0.5622115963510766,0.0,0.0,0.0,1.0,1.0,0.0,1.0,0.0,0.0,0.0,1.0,0.0,0.0,1.0,1
-0.45650018274655507,2.3812422108487046,-0.2553504733363042,-0.6167834092946349,-0.8875027359458694,-2.8326892662281407,-1.995114090657319,-0.7562443653868398,0.0,1.0,0.0,0.0,1.0,0.0,1.0,0.0,0.0,0.0,1.0,0.0,0.0,1.0,1
-1.0204287593327874,0.5018723464024214,0.5702557328122871,0.7272458108230576,1.5794577382998822,-0.37925937126331366,-0.15808557332628442,0.5622115963510766,0.0,0.0,1.0,0.0,1.0,0.0,1.0,0.0,0.0,1.0,0.0,1.0,0.0,0.0,0
-0.2685239905511443,-0.7489855364912864,-0.8269240006699443,-0.3647779305225676,0.2637454853688155,-0.7881643537574514,-0.4277411355033172,-0.3167590448075343,0.0,0.0,1.0,0.0,1.0,0.0,1.0,0.0,0.0,1.0,0.0,0.0,1.0,0.0,1
0.6713569704259098,-0.7063368150288006,1.268845599553403,0.47524033205099026,-0.8875027359458694,0.029645611230824178,-2.4838647971031906,-0.3167590448075343,0.0,0.0,1.0,0.0,0.0,1.0,1.0,0.0,0.0,1.0,0.0,0.0,0.0,1.0,1
-0.6444763749419659,1.5692893430056785,-2.414628243263389,0.39123850579363445,0.5378522047294545,0.8474555762190998,0.5834672226605552,0.12272627577177116,1.0,0.0,0.0,0.0,0.0,1.0,1.0,0.0,0.0,1.0,0.0,0.0,1.0,0.0,0
-0.08054779835573346,-0.6587209733959852,-0.44587498244751755,0.3072366795362787,1.5794577382998822,-1.1970693362515892,0.4991998594802327,1.4411822375096877,0.0,0.0,0.0,1.0,0.0,1.0,1.0,0.0,0.0,1.0,0.0,0.0,1.0,0.0,0
-0.6444763749419659,-0.3439083226006087,-0.06482596422509078,0.39123850579363445,0.20892414149668687,0.029645611230824178,-0.933345314585253,0.12272627577177116,1.0,0.0,0.0,0.0,1.0,0.0,1.0,0.0,1.0,0.0,0.0,0.0,1.0,0.0,0
-0.2685239905511443,-0.5288907289439203,-1.0174485097811576,-1.5408034981255485,1.0860656434507325,2.0741705237015133,0.07786304357861931,-0.7562443653868398,0.0,0.0,0.0,1.0,1.0,0.0,1.0,0.0,0.0,1.0,0.0,1.0,0.0,0.0,0
-0.2685239905511443,-0.983210944523211,1.268845599553403,0.2232348532789229,0.8667802679622212,-0.37925937126331366,-1.523216856847512,-0.7562443653868398,0.0,1.0,0.0,0.0,0.0,1.0,1.0,0.0,0.0,1.0,0.0,0.0,1.0,0.0,1
-0.8324525671373767,-0.890462821342745,-0.2553504733363042,-1.2887980193534812,-2.0935723011326806,0.029645611230824178,0.4486394415720387,-0.7562443653868398,1.0,0.0,0.0,0.0,1.0,0.0,0.0,1.0,0.0,1.0,0.0,0.0,0.0,1.0,1
0.2954045860350881,-0.6332858925237799,0.18920671458986038,-2.128816281927039,0.5926735486015822,-0.7881643537574514,0.17898387939500587,1.0016969169303822,0.0,0.0,0.0,1.0,0.0,1.0,1.0,0.0,0.0,0.0,1.0,0.0,0.0,1.0,1
0.10742839383967734,2.382591040894958,1.7769109571833053,0.2232348532789229,-1.216430799178636,0.8474555762190998,1.1901922375588783,-0.3167590448075343,0.0,0.0,1.0,0.0,1.0,0.0,1.0,0.0,0.0,1.0,0.0,0.0,0.0,1.0,0
-1.58435733591902,-0.9097318220035067,0.37973122370107376,0.13923302702156712,-0.8326813920737407,0.43855059372496197,-0.5457154439557688,0.5622115963510766,0.0,0.0,0.0,1.0,0.0,1.0,1.0,0.0,1.0,0.0,0.0,0.0,1.0,0.0,1
-0.08054779835573346,-0.9355094628874588,-0.38236681274377976,-1.8768108031549717,-0.3392892972245912,1.6652655412073754,0.04415609830649021,0.12272627577177116,0.0,1.0,0.0,0.0,1.0,0.0,1.0,0.0,0.0,1.0,0.0,0.0,0.0,1.0,0
0.48338077823049896,0.6442916712861839,0.2527148842935982,1.4832622471392596,0.4282095169851983,-0.7881643537574514,-0.5288619713197046,0.12272627577177116,1.0,0.0,0.0,0.0,1.0,0.0,1.0,0.0,1.0,0.0,0.0,1.0,0.0,0.0,1
-1.58435733591902,2.382591040894958,0.5067475631085494,-1.372799845610837,1.0860656434507325,-0.37925937126331366,0.8699762574736521,2.539895538957951,1.0,0.0,0.0,0.0,1.0,0.0,1.0,0.0,0.0,1.0,0.0,0.0,0.0,1.0,0
-1.0204287593327874,-1.0017091851575421,-0.44587498244751755,-0.7007852355519907,1.9632071454047775,1.2563605587132376,1.0385109838342976,-0.3167590448075343,0.0,0.0,0.0,1.0,0.0,1.0,0.0,1.0,0.0,1.0,0.0,0.0,1.0,0.0,0
0.48338077823049896,0.10193353268794683,0.2527148842935982,-0.19677427800785602,-0.5037533288409741,-0.7881643537574514,-1.1018800409458986,-0.3167590448075343,0.0,0.0,1.0,0.0,1.0,0.0,1.0,0.0,0.0,1.0,0.0,0.0,1.0,0.0,1
2.6451069884777234,-0.3833883639544359,-1.52551386741106,-1.2047961930961255,-0.5037533288409741,0.43855059372496197,-0.0569647375098971,2.320152878668299,1.0,0.0,0.0,0.0,0.0,1.0,1.0,0.0,0.0,1.0,0.0,0.0,0.0,1.0,1
-0.8324525671373767,-1.3050460755593984,1.3958619389608784,-0.5327815830372792,-0.9971454236901246,0.8474555762190998,1.0722179291064267,-1.1957296859661453,0.0,0.0,1.0,0.0,0.0,1.0,1.0,0.0,0.0,1.0,0.0,0.0,0.0,1.0,1
0.48338077823049896,-0.28781412067705825,1.0148129207384518,-0.19677427800785602,-2.6966070837260863,1.2563605587132376,-0.4108876628672523,-0.3167590448075343,0.0,0.0,1.0,0.0,1.0,0.0,1.0,0.0,0.0,1.0,0.0,0.0,0.0,1.0,1
0.2954045860350881,-0.8266610191548899,-1.1444648491886333,-0.952790714324058,-0.28446795335246267,1.2563605587132376,-0.309766827050865,1.0016969169303822,1.0,0.0,0.0,0.0,0.0,1.0,0.0,1.0,0.0,1.0,0.0,1.0,0.0,0.0,1
-1.9603097203098414,1.092702726662841,-0.19184230363256635,0.7272458108230576,-0.22964660948033502,0.029645611230824178,-1.8434328369327382,0.5622115963510766,0.0,0.0,0.0,1.0,1.0,0.0,1.0,0.0,0.0,1.0,0.0,0.0,1.0,0.0,1
0.48338077823049896,-1.3050460755593984,-0.44587498244751755,-0.6167834092946349,0.20892414149668687,-1.6059743187457272,-1.0344661504016404,-1.1957296859661453,0.0,0.0,0.0,1.0,1.0,0.0,0.0,1.0,1.0,0.0,0.0,0.0,0.0,1.0,1
-1.7723335281144308,-0.8520961000270952,0.9513047510347139,-0.8687888880667023,-0.06518257786395218,-0.37925937126331366,0.8194158395654588,0.5622115963510766,0.0,0.0,0.0,1.0,1.0,0.0,1.0,0.0,0.0,1.0,0.0,0.0,1.0,0.0,0
1.6112379314029637,-0.9984548650459468,-0.6363994915587309,-1.5408034981255485,0.6474948924737097,-1.6059743187457272,0.1284234614868126,1.4411822375096877,0.0,0.0,1.0,0.0,1.0,0.0,1.0,0.0,0.0,0.0,1.0,0.0,0.0,1.0,1
2.363142700184607,-0.45661056646533005,-0.6999076612624687,0.055231200764211334,2.292135208637544,-0.7881643537574514,0.2801047152113932,1.880667558088993,0.0,0.0,0.0,1.0,0.0,1.0,1.0,0.0,0.0,1.0,0.0,0.0,1.0,0.0,0
1.0473093548167314,1.8141341114017562,-1.0174485097811576,-1.9608126294123274,0.3185668292409431,0.43855059372496197,0.1621304067589417,0.12272627577177116,0.0,0.0,0.0,1.0,0.0,1.0,1.0,0.0,0.0,1.0,0.0,1.0,0.0,0.0,0
0.48338077823049896,-0.7823851376366066,0.8242884116272383,0.559242158308346,-0.7778600482016131,0.029645611230824178,-0.7142501703164142,1.4411822375096877,0.0,0.0,0.0,1.0,0.0,1.0,1.0,0.0,0.0,1.0,0.0,0.0,0.0,1.0,0
0.8593331626213205,-0.8082484185234954,1.0783210904421894,0.39123850579363445,-0.39411064109671884,-1.6059743187457272,-0.2929133544148008,0.5622115963510766,1.0,0.0,0.0,0.0,1.0,0.0,1.0,0.0,0.0,1.0,0.0,0.0,1.0,0.0,1
-1.2084049515281983,-0.6482728930377056,-1.3349893582998467,-0.8687888880667023,-0.01036123399182359,-0.37925937126331366,0.4149324962999096,-0.7562443653868398,0.0,0.0,0.0,1.0,0.0,1.0,1.0,0.0,0.0,1.0,0.0,0.0,0.0,1.0,0
1.9871903157937854,1.608341184344822,1.840419126887043,1.4832622471392596,0.8119589240900935,0.8474555762190998,0.33066513311958723,0.5622115963510766,0.0,1.0,0.0,0.0,0.0,1.0,1.0,0.0,0.0,1.0,0.0,1.0,0.0,0.0,0
-0.45650018274655507,-0.601342171428384,0.8242884116272383,-0.8687888880667023,0.48303086085732594,0.029645611230824178,0.6171741679326842,-1.1957296859661453,0.0,0.0,1.0,0.0,1.0,0.0,1.0,0.0,0.0,1.0,0.0,0.0,0.0,1.0,1
0.2954045860350881,-0.22384103848332965,-1.0809566794848955,0.559242158308346,-2.0387509572605533,-1.1970693362515892,1.1901922375588783,0.5622115963510766,1.0,0.0,0.0,0.0,1.0,0.0,1.0,0.0,0.0,1.0,0.0,0.0,0.0,1.0,0
0.6713569704259098,-0.16594839649810805,-1.7795465462260112,-0.6167834092946349,0.15410279762455925,0.43855059372496197,0.5160533321162969,0.12272627577177116,0.0,1.0,0.0,0.0,0.0,1.0,1.0,0.0,0.0,1.0,0.0,0.0,0.0,1.0,0
2.6451069884777234,-0.03757403209596731,0.5067475631085494,0.7272458108230576,1.0860656434507325,1.2563605587132376,0.22954429730319992,1.0016969169303822,0.0,0.0,0.0,1.0,1.0,0.0,1.0,0.0,0.0,1.0,0.0,0.0,0.0,1.0,0
0.10742839383967734,0.2617377781678632,-0.31885864304004197,-1.0367925405814138,1.1957083311949879,-1.1970693362515892,0.6171741679326842,-0.3167590448075343,0.0,1.0,0.0,0.0,1.0,0.0,1.0,0.0,0.0,1.0,0.0,0.0,0.0,1.0,0
-0.08054779835573346,-1.0259453059886334,-0.31885864304004197,0.39123850579363445,-0.3392892972245912,1.2563605587132376,1.2238991828310073,0.5622115963510766,0.0,1.0,0.0,0.0,1.0,0.0,0.0,1.0,0.0,1.0,0.0,0.0,1.0,0.0,1
-1.2084049515281983,-0.6355125326001346,2.475500823924421,0.8112476370804134,2.758116631550631,-0.37925937126331366,-1.0344661504016404,1.0016969169303822,0.0,0.0,0.0,1.0,1.0,0.0,1.0,0.0,0.0,0.0,1.0,1.0,0.0,0.0,1
-0.2685239905511443,-0.8846393011430481,0.06219037518238481,0.47524033205099026,0.3733881731130707,0.43855059372496197,0.11156998885074842,-0.7562443653868398,0.0,0.0,0.0,1.0,1.0,0.0,1.0,0.0,0.0,1.0,0.0,0.0,0.0,1.0,0
0.8593331626213205,-0.4500162862392027,0.06219037518238481,0.559242158308346,-0.28446795335246267,0.8474555762190998,0.9373901480179103,0.12272627577177116,0.0,0.0,0.0,1.0,1.0,0.0,1.0,0.0,0.0,1.0,0.0,0.0,1.0,0.0,0
0.10742839383967734,-0.5664866902331396,-0.6999076612624687,-0.3647779305225676,-0.7778600482016131,-0.37925937126331366,-0.983905732493447,-0.7562443653868398,0.0,1.0,0.0,0.0,1.0,0.0,1.0,0.0,0.0,1.0,0.0,0.0,1.0,0.0,1
-0.8324525671373767,-1.3050460755593984,-0.9539403400774199,-0.5327815830372792,-1.6001802062835302,-0.37925937126331366,0.9542436206539753,0.12272627577177116,1.0,0.0,0.0,0.0,1.0,0.0,1.0,0.0,0.0,1.0,0.0,1.0,0.0,0.0,0
-1.9603097203098414,-1.237390473239391,0.37973122370107376,-1.5408034981255485,0.2637454853688155,-0.37925937126331366,0.1621304067589417,-1.6352150065454507,0.0,0.0,1.0,0.0,1.0,0.0,0.0,1.0,0.0,1.0,0.0,0.0,0.0,1.0,1
0.6713569704259098,-0.7912916979420253,1.205337429849665,0.3072366795362787,-0.44893198496884645,-1.6059743187457272,-0.309766827050865,-0.7562443653868398,0.0,1.0,0.0,0.0,1.0,0.0,1.0,0.0,0.0,1.0,0.0,0.0,1.0,0.0,1
-0.45650018274655507,-1.133680429683025,0.7607802419235005,0.2232348532789229,0.2637454853688155,-2.423784283734003,-1.0007592051295113,-0.3167590448075343,1.0,0.0,0.0,0.0,1.0,0.0,1.0,0.0,0.0,1.0,0.0,0.0,0.0,1.0,1
1.0473093548167314,2.382591040894958,0.5702557328122871,-1.2047961930961255,0.48303086085732594,0.8474555762190998,0.7688554216572648,1.0016969169303822,0.0,0.0,0.0,1.0,0.0,1.0,1.0,0.0,0.0,1.0,0.0,0.0,0.0,1.0,0
-0.6444763749419659,2.382591040894958,1.1418292601459272,-1.5408034981255485,1.031244299578604,-0.7881643537574514,-0.983905732493447,-1.1957296859661453,1.0,0.0,0.0,0.0,0.0,1.0,0.0,1.0,0.0,1.0,0.0,0.0,0.0,1.0,1
0.6713569704259098,1.0637564056702302,-1.1444648491886333,-1.0367925405814138,0.4282095169851983,-0.37925937126331366,0.4823463868441678,0.12272627577177116,0.0,0.0,0.0,1.0,1.0,0.0,1.0,0.0,0.0,1.0,0.0,0.0,0.0,1.0,0
1.423261739207553,2.382591040894958,0.2527148842935982,0.8112476370804134,-0.6682173604573579,-1.6059743187457272,1.6957964166408148,1.4411822375096877,0.0,0.0,0.0,1.0,0.0,1.0,1.0,0.0,0.0,1.0,0.0,1.0,0.0,0.0,1
-1.58435733591902,-1.0764729077212971,1.7134027874795674,-0.3647779305225676,-0.39411064109671884,-0.37925937126331366,-1.3209751852147373,-0.3167590448075343,0.0,0.0,0.0,1.0,1.0,0.0,1.0,0.0,0.0,1.0,0.0,1.0,0.0,0.0,1
-0.2685239905511443,0.20384513618264163,1.3323537692571406,-0.5327815830372792,-0.39411064109671884,0.029645611230824178,-0.933345314585253,-0.7562443653868398,0.0,0.0,1.0,0.0,1.0,0.0,1.0,0.0,0.0,1.0,0.0,0.0,0.0,1.0,1
2.363142700184607,-1.0244037859357724,-0.44587498244751755,0.13923302702156712,0.15410279762455925,-0.37925937126331366,-0.8996383693131239,-0.3167590448075343,0.0,0.0,0.0,1.0,1.0,0.0,1.0,0.0,0.0,1.0,0.0,1.0,0.0,0.0,1
-1.0204287593327874,0.28751541905181544,2.0309436359982564,0.3072366795362787,-1.3808948307950188,-0.37925937126331366,1.8137707250932662,1.880667558088993,1.0,0.0,0.0,0.0,1.0,0.0,1.0,0.0,0.0,1.0,0.0,1.0,0.0,0.0,1
0.48338077823049896,2.382591040894958,1.0783210904421894,1.5672640733966154,0.48303086085732594,0.029645611230824178,-0.8827848966770597,1.0016969169303822,0.0,0.0,0.0,1.0,0.0,1.0,1.0,0.0,0.0,1.0,0.0,1.0,0.0,0.0,0
0.2954045860350881,0.28152061884624513,0.31622305399733597,-0.19677427800785602,1.0860656434507325,1.2563605587132376,-0.7816640608606724,0.12272627577177116,0.0,0.0,0.0,1.0,0.0,1.0,1.0,0.0,0.0,1.0,0.0,0.0,0.0,1.0,1
1.0473093548167314,0.1008202126497695,1.3323537692571406,1.9872732046833943,1.031244299578604,0.43855059372496197,1.12277834701462,-0.3167590448075343,1.0,0.0,0.0,0.0,1.0,0.0,1.0,0.0,1.0,0.0,0.0,0.0,0.0,1.0,0
-0.8324525671373767,-0.17845183692686895,-0.44587498244751755,0.7272458108230576,0.20892414149668687,0.029645611230824178,-0.3434737723229941,2.539895538957951,0.0,0.0,1.0,0.0,1.0,0.0,1.0,0.0,0.0,1.0,0.0,0.0,1.0,0.0,0
0.8593331626213205,2.382591040894958,1.205337429849665,-0.11277245175050024,0.4282095169851983,0.43855059372496197,1.6620894713686858,2.539895538957951,0.0,0.0,0.0,1.0,1.0,0.0,1.0,0.0,0.0,1.0,0.0,0.0,0.0,1.0,0
-1.0204287593327874,-0.7124172552373076,-0.9539403400774199,0.39123850579363445,0.6474948924737097,-0.37925937126331366,0.6171741679326842,-0.3167590448075343,0.0,0.0,0.0,1.0,1.0,0.0,1.0,0.0,0.0,1.0,0.0,0.0,0.0,1.0,0
-0.8324525671373767,-1.3050460755593984,-0.5093831521512553,2.2392786834554617,0.5926735486015822,0.43855059372496197,-0.15808557332628442,-0.7562443653868398,0.0,1.0,0.0,0.0,1.0,0.0,1.0,0.0,0.0,1.0,0.0,0.0,1.0,0.0,0
1.6112379314029637,-0.8806142210050224,-0.44587498244751755,-0.7007852355519907,-0.5037533288409741,0.43855059372496197,-1.1355869862180277,-0.7562443653868398,1.0,0.0,0.0,0.0,0.0,1.0,1.0,0.0,1.0,0.0,0.0,0.0,0.0,1.0,1
-0.08054779835573346,-0.19069835734681967,1.0148129207384518,-0.5327815830372792,0.04446010988030403,-0.37925937126331366,-0.5794223892278978,-1.1957296859661453,0.0,0.0,1.0,0.0,1.0,0.0,1.0,0.0,0.0,1.0,0.0,0.0,0.0,1.0,0
0.2954045860350881,-0.2414828790882936,-0.5093831521512553,-0.02877062549314445,-1.216430799178636,1.2563605587132376,0.1284234614868126,1.880667558088993,0.0,0.0,0.0,1.0,1.0,0.0,1.0,0.0,1.0,0.0,0.0,0.0,0.0,1.0,0
-0.45650018274655507,2.382591040894958,0.06219037518238481,0.47524033205099026,-0.3392892972245912,-0.7881643537574514,-0.7479571155885434,0.5622115963510766,0.0,0.0,1.0,0.0,1.0,0.0,1.0,0.0,0.0,1.0,0.0,0.0,1.0,0.0,1
0.2954045860350881,0.04078657059112995,-0.06482596422509078,1.1472549421098366,1.743921769916266,0.029645611230824178,0.3980790236638454,-1.1957296859661453,0.0,0.0,0.0,1.0,0.0,1.0,1.0,0.0,0.0,1.0,0.0,1.0,0.0,0.0,0
-0.45650018274655507,-0.5638318501421014,-0.44587498244751755,0.8952494633377692,-0.9971454236901246,-0.7881643537574514,-2.6186925781917063,-0.3167590448075343,0.0,0.0,1.0,0.0,1.0,0.0,1.0,0.0,0.0,1.0,0.0,0.0,0.0,1.0,1
1.2352855470121422,-0.41507516504102165,1.9674354662945186,1.2312567683671922,-0.1748252656082074,-1.1970693362515892,-0.7648105882246076,-0.7562443653868398,0.0,0.0,1.0,0.0,1.0,0.0,0.0,1.0,0.0,1.0,0.0,0.0,0.0,1.0,1
-0.2685239905511443,-0.5802747307059513,-0.44587498244751755,0.47524033205099026,0.3185668292409431,0.43855059372496197,-0.933345314585253,1.4411822375096877,0.0,0.0,0.0,1.0,1.0,0.0,1.0,0.0,1.0,0.0,0.0,1.0,0.0,0.0,0
-1.2084049515281983,0.4202574236037288,1.0148129207384518,0.47524033205099026,1.1408869873228602,2.0741705237015133,0.8194158395654588,-0.7562443653868398,0.0,0.0,1.0,0.0,1.0,0.0,1.0,0.0,1.0,0.0,0.0,1.0,0.0,0.0,0
0.10742839383967734,1.106662047141526,0.5067475631085494,-1.9608126294123274,-0.06518257786395218,0.43855059372496197,-0.6299828071360919,-0.3167590448075343,0.0,0.0,0.0,1.0,0.0,1.0,1.0,0.0,0.0,1.0,0.0,0.0,1.0,0.0,0
-0.08054779835573346,-1.1502945902527484,0.18920671458986038,0.055231200764211334,-2.0935723011326806,-0.37925937126331366,2.0834262872702993,1.880667558088993,0.0,0.0,1.0,0.0,1.0,0.0,1.0,0.0,0.0,1.0,0.0,0.0,0.0,1.0,0
-0.2685239905511443,-1.0647402273189668,1.0148129207384518,-0.7007852355519907,0.09928145375243164,0.43855059372496197,0.212690824667135,1.880667558088993,0.0,0.0,0.0,1.0,0.0,1.0,1.0,0.0,1.0,0.0,0.0,0.0,0.0,1.0,0
1.6112379314029637,0.3005326994981966,-0.5093831521512553,1.5672640733966154,0.5378522047294545,0.43855059372496197,-0.49515502604757544,-1.1957296859661453,0.0,0.0,1.0,0.0,1.0,0.0,1.0,0.0,0.0,1.0,0.0,1.0,0.0,0.0,0
0.2954045860350881,2.035256598984363,-0.0013177945213529853,0.3072366795362787,-0.8875027359458694,0.029645611230824178,-0.006404319601703819,-1.1957296859661453,0.0,1.0,0.0,0.0,1.0,0.0,1.0,0.0,0.0,1.0,0.0,0.0,0.0,1.0,1
0.10742839383967734,0.6071239100116481,1.0148129207384518,1.2312567683671922,-1.3260734869228912,-0.37925937126331366,-0.20864599123447844,-0.3167590448075343,0.0,1.0,0.0,0.0,0.0,1.0,1.0,0.0,1.0,0.0,0.0,0.0,0.0,1.0,0
1.423261739207553,-1.250150833676962,0.31622305399733597,-0.4487797567799234,-0.3392892972245912,-2.0148793012398647,-1.6411911652999638,0.12272627577177116,1.0,0.0,0.0,0.0,0.0,1.0,1.0,0.0,0.0,1.0,0.0,0.0,0.0,1.0,1
0.2954045860350881,-0.9168399422472543,-0.12833413392882856,-0.02877062549314445,-1.1616094553065084,-0.37925937126331366,0.43178596893597454,-1.1957296859661453,0.0,0.0,0.0,1.0,1.0,0.0,1.0,0.0,0.0,1.0,0.0,1.0,0.0,0.0,1
0.6713569704259098,-0.08596063375521316,2.411992654220683,-1.2047961930961255,1.5794577382998822,0.43855059372496197,2.336228376811267,-0.7562443653868398,0.0,0.0,1.0,0.0,0.0,1.0,1.0,0.0,1.0,0.0,0.0,0.0,1.0,0.0,1
-0.2685239905511443,-0.11345107469789974,-0.19184230363256635,0.3072366795362787,1.9632071454047775,1.2563605587132376,0.8699762574736521,-1.6352150065454507,0.0,1.0,0.0,0.0,0.0,1.0,1.0,0.0,1.0,0.0,0.0,0.0,1.0,0.0,0
1.9871903157937854,0.2139506565291744,-0.19184230363256635,-0.19677427800785602,2.456599240253928,-0.7881643537574514,-1.1692939314901567,-1.1957296859661453,0.0,0.0,0.0,1.0,1.0,0.0,1.0,0.0,0.0,1.0,0.0,0.0,0.0,1.0,1
0.48338077823049896,0.4893689059736605,-0.8269240006699443,-1.0367925405814138,-0.44893198496884645,0.029645611230824178,-0.14123210069022024,-0.3167590448075343,0.0,0.0,1.0,0.0,1.0,0.0,1.0,0.0,0.0,1.0,0.0,0.0,0.0,1.0,0
0.48338077823049896,-0.5981734913197254,-0.7634158309662065,-0.952790714324058,-0.8875027359458694,1.6652655412073754,-0.20864599123447844,0.12272627577177116,0.0,1.0,0.0,0.0,0.0,1.0,1.0,0.0,0.0,0.0,1.0,0.0,0.0,1.0,0
-0.08054779835573346,-0.7778462174809604,0.31622305399733597,-0.2807761042652118,-0.6682173604573579,0.8474555762190998,-1.0513196230377053,0.5622115963510766,0.0,0.0,0.0,1.0,0.0,1.0,1.0,0.0,0.0,1.0,0.0,0.0,1.0,0.0,1
-0.2685239905511443,0.7565657151362216,1.522878278368354,0.055231200764211334,-0.44893198496884645,0.029645611230824178,1.8306241977293312,0.5622115963510766,0.0,0.0,1.0,0.0,1.0,0.0,1.0,0.0,0.0,1.0,0.0,0.0,1.0,0.0,0
-1.58435733591902,0.29899117944533565,-0.5093831521512553,-0.7007852355519907,-0.44893198496884645,0.43855059372496197,-0.3434737723229941,0.5622115963510766,0.0,0.0,0.0,1.0,1.0,0.0,1.0,0.0,0.0,1.0,0.0,0.0,0.0,1.0,1
0.10742839383967734,-0.8238348990579781,-0.5728913218549931,0.39123850579363445,-1.6001802062835302,-1.1970693362515892,-1.9445536727491255,0.12272627577177116,0.0,0.0,1.0,0.0,1.0,0.0,1.0,0.0,0.0,1.0,0.0,0.0,0.0,1.0,1
-0.6444763749419659,-0.7298878158363982,-1.0809566794848955,-1.2887980193534812,-0.3392892972245912,1.2563605587132376,1.3924339091916529,0.5622115963510766,0.0,0.0,0.0,1.0,0.0,1.0,1.0,0.0,1.0,0.0,0.0,0.0,0.0,1.0,1
0.48338077823049896,-0.8437890197422335,-0.6363994915587309,-1.2887980193534812,0.5378522047294545,0.029645611230824178,0.6171741679326842,0.12272627577177116,0.0,0.0,1.0,0.0,1.0,0.0,1.0,0.0,0.0,0.0,1.0,0.0,1.0,0.0,0
-0.6444763749419659,1.6404561854460913,1.205337429849665,0.2232348532789229,-0.7230387043294855,0.029645611230824178,0.4149324962999096,-2.074700327124756,0.0,1.0,0.0,0.0,1.0,0.0,1.0,0.0,1.0,0.0,0.0,0.0,1.0,0.0,0
-1.2084049515281983,1.0136570039522501,-0.19184230363256635,1.8192695521686828,0.6474948924737097,0.8474555762190998,0.6171741679326842,0.12272627577177116,1.0,0.0,0.0,0.0,1.0,0.0,1.0,0.0,1.0,0.0,0.0,0.0,0.0,1.0,0
-0.08054779835573346,-1.068337107442309,-0.7634158309662065,1.2312567683671922,-0.1200039217360798,-0.37925937126331366,0.3643720783917163,-1.6352150065454507,0.0,0.0,1.0,0.0,1.0,0.0,1.0,0.0,0.0,1.0,0.0,1.0,0.0,0.0,0
0.48338077823049896,0.49390782612930656,0.887796581330976,-0.7847870618093465,-2.0935723011326806,0.43855059372496197,-0.5457154439557688,-1.1957296859661453,0.0,0.0,1.0,0.0,1.0,0.0,0.0,1.0,0.0,1.0,0.0,0.0,0.0,1.0,1
1.0473093548167314,-0.8157847387819267,0.06219037518238481,-0.4487797567799234,0.8119589240900935,-0.37925937126331366,1.5441151629162335,-0.3167590448075343,0.0,0.0,1.0,0.0,0.0,1.0,1.0,0.0,1.0,0.0,0.0,0.0,0.0,1.0,0
0.6713569704259098,-0.4259514454139849,0.2527148842935982,0.3072366795362787,-1.3808948307950188,1.2563605587132376,0.9710970932900395,-2.074700327124756,0.0,0.0,0.0,1.0,1.0,0.0,1.0,0.0,1.0,0.0,0.0,0.0,0.0,1.0,0
0.6713569704259098,-0.9243762625056855,-0.38236681274377976,-1.8768108031549717,-0.5037533288409741,-0.7881643537574514,-1.236707822034415,-0.3167590448075343,0.0,0.0,0.0,1.0,0.0,1.0,1.0,0.0,0.0,0.0,1.0,0.0,0.0,1.0,1
-0.2685239905511443,0.1860320155718042,-0.8269240006699443,1.315258594624548,-0.5585746727131017,2.0741705237015133,0.4149324962999096,1.4411822375096877,0.0,1.0,0.0,0.0,0.0,1.0,1.0,0.0,1.0,0.0,0.0,0.0,0.0,1.0,0
0.2954045860350881,-1.1275999894745181,1.6498946177758296,-0.3647779305225676,-0.5585746727131017,0.029645611230824178,-0.20864599123447844,-0.3167590448075343,0.0,1.0,0.0,0.0,1.0,0.0,1.0,0.0,0.0,1.0,0.0,1.0,0.0,0.0,0
0.8593331626213205,-0.8254620591137758,1.1418292601459272,-0.02877062549314445,-1.1616094553065084,0.029645611230824178,-0.2929133544148008,-0.7562443653868398,0.0,0.0,1.0,0.0,0.0,1.0,1.0,0.0,0.0,1.0,0.0,0.0,0.0,1.0,1
1.7992141235983745,2.25192580641426,-0.2553504733363042,-0.952790714324058,-1.490537518539275,2.0741705237015133,-0.39403419023118813,2.320152878668299,1.0,0.0,0.0,0.0,0.0,1.0,1.0,0.0,1.0,0.0,0.0,0.0,1.0,0.0,1
-1.0204287593327874,-1.0614002672044347,1.268845599553403,-0.7007852355519907,0.3733881731130707,0.029645611230824178,-1.0344661504016404,-1.6352150065454507,1.0,0.0,0.0,0.0,0.0,1.0,1.0,0.0,0.0,0.0,1.0,0.0,1.0,0.0,1
0.10742839383967734,-0.7082208950934085,-1.0174485097811576,-0.952790714324058,-0.7778600482016131,-2.0148793012398647,0.9879505659261044,-2.074700327124756,0.0,0.0,1.0,0.0,1.0,0.0,1.0,0.0,1.0,0.0,0.0,1.0,0.0,0.0,1
-1.0204287593327874,0.2650777382823952,-0.06482596422509078,0.3072366795362787,1.5794577382998822,0.8474555762190998,0.9205366753818461,-1.6352150065454507,0.0,1.0,0.0,0.0,1.0,0.0,1.0,0.0,0.0,1.0,0.0,0.0,0.0,1.0,0
1.7992141235983745,-1.1537201903702172,-0.7634158309662065,-0.19677427800785602,-1.6550015501556579,-0.7881643537574514,0.2801047152113932,-0.7562443653868398,0.0,1.0,0.0,0.0,1.0,0.0,1.0,0.0,0.0,1.0,0.0,0.0,0.0,1.0,1
-1.58435733591902,-0.6320012924797291,0.1256985448861226,-0.6167834092946349,-0.9423240798179969,0.43855059372496197,-0.5962758618639628,-0.3167590448075343,0.0,1.0,0.0,0.0,1.0,0.0,1.0,0.0,0.0,0.0,1.0,1.0,0.0,0.0,1
0.10742839383967734,0.6397527511305379,-0.44587498244751755,-0.11277245175050024,-1.1067881114343798,0.8474555762190998,-0.6973966976803493,1.0016969169303822,0.0,0.0,1.0,0.0,0.0,1.0,1.0,0.0,0.0,1.0,0.0,0.0,0.0,1.0,0
-0.08054779835573346,0.00027884920206218574,-0.38236681274377976,1.6512658996539713,0.5926735486015822,0.029645611230824178,-0.7479571155885434,-0.7562443653868398,0.0,0.0,1.0,0.0,1.0,0.0,1.0,0.0,0.0,1.0,0.0,1.0,0.0,0.0,1
0.10742839383967734,0.05294745100814395,0.31622305399733597,1.1472549421098366,-0.7230387043294855,-0.7881643537574514,0.1621304067589417,-0.3167590448075343,0.0,0.0,0.0,1.0,1.0,0.0,1.0,0.0,0.0,1.0,0.0,1.0,0.0,0.0,1
-0.6444763749419659,-1.126058469421657,-1.3984975280035845,-1.2887980193534812,0.3733881731130707,0.43855059372496197,-0.950198787221318,0.12272627577177116,0.0,0.0,0.0,1.0,0.0,1.0,1.0,0.0,1.0,0.0,0.0,0.0,0.0,1.0,1
0.10742839383967734,-0.2169898382483922,1.0148129207384518,1.1472549421098366,-0.22964660948033502,-0.7881643537574514,-0.5794223892278978,-0.7562443653868398,0.0,0.0,0.0,1.0,0.0,1.0,1.0,0.0,0.0,0.0,1.0,0.0,1.0,0.0,1
-0.6444763749419659,1.2382907316552623,1.0148129207384518,-1.7928089768976159,0.2637454853688155,-0.7881643537574514,-0.39403419023118813,0.5622115963510766,0.0,0.0,1.0,0.0,1.0,0.0,1.0,0.0,0.0,1.0,0.0,0.0,0.0,1.0,0
-0.08054779835573346,-0.7350262160126013,-1.52551386741106,-0.19677427800785602,1.4149937066834992,0.43855059372496197,0.1284234614868126,0.5622115963510766,0.0,0.0,0.0,1.0,1.0,0.0,1.0,0.0,0.0,0.0,1.0,1.0,0.0,0.0,1
0.6713569704259098,2.3182968086902167,1.840419126887043,-0.6167834092946349,-0.3392892972245912,-0.7881643537574514,1.055364456470362,-0.3167590448075343,0.0,0.0,0.0,1.0,0.0,1.0,1.0,0.0,1.0,0.0,0.0,0.0,0.0,1.0,1
-0.6444763749419659,-0.60588109158403,0.44323939340481155,1.8192695521686828,0.5926735486015822,-1.1970693362515892,-0.6468362797721561,-1.1957296859661453,1.0,0.0,0.0,0.0,1.0,0.0,1.0,0.0,0.0,1.0,0.0,0.0,0.0,1.0,1
-0.45650018274655507,0.20778457631773067,1.7134027874795674,0.559242158308346,0.3185668292409431,0.029645611230824178,-0.5288619713197046,-0.7562443653868398,0.0,1.0,0.0,0.0,1.0,0.0,0.0,1.0,0.0,1.0,0.0,0.0,0.0,1.0,1
0.48338077823049896,-0.913585622135659,0.633763902516025,0.47524033205099026,0.20892414149668687,0.8474555762190998,0.010449153034361107,-1.1957296859661453,1.0,0.0,0.0,0.0,0.0,1.0,1.0,0.0,0.0,1.0,0.0,0.0,1.0,0.0,0
0.10742839383967734,-0.560920090042253,-0.2553504733363042,-0.4487797567799234,0.2637454853688155,0.029645611230824178,0.4486394415720387,0.5622115963510766,0.0,0.0,0.0,1.0,1.0,0.0,1.0,0.0,0.0,1.0,0.0,0.0,1.0,0.0,0
0.10742839383967734,2.382591040894958,-0.6363994915587309,0.8112476370804134,0.8119589240900935,-1.1970693362515892,0.0947165162146835,0.5622115963510766,1.0,0.0,0.0,0.0,0.0,1.0,1.0,0.0,0.0,1.0,0.0,0.0,0.0,1.0,1
1.2352855470121422,-0.15849771624261358,-0.06482596422509078,0.3072366795362787,-0.1200039217360798,-1.1970693362515892,0.7182950037490715,0.5622115963510766,0.0,0.0,0.0,1.0,1.0,0.0,0.0,1.0,0.0,1.0,0.0,0.0,1.0,0.0,1
0.48338077823049896,-0.4161028450762623,0.1256985448861226,1.0632531158524807,0.3185668292409431,-0.37925937126331366,-0.04011126487383292,-0.7562443653868398,0.0,1.0,0.0,0.0,1.0,0.0,1.0,0.0,0.0,1.0,0.0,1.0,0.0,0.0,0
-1.396381143723609,2.260147246696185,-0.06482596422509078,-0.3647779305225676,0.20892414149668687,0.029645611230824178,0.4991998594802327,-1.1957296859661453,0.0,1.0,0.0,0.0,0.0,1.0,1.0,0.0,0.0,0.0,1.0,0.0,0.0,1.0,1
0.2954045860350881,-0.2450797592116358,-0.31885864304004197,-0.8687888880667023,-0.6682173604573579,0.029645611230824178,0.027302625670425285,-0.7562443653868398,0.0,0.0,0.0,1.0,0.0,1.0,1.0,0.0,0.0,1.0,0.0,1.0,0.0,0.0,1
-0.6444763749419659,1.3352352149796274,0.06219037518238481,0.47524033205099026,-0.1200039217360798,-1.1970693362515892,0.9205366753818461,-0.7562443653868398,0.0,0.0,1.0,0.0,1.0,0.0,1.0,0.0,0.0,1.0,0.0,1.0,0.0,0.0,0
0.6713569704259098,-1.0180664257184553,0.7607802419235005,2.07127503094075,1.5246363944277546,0.43855059372496197,0.06100957094255439,0.12272627577177116,1.0,0.0,0.0,0.0,0.0,1.0,1.0,0.0,1.0,0.0,0.0,1.0,0.0,0.0,0
0.8593331626213205,0.4229122636947671,-0.5093831521512553,-0.7007852355519907,0.04446010988030403,0.029645611230824178,-1.7928724190245444,0.5622115963510766,0.0,0.0,0.0,1.0,0.0,1.0,0.0,1.0,1.0,0.0,0.0,0.0,1.0,0.0,1
2.175166507989196,1.4997496606210632,0.18920671458986038,0.47524033205099026,-1.8194655817720418,2.0741705237015133,-0.47830155341151054,0.5622115963510766,0.0,1.0,0.0,0.0,1.0,0.0,1.0,0.0,0.0,1.0,0.0,0.0,0.0,1.0,1
-0.08054779835573346,-0.6367971326441854,0.37973122370107376,-0.952790714324058,0.8667802679622212,0.8474555762190998,0.9879505659261044,0.12272627577177116,0.0,0.0,1.0,0.0,1.0,0.0,1.0,0.0,0.0,1.0,0.0,0.0,0.0,1.0,0
-0.2685239905511443,2.382591040894958,-0.38236681274377976,-0.11277245175050024,-0.8326813920737407,2.0741705237015133,0.8699762574736521,0.12272627577177116,1.0,0.0,0.0,0.0,0.0,1.0,0.0,1.0,0.0,1.0,0.0,0.0,0.0,1.0,0
0.6713569704259098,-0.7400789761858676,-0.44587498244751755,-1.0367925405814138,1.9083858015326498,0.029645611230824178,0.263251242575329,-1.6352150065454507,0.0,0.0,0.0,1.0,1.0,0.0,1.0,0.0,0.0,1.0,0.0,0.0,0.0,1.0,0
-0.2685239905511443,1.2654386125862018,-0.2553504733363042,-0.2807761042652118,0.8119589240900935,0.029645611230824178,-0.0906716827820262,0.12272627577177116,1.0,0.0,0.0,0.0,0.0,1.0,1.0,0.0,0.0,1.0,0.0,0.0,0.0,1.0,0
0.2954045860350881,-0.71627105536946,0.5067475631085494,-0.6167834092946349,1.5246363944277546,0.8474555762190998,-0.20864599123447844,1.880667558088993,0.0,0.0,1.0,0.0,0.0,1.0,1.0,0.0,0.0,1.0,0.0,0.0,0.0,1.0,0
0.48338077823049896,-0.6492149330700095,-0.5093831521512553,1.315258594624548,-0.3392892972245912,-1.1970693362515892,0.2969581878474581,1.4411822375096877,0.0,1.0,0.0,0.0,0.0,1.0,1.0,0.0,0.0,1.0,0.0,1.0,0.0,0.0,0
1.7992141235983745,2.382591040894958,1.522878278368354,0.39123850579363445,-0.22964660948033502,0.43855059372496197,0.853122784837588,0.5622115963510766,0.0,0.0,1.0,0.0,0.0,1.0,1.0,0.0,0.0,1.0,0.0,0.0,0.0,1.0,0
-1.7723335281144308,-0.5911510110789145,1.4593701086646163,0.47524033205099026,-1.3260734869228912,0.43855059372496197,0.853122784837588,0.12272627577177116,0.0,0.0,0.0,1.0,1.0,0.0,1.0,0.0,0.0,0.0,1.0,0.0,1.0,0.0,1
0.2954045860350881,-0.5157878084946024,-0.31885864304004197,0.559242158308346,-0.6133960165852302,-0.37925937126331366,0.6340276405687484,-1.1957296859661453,0.0,0.0,0.0,1.0,0.0,1.0,0.0,1.0,0.0,1.0,0.0,1.0,0.0,0.0,1
0.8593331626213205,0.3560274214011901,0.7607802419235005,1.1472549421098366,0.9764229557064764,0.029645611230824178,0.24639776993926407,1.4411822375096877,0.0,0.0,1.0,0.0,1.0,0.0,1.0,0.0,1.0,0.0,0.0,1.0,0.0,0.0,0
-0.8324525671373767,-0.45053012625682304,-0.0013177945213529853,0.39123850579363445,-0.1200039217360798,-0.37925937126331366,1.0722179291064267,1.4411822375096877,0.0,0.0,1.0,0.0,0.0,1.0,0.0,1.0,0.0,1.0,0.0,0.0,0.0,1.0,0
-1.58435733591902,1.0031232835910338,-1.3349893582998467,-0.8687888880667023,-0.06518257786395218,-1.1970693362515892,-1.4220960210311246,2.320152878668299,0.0,1.0,0.0,0.0,0.0,1.0,1.0,0.0,0.0,1.0,0.0,1.0,0.0,0.0,1
0.2954045860350881,-1.2726741544493188,-0.31885864304004197,-0.952790714324058,1.9632071454047775,0.029645611230824178,0.7520019490212007,-0.3167590448075343,1.0,0.0,0.0,0.0,0.0,1.0,1.0,0.0,0.0,0.0,1.0,0.0,1.0,0.0,0
0.10742839383967734,-0.6932338945794827,-1.4620056977073221,-1.372799845610837,0.15410279762455925,-0.7881643537574514,-0.04011126487383292,0.5622115963510766,1.0,0.0,0.0,0.0,1.0,0.0,1.0,0.0,0.0,0.0,1.0,0.0,0.0,1.0,1
-0.2685239905511443,0.5402390677180712,1.0148129207384518,-0.19677427800785602,0.5926735486015822,0.8474555762190998,1.12277834701462,1.0016969169303822,0.0,0.0,0.0,1.0,1.0,0.0,0.0,1.0,0.0,1.0,0.0,0.0,1.0,0.0,0
-0.45650018274655507,-0.17742415689162833,1.522878278368354,0.39123850579363445,-0.39411064109671884,2.0741705237015133,0.9205366753818461,1.4411822375096877,0.0,1.0,0.0,0.0,0.0,1.0,1.0,0.0,0.0,1.0,0.0,0.0,0.0,1.0,0
0.2954045860350881,-0.19780647759056727,-0.2553504733363042,-0.4487797567799234,-0.3392892972245912,-0.7881643537574514,0.33066513311958723,-1.6352150065454507,0.0,0.0,0.0,1.0,0.0,1.0,1.0,0.0,0.0,1.0,0.0,0.0,1.0,0.0,1
0.6713569704259098,-0.7278324557659169,-0.38236681274377976,-0.6167834092946349,0.5378522047294545,-1.1970693362515892,1.6452359987326208,1.0016969169303822,1.0,0.0,0.0,0.0,1.0,0.0,1.0,0.0,0.0,1.0,0.0,0.0,1.0,0.0,0
-0.08054779835573346,-0.3442508826123556,1.0148129207384518,0.559242158308346,-0.7230387043294855,-0.7881643537574514,-2.180502289654029,-1.1957296859661453,0.0,0.0,1.0,0.0,0.0,1.0,0.0,1.0,1.0,0.0,0.0,0.0,1.0,0.0,1
2.5511188923800177,1.2913018934730909,0.18920671458986038,0.39123850579363445,-0.3392892972245912,1.2563605587132376,-1.1861474041262212,-0.7562443653868398,0.0,0.0,0.0,1.0,1.0,0.0,1.0,0.0,0.0,1.0,0.0,0.0,0.0,1.0,1
-0.6444763749419659,0.8682402789657023,0.31622305399733597,-0.952790714324058,-0.01036123399182359,0.8474555762190998,1.055364456470362,0.5622115963510766,0.0,0.0,0.0,1.0,1.0,0.0,1.0,0.0,0.0,1.0,0.0,1.0,0.0,0.0,0
-1.2084049515281983,-1.0864071480619566,0.8242884116272383,0.47524033205099026,2.018028489276905,0.029645611230824178,0.212690824667135,-0.7562443653868398,0.0,0.0,0.0,1.0,1.0,0.0,1.0,0.0,1.0,0.0,0.0,0.0,1.0,0.0,0
0.8593331626213205,0.030681050244597188,0.633763902516025,0.979251289595125,1.305351018939243,0.029645611230824178,0.7182950037490715,0.5622115963510766,0.0,0.0,1.0,0.0,0.0,1.0,1.0,0.0,0.0,1.0,0.0,1.0,0.0,0.0,0
0.10742839383967734,-0.25201659944951,1.268845599553403,1.315258594624548,-2.2032149888769363,-1.6059743187457272,-0.0569647375098971,-1.6352150065454507,0.0,0.0,1.0,0.0,1.0,0.0,1.0,0.0,1.0,0.0,0.0,0.0,0.0,1.0,1
-0.2685239905511443,1.672828106556171,0.31622305399733597,1.1472549421098366,-0.6133960165852302,0.43855059372496197,-0.7648105882246076,0.12272627577177116,0.0,0.0,1.0,0.0,1.0,0.0,1.0,0.0,0.0,1.0,0.0,1.0,0.0,0.0,1
-1.2084049515281983,-0.2789075603716395,-0.19184230363256635,-1.6248053243829044,0.3185668292409431,1.2563605587132376,1.0385109838342976,0.12272627577177116,0.0,0.0,0.0,1.0,0.0,1.0,1.0,0.0,0.0,1.0,0.0,0.0,0.0,1.0,0
0.6713569704259098,-0.8355675794603086,1.9039272965907807,1.4832622471392596,-1.216430799178636,0.029645611230824178,0.07786304357861931,-0.3167590448075343,0.0,0.0,0.0,1.0,1.0,0.0,1.0,0.0,0.0,1.0,0.0,0.0,0.0,1.0,1
-1.396381143723609,-0.2621221197960427,1.6498946177758296,1.315258594624548,0.04446010988030403,2.0741705237015133,0.04415609830649021,-0.3167590448075343,0.0,0.0,1.0,0.0,1.0,0.0,1.0,0.0,0.0,1.0,0.0,0.0,0.0,1.0,0
-1.0204287593327874,0.8569357985780555,0.37973122370107376,0.3072366795362787,0.20892414149668687,-0.37925937126331366,0.3812255510277805,0.5622115963510766,0.0,0.0,0.0,1.0,0.0,1.0,1.0,0.0,0.0,1.0,0.0,0.0,0.0,1.0,0
-0.6444763749419659,0.25771269802983743,0.2527148842935982,-1.9608126294123274,-0.8875027359458694,-0.37925937126331366,-1.3209751852147373,1.0016969169303822,0.0,0.0,0.0,1.0,1.0,0.0,1.0,0.0,0.0,1.0,0.0,0.0,0.0,1.0,0
0.10742839383967734,-1.036650306355723,0.31622305399733597,-0.952790714324058,1.3601723628113718,-0.37925937126331366,-0.6973966976803493,-0.7562443653868398,0.0,1.0,0.0,0.0,1.0,0.0,1.0,0.0,0.0,0.0,1.0,0.0,1.0,0.0,1
-0.6444763749419659,1.85369979275852,0.06219037518238481,0.13923302702156712,-0.8875027359458694,2.0741705237015133,-1.7591654737524154,0.5622115963510766,1.0,0.0,0.0,0.0,1.0,0.0,1.0,0.0,0.0,1.0,0.0,0.0,1.0,0.0,1
0.48338077823049896,-0.7356256960331583,1.268845599553403,-0.5327815830372792,-0.44893198496884645,-0.37925937126331366,1.6452359987326208,0.12272627577177116,0.0,0.0,0.0,1.0,0.0,1.0,0.0,1.0,0.0,1.0,0.0,0.0,0.0,1.0,1
1.423261739207553,1.546337822218638,0.37973122370107376,0.559242158308346,0.8119589240900935,-0.7881643537574514,-1.7254585284802866,-1.1957296859661453,0.0,0.0,1.0,0.0,0.0,1.0,1.0,0.0,0.0,0.0,1.0,0.0,0.0,1.0,1
-1.396381143723609,-0.6966594946969514,0.8242884116272383,0.7272458108230576,1.2505296750671155,0.029645611230824178,-0.3266202996869299,-0.3167590448075343,0.0,0.0,1.0,0.0,1.0,0.0,1.0,0.0,0.0,1.0,0.0,0.0,0.0,1.0,1
-1.7723335281144308,-0.12886627522650904,-1.52551386741106,-1.7928089768976159,-0.1200039217360798,-0.37925937126331366,-0.6299828071360919,0.5622115963510766,0.0,0.0,0.0,1.0,1.0,0.0,1.0,0.0,0.0,1.0,0.0,1.0,0.0,0.0,0
-1.0204287593327874,-0.7589197768319457,0.9513047510347139,0.3072366795362787,0.48303086085732594,-0.7881643537574514,-1.203000876762286,-0.7562443653868398,0.0,0.0,0.0,1.0,0.0,1.0,1.0,0.0,0.0,1.0,0.0,0.0,0.0,1.0,1
-1.0204287593327874,2.382591040894958,1.6498946177758296,0.2232348532789229,-0.5585746727131017,0.43855059372496197,-0.933345314585253,0.12272627577177116,0.0,0.0,0.0,1.0,1.0,0.0,1.0,0.0,0.0,1.0,0.0,0.0,0.0,1.0,1
-0.45650018274655507,-0.8778737409110474,-1.3349893582998467,-1.6248053243829044,-0.1748252656082074,-0.37925937126331366,1.6283825260965565,-0.3167590448075343,1.0,0.0,0.0,0.0,0.0,1.0,1.0,0.0,0.0,1.0,0.0,0.0,0.0,1.0,0
1.0473093548167314,0.6063531499852177,0.5067475631085494,-0.6167834092946349,1.2505296750671155,-0.37925937126331366,-0.14123210069022024,1.0016969169303822,0.0,1.0,0.0,0.0,0.0,1.0,1.0,0.0,1.0,0.0,0.0,1.0,0.0,0.0,0
-0.8324525671373767,2.382591040894958,-1.0174485097811576,-0.3647779305225676,-0.6682173604573579,2.0741705237015133,-0.20864599123447844,-1.1957296859661453,0.0,0.0,0.0,1.0,1.0,0.0,1.0,0.0,0.0,0.0,1.0,1.0,0.0,0.0,1
-0.08054779835573346,-0.8797578209756552,1.7769109571833053,-0.02877062549314445,1.031244299578604,-1.1970693362515892,0.5160533321162969,-0.7562443653868398,0.0,0.0,0.0,1.0,0.0,1.0,1.0,0.0,0.0,1.0,0.0,0.0,0.0,1.0,1
-1.7723335281144308,-0.2713712401132083,0.2527148842935982,0.2232348532789229,-2.312857676621192,0.8474555762190998,0.7351484763851357,1.4411822375096877,0.0,0.0,0.0,1.0,1.0,0.0,1.0,0.0,0.0,1.0,0.0,0.0,0.0,1.0,0
-0.2685239905511443,-1.3050460755593984,-1.0174485097811576,0.13923302702156712,1.6342790821720108,0.43855059372496197,-1.0007592051295113,1.4411822375096877,0.0,0.0,0.0,1.0,1.0,0.0,1.0,0.0,0.0,1.0,0.0,1.0,0.0,0.0,0
1.0473093548167314,-0.9169255822501909,0.1256985448861226,1.2312567683671922,-1.2712521430507635,-1.1970693362515892,-2.6186925781917063,-0.7562443653868398,0.0,0.0,0.0,1.0,0.0,1.0,1.0,0.0,0.0,0.0,1.0,1.0,0.0,0.0,1
-0.45650018274655507,-0.3555553630000024,2.539008993628159,1.9872732046833943,0.7023162363458374,1.6652655412073754,-0.023257792237767996,-0.7562443653868398,0.0,0.0,0.0,1.0,0.0,1.0,1.0,0.0,0.0,1.0,0.0,0.0,1.0,0.0,0
-0.2685239905511443,-0.6337140925384636,0.06219037518238481,0.6432439845657019,0.2637454853688155,-1.6059743187457272,0.9205366753818461,-1.1957296859661453,0.0,0.0,1.0,0.0,1.0,0.0,0.0,1.0,0.0,1.0,0.0,1.0,0.0,0.0,0
1.6112379314029637,-0.36120760319382583,0.37973122370107376,0.3072366795362787,-0.6682173604573579,-0.37925937126331366,-0.17493904596234933,-0.3167590448075343,0.0,0.0,0.0,1.0,0.0,1.0,1.0,0.0,0.0,1.0,0.0,0.0,0.0,1.0,0
-0.8324525671373767,-0.774934457381112,-1.2714811885961088,-0.2807761042652118,0.4282095169851983,0.8474555762190998,0.027302625670425285,-1.1957296859661453,1.0,0.0,0.0,0.0,1.0,0.0,1.0,0.0,0.0,1.0,0.0,0.0,0.0,1.0,0
-1.0204287593327874,-0.8907197413515552,1.1418292601459272,-0.11277245175050024,1.3601723628113718,0.8474555762190998,1.3924339091916529,-1.6352150065454507,0.0,0.0,0.0,1.0,1.0,0.0,1.0,0.0,0.0,1.0,0.0,1.0,0.0,0.0,0
1.2352855470121422,-0.8878936212546434,-1.0174485097811576,-0.8687888880667023,0.09928145375243164,-0.7881643537574514,-0.36032724495905905,-0.7562443653868398,1.0,0.0,0.0,0.0,1.0,0.0,1.0,0.0,0.0,1.0,0.0,0.0,0.0,1.0,1
0.10742839383967734,-1.0345093062823052,-0.2553504733363042,-1.6248053243829044,0.2637454853688155,-0.37925937126331366,0.04415609830649021,1.0016969169303822,0.0,0.0,0.0,1.0,0.0,1.0,1.0,0.0,0.0,1.0,0.0,0.0,0.0,1.0,0
-0.2685239905511443,0.15357445445878798,-0.44587498244751755,-2.0448144556696835,1.6342790821720108,-1.1970693362515892,-0.14123210069022024,-0.3167590448075343,0.0,0.0,0.0,1.0,0.0,1.0,1.0,0.0,0.0,1.0,0.0,1.0,0.0,0.0,0
0.10742839383967734,0.3401840208578972,1.522878278368354,1.6512658996539713,0.15410279762455925,1.2563605587132376,0.3812255510277805,0.12272627577177116,0.0,0.0,1.0,0.0,1.0,0.0,1.0,0.0,0.0,1.0,0.0,1.0,0.0,0.0,0
0.6713569704259098,-0.19112655736150325,1.1418292601459272,0.13923302702156712,-0.44893198496884645,0.43855059372496197,0.43178596893597454,0.5622115963510766,1.0,0.0,0.0,0.0,0.0,1.0,1.0,0.0,0.0,1.0,0.0,0.0,0.0,1.0,0
-0.8324525671373767,1.2026644904335873,-2.0970873947447,-1.372799845610837,1.6891004260441382,0.43855059372496197,1.2238991828310073,-1.1957296859661453,0.0,0.0,0.0,1.0,1.0,0.0,1.0,0.0,1.0,0.0,0.0,0.0,1.0,0.0,1
-1.0204287593327874,-1.0967695884172994,0.5702557328122871,-0.02877062549314445,0.48303086085732594,0.8474555762190998,0.8194158395654588,1.0016969169303822,1.0,0.0,0.0,0.0,1.0,0.0,1.0,0.0,1.0,0.0,0.0,0.0,0.0,1.0,0
0.2954045860350881,0.26858897840280066,1.3323537692571406,0.559242158308346,1.1408869873228602,0.029645611230824178,0.8699762574736521,-0.3167590448075343,0.0,0.0,1.0,0.0,1.0,0.0,1.0,0.0,1.0,0.0,0.0,1.0,0.0,0.0,0
-1.0204287593327874,-1.2071595522027294,-1.2714811885961088,1.5672640733966154,-0.28446795335246267,0.43855059372496197,-0.8153710061328016,1.0016969169303822,0.0,0.0,0.0,1.0,0.0,1.0,1.0,0.0,0.0,1.0,0.0,0.0,0.0,1.0,1
1.7992141235983745,-0.6383386526970463,-0.2553504733363042,-1.6248053243829044,1.305351018939243,0.029645611230824178,-0.36032724495905905,0.12272627577177116,1.0,0.0,0.0,0.0,1.0,0.0,1.0,0.0,0.0,0.0,1.0,0.0,0.0,1.0,1
-1.2084049515281983,1.2316964514291349,-0.2553504733363042,-1.2887980193534812,1.1957083311949879,0.8474555762190998,0.6845880584769425,-1.1957296859661453,0.0,0.0,1.0,0.0,1.0,0.0,1.0,0.0,0.0,0.0,1.0,0.0,0.0,1.0,0
-0.45650018274655507,-0.787095337798126,1.268845599553403,0.8952494633377692,2.730705959614567,0.8474555762190998,0.212690824667135,-0.7562443653868398,0.0,1.0,0.0,0.0,0.0,1.0,1.0,0.0,0.0,1.0,0.0,0.0,0.0,1.0,0
0.10742839383967734,-0.23754343895320457,-1.52551386741106,-1.2887980193534812,-0.06518257786395218,0.43855059372496197,-1.8771397822048672,0.12272627577177116,0.0,0.0,0.0,1.0,0.0,1.0,1.0,0.0,0.0,1.0,0.0,0.0,1.0,0.0,0
1.2352855470121422,-0.7793877375338214,0.1256985448861226,0.055231200764211334,0.04446010988030403,1.2563605587132376,-0.07381821014596203,0.12272627577177116,1.0,0.0,0.0,0.0,0.0,1.0,1.0,0.0,1.0,0.0,0.0,0.0,0.0,1.0,0
-0.45650018274655507,1.0669250857788888,1.268845599553403,0.559242158308346,1.0860656434507325,0.8474555762190998,0.17898387939500587,0.12272627577177116,0.0,0.0,0.0,1.0,1.0,0.0,1.0,0.0,0.0,1.0,0.0,0.0,1.0,0.0,0
-0.2685239905511443,-0.37739356374886557,0.06219037518238481,1.6512658996539713,0.5926735486015822,0.029645611230824178,1.173338764922814,-2.074700327124756,0.0,0.0,1.0,0.0,0.0,1.0,1.0,0.0,0.0,1.0,0.0,0.0,0.0,1.0,0
-0.45650018274655507,-0.5333440090966296,0.5702557328122871,-1.2887980193534812,-1.0519667675622522,-0.37925937126331366,0.07786304357861931,0.12272627577177116,1.0,0.0,0.0,0.0,0.0,1.0,1.0,0.0,1.0,0.0,0.0,0.0,0.0,1.0,0
-0.45650018274655507,0.2993337394570825,-0.31885864304004197,0.47524033205099026,-0.28446795335246267,0.029645611230824178,0.04415609830649021,-0.3167590448075343,1.0,0.0,0.0,0.0,1.0,0.0,1.0,0.0,0.0,0.0,1.0,0.0,1.0,0.0,1
-0.08054779835573346,-0.20517151784312507,0.31622305399733597,2.491284162227529,-1.2712521430507635,0.8474555762190998,-0.4445946081393814,0.12272627577177116,0.0,0.0,1.0,0.0,1.0,0.0,1.0,0.0,0.0,1.0,0.0,0.0,0.0,1.0,1
-1.58435733591902,-0.7492424565000965,1.268845599553403,1.1472549421098366,-1.216430799178636,1.2563605587132376,-0.12437862805415531,-0.7562443653868398,0.0,0.0,0.0,1.0,1.0,0.0,1.0,0.0,0.0,1.0,0.0,0.0,1.0,0.0,1
-0.8324525671373767,-0.5595498499952655,-0.6999076612624687,1.735267725911327,0.7023162363458374,1.2563605587132376,-0.0569647375098971,-0.3167590448075343,0.0,0.0,1.0,0.0,0.0,1.0,0.0,1.0,1.0,0.0,0.0,0.0,0.0,1.0,0
-1.9603097203098414,0.2947948193014365,-0.5728913218549931,-0.7007852355519907,-1.4357161746671474,-0.7881643537574514,-2.180502289654029,-0.7562443653868398,1.0,0.0,0.0,0.0,1.0,0.0,1.0,0.0,1.0,0.0,0.0,0.0,0.0,1.0,1
-0.8324525671373767,-1.1977391518796903,-1.1444648491886333,-0.11277245175050024,-0.28446795335246267,-2.0148793012398647,-0.7985175334967366,0.5622115963510766,0.0,1.0,0.0,0.0,1.0,0.0,1.0,0.0,0.0,1.0,0.0,0.0,1.0,0.0,1
-0.8324525671373767,1.27331749285638,2.539008993628159,1.0632531158524807,-0.7778600482016131,0.43855059372496197,2.1845471230866864,-0.3167590448075343,0.0,0.0,1.0,0.0,0.0,1.0,1.0,0.0,1.0,0.0,0.0,0.0,1.0,0.0,1
-0.45650018274655507,-0.15430135609871437,-0.5728913218549931,-1.5408034981255485,0.09928145375243164,0.43855059372496197,-0.4108876628672523,1.0016969169303822,1.0,0.0,0.0,0.0,0.0,1.0,1.0,0.0,0.0,0.0,1.0,1.0,0.0,0.0,1
-1.0204287593327874,1.8197863515955794,-0.5093831521512553,0.47524033205099026,0.8667802679622212,-0.37925937126331366,0.8868297301097171,-0.7562443653868398,0.0,0.0,1.0,0.0,1.0,0.0,0.0,1.0,0.0,0.0,1.0,0.0,1.0,0.0,1
0.48338077823049896,0.5565106682760477,0.7607802419235005,-0.7007852355519907,1.7987431137883936,0.029645611230824178,-0.49515502604757544,-0.7562443653868398,0.0,0.0,0.0,1.0,1.0,0.0,1.0,0.0,0.0,1.0,0.0,0.0,0.0,1.0,1
0.10742839383967734,2.3511825698179165,0.06219037518238481,0.39123850579363445,-1.3808948307950188,-0.7881643537574514,-2.6186925781917063,1.0016969169303822,0.0,0.0,1.0,0.0,0.0,1.0,1.0,0.0,0.0,1.0,0.0,1.0,0.0,0.0,1
-1.396381143723609,0.796559596507669,2.6342712481837656,-0.3647779305225676,-2.0935723011326806,-0.37925937126331366,0.9205366753818461,0.5622115963510766,0.0,0.0,0.0,1.0,1.0,0.0,1.0,0.0,0.0,1.0,0.0,0.0,0.0,1.0,1
0.10742839383967734,-0.3934082442980319,1.0783210904421894,1.0632531158524807,-0.5585746727131017,-0.37925937126331366,-1.5906307473917702,-0.3167590448075343,0.0,0.0,1.0,0.0,1.0,0.0,1.0,0.0,0.0,1.0,0.0,0.0,1.0,0.0,1
-1.2084049515281983,-0.2607518797490552,0.7607802419235005,0.7272458108230576,-2.0935723011326806,1.2563605587132376,-0.3434737723229941,-0.3167590448075343,0.0,0.0,1.0,0.0,0.0,1.0,1.0,0.0,0.0,1.0,0.0,0.0,0.0,1.0,1
-0.45650018274655507,0.46770198523067075,-0.6999076612624687,-1.2887980193534812,0.48303086085732594,-0.7881643537574514,-1.7254585284802866,0.5622115963510766,1.0,0.0,0.0,0.0,0.0,1.0,1.0,0.0,0.0,1.0,0.0,1.0,0.0,0.0,1
-0.2685239905511443,1.5676621829498807,1.7134027874795674,1.399260420881904,0.5378522047294545,0.8474555762190998,-0.6636897524082209,0.12272627577177116,0.0,1.0,0.0,0.0,1.0,0.0,0.0,1.0,1.0,0.0,0.0,0.0,0.0,1.0,1
-0.8324525671373767,-0.7578920967967051,0.06219037518238481,-0.7007852355519907,-0.5037533288409741,-0.7881643537574514,-1.203000876762286,-0.3167590448075343,0.0,0.0,0.0,1.0,0.0,1.0,1.0,0.0,0.0,1.0,0.0,0.0,0.0,1.0,1
-0.8324525671373767,0.25505785793879915,1.1418292601459272,0.055231200764211334,1.3601723628113718,-0.7881643537574514,-0.4445946081393814,-0.3167590448075343,0.0,0.0,0.0,1.0,1.0,0.0,1.0,0.0,0.0,1.0,0.0,1.0,0.0,0.0,1
-0.6444763749419659,-0.2694015200456638,-0.8269240006699443,-0.5327815830372792,0.04446010988030403,-0.7881643537574514,-0.04011126487383292,-1.1957296859661453,0.0,0.0,0.0,1.0,1.0,0.0,1.0,0.0,0.0,1.0,0.0,0.0,0.0,1.0,0
-0.8324525671373767,-0.28695772064769104,-0.0013177945213529853,0.055231200764211334,0.7023162363458374,0.029645611230824178,-0.5288619713197046,0.12272627577177116,0.0,0.0,0.0,1.0,1.0,0.0,1.0,0.0,0.0,1.0,0.0,1.0,0.0,0.0,0
-0.8324525671373767,-0.06814751314437575,-0.06482596422509078,1.9872732046833943,0.15410279762455925,1.2563605587132376,-0.2929133544148008,-1.1957296859661453,0.0,0.0,0.0,1.0,1.0,0.0,1.0,0.0,0.0,1.0,0.0,0.0,0.0,1.0,0
0.10742839383967734,-0.4722826870027495,1.0783210904421894,1.5672640733966154,0.4282095169851983,0.8474555762190998,0.7014415311130066,0.12272627577177116,1.0,0.0,0.0,0.0,0.0,1.0,1.0,0.0,0.0,1.0,0.0,0.0,1.0,0.0,0
-1.0204287593327874,-1.168364630872396,0.1256985448861226,-1.5408034981255485,0.8119589240900935,0.43855059372496197,0.0947165162146835,0.12272627577177116,0.0,0.0,1.0,0.0,0.0,1.0,1.0,0.0,1.0,0.0,0.0,0.0,0.0,1.0,0
0.2954045860350881,1.073605006007953,-0.890432170373682,-1.0367925405814138,0.8119589240900935,0.43855059372496197,0.17898387939500587,1.0016969169303822,0.0,1.0,0.0,0.0,1.0,0.0,1.0,0.0,0.0,1.0,0.0,0.0,1.0,0.0,0
-0.2685239905511443,2.3373088893421685,-0.0013177945213529853,0.7272458108230576,0.7023162363458374,-1.1970693362515892,-0.5962758618639628,-0.7562443653868398,1.0,0.0,0.0,0.0,1.0,0.0,1.0,0.0,0.0,1.0,0.0,0.0,0.0,1.0,1
1.6112379314029637,-0.7456455763767543,0.7607802419235005,1.1472549421098366,-0.06518257786395218,1.2563605587132376,-0.6131293345000269,-0.7562443653868398,0.0,0.0,0.0,1.0,1.0,0.0,1.0,0.0,1.0,0.0,0.0,0.0,0.0,1.0,0
0.48338077823049896,-0.9002257816775309,-0.38236681274377976,0.13923302702156712,0.04446010988030403,0.43855059372496197,-0.3434737723229941,1.0016969169303822,1.0,0.0,0.0,0.0,0.0,1.0,0.0,1.0,0.0,1.0,0.0,0.0,1.0,0.0,0
-0.6444763749419659,-0.918124542291305,-1.843054715929749,-0.7847870618093465,-1.764644237899914,0.43855059372496197,0.9879505659261044,-1.1957296859661453,0.0,0.0,0.0,1.0,1.0,0.0,1.0,0.0,0.0,0.0,1.0,1.0,0.0,0.0,1
0.8593331626213205,-0.5946622511993199,0.2527148842935982,0.39123850579363445,2.758116631550631,-1.6059743187457272,-0.4108876628672523,-1.1957296859661453,0.0,0.0,0.0,1.0,1.0,0.0,0.0,1.0,0.0,1.0,0.0,0.0,1.0,0.0,1
0.10742839383967734,1.2615848124540496,0.6972720722197627,-1.4568016718681929,-0.1200039217360798,-0.37925937126331366,1.8811846156375245,1.880667558088993,0.0,0.0,1.0,0.0,1.0,0.0,1.0,0.0,0.0,1.0,0.0,0.0,0.0,1.0,0
-1.2084049515281983,0.7760059958028567,0.44323939340481155,0.8952494633377692,-0.44893198496884645,0.43855059372496197,0.3980790236638454,-0.7562443653868398,0.0,0.0,1.0,0.0,1.0,0.0,1.0,0.0,0.0,1.0,0.0,0.0,1.0,0.0,0
-0.6444763749419659,0.6671575520702877,0.06219037518238481,1.315258594624548,-0.3392892972245912,0.029645611230824178,-0.6973966976803493,0.12272627577177116,0.0,0.0,1.0,0.0,0.0,1.0,1.0,0.0,1.0,0.0,0.0,1.0,0.0,0.0,0
-0.6444763749419659,0.22345669685515013,1.5863864480720917,0.13923302702156712,-0.1748252656082074,-0.37925937126331366,-0.17493904596234933,-1.6352150065454507,0.0,0.0,0.0,1.0,1.0,0.0,1.0,0.0,0.0,0.0,1.0,0.0,0.0,1.0,1
1.0473093548167314,-1.0107013854658975,-0.31885864304004197,-0.7007852355519907,-0.6133960165852302,2.0741705237015133,0.1621304067589417,0.12272627577177116,0.0,0.0,0.0,1.0,1.0,0.0,1.0,0.0,0.0,1.0,0.0,1.0,0.0,0.0,0
-1.9603097203098414,-1.0484686267609904,0.31622305399733597,-0.7847870618093465,0.6474948924737097,0.43855059372496197,-1.809725891660609,-1.1957296859661453,1.0,0.0,0.0,0.0,1.0,0.0,1.0,0.0,1.0,0.0,0.0,0.0,0.0,1.0,1
-0.45650018274655507,-1.0816113078975003,-0.19184230363256635,0.13923302702156712,-0.7230387043294855,0.43855059372496197,1.5104082176441043,-0.3167590448075343,1.0,0.0,0.0,0.0,1.0,0.0,1.0,0.0,0.0,1.0,0.0,1.0,0.0,0.0,0
0.6713569704259098,-0.42543760539636455,0.18920671458986038,-0.8687888880667023,0.3185668292409431,-0.7881643537574514,-0.7816640608606724,-1.6352150065454507,0.0,0.0,0.0,1.0,1.0,0.0,1.0,0.0,1.0,0.0,0.0,0.0,1.0,0.0,1
1.7992141235983745,1.169007969279457,0.5067475631085494,0.7272458108230576,-0.06518257786395218,-1.1970693362515892,-0.933345314585253,0.12272627577177116,0.0,0.0,1.0,0.0,1.0,0.0,1.0,0.0,0.0,1.0,0.0,0.0,0.0,1.0,1
-1.2084049515281983,0.4516873046815044,0.5067475631085494,-1.5408034981255485,0.5926735486015822,-2.0148793012398647,0.6340276405687484,-0.3167590448075343,0.0,0.0,1.0,0.0,0.0,1.0,1.0,0.0,1.0,0.0,0.0,1.0,0.0,0.0,0
-1.9603097203098414,0.14089973402415365,-0.8269240006699443,-0.6167834092946349,0.04446010988030403,1.2563605587132376,-0.7311036429524784,-1.1957296859661453,0.0,0.0,0.0,1.0,1.0,0.0,1.0,0.0,0.0,1.0,0.0,0.0,0.0,1.0,1
2.6451069884777234,-0.09949175421921465,-0.8269240006699443,0.559242158308346,0.04446010988030403,-1.1970693362515892,0.836269312201523,0.5622115963510766,0.0,0.0,0.0,1.0,1.0,0.0,1.0,0.0,0.0,1.0,0.0,0.0,0.0,1.0,0
-1.2084049515281983,0.3281087804438199,-0.6999076612624687,-1.2887980193534812,-0.22964660948033502,-0.7881643537574514,0.5834672226605552,-0.7562443653868398,0.0,0.0,0.0,1.0,0.0,1.0,1.0,0.0,0.0,0.0,1.0,0.0,1.0,0.0,1
-1.9603097203098414,-0.8645139004529193,1.4593701086646163,0.3072366795362787,-0.39411064109671884,0.43855059372496197,-0.6973966976803493,-0.3167590448075343,0.0,0.0,0.0,1.0,1.0,0.0,1.0,0.0,0.0,0.0,1.0,0.0,1.0,0.0,1
0.8593331626213205,-0.9833822245290844,0.6972720722197627,-0.5327815830372792,-0.28446795335246267,-0.7881643537574514,-0.3771807175951232,1.0016969169303822,0.0,1.0,0.0,0.0,1.0,0.0,1.0,0.0,0.0,1.0,0.0,0.0,0.0,1.0,1
0.48338077823049896,0.3351312606846308,0.9513047510347139,1.9872732046833943,0.5926735486015822,0.029645611230824178,1.9148915609096535,-0.7562443653868398,0.0,0.0,0.0,1.0,0.0,1.0,1.0,0.0,1.0,0.0,0.0,1.0,0.0,0.0,0
-1.0204287593327874,-1.0640551072954731,-0.06482596422509078,0.8952494633377692,0.5926735486015822,-1.6059743187457272,0.212690824667135,-0.3167590448075343,0.0,0.0,1.0,0.0,0.0,1.0,1.0,0.0,0.0,0.0,1.0,1.0,0.0,0.0,1
-0.45650018274655507,0.16427945482587775,-1.0174485097811576,-0.11277245175050024,0.2637454853688155,1.2563605587132376,0.4149324962999096,-1.1957296859661453,0.0,0.0,0.0,1.0,1.0,0.0,1.0,0.0,0.0,1.0,0.0,0.0,0.0,1.0,0
1.6112379314029637,0.9819702028656643,-2.224103734152176,0.055231200764211334,0.15410279762455925,0.029645611230824178,0.1452769341228775,1.4411822375096877,1.0,0.0,0.0,0.0,1.0,0.0,1.0,0.0,0.0,1.0,0.0,0.0,0.0,1.0,0
-0.6444763749419659,0.07041801160723449,2.0309436359982564,0.055231200764211334,-0.28446795335246267,-0.7881643537574514,-0.5794223892278978,0.5622115963510766,0.0,0.0,0.0,1.0,1.0,0.0,1.0,0.0,1.0,0.0,0.0,0.0,0.0,1.0,1
-0.2685239905511443,0.988136283077108,0.18920671458986038,-0.02877062549314445,0.20892414149668687,-0.37925937126331366,0.027302625670425285,-1.1957296859661453,0.0,0.0,1.0,0.0,0.0,1.0,1.0,0.0,0.0,1.0,0.0,0.0,1.0,0.0,0
0.48338077823049896,1.5054875408178232,0.6972720722197627,-0.4487797567799234,-0.3392892972245912,-0.37925937126331366,0.4991998594802327,-0.7562443653868398,0.0,0.0,1.0,0.0,0.0,1.0,1.0,0.0,0.0,1.0,0.0,1.0,0.0,0.0,0
0.48338077823049896,-0.7082208950934085,-0.44587498244751755,-0.3647779305225676,0.3733881731130707,1.2563605587132376,0.11156998885074842,-0.3167590448075343,0.0,0.0,1.0,0.0,1.0,0.0,1.0,0.0,0.0,1.0,0.0,0.0,0.0,1.0,0
0.10742839383967734,-0.6993143347879898,-0.44587498244751755,0.6432439845657019,-0.7778600482016131,0.8474555762190998,0.33066513311958723,-1.1957296859661453,0.0,0.0,0.0,1.0,1.0,0.0,1.0,0.0,1.0,0.0,0.0,0.0,0.0,1.0,1
-0.45650018274655507,0.8821139594414507,-0.2553504733363042,-2.128816281927039,-1.6550015501556579,-0.7881643537574514,-1.5906307473917702,-0.3167590448075343,0.0,0.0,0.0,1.0,1.0,0.0,1.0,0.0,0.0,1.0,0.0,0.0,1.0,0.0,1
0.2954045860350881,1.4416000986270314,-1.7795465462260112,-1.4568016718681929,1.2505296750671155,0.029645611230824178,-0.2760598817787359,0.12272627577177116,0.0,0.0,0.0,1.0,1.0,0.0,1.0,0.0,0.0,0.0,1.0,0.0,1.0,0.0,1
0.6713569704259098,-0.5473889695782514,-1.2714811885961088,-1.1207943668387697,-0.3392892972245912,0.43855059372496197,0.4823463868441678,-0.7562443653868398,0.0,0.0,1.0,0.0,0.0,1.0,1.0,0.0,0.0,1.0,0.0,0.0,0.0,1.0,0
-1.9603097203098414,0.04583933076439633,1.3958619389608784,0.3072366795362787,-0.22964660948033502,0.43855059372496197,0.33066513311958723,0.5622115963510766,1.0,0.0,0.0,0.0,0.0,1.0,1.0,0.0,0.0,1.0,0.0,1.0,0.0,0.0,1
-1.2084049515281983,0.011925889601455877,0.8242884116272383,0.979251289595125,1.305351018939243,-0.37925937126331366,1.0048040385621686,-1.1957296859661453,1.0,0.0,0.0,0.0,1.0,0.0,1.0,0.0,0.0,1.0,0.0,0.0,1.0,0.0,0
-0.2685239905511443,-0.6478446930230221,0.8242884116272383,-0.7847870618093465,-0.22964660948033502,0.43855059372496197,1.3418734912834596,-0.3167590448075343,1.0,0.0,0.0,0.0,0.0,1.0,1.0,0.0,0.0,1.0,0.0,0.0,1.0,0.0,0
-0.45650018274655507,-0.9080190219447722,0.2527148842935982,0.559242158308346,-1.9291082695162973,0.43855059372496197,1.105924874378556,-0.7562443653868398,0.0,0.0,1.0,0.0,1.0,0.0,1.0,0.0,0.0,1.0,0.0,0.0,0.0,1.0,0
-1.58435733591902,0.3275093004232629,-0.38236681274377976,-0.952790714324058,-0.9971454236901246,0.8474555762190998,1.3755804365555886,0.12272627577177116,1.0,0.0,0.0,0.0,1.0,0.0,1.0,0.0,1.0,0.0,0.0,0.0,0.0,1.0,1
-0.6444763749419659,-0.6812442941683422,-1.843054715929749,-0.3647779305225676,1.1957083311949879,0.8474555762190998,-1.9782606180212545,-0.3167590448075343,0.0,0.0,0.0,1.0,1.0,0.0,1.0,0.0,0.0,1.0,0.0,0.0,1.0,0.0,1
0.2954045860350881,-1.094200388329198,-1.843054715929749,-0.19677427800785602,-0.22964660948033502,2.0741705237015133,0.8025623669293939,1.880667558088993,0.0,0.0,1.0,0.0,1.0,0.0,0.0,1.0,1.0,0.0,0.0,0.0,0.0,1.0,0
0.48338077823049896,-0.4906096476312072,0.9513047510347139,0.39123850579363445,1.4149937066834992,1.6652655412073754,-1.0176126777655763,-0.7562443653868398,0.0,0.0,1.0,0.0,1.0,0.0,1.0,0.0,1.0,0.0,0.0,0.0,1.0,0.0,0
-0.6444763749419659,0.3651052617124822,-0.06482596422509078,-1.0367925405814138,-0.1200039217360798,-0.7881643537574514,-1.0850265683098343,0.5622115963510766,0.0,0.0,1.0,0.0,1.0,0.0,1.0,0.0,1.0,0.0,0.0,1.0,0.0,0.0,1
-1.396381143723609,2.382591040894958,1.205337429849665,-1.0367925405814138,-0.3392892972245912,-0.7881643537574514,0.1284234614868126,-0.3167590448075343,0.0,0.0,0.0,1.0,1.0,0.0,1.0,0.0,0.0,1.0,0.0,0.0,0.0,1.0,1
-0.2685239905511443,-0.8327414593633968,0.633763902516025,-1.6248053243829044,-0.1200039217360798,0.029645611230824178,1.0385109838342976,-0.3167590448075343,0.0,0.0,1.0,0.0,1.0,0.0,1.0,0.0,1.0,0.0,0.0,1.0,0.0,0.0,0
0.2954045860350881,-1.1146683490310736,0.8242884116272383,1.399260420881904,0.757137580217965,0.029645611230824178,-1.1355869862180277,-0.3167590448075343,0.0,0.0,0.0,1.0,0.0,1.0,1.0,0.0,0.0,1.0,0.0,0.0,0.0,1.0,0
1.423261739207553,1.0192236041431366,0.5702557328122871,-1.5408034981255485,-0.9971454236901246,-1.6059743187457272,-1.5906307473917702,1.4411822375096877,1.0,0.0,0.0,0.0,1.0,0.0,1.0,0.0,0.0,1.0,0.0,0.0,0.0,1.0,1
1.7992141235983745,1.5570428225857278,-0.8269240006699443,0.3072366795362787,-1.2712521430507635,2.0741705237015133,0.07786304357861931,0.5622115963510766,0.0,1.0,0.0,0.0,0.0,1.0,1.0,0.0,1.0,0.0,0.0,0.0,0.0,1.0,0
-0.08054779835573346,2.2072217248812933,-0.7634158309662065,0.8952494633377692,1.2505296750671155,-1.6059743187457272,-0.8827848966770597,-0.3167590448075343,0.0,0.0,0.0,1.0,1.0,0.0,1.0,0.0,0.0,1.0,0.0,0.0,0.0,1.0,1
0.48338077823049896,0.11580721316369519,-2.414628243263389,-0.7007852355519907,-0.1748252656082074,-1.6059743187457272,-0.006404319601703819,-1.1957296859661453,0.0,0.0,0.0,1.0,0.0,1.0,1.0,0.0,1.0,0.0,0.0,0.0,1.0,0.0,1
-0.6444763749419659,0.8640439188218031,-0.0013177945213529853,-0.2807761042652118,-0.5037533288409741,-1.1970693362515892,0.4991998594802327,-0.7562443653868398,0.0,1.0,0.0,0.0,1.0,0.0,1.0,0.0,0.0,1.0,0.0,1.0,0.0,0.0,1
-0.08054779835573346,-0.27659528029234814,1.0148129207384518,2.155276857198106,-0.9423240798179969,-0.7881643537574514,-1.9445536727491255,1.0016969169303822,0.0,0.0,1.0,0.0,1.0,0.0,1.0,0.0,1.0,0.0,0.0,1.0,0.0,0.0,1
-1.396381143723609,-0.7960018981035447,0.633763902516025,0.055231200764211334,-0.39411064109671884,-1.1970693362515892,-2.33218354337861,2.320152878668299,0.0,1.0,0.0,0.0,0.0,1.0,1.0,0.0,0.0,1.0,0.0,0.0,0.0,1.0,1
0.2954045860350881,-1.2469821535683034,-0.44587498244751755,-0.19677427800785602,1.0860656434507325,0.43855059372496197,-0.4277411355033172,-0.7562443653868398,0.0,1.0,0.0,0.0,1.0,0.0,1.0,0.0,0.0,1.0,0.0,0.0,1.0,0.0,1
-1.396381143723609,-1.1070463887697057,1.522878278368354,1.2312567683671922,-0.3392892972245912,0.43855059372496197,-0.4277411355033172,0.12272627577177116,0.0,0.0,1.0,0.0,0.0,1.0,1.0,0.0,0.0,1.0,0.0,0.0,0.0,1.0,1
-1.58435733591902,-0.5664866902331396,-0.5728913218549931,-0.19677427800785602,-0.22964660948033502,0.029645611230824178,1.8474776703653955,0.5622115963510766,1.0,0.0,0.0,0.0,1.0,0.0,1.0,0.0,0.0,1.0,0.0,0.0,0.0,1.0,0
0.8593331626213205,-0.3328607622217721,0.5067475631085494,-1.5408034981255485,-0.9971454236901246,0.43855059372496197,-0.3771807175951232,-1.1957296859661453,0.0,0.0,1.0,0.0,0.0,1.0,1.0,0.0,0.0,1.0,0.0,0.0,0.0,1.0,1
0.48338077823049896,-0.9056211018625442,0.1256985448861226,-0.3647779305225676,0.2637454853688155,-1.1970693362515892,-0.3434737723229941,0.5622115963510766,1.0,0.0,0.0,0.0,1.0,0.0,1.0,0.0,0.0,1.0,0.0,0.0,0.0,1.0,1
0.48338077823049896,-0.5912366510818512,-0.8269240006699443,-0.6167834092946349,0.4282095169851983,-0.7881643537574514,1.3924339091916529,-2.074700327124756,1.0,0.0,0.0,0.0,1.0,0.0,1.0,0.0,0.0,1.0,0.0,0.0,0.0,1.0,1
-0.08054779835573346,-0.34682008270045717,0.6972720722197627,-0.8687888880667023,-0.39411064109671884,-1.1970693362515892,-0.7816640608606724,-0.3167590448075343,0.0,1.0,0.0,0.0,0.0,1.0,1.0,0.0,0.0,0.0,1.0,0.0,0.0,1.0,1
0.2954045860350881,-1.0164392656626577,-0.06482596422509078,1.2312567683671922,-0.44893198496884645,1.6652655412073754,1.1901922375588783,-0.3167590448075343,1.0,0.0,0.0,0.0,0.0,1.0,1.0,0.0,1.0,0.0,0.0,0.0,1.0,0.0,1
-0.6444763749419659,-0.26272159981659976,-0.19184230363256635,-0.11277245175050024,-0.1200039217360798,0.43855059372496197,-1.3546821304868664,-0.3167590448075343,0.0,1.0,0.0,0.0,0.0,1.0,1.0,0.0,0.0,1.0,0.0,0.0,0.0,1.0,0
0.10742839383967734,-1.190288471624196,-0.31885864304004197,-0.6167834092946349,0.7023162363458374,2.0741705237015133,-1.2198543493983505,-2.074700327124756,0.0,1.0,0.0,0.0,0.0,1.0,1.0,0.0,1.0,0.0,0.0,0.0,0.0,1.0,0
-1.0204287593327874,-0.7902640179067846,-0.6999076612624687,-0.6167834092946349,-1.3260734869228912,0.029645611230824178,0.07786304357861931,1.0016969169303822,0.0,0.0,1.0,0.0,0.0,1.0,1.0,0.0,0.0,1.0,0.0,0.0,0.0,1.0,0
-0.6444763749419659,-1.223345512757769,0.06219037518238481,1.0632531158524807,-0.6133960165852302,0.029645611230824178,-0.20864599123447844,1.0016969169303822,0.0,0.0,0.0,1.0,1.0,0.0,1.0,0.0,0.0,1.0,0.0,0.0,0.0,1.0,0
-1.396381143723609,-1.0984823884760337,-0.2553504733363042,-0.11277245175050024,0.04446010988030403,0.029645611230824178,-0.04011126487383292,-0.3167590448075343,0.0,0.0,1.0,0.0,1.0,0.0,1.0,0.0,0.0,1.0,0.0,0.0,0.0,1.0,0
-1.0204287593327874,-0.24353823915877487,0.2527148842935982,0.6432439845657019,-2.0387509572605533,-0.37925937126331366,-0.25920640914267173,0.12272627577177116,1.0,0.0,0.0,0.0,0.0,1.0,1.0,0.0,0.0,1.0,0.0,0.0,0.0,1.0,0
0.10742839383967734,-0.5577514099335944,-2.160595564448438,-1.5408034981255485,-0.7778600482016131,1.6652655412073754,-0.4108876628672523,-1.1957296859661453,0.0,0.0,1.0,0.0,1.0,0.0,1.0,0.0,0.0,1.0,0.0,1.0,0.0,0.0,1
-1.58435733591902,0.7849125561082754,-1.3984975280035845,-0.2807761042652118,0.3733881731130707,-1.1970693362515892,-0.47830155341151054,1.0016969169303822,0.0,0.0,0.0,1.0,0.0,1.0,1.0,0.0,0.0,1.0,0.0,0.0,1.0,0.0,1
-0.6444763749419659,2.382591040894958,0.37973122370107376,1.4832622471392596,-0.22964660948033502,-0.37925937126331366,0.7014415311130066,-0.3167590448075343,0.0,0.0,1.0,0.0,1.0,0.0,1.0,0.0,0.0,1.0,0.0,1.0,0.0,0.0,0
1.0473093548167314,-0.5095360882802219,-0.06482596422509078,1.399260420881904,-0.3392892972245912,0.029645611230824178,-2.1299418717458356,0.12272627577177116,0.0,0.0,1.0,0.0,0.0,1.0,1.0,0.0,0.0,1.0,0.0,0.0,0.0,1.0,1
-1.2084049515281983,-0.4359713257575809,0.06219037518238481,-0.952790714324058,-0.3392892972245912,-0.7881643537574514,0.6003206952966192,1.0016969169303822,0.0,1.0,0.0,0.0,1.0,0.0,1.0,0.0,1.0,0.0,0.0,0.0,1.0,0.0,1
-1.9603097203098414,-0.5813880507441286,0.9513047510347139,-0.4487797567799234,-0.5585746727131017,0.8474555762190998,0.1621304067589417,0.5622115963510766,0.0,0.0,0.0,1.0,1.0,0.0,1.0,0.0,0.0,0.0,1.0,0.0,0.0,1.0,1
0.2954045860350881,-1.0484686267609904,1.1418292601459272,0.6432439845657019,1.5794577382998822,0.43855059372496197,1.3081665460113305,0.5622115963510766,1.0,0.0,0.0,0.0,1.0,0.0,1.0,0.0,1.0,0.0,0.0,1.0,0.0,0.0,0
-0.6444763749419659,0.9731492825631822,-0.8269240006699443,0.3072366795362787,0.3185668292409431,0.8474555762190998,0.3643720783917163,0.12272627577177116,0.0,0.0,1.0,0.0,1.0,0.0,1.0,0.0,0.0,0.0,1.0,0.0,1.0,0.0,0
-1.9603097203098414,1.1819396097229016,0.31622305399733597,0.47524033205099026,0.3733881731130707,-0.37925937126331366,1.3755804365555886,0.5622115963510766,0.0,1.0,0.0,0.0,1.0,0.0,1.0,0.0,0.0,1.0,0.0,0.0,1.0,0.0,0
1.7992141235983745,-0.7107044551785733,0.6972720722197627,0.559242158308346,-0.9971454236901246,-1.1970693362515892,-0.5794223892278978,-1.1957296859661453,0.0,0.0,1.0,0.0,0.0,1.0,1.0,0.0,0.0,1.0,0.0,1.0,0.0,0.0,1
0.8593331626213205,0.9629581222137128,-0.06482596422509078,1.399260420881904,1.5246363944277546,-1.6059743187457272,-1.0176126777655763,-0.7562443653868398,0.0,0.0,0.0,1.0,1.0,0.0,1.0,0.0,0.0,1.0,0.0,0.0,1.0,0.0,1
1.2352855470121422,1.650561705792624,0.18920671458986038,-0.3647779305225676,-0.01036123399182359,-0.37925937126331366,-0.14123210069022024,0.12272627577177116,0.0,1.0,0.0,0.0,0.0,1.0,1.0,0.0,1.0,0.0,0.0,0.0,1.0,0.0,0
0.2954045860350881,0.17960901535155033,0.633763902516025,-0.952790714324058,-0.01036123399182359,1.2563605587132376,0.9879505659261044,-0.7562443653868398,0.0,0.0,1.0,0.0,0.0,1.0,1.0,0.0,0.0,1.0,0.0,1.0,0.0,0.0,0
-1.0204287593327874,-0.9853519445966289,2.157959975405732,2.4072823359701734,-1.216430799178636,-1.1970693362515892,0.836269312201523,-0.7562443653868398,0.0,0.0,1.0,0.0,1.0,0.0,1.0,0.0,1.0,0.0,0.0,1.0,0.0,0.0,1
-0.08054779835573346,-0.7858107377540753,0.37973122370107376,0.39123850579363445,0.6474948924737097,0.8474555762190998,-0.9670522598573822,2.320152878668299,0.0,0.0,0.0,1.0,1.0,0.0,1.0,0.0,0.0,0.0,1.0,0.0,1.0,0.0,1
-0.45650018274655507,0.6943910730041641,0.18920671458986038,1.0632531158524807,0.5378522047294545,0.029645611230824178,0.836269312201523,-0.7562443653868398,1.0,0.0,0.0,0.0,1.0,0.0,1.0,0.0,0.0,1.0,0.0,0.0,0.0,1.0,0
-1.7723335281144308,1.3503078554964898,-0.2553504733363042,0.47524033205099026,-0.7230387043294855,-0.37925937126331366,-0.7311036429524784,1.880667558088993,0.0,0.0,1.0,0.0,1.0,0.0,1.0,0.0,0.0,1.0,0.0,1.0,0.0,0.0,1
1.423261739207553,0.9049798402255544,1.7134027874795674,1.9032713784260387,0.8119589240900935,1.2563605587132376,1.4767012723719752,1.880667558088993,0.0,0.0,1.0,0.0,0.0,1.0,1.0,0.0,1.0,0.0,0.0,1.0,0.0,0.0,0
0.8593331626213205,-0.18376151710894548,-0.5093831521512553,1.5672640733966154,0.20892414149668687,-0.37925937126331366,-0.5625689165918336,1.0016969169303822,0.0,0.0,0.0,1.0,1.0,0.0,1.0,0.0,0.0,1.0,0.0,0.0,0.0,1.0,0
0.6713569704259098,2.382591040894958,-1.52551386741106,0.47524033205099026,-1.0519667675622522,0.43855059372496197,-0.8490779514049307,2.320152878668299,0.0,0.0,0.0,1.0,1.0,0.0,1.0,0.0,0.0,1.0,0.0,0.0,0.0,1.0,0
-0.08054779835573346,1.6129657445034047,0.44323939340481155,0.3072366795362787,1.7987431137883936,0.029645611230824178,-1.1018800409458986,-0.3167590448075343,0.0,1.0,0.0,0.0,0.0,1.0,1.0,0.0,1.0,0.0,0.0,0.0,0.0,1.0,0
-0.2685239905511443,-0.49223680768700484,-0.38236681274377976,-0.7847870618093465,-0.1200039217360798,0.8474555762190998,0.33066513311958723,0.12272627577177116,0.0,0.0,1.0,0.0,1.0,0.0,0.0,1.0,0.0,1.0,0.0,1.0,0.0,0.0,0
0.48338077823049896,-0.3330320422276455,0.31622305399733597,-0.4487797567799234,-0.9971454236901246,-0.7881643537574514,0.06100957094255439,1.4411822375096877,0.0,0.0,0.0,1.0,0.0,1.0,1.0,0.0,0.0,1.0,0.0,0.0,0.0,1.0,1
-0.45650018274655507,1.4996640206181264,0.1256985448861226,0.13923302702156712,1.2505296750671155,0.43855059372496197,0.6171741679326842,1.0016969169303822,0.0,0.0,0.0,1.0,1.0,0.0,1.0,0.0,0.0,1.0,0.0,0.0,0.0,1.0,0
-1.2084049515281983,-0.22521127853031714,0.2527148842935982,0.6432439845657019,-0.8875027359458694,-1.1970693362515892,0.1621304067589417,0.12272627577177116,0.0,0.0,0.0,1.0,0.0,1.0,0.0,1.0,0.0,0.0,1.0,1.0,0.0,0.0,1
-0.08054779835573346,2.0533266396040104,0.2527148842935982,-0.11277245175050024,-0.1748252656082074,2.0741705237015133,1.3081665460113305,0.12272627577177116,0.0,0.0,1.0,0.0,1.0,0.0,1.0,0.0,0.0,1.0,0.0,0.0,0.0,1.0,0
-0.45650018274655507,1.939682355706985,-1.1444648491886333,-0.7847870618093465,0.757137580217965,0.029645611230824178,-0.04011126487383292,-0.3167590448075343,0.0,1.0,0.0,0.0,1.0,0.0,1.0,0.0,0.0,1.0,0.0,1.0,0.0,0.0,0
0.10742839383967734,-0.7236360956220177,-0.06482596422509078,1.6512658996539713,0.3733881731130707,0.029645611230824178,-0.22549946387054262,2.539895538957951,0.0,0.0,0.0,1.0,0.0,1.0,1.0,0.0,0.0,1.0,0.0,0.0,0.0,1.0,0
-0.08054779835573346,-0.3859575640425374,-1.207973018892371,0.6432439845657019,0.2637454853688155,0.029645611230824178,0.566613750024491,0.5622115963510766,1.0,0.0,0.0,0.0,0.0,1.0,1.0,0.0,0.0,1.0,0.0,0.0,0.0,1.0,0
-1.396381143723609,0.305585459671463,-1.0174485097811576,-1.0367925405814138,-0.8875027359458694,0.029645611230824178,1.3587269639195239,0.12272627577177116,0.0,1.0,0.0,0.0,1.0,0.0,1.0,0.0,0.0,0.0,1.0,0.0,0.0,1.0,1
0.48338077823049896,0.20872661635003456,-1.6525302068185357,-1.0367925405814138,1.031244299578604,0.8474555762190998,-0.1917925185984135,-0.7562443653868398,0.0,0.0,0.0,1.0,1.0,0.0,1.0,0.0,0.0,1.0,0.0,0.0,0.0,1.0,0
0.2954045860350881,-1.0009384251311118,0.1256985448861226,0.055231200764211334,1.3601723628113718,0.029645611230824178,-0.8996383693131239,-0.3167590448075343,1.0,0.0,0.0,0.0,1.0,0.0,1.0,0.0,1.0,0.0,0.0,0.0,1.0,0.0,0
-0.6444763749419659,-1.0022230251751625,1.9039272965907807,0.979251289595125,0.04446010988030403,0.8474555762190998,1.2407526554670723,0.5622115963510766,1.0,0.0,0.0,0.0,1.0,0.0,1.0,0.0,1.0,0.0,0.0,0.0,0.0,1.0,1
0.8593331626213205,-0.4345154457076567,0.887796581330976,-0.5327815830372792,0.48303086085732594,0.029645611230824178,1.6452359987326208,-0.7562443653868398,1.0,0.0,0.0,0.0,1.0,0.0,1.0,0.0,0.0,1.0,0.0,0.0,0.0,1.0,1
-1.396381143723609,-0.8190390588935219,0.5067475631085494,1.4832622471392596,-0.5585746727131017,0.029645611230824178,-0.950198787221318,-0.3167590448075343,0.0,0.0,0.0,1.0,1.0,0.0,1.0,0.0,0.0,1.0,0.0,0.0,0.0,1.0,1
0.48338077823049896,-0.891062301363302,0.887796581330976,1.315258594624548,-0.39411064109671884,-0.37925937126331366,1.055364456470362,-0.3167590448075343,0.0,0.0,0.0,1.0,0.0,1.0,0.0,1.0,0.0,1.0,0.0,0.0,0.0,1.0,1
-0.8324525671373767,0.4857720258503183,2.6342712481837656,1.315258594624548,-0.1748252656082074,1.6652655412073754,-1.1355869862180277,-0.7562443653868398,1.0,0.0,0.0,0.0,1.0,0.0,1.0,0.0,1.0,0.0,0.0,0.0,0.0,1.0,1
-1.9603097203098414,-0.07902379351733897,-1.1444648491886333,-0.7847870618093465,1.5794577382998822,-0.37925937126331366,-1.3883890757589956,1.4411822375096877,0.0,0.0,0.0,1.0,1.0,0.0,0.0,1.0,0.0,1.0,0.0,0.0,0.0,1.0,1
-0.08054779835573346,2.004169277918334,-2.0970873947447,-0.8687888880667023,0.9764229557064764,0.43855059372496197,-0.5120084986836396,1.880667558088993,0.0,1.0,0.0,0.0,1.0,0.0,1.0,0.0,0.0,1.0,0.0,0.0,1.0,0.0,1
0.2954045860350881,-0.474851887090851,2.0309436359982564,0.979251289595125,1.305351018939243,1.2563605587132376,0.5160533321162969,1.0016969169303822,0.0,0.0,0.0,1.0,1.0,0.0,1.0,0.0,0.0,1.0,0.0,1.0,0.0,0.0,0
0.10742839383967734,-0.6259208522712222,-1.0174485097811576,-1.4568016718681929,-0.6682173604573579,-1.1970693362515892,1.055364456470362,0.5622115963510766,0.0,0.0,0.0,1.0,1.0,0.0,1.0,0.0,0.0,0.0,1.0,1.0,0.0,0.0,1
-0.6444763749419659,-1.1456700300941656,-1.4620056977073221,0.559242158308346,-0.8326813920737407,1.2563605587132376,0.31381166048352227,-0.7562443653868398,0.0,0.0,0.0,1.0,0.0,1.0,1.0,0.0,0.0,0.0,1.0,0.0,0.0,1.0,1
-1.396381143723609,-0.49703264785146106,-2.414628243263389,-1.372799845610837,-0.3392892972245912,-2.0148793012398647,-0.3771807175951232,0.12272627577177116,1.0,0.0,0.0,0.0,0.0,1.0,1.0,0.0,0.0,1.0,0.0,0.0,0.0,1.0,1
-1.7723335281144308,-0.862801100394185,-0.12833413392882856,-0.6167834092946349,0.3185668292409431,-1.6059743187457272,-1.0681730956737694,0.5622115963510766,0.0,0.0,1.0,0.0,1.0,0.0,1.0,0.0,0.0,1.0,0.0,0.0,0.0,1.0,1
-0.6444763749419659,-0.5407090493491874,-1.207973018892371,-0.8687888880667023,0.20892414149668687,-1.6059743187457272,-0.5457154439557688,1.0016969169303822,0.0,0.0,0.0,1.0,0.0,1.0,0.0,1.0,0.0,1.0,0.0,0.0,1.0,0.0,1
-1.0204287593327874,1.9866987173192434,1.5863864480720917,-0.19677427800785602,0.04446010988030403,0.029645611230824178,-0.2760598817787359,-1.1957296859661453,0.0,0.0,1.0,0.0,1.0,0.0,1.0,0.0,0.0,1.0,0.0,0.0,0.0,1.0,1
1.2352855470121422,-0.325581361972151,-0.0013177945213529853,-0.6167834092946349,-0.5585746727131017,0.43855059372496197,1.0216575111982327,0.12272627577177116,0.0,0.0,0.0,1.0,0.0,1.0,1.0,0.0,0.0,1.0,0.0,1.0,0.0,0.0,0
1.7992141235983745,-0.545419249510707,-0.06482596422509078,-0.7847870618093465,-0.1200039217360798,-0.37925937126331366,-0.07381821014596203,-1.1957296859661453,0.0,0.0,1.0,0.0,1.0,0.0,1.0,0.0,0.0,1.0,0.0,1.0,0.0,0.0,0
-0.08054779835573346,-0.4815318073199151,-1.3984975280035845,-0.02877062549314445,-2.724017755662151,-0.37925937126331366,-0.46144808077544636,-1.1957296859661453,0.0,0.0,0.0,1.0,0.0,1.0,1.0,0.0,1.0,0.0,0.0,0.0,0.0,1.0,1
0.6713569704259098,-1.3050460755593984,-0.38236681274377976,1.2312567683671922,-0.28446795335246267,0.029645611230824178,1.9317450335457178,0.5622115963510766,0.0,1.0,0.0,0.0,1.0,0.0,1.0,0.0,0.0,1.0,0.0,0.0,1.0,0.0,0
0.10742839383967734,1.126701807828718,2.475500823924421,1.1472549421098366,0.6474948924737097,0.8474555762190998,-0.7311036429524784,0.5622115963510766,1.0,0.0,0.0,0.0,0.0,1.0,1.0,0.0,0.0,1.0,0.0,1.0,0.0,0.0,1
-1.7723335281144308,0.6660442320321104,0.44323939340481155,0.39123850579363445,0.09928145375243164,0.43855059372496197,-0.07381821014596203,0.5622115963510766,0.0,0.0,0.0,1.0,1.0,0.0,1.0,0.0,0.0,0.0,1.0,0.0,0.0,1.0,0
-0.2685239905511443,-0.22161439840697497,0.887796581330976,1.399260420881904,0.15410279762455925,-0.37925937126331366,0.010449153034361107,0.5622115963510766,0.0,0.0,1.0,0.0,0.0,1.0,1.0,0.0,0.0,1.0,0.0,0.0,1.0,0.0,0
1.0473093548167314,0.6960182330599618,-0.0013177945213529853,0.055231200764211334,-1.764644237899914,1.6652655412073754,1.089071401742491,-2.074700327124756,0.0,0.0,0.0,1.0,0.0,1.0,1.0,0.0,0.0,0.0,1.0,0.0,0.0,1.0,1
0.2954045860350881,-0.9498113433778909,2.475500823924421,1.0632531158524807,-1.4357161746671474,0.029645611230824178,1.6789429440047499,0.12272627577177116,0.0,0.0,0.0,1.0,0.0,1.0,1.0,0.0,0.0,1.0,0.0,0.0,1.0,0.0,1
-0.2685239905511443,2.2940606878591256,0.31622305399733597,-1.5408034981255485,-0.39411064109671884,0.029645611230824178,1.8306241977293312,0.5622115963510766,1.0,0.0,0.0,0.0,0.0,1.0,1.0,0.0,0.0,1.0,0.0,0.0,0.0,1.0,0
0.2954045860350881,-0.0805653135701999,-1.4620056977073221,-0.6167834092946349,0.15410279762455925,1.2563605587132376,0.9542436206539753,1.880667558088993,0.0,0.0,0.0,1.0,1.0,0.0,0.0,1.0,0.0,1.0,0.0,0.0,0.0,1.0,0
-0.8324525671373767,2.382591040894958,-1.3349893582998467,-0.5327815830372792,-0.5037533288409741,-1.6059743187457272,-1.9108467274769962,0.12272627577177116,0.0,0.0,1.0,0.0,1.0,0.0,1.0,0.0,0.0,1.0,0.0,0.0,0.0,1.0,1
0.6713569704259098,-1.3050460755593984,-1.2714811885961088,-1.7928089768976159,-0.06518257786395218,1.2563605587132376,0.7351484763851357,-0.7562443653868398,0.0,0.0,0.0,1.0,0.0,1.0,1.0,0.0,1.0,0.0,0.0,0.0,0.0,1.0,0
-1.58435733591902,0.7470596748102459,0.18920671458986038,0.47524033205099026,-0.3392892972245912,0.029645611230824178,0.853122784837588,0.12272627577177116,0.0,0.0,0.0,1.0,0.0,1.0,1.0,0.0,1.0,0.0,0.0,1.0,0.0,0.0,1
0.2954045860350881,-0.5395100893080733,-1.1444648491886333,-0.7007852355519907,-0.5037533288409741,-0.37925937126331366,1.089071401742491,0.5622115963510766,0.0,1.0,0.0,0.0,1.0,0.0,1.0,0.0,1.0,0.0,0.0,0.0,0.0,1.0,0
0.2954045860350881,1.3060319739782063,1.3323537692571406,1.5672640733966154,0.757137580217965,1.6652655412073754,-1.0007592051295113,1.0016969169303822,0.0,0.0,0.0,1.0,1.0,0.0,1.0,0.0,0.0,1.0,0.0,0.0,1.0,0.0,1
0.8593331626213205,2.382591040894958,0.633763902516025,0.7272458108230576,1.6891004260441382,-0.7881643537574514,-1.1692939314901567,0.5622115963510766,0.0,0.0,0.0,1.0,0.0,1.0,1.0,0.0,0.0,0.0,1.0,0.0,1.0,0.0,1
-0.2685239905511443,-0.4990880079219423,-1.3349893582998467,-1.6248053243829044,0.8667802679622212,0.8474555762190998,-0.39403419023118813,1.4411822375096877,0.0,0.0,1.0,0.0,0.0,1.0,1.0,0.0,0.0,1.0,0.0,0.0,0.0,1.0,0
1.9871903157937854,-0.4638043267120144,1.0148129207384518,-0.7007852355519907,0.9764229557064764,1.2563605587132376,1.3250200186473946,1.0016969169303822,0.0,0.0,0.0,1.0,1.0,0.0,1.0,0.0,0.0,1.0,0.0,0.0,1.0,0.0,0
1.0473093548167314,-0.6061380115928402,0.37973122370107376,-0.19677427800785602,-0.6682173604573579,-0.37925937126331366,-0.7479571155885434,2.320152878668299,0.0,0.0,0.0,1.0,0.0,1.0,0.0,1.0,1.0,0.0,0.0,0.0,0.0,1.0,1
1.423261739207553,0.025285730059583934,-0.6999076612624687,0.2232348532789229,1.2505296750671155,0.029645611230824178,-0.1917925185984135,-0.3167590448075343,0.0,0.0,0.0,1.0,1.0,0.0,1.0,0.0,1.0,0.0,0.0,0.0,1.0,0.0,0
0.6713569704259098,-0.1534449560693472,-0.06482596422509078,0.13923302702156712,-0.6682173604573579,-0.37925937126331366,0.5329068047523619,-0.3167590448075343,1.0,0.0,0.0,0.0,0.0,1.0,1.0,0.0,0.0,1.0,0.0,1.0,0.0,0.0,0
0.2954045860350881,-1.160742670611028,-0.31885864304004197,-1.4568016718681929,-0.22964660948033502,-0.7881643537574514,-2.6186925781917063,0.12272627577177116,0.0,0.0,0.0,1.0,0.0,1.0,1.0,0.0,0.0,1.0,0.0,0.0,0.0,1.0,1
0.6713569704259098,0.2902558991457904,-0.12833413392882856,0.7272458108230576,-0.5037533288409741,1.6652655412073754,-1.4220960210311246,-0.3167590448075343,0.0,0.0,0.0,1.0,1.0,0.0,1.0,0.0,0.0,1.0,0.0,1.0,0.0,0.0,0
0.10742839383967734,2.143163002684628,-0.0013177945213529853,-1.4568016718681929,2.292135208637544,-0.37925937126331366,0.6003206952966192,0.5622115963510766,0.0,0.0,0.0,1.0,1.0,0.0,1.0,0.0,0.0,1.0,0.0,1.0,0.0,0.0,0
-1.396381143723609,-0.5248656488058945,-0.7634158309662065,-1.1207943668387697,-0.39411064109671884,-2.0148793012398647,-1.0513196230377053,1.0016969169303822,0.0,0.0,1.0,0.0,1.0,0.0,1.0,0.0,0.0,1.0,0.0,0.0,0.0,1.0,1
-1.9603097203098414,-0.28139112045680437,-0.38236681274377976,-0.6167834092946349,-1.2712521430507635,1.2563605587132376,-0.17493904596234933,0.12272627577177116,0.0,1.0,0.0,0.0,1.0,0.0,1.0,0.0,0.0,1.0,0.0,0.0,0.0,1.0,1
-0.8324525671373767,-0.14171227566701677,-1.0809566794848955,-1.2047961930961255,0.3185668292409431,-0.37925937126331366,-1.1355869862180277,1.4411822375096877,0.0,0.0,1.0,0.0,0.0,1.0,1.0,0.0,0.0,1.0,0.0,0.0,1.0,0.0,0
0.48338077823049896,-0.26023803973143494,0.6972720722197627,-0.19677427800785602,1.0860656434507325,0.029645611230824178,-0.04011126487383292,-1.1957296859661453,1.0,0.0,0.0,0.0,1.0,0.0,1.0,0.0,0.0,1.0,0.0,1.0,0.0,0.0,0
0.10742839383967734,-1.032111386200077,0.18920671458986038,-1.1207943668387697,-0.5037533288409741,0.43855059372496197,-0.4445946081393814,0.12272627577177116,0.0,1.0,0.0,0.0,1.0,0.0,1.0,0.0,0.0,1.0,0.0,0.0,0.0,1.0,0
0.8593331626213205,-0.918124542291305,0.5702557328122871,0.8112476370804134,0.757137580217965,2.0741705237015133,-0.8659314240409949,-1.6352150065454507,0.0,0.0,1.0,0.0,0.0,1.0,1.0,0.0,0.0,1.0,0.0,0.0,0.0,1.0,0
-1.0204287593327874,2.382591040894958,-2.0970873947447,-0.952790714324058,-0.7230387043294855,1.2563605587132376,0.010449153034361107,-0.3167590448075343,1.0,0.0,0.0,0.0,0.0,1.0,1.0,0.0,0.0,1.0,0.0,1.0,0.0,0.0,0
0.48338077823049896,0.3739261820149642,0.37973122370107376,-0.2807761042652118,0.9216016118343487,0.8474555762190998,0.4486394415720387,-0.3167590448075343,0.0,1.0,0.0,0.0,1.0,0.0,1.0,0.0,0.0,1.0,0.0,0.0,1.0,0.0,0
-0.2685239905511443,1.2567889722895933,1.5863864480720917,0.8952494633377692,0.15410279762455925,-1.1970693362515892,-1.0850265683098343,-1.6352150065454507,0.0,0.0,0.0,1.0,1.0,0.0,1.0,0.0,1.0,0.0,0.0,0.0,1.0,0.0,1
0.2954045860350881,2.382591040894958,-0.5728913218549931,0.7272458108230576,-1.1616094553065084,-1.1970693362515892,-2.5681321602835134,0.12272627577177116,0.0,0.0,1.0,0.0,0.0,1.0,1.0,0.0,1.0,0.0,0.0,0.0,0.0,1.0,1
-1.2084049515281983,-0.6194122120480315,1.6498946177758296,1.0632531158524807,0.757137580217965,1.6652655412073754,-0.7816640608606724,0.5622115963510766,1.0,0.0,0.0,0.0,1.0,0.0,0.0,1.0,1.0,0.0,0.0,0.0,1.0,0.0,1
1.2352855470121422,-0.9077621019359621,-0.0013177945213529853,-0.2807761042652118,1.1408869873228602,-0.7881643537574514,-0.39403419023118813,0.12272627577177116,0.0,0.0,0.0,1.0,1.0,0.0,1.0,0.0,0.0,1.0,0.0,0.0,0.0,1.0,1
0.8593331626213205,-0.46337612669733075,1.0148129207384518,0.055231200764211334,-0.5585746727131017,0.43855059372496197,-0.22549946387054262,-1.1957296859661453,0.0,0.0,1.0,0.0,1.0,0.0,1.0,0.0,0.0,1.0,0.0,0.0,0.0,1.0,0
-0.8324525671373767,0.49998826633781357,-0.7634158309662065,-0.952790714324058,0.757137580217965,-0.37925937126331366,-0.6805432250442851,1.0016969169303822,0.0,0.0,0.0,1.0,1.0,0.0,0.0,1.0,0.0,1.0,0.0,0.0,0.0,1.0,0
0.2954045860350881,0.6295615907810683,1.5863864480720917,1.9872732046833943,0.3733881731130707,0.8474555762190998,1.1564852922867492,0.5622115963510766,1.0,0.0,0.0,0.0,1.0,0.0,1.0,0.0,0.0,1.0,0.0,0.0,1.0,0.0,0
-0.08054779835573346,-0.674307453930468,-1.3984975280035845,-1.372799845610837,-0.01036123399182359,0.8474555762190998,0.6340276405687484,0.5622115963510766,0.0,1.0,0.0,0.0,1.0,0.0,1.0,0.0,0.0,1.0,0.0,0.0,0.0,1.0,0
0.8593331626213205,0.8613890787307649,1.3958619389608784,0.2232348532789229,0.2637454853688155,-0.37925937126331366,-0.950198787221318,0.12272627577177116,0.0,0.0,1.0,0.0,1.0,0.0,1.0,0.0,0.0,0.0,1.0,0.0,0.0,1.0,1
2.175166507989196,-0.7009414948437874,0.5067475631085494,0.055231200764211334,0.9764229557064764,-1.6059743187457272,1.5272616902801692,0.12272627577177116,0.0,0.0,0.0,1.0,0.0,1.0,1.0,0.0,0.0,1.0,0.0,0.0,0.0,1.0,1
0.6713569704259098,1.1642121291150007,0.37973122370107376,0.2232348532789229,2.6758846157424383,0.43855059372496197,0.7857088942933298,-1.1957296859661453,0.0,0.0,0.0,1.0,0.0,1.0,1.0,0.0,0.0,1.0,0.0,0.0,0.0,1.0,0
-1.2084049515281983,0.5179726669545244,-0.06482596422509078,0.2232348532789229,-1.490537518539275,0.029645611230824178,-0.2760598817787359,-0.7562443653868398,0.0,1.0,0.0,0.0,1.0,0.0,1.0,0.0,0.0,1.0,0.0,0.0,1.0,0.0,1
-0.08054779835573346,-1.1383906298445445,-1.6525302068185357,-0.952790714324058,0.9764229557064764,1.2563605587132376,-1.6580446379360283,0.12272627577177116,0.0,1.0,0.0,0.0,1.0,0.0,1.0,0.0,1.0,0.0,0.0,0.0,0.0,1.0,0
-0.8324525671373767,2.382591040894958,0.06219037518238481,-0.952790714324058,0.4282095169851983,-1.1970693362515892,0.6171741679326842,1.4411822375096877,1.0,0.0,0.0,0.0,1.0,0.0,0.0,1.0,0.0,1.0,0.0,0.0,1.0,0.0,0
-0.08054779835573346,-0.8523530200359054,0.8242884116272383,-0.4487797567799234,-1.3260734869228912,0.029645611230824178,0.3475186057556514,0.5622115963510766,0.0,0.0,0.0,1.0,0.0,1.0,0.0,1.0,1.0,0.0,0.0,0.0,0.0,1.0,0
-1.396381143723609,2.219810805312991,-2.0335792250409623,-0.7847870618093465,-0.3392892972245912,-0.7881643537574514,-0.8153710061328016,-0.3167590448075343,0.0,0.0,0.0,1.0,1.0,0.0,1.0,0.0,0.0,1.0,0.0,0.0,0.0,1.0,1
-1.0204287593327874,0.44021154428798415,-1.5890220371147978,-2.128816281927039,0.48303086085732594,-0.37925937126331366,-0.1917925185984135,-0.3167590448075343,0.0,0.0,1.0,0.0,0.0,1.0,1.0,0.0,1.0,0.0,0.0,0.0,0.0,1.0,0
-1.396381143723609,-0.06626343307976794,-1.3984975280035845,-0.4487797567799234,1.6342790821720108,-0.37925937126331366,-0.7311036429524784,-1.1957296859661453,0.0,0.0,0.0,1.0,0.0,1.0,1.0,0.0,0.0,1.0,0.0,1.0,0.0,0.0,1
1.423261739207553,-0.9275449426143441,-2.414628243263389,-2.128816281927039,0.8119589240900935,0.8474555762190998,0.4486394415720387,1.0016969169303822,0.0,0.0,0.0,1.0,0.0,1.0,1.0,0.0,0.0,1.0,0.0,0.0,0.0,1.0,0
0.6713569704259098,1.352020655555224,-0.2553504733363042,-0.7847870618093465,-1.490537518539275,-1.6059743187457272,-0.7985175334967366,1.4411822375096877,0.0,0.0,1.0,0.0,1.0,0.0,1.0,0.0,0.0,1.0,0.0,0.0,1.0,0.0,1
1.0473093548167314,-0.6374822526676791,-0.2553504733363042,-1.2047961930961255,-0.39411064109671884,-0.7881643537574514,-2.6186925781917063,0.5622115963510766,0.0,0.0,0.0,1.0,1.0,0.0,1.0,0.0,0.0,1.0,0.0,0.0,1.0,0.0,1
-0.8324525671373767,0.7127180336326219,2.157959975405732,2.3232805097128173,-0.22964660948033502,-0.37925937126331366,0.4991998594802327,0.5622115963510766,0.0,0.0,0.0,1.0,0.0,1.0,1.0,0.0,0.0,1.0,0.0,0.0,0.0,1.0,1
-1.2084049515281983,-1.3050460755593984,0.31622305399733597,0.8112476370804134,0.4282095169851983,1.6652655412073754,-0.5794223892278978,-0.3167590448075343,0.0,0.0,1.0,0.0,1.0,0.0,1.0,0.0,0.0,1.0,0.0,1.0,0.0,0.0,0
1.2352855470121422,-0.0258413516936369,1.205337429849665,2.07127503094075,-0.1748252656082074,-0.37925937126331366,-0.5962758618639628,1.4411822375096877,1.0,0.0,0.0,0.0,1.0,0.0,1.0,0.0,0.0,1.0,0.0,0.0,0.0,1.0,0
-1.2084049515281983,0.0010496092284926505,0.6972720722197627,-1.372799845610837,0.20892414149668687,-0.37925937126331366,-0.39403419023118813,-1.6352150065454507,0.0,0.0,0.0,1.0,1.0,0.0,1.0,0.0,1.0,0.0,0.0,0.0,0.0,1.0,0
0.10742839383967734,0.2159203765967189,0.2527148842935982,0.47524033205099026,0.5378522047294545,-0.7881643537574514,0.4991998594802327,0.5622115963510766,0.0,0.0,0.0,1.0,0.0,1.0,1.0,0.0,0.0,0.0,1.0,1.0,0.0,0.0,0
2.175166507989196,-1.099938268525958,-1.207973018892371,0.559242158308346,-1.6001802062835302,0.43855059372496197,0.22954429730319992,0.12272627577177116,0.0,0.0,1.0,0.0,1.0,0.0,1.0,0.0,1.0,0.0,0.0,0.0,1.0,0.0,1
-1.9603097203098414,-0.8879792612575802,-1.5890220371147978,-2.128816281927039,0.2637454853688155,-1.1970693362515892,0.1621304067589417,-0.7562443653868398,0.0,0.0,0.0,1.0,1.0,0.0,1.0,0.0,0.0,1.0,0.0,0.0,0.0,1.0,1
0.8593331626213205,-0.7104475351697631,-0.06482596422509078,1.1472549421098366,0.5926735486015822,-0.7881643537574514,0.9542436206539753,0.12272627577177116,0.0,0.0,1.0,0.0,1.0,0.0,1.0,0.0,0.0,1.0,0.0,0.0,1.0,0.0,0
-1.9603097203098414,-0.9374791829550033,-0.0013177945213529853,0.47524033205099026,-0.22964660948033502,0.43855059372496197,-0.933345314585253,-0.7562443653868398,0.0,0.0,0.0,1.0,0.0,1.0,0.0,1.0,0.0,1.0,0.0,0.0,0.0,1.0,1
0.10742839383967734,0.5884543893714436,-0.8269240006699443,-0.3647779305225676,0.7023162363458374,-0.7881643537574514,-1.1692939314901567,0.5622115963510766,0.0,0.0,1.0,0.0,0.0,1.0,1.0,0.0,0.0,1.0,0.0,0.0,0.0,1.0,1
-0.2685239905511443,-0.5367696092140983,-1.7795465462260112,-2.128816281927039,-0.3392892972245912,-1.6059743187457272,0.06100957094255439,2.539895538957951,0.0,0.0,1.0,0.0,0.0,1.0,1.0,0.0,0.0,0.0,1.0,0.0,0.0,1.0,1
0.10742839383967734,-1.084694348003222,-0.5093831521512553,-1.2047961930961255,0.4282095169851983,-1.1970693362515892,-1.674898110572093,2.320152878668299,0.0,0.0,1.0,0.0,1.0,0.0,1.0,0.0,0.0,1.0,0.0,0.0,0.0,1.0,1
-1.2084049515281983,-1.1569745104818123,0.44323939340481155,-0.02877062549314445,-1.1067881114343798,-0.7881643537574514,-1.8265793642966734,-0.3167590448075343,0.0,0.0,1.0,0.0,1.0,0.0,1.0,0.0,0.0,1.0,0.0,0.0,0.0,1.0,1
0.10742839383967734,-1.0508665468432183,2.6342712481837656,0.6432439845657019,-0.1200039217360798,0.43855059372496197,-0.4445946081393814,-0.7562443653868398,0.0,0.0,0.0,1.0,0.0,1.0,1.0,0.0,0.0,1.0,0.0,0.0,0.0,1.0,1
0.6713569704259098,2.382591040894958,-1.0174485097811576,-1.5408034981255485,-0.8326813920737407,-0.7881643537574514,0.2801047152113932,-0.7562443653868398,1.0,0.0,0.0,0.0,1.0,0.0,1.0,0.0,0.0,1.0,0.0,0.0,0.0,1.0,1
1.423261739207553,-0.7523254966058184,0.7607802419235005,0.3072366795362787,0.9216016118343487,1.6652655412073754,0.07786304357861931,1.0016969169303822,0.0,0.0,1.0,0.0,1.0,0.0,1.0,0.0,0.0,1.0,0.0,0.0,0.0,1.0,0
-0.08054779835573346,2.382591040894958,-0.44587498244751755,-0.02877062549314445,-1.1067881114343798,-0.7881643537574514,0.22954429730319992,0.12272627577177116,0.0,0.0,0.0,1.0,1.0,0.0,1.0,0.0,0.0,1.0,0.0,0.0,0.0,1.0,0
-0.6444763749419659,-0.6878385743944695,-0.0013177945213529853,-1.2047961930961255,-0.8326813920737407,1.6652655412073754,-0.6805432250442851,0.5622115963510766,0.0,1.0,0.0,0.0,0.0,1.0,1.0,0.0,1.0,0.0,0.0,0.0,0.0,1.0,1
0.48338077823049896,0.9082341603371498,-0.31885864304004197,-0.952790714324058,1.1408869873228602,-0.7881643537574514,1.055364456470362,1.0016969169303822,0.0,0.0,0.0,1.0,1.0,0.0,1.0,0.0,0.0,1.0,0.0,0.0,0.0,1.0,0
-0.45650018274655507,0.17035989503438476,0.887796581330976,0.979251289595125,-0.6682173604573579,-1.1970693362515892,-0.7985175334967366,-0.7562443653868398,0.0,0.0,1.0,0.0,1.0,0.0,1.0,0.0,0.0,0.0,1.0,0.0,1.0,0.0,1
1.6112379314029637,2.382591040894958,1.0783210904421894,0.2232348532789229,0.8119589240900935,1.2563605587132376,0.5329068047523619,-0.7562443653868398,1.0,0.0,0.0,0.0,1.0,0.0,1.0,0.0,0.0,1.0,0.0,1.0,0.0,0.0,0
1.9871903157937854,-0.593120731146459,-1.7160383765222733,-0.5327815830372792,-0.5037533288409741,-0.7881643537574514,-1.5737772747557057,-0.3167590448075343,1.0,0.0,0.0,0.0,1.0,0.0,1.0,0.0,1.0,0.0,0.0,0.0,1.0,0.0,1
-0.6444763749419659,-0.025670071687763463,-1.0174485097811576,-1.7928089768976159,-0.1748252656082074,2.0741705237015133,-0.07381821014596203,0.12272627577177116,0.0,0.0,1.0,0.0,1.0,0.0,1.0,0.0,0.0,1.0,0.0,0.0,0.0,1.0,0
-0.45650018274655507,0.18431921551306985,-0.2553504733363042,0.6432439845657019,-0.1200039217360798,1.6652655412073754,-0.14123210069022024,-1.1957296859661453,0.0,0.0,0.0,1.0,1.0,0.0,1.0,0.0,1.0,0.0,0.0,0.0,1.0,0.0,0
1.2352855470121422,1.0535652453207607,-0.19184230363256635,-1.6248053243829044,0.3733881731130707,1.2563605587132376,-0.25920640914267173,0.12272627577177116,0.0,1.0,0.0,0.0,0.0,1.0,1.0,0.0,0.0,0.0,1.0,0.0,0.0,1.0,1
0.2954045860350881,-0.7966870181270385,-1.4620056977073221,-2.128816281927039,0.48303086085732594,-0.7881643537574514,-1.2535612946704795,1.0016969169303822,0.0,0.0,0.0,1.0,1.0,0.0,1.0,0.0,0.0,1.0,0.0,0.0,1.0,0.0,1
1.0473093548167314,-0.7914629779478987,0.18920671458986038,-0.19677427800785602,-0.5037533288409741,-1.6059743187457272,-0.5457154439557688,-0.7562443653868398,0.0,0.0,0.0,1.0,1.0,0.0,1.0,0.0,0.0,0.0,1.0,0.0,0.0,1.0,1
-0.45650018274655507,-0.31444816159037764,0.633763902516025,-0.2807761042652118,0.7023162363458374,0.43855059372496197,-0.9164918419491889,-0.7562443653868398,0.0,0.0,1.0,0.0,0.0,1.0,1.0,0.0,1.0,0.0,0.0,0.0,0.0,1.0,1
-0.2685239905511443,0.8924763997967936,0.7607802419235005,0.2232348532789229,-2.258036332749064,2.0741705237015133,1.1901922375588783,0.12272627577177116,0.0,0.0,1.0,0.0,1.0,0.0,1.0,0.0,1.0,0.0,0.0,0.0,0.0,1.0,0
-0.2685239905511443,-0.8562924601709944,-0.44587498244751755,-0.11277245175050024,0.7023162363458374,-1.1970693362515892,-0.8490779514049307,-0.7562443653868398,0.0,0.0,1.0,0.0,1.0,0.0,1.0,0.0,1.0,0.0,0.0,0.0,1.0,0.0,1
1.0473093548167314,-0.8403634196247648,-1.7160383765222733,-1.0367925405814138,0.8667802679622212,0.43855059372496197,0.8699762574736521,1.4411822375096877,0.0,0.0,1.0,0.0,1.0,0.0,1.0,0.0,0.0,1.0,0.0,0.0,0.0,1.0,0
1.0473093548167314,-1.182067031342271,-0.6363994915587309,-0.2807761042652118,0.48303086085732594,1.2563605587132376,0.8699762574736521,1.0016969169303822,0.0,0.0,0.0,1.0,0.0,1.0,1.0,0.0,0.0,1.0,0.0,0.0,0.0,1.0,0
1.7992141235983745,-0.3110225614729089,-1.5890220371147978,-1.1207943668387697,-2.4225003643654475,-0.37925937126331366,1.055364456470362,-0.3167590448075343,0.0,0.0,1.0,0.0,1.0,0.0,1.0,0.0,0.0,0.0,1.0,0.0,0.0,1.0,1
-0.08054779835573346,-0.9523805434659923,0.1256985448861226,-0.11277245175050024,-0.44893198496884645,-0.37925937126331366,-0.46144808077544636,0.12272627577177116,0.0,1.0,0.0,0.0,0.0,1.0,1.0,0.0,0.0,1.0,0.0,0.0,0.0,1.0,1
1.2352855470121422,-0.3945215643362093,2.6342712481837656,2.155276857198106,1.469815050555627,-0.37925937126331366,2.639590884260428,-0.7562443653868398,1.0,0.0,0.0,0.0,0.0,1.0,1.0,0.0,0.0,1.0,0.0,0.0,1.0,0.0,1
-0.6444763749419659,-0.8252907791079024,-0.9539403400774199,2.6592878147422407,-0.9423240798179969,0.029645611230824178,-1.1355869862180277,2.539895538957951,0.0,0.0,1.0,0.0,1.0,0.0,1.0,0.0,0.0,1.0,0.0,0.0,1.0,0.0,0
0.48338077823049896,0.7745501157529325,-1.5890220371147978,-1.6248053243829044,-0.44893198496884645,1.6652655412073754,-0.309766827050865,1.880667558088993,0.0,0.0,0.0,1.0,1.0,0.0,0.0,1.0,0.0,1.0,0.0,0.0,1.0,0.0,1
-0.45650018274655507,-0.27025792007503097,0.633763902516025,-0.8687888880667023,0.48303086085732594,-0.7881643537574514,-0.5288619713197046,-0.7562443653868398,0.0,0.0,1.0,0.0,1.0,0.0,1.0,0.0,0.0,0.0,1.0,0.0,0.0,1.0,1
-1.9603097203098414,0.16693429491691603,2.2849763148132074,0.979251289595125,0.3733881731130707,-2.423784283734003,-0.5120084986836396,-1.1957296859661453,0.0,0.0,1.0,0.0,1.0,0.0,0.0,1.0,0.0,1.0,0.0,0.0,0.0,1.0,1
0.6713569704259098,-0.057613792783159395,-0.06482596422509078,0.3072366795362787,-1.216430799178636,-1.1970693362515892,-0.2929133544148008,0.5622115963510766,0.0,0.0,0.0,1.0,1.0,0.0,1.0,0.0,1.0,0.0,0.0,0.0,0.0,1.0,1
0.2954045860350881,-0.03175051189627046,-0.38236681274377976,0.055231200764211334,0.6474948924737097,-0.7881643537574514,0.5834672226605552,-0.3167590448075343,0.0,0.0,0.0,1.0,0.0,1.0,1.0,0.0,0.0,1.0,0.0,0.0,0.0,1.0,0
0.48338077823049896,-0.7978859781681525,0.2527148842935982,-1.7928089768976159,-1.1616094553065084,-0.37925937126331366,2.353081849447331,1.880667558088993,1.0,0.0,0.0,0.0,0.0,1.0,0.0,1.0,0.0,1.0,0.0,0.0,0.0,1.0,0
-1.58435733591902,-0.6713956938306196,0.44323939340481155,0.979251289595125,0.2637454853688155,-0.37925937126331366,-0.5625689165918336,0.12272627577177116,1.0,0.0,0.0,0.0,0.0,1.0,0.0,1.0,0.0,1.0,0.0,1.0,0.0,0.0,1
-1.0204287593327874,-1.06439766730722,0.6972720722197627,0.7272458108230576,0.6474948924737097,2.0741705237015133,0.2801047152113932,-0.7562443653868398,0.0,0.0,0.0,1.0,1.0,0.0,0.0,1.0,1.0,0.0,0.0,1.0,0.0,0.0,1
-0.08054779835573346,-0.8932889414396568,0.44323939340481155,1.4832622471392596,0.757137580217965,1.2563605587132376,-0.4108876628672523,1.0016969169303822,0.0,0.0,1.0,0.0,1.0,0.0,1.0,0.0,1.0,0.0,0.0,1.0,0.0,0.0,0
-1.396381143723609,1.1254172077846674,0.9513047510347139,-0.8687888880667023,0.5926735486015822,0.8474555762190998,0.5834672226605552,1.0016969169303822,0.0,1.0,0.0,0.0,1.0,0.0,1.0,0.0,0.0,1.0,0.0,1.0,0.0,0.0,0
0.48338077823049896,-1.0653397073395239,2.157959975405732,2.4072823359701734,-0.1200039217360798,1.6652655412073754,0.3812255510277805,-1.1957296859661453,0.0,0.0,1.0,0.0,1.0,0.0,1.0,0.0,0.0,1.0,0.0,0.0,0.0,1.0,1
0.6713569704259098,0.3955074627550172,1.1418292601459272,1.1472549421098366,-0.06518257786395218,-0.37925937126331366,1.3587269639195239,2.320152878668299,0.0,0.0,1.0,0.0,1.0,0.0,1.0,0.0,1.0,0.0,0.0,0.0,0.0,1.0,0
-0.45650018274655507,0.904808560219681,0.31622305399733597,0.13923302702156712,0.04446010988030403,0.029645611230824178,2.639590884260428,-0.3167590448075343,0.0,0.0,0.0,1.0,0.0,1.0,0.0,1.0,0.0,0.0,1.0,0.0,0.0,1.0,1
0.8593331626213205,2.180245123956227,-0.06482596422509078,0.979251289595125,-0.44893198496884645,0.8474555762190998,1.4598477997359112,0.12272627577177116,0.0,0.0,1.0,0.0,0.0,1.0,0.0,1.0,1.0,0.0,0.0,0.0,0.0,1.0,1
-0.45650018274655507,-0.17888003694155252,-0.44587498244751755,-1.1207943668387697,0.9216016118343487,0.8474555762190998,0.010449153034361107,-1.1957296859661453,0.0,0.0,1.0,0.0,1.0,0.0,1.0,0.0,0.0,1.0,0.0,0.0,0.0,1.0,0
0.8593331626213205,-1.094457308338008,-1.3349893582998467,-0.7007852355519907,1.5794577382998822,0.43855059372496197,0.5160533321162969,-0.3167590448075343,0.0,1.0,0.0,0.0,1.0,0.0,1.0,0.0,0.0,1.0,0.0,0.0,0.0,1.0,0
-0.2685239905511443,0.7372110744725233,0.2527148842935982,0.8952494633377692,0.20892414149668687,1.2563605587132376,0.6003206952966192,0.12272627577177116,1.0,0.0,0.0,0.0,0.0,1.0,1.0,0.0,0.0,1.0,0.0,0.0,0.0,1.0,0
1.9871903157937854,-0.3335458822452658,-0.19184230363256635,-0.19677427800785602,0.09928145375243164,-0.7881643537574514,-1.0513196230377053,-0.7562443653868398,1.0,0.0,0.0,0.0,1.0,0.0,1.0,0.0,0.0,1.0,0.0,0.0,1.0,0.0,1
0.48338077823049896,-0.9782438243528813,0.06219037518238481,1.2312567683671922,1.3601723628113718,0.029645611230824178,-0.023257792237767996,0.12272627577177116,0.0,0.0,0.0,1.0,0.0,1.0,0.0,1.0,0.0,1.0,0.0,1.0,0.0,0.0,0
0.2954045860350881,-0.7780174974868339,-0.6999076612624687,0.13923302702156712,-0.8875027359458694,1.6652655412073754,-0.1917925185984135,0.5622115963510766,0.0,1.0,0.0,0.0,1.0,0.0,1.0,0.0,0.0,1.0,0.0,0.0,0.0,1.0,0
-0.08054779835573346,0.8702099990332468,-0.7634158309662065,0.47524033205099026,-0.7230387043294855,0.029645611230824178,1.0722179291064267,0.12272627577177116,0.0,0.0,1.0,0.0,0.0,1.0,1.0,0.0,0.0,1.0,0.0,0.0,0.0,1.0,0
0.10742839383967734,1.885900433862726,0.8242884116272383,0.055231200764211334,0.8667802679622212,-0.37925937126331366,1.6957964166408148,-1.1957296859661453,0.0,0.0,0.0,1.0,0.0,1.0,1.0,0.0,0.0,0.0,1.0,0.0,0.0,1.0,1
-1.396381143723609,1.2267293312588052,-0.31885864304004197,-1.6248053243829044,1.1957083311949879,0.8474555762190998,0.7014415311130066,-1.1957296859661453,1.0,0.0,0.0,0.0,1.0,0.0,1.0,0.0,0.0,1.0,0.0,0.0,0.0,1.0,1
-1.0204287593327874,0.5061543465492573,0.8242884116272383,-0.3647779305225676,-0.8875027359458694,-0.37925937126331366,-0.47830155341151054,0.12272627577177116,0.0,0.0,0.0,1.0,1.0,0.0,1.0,0.0,0.0,1.0,0.0,0.0,1.0,0.0,0
2.363142700184607,-0.3302915621336705,-0.0013177945213529853,-0.5327815830372792,-0.28446795335246267,0.43855059372496197,1.0722179291064267,0.12272627577177116,0.0,1.0,0.0,0.0,0.0,1.0,1.0,0.0,0.0,1.0,0.0,0.0,1.0,0.0,0
-0.2685239905511443,-0.15130395599592925,-1.3349893582998467,-0.952790714324058,1.031244299578604,-2.8326892662281407,-0.0906716827820262,-0.7562443653868398,0.0,0.0,0.0,1.0,0.0,1.0,1.0,0.0,0.0,1.0,0.0,0.0,0.0,1.0,1
0.10742839383967734,-0.47194012699100263,-0.19184230363256635,-1.7088071506402602,-0.22964660948033502,-2.0148793012398647,-0.07381821014596203,-0.3167590448075343,0.0,0.0,0.0,1.0,1.0,0.0,1.0,0.0,0.0,1.0,0.0,0.0,0.0,1.0,0
-1.396381143723609,1.0903904465835497,0.8242884116272383,2.155276857198106,-0.28446795335246267,-0.37925937126331366,1.5609686355522985,1.0016969169303822,0.0,1.0,0.0,0.0,1.0,0.0,1.0,0.0,1.0,0.0,0.0,1.0,0.0,0.0,0
1.423261739207553,-0.7042814549583194,-1.207973018892371,0.055231200764211334,1.6891004260441382,0.43855059372496197,0.027302625670425285,1.0016969169303822,1.0,0.0,0.0,0.0,1.0,0.0,1.0,0.0,0.0,1.0,0.0,0.0,0.0,1.0,0
-0.08054779835573346,0.5559968282584273,1.0148129207384518,-0.19677427800785602,-1.2712521430507635,0.8474555762190998,-1.3209751852147373,0.12272627577177116,0.0,0.0,0.0,1.0,1.0,0.0,1.0,0.0,0.0,1.0,0.0,0.0,0.0,1.0,1
-0.08054779835573346,-0.4368277257869481,-1.0174485097811576,0.3072366795362787,1.4149937066834992,0.43855059372496197,-1.4389494936671892,-1.1957296859661453,0.0,0.0,1.0,0.0,1.0,0.0,1.0,0.0,0.0,1.0,0.0,1.0,0.0,0.0,1
1.0473093548167314,-0.5333440090966296,-1.9065628856334869,1.5672640733966154,0.2637454853688155,0.029645611230824178,-0.4445946081393814,0.5622115963510766,0.0,0.0,1.0,0.0,0.0,1.0,1.0,0.0,0.0,1.0,0.0,0.0,0.0,1.0,0
0.2954045860350881,0.29753529939541146,-0.890432170373682,-1.0367925405814138,-0.7230387043294855,0.029645611230824178,0.6171741679326842,1.0016969169303822,0.0,0.0,0.0,1.0,0.0,1.0,1.0,0.0,0.0,1.0,0.0,0.0,0.0,1.0,0
0.2954045860350881,-1.2610271140499252,0.37973122370107376,-1.2887980193534812,0.04446010988030403,-1.1970693362515892,2.4373492126276535,1.880667558088993,0.0,0.0,1.0,0.0,1.0,0.0,1.0,0.0,0.0,1.0,0.0,0.0,1.0,0.0,0
-0.2685239905511443,-0.5663154102272662,0.5067475631085494,-0.5327815830372792,-0.8875027359458694,0.029645611230824178,1.0385109838342976,-0.3167590448075343,0.0,0.0,0.0,1.0,1.0,0.0,1.0,0.0,1.0,0.0,0.0,1.0,0.0,0.0,0
0.48338077823049896,-0.7280037357717903,2.2214681451094695,0.39123850579363445,-0.5037533288409741,-1.1970693362515892,-0.04011126487383292,-0.7562443653868398,1.0,0.0,0.0,0.0,1.0,0.0,1.0,0.0,1.0,0.0,0.0,0.0,0.0,1.0,1
0.48338077823049896,-0.1501906359577519,0.5067475631085494,-0.4487797567799234,-0.01036123399182359,-2.0148793012398647,-1.1018800409458986,-0.7562443653868398,0.0,1.0,0.0,0.0,0.0,1.0,1.0,0.0,0.0,1.0,0.0,0.0,0.0,1.0,1
-1.0204287593327874,0.560021908396453,1.840419126887043,0.7272458108230576,-0.06518257786395218,0.029645611230824178,0.17898387939500587,-0.7562443653868398,1.0,0.0,0.0,0.0,1.0,0.0,1.0,0.0,0.0,0.0,1.0,0.0,1.0,0.0,1
1.9871903157937854,2.382591040894958,1.205337429849665,-0.3647779305225676,0.09928145375243164,0.8474555762190998,-1.371535603122931,1.4411822375096877,0.0,0.0,0.0,1.0,1.0,0.0,1.0,0.0,0.0,1.0,0.0,0.0,0.0,1.0,0
1.9871903157937854,-0.09512411406944202,-0.5093831521512553,-0.8687888880667023,-0.28446795335246267,0.8474555762190998,0.7351484763851357,-2.074700327124756,0.0,0.0,1.0,0.0,1.0,0.0,1.0,0.0,1.0,0.0,0.0,0.0,1.0,0.0,1
-1.2084049515281983,-1.1569745104818123,-1.52551386741106,0.7272458108230576,0.48303086085732594,0.029645611230824178,0.7857088942933298,-0.7562443653868398,0.0,0.0,1.0,0.0,1.0,0.0,1.0,0.0,0.0,0.0,1.0,0.0,0.0,1.0,1
1.2352855470121422,-0.5681138502889372,0.7607802419235005,-0.7847870618093465,0.09928145375243164,-0.37925937126331366,-0.0569647375098971,0.12272627577177116,1.0,0.0,0.0,0.0,1.0,0.0,1.0,0.0,1.0,0.0,0.0,0.0,0.0,1.0,0
-0.08054779835573346,2.382591040894958,1.3958619389608784,-0.8687888880667023,-1.6001802062835302,0.029645611230824178,1.4429943270998462,0.12272627577177116,0.0,1.0,0.0,0.0,1.0,0.0,0.0,1.0,0.0,1.0,0.0,1.0,0.0,0.0,1
-1.7723335281144308,0.15434521448521843,-0.38236681274377976,-1.2047961930961255,-1.3260734869228912,2.0741705237015133,-1.236707822034415,-0.7562443653868398,0.0,1.0,0.0,0.0,0.0,1.0,1.0,0.0,0.0,1.0,0.0,0.0,0.0,1.0,1
0.10742839383967734,-1.0538639469460036,-0.6363994915587309,-1.1207943668387697,-1.764644237899914,0.43855059372496197,1.5104082176441043,-0.7562443653868398,0.0,0.0,1.0,0.0,0.0,1.0,1.0,0.0,0.0,1.0,0.0,1.0,0.0,0.0,1
-0.45650018274655507,0.9996976834735649,-0.5093831521512553,1.4832622471392596,0.757137580217965,-3.2415942487222784,-1.3209751852147373,-1.1957296859661453,0.0,0.0,1.0,0.0,1.0,0.0,1.0,0.0,0.0,1.0,0.0,0.0,0.0,1.0,1
0.8593331626213205,0.7327577943198139,-0.31885864304004197,0.559242158308346,-2.0935723011326806,2.0741705237015133,-0.25920640914267173,-0.3167590448075343,1.0,0.0,0.0,0.0,0.0,1.0,1.0,0.0,0.0,0.0,1.0,0.0,0.0,1.0,1
0.8593331626213205,-0.9261747025673566,0.8242884116272383,0.7272458108230576,-0.6682173604573579,1.2563605587132376,-1.1524404588540922,0.5622115963510766,0.0,0.0,0.0,1.0,1.0,0.0,1.0,0.0,0.0,1.0,0.0,0.0,0.0,1.0,1
1.2352855470121422,-0.22598203855674762,-0.12833413392882856,-0.3647779305225676,-0.1200039217360798,-0.37925937126331366,1.7463568345490081,-0.3167590448075343,0.0,0.0,1.0,0.0,1.0,0.0,1.0,0.0,0.0,1.0,0.0,1.0,0.0,0.0,0
-0.08054779835573346,-0.12338531503855907,1.7769109571833053,1.735267725911327,-0.06518257786395218,0.029645611230824178,1.3587269639195239,-1.1957296859661453,0.0,0.0,1.0,0.0,0.0,1.0,1.0,0.0,1.0,0.0,0.0,0.0,0.0,1.0,1
-0.2685239905511443,2.382591040894958,1.1418292601459272,0.13923302702156712,1.1408869873228602,0.8474555762190998,1.0722179291064267,0.5622115963510766,0.0,1.0,0.0,0.0,1.0,0.0,1.0,0.0,0.0,1.0,0.0,0.0,0.0,1.0,0
-0.08054779835573346,-0.2989473210588316,-0.6999076612624687,0.055231200764211334,-0.44893198496884645,-0.7881643537574514,-0.6131293345000269,-0.3167590448075343,0.0,0.0,1.0,0.0,1.0,0.0,1.0,0.0,0.0,1.0,0.0,0.0,1.0,0.0,1
0.8593331626213205,-0.9370509829403197,2.0309436359982564,1.735267725911327,-0.22964660948033502,0.029645611230824178,-1.4052425483950601,-0.7562443653868398,0.0,0.0,0.0,1.0,1.0,0.0,1.0,0.0,0.0,1.0,0.0,0.0,1.0,0.0,1
-0.2685239905511443,-0.6358550926118814,0.7607802419235005,2.6592878147422407,-0.9423240798179969,-0.7881643537574514,0.04415609830649021,1.0016969169303822,1.0,0.0,0.0,0.0,1.0,0.0,1.0,0.0,0.0,1.0,0.0,1.0,0.0,0.0,1
0.8593331626213205,-1.1526925103349766,-0.06482596422509078,-0.8687888880667023,-1.983929613388425,-0.7881643537574514,-2.365890488650739,-0.7562443653868398,0.0,0.0,1.0,0.0,1.0,0.0,1.0,0.0,0.0,1.0,0.0,0.0,1.0,0.0,1
0.48338077823049896,-0.17528315681821036,0.633763902516025,1.315258594624548,0.757137580217965,0.43855059372496197,0.5329068047523619,1.0016969169303822,1.0,0.0,0.0,0.0,0.0,1.0,1.0,0.0,0.0,1.0,0.0,0.0,0.0,1.0,0
0.48338077823049896,1.130726887966744,0.633763902516025,0.055231200764211334,-0.8326813920737407,-0.37925937126331366,0.7351484763851357,-0.7562443653868398,1.0,0.0,0.0,0.0,1.0,0.0,1.0,0.0,0.0,1.0,0.0,0.0,0.0,1.0,0
0.10742839383967734,1.2996946137608891,-0.890432170373682,1.0632531158524807,-0.7778600482016131,0.43855059372496197,0.7520019490212007,1.0016969169303822,0.0,0.0,0.0,1.0,1.0,0.0,1.0,0.0,0.0,0.0,1.0,1.0,0.0,0.0,1
0.48338077823049896,-1.1560324704495084,0.44323939340481155,1.315258594624548,-0.39411064109671884,0.43855059372496197,-0.2760598817787359,1.880667558088993,0.0,0.0,1.0,0.0,1.0,0.0,1.0,0.0,0.0,0.0,1.0,0.0,1.0,0.0,1
0.8593331626213205,-0.7145582553107256,-0.0013177945213529853,-1.1207943668387697,0.5926735486015822,0.029645611230824178,-0.983905732493447,0.12272627577177116,0.0,0.0,1.0,0.0,1.0,0.0,1.0,0.0,1.0,0.0,0.0,0.0,0.0,1.0,0
1.9871903157937854,-0.9372222629461933,-1.207973018892371,-0.2807761042652118,-0.7778600482016131,-0.7881643537574514,-1.1524404588540922,-2.074700327124756,0.0,0.0,1.0,0.0,1.0,0.0,1.0,0.0,0.0,1.0,0.0,0.0,0.0,1.0,1
-1.2084049515281983,-0.7096767751433326,-0.5093831521512553,0.7272458108230576,2.018028489276905,0.8474555762190998,-0.5962758618639628,-0.3167590448075343,1.0,0.0,0.0,0.0,0.0,1.0,1.0,0.0,1.0,0.0,0.0,0.0,0.0,1.0,0
0.6713569704259098,-0.9223209024352043,0.44323939340481155,0.8952494633377692,-0.7778600482016131,0.43855059372496197,-0.5625689165918336,2.539895538957951,1.0,0.0,0.0,0.0,1.0,0.0,1.0,0.0,0.0,1.0,0.0,0.0,1.0,0.0,0
1.2352855470121422,0.3285369804585035,-0.31885864304004197,-0.19677427800785602,-0.22964660948033502,-2.423784283734003,-1.1692939314901567,0.5622115963510766,0.0,0.0,0.0,1.0,0.0,1.0,0.0,1.0,0.0,0.0,1.0,1.0,0.0,0.0,1
-0.45650018274655507,-1.0378492663968373,-0.31885864304004197,-2.128816281927039,-0.6682173604573579,-2.423784283734003,-2.6186925781917063,1.0016969169303822,1.0,0.0,0.0,0.0,1.0,0.0,1.0,0.0,1.0,0.0,0.0,1.0,0.0,0.0,1
-0.2685239905511443,-0.9422750231194595,-1.0809566794848955,-0.19677427800785602,0.6474948924737097,0.43855059372496197,0.5834672226605552,1.0016969169303822,1.0,0.0,0.0,0.0,0.0,1.0,0.0,1.0,0.0,1.0,0.0,0.0,1.0,0.0,0
0.48338077823049896,-0.2414828790882936,-1.5890220371147978,-0.7847870618093465,-1.8194655817720418,1.6652655412073754,-1.0344661504016404,-0.7562443653868398,0.0,0.0,1.0,0.0,1.0,0.0,1.0,0.0,0.0,0.0,1.0,1.0,0.0,0.0,1
0.2954045860350881,2.3551220099530057,1.9674354662945186,-0.7007852355519907,-1.2712521430507635,-1.1970693362515892,0.5160533321162969,2.539895538957951,0.0,1.0,0.0,0.0,1.0,0.0,1.0,0.0,0.0,1.0,0.0,1.0,0.0,0.0,1
0.8593331626213205,-0.4274929654668458,-0.8269240006699443,-2.128816281927039,-0.7778600482016131,-0.7881643537574514,0.7014415311130066,0.5622115963510766,0.0,1.0,0.0,0.0,1.0,0.0,1.0,0.0,0.0,1.0,0.0,0.0,0.0,1.0,0
1.7992141235983745,0.3767523021118759,-2.414628243263389,-0.7847870618093465,1.1957083311949879,0.43855059372496197,0.24639776993926407,0.5622115963510766,0.0,0.0,0.0,1.0,1.0,0.0,1.0,0.0,1.0,0.0,0.0,0.0,0.0,1.0,0
1.423261739207553,0.13396289378627949,-0.44587498244751755,0.979251289595125,-0.5585746727131017,0.8474555762190998,0.6508811132048133,0.12272627577177116,0.0,0.0,1.0,0.0,1.0,0.0,1.0,0.0,0.0,1.0,0.0,1.0,0.0,0.0,0
0.6713569704259098,2.382591040894958,0.44323939340481155,-0.6167834092946349,0.4282095169851983,-0.37925937126331366,-1.5737772747557057,-1.1957296859661453,1.0,0.0,0.0,0.0,1.0,0.0,1.0,0.0,0.0,1.0,0.0,0.0,0.0,1.0,0
1.0473093548167314,1.4108553375727495,0.2527148842935982,-1.7928089768976159,0.7023162363458374,1.6652655412073754,0.549760277388426,1.880667558088993,0.0,0.0,1.0,0.0,0.0,1.0,1.0,0.0,0.0,1.0,0.0,0.0,0.0,1.0,0
-0.2685239905511443,-1.3050460755593984,-0.5728913218549931,-0.3647779305225676,0.3185668292409431,-0.37925937126331366,2.1171332325424284,1.0016969169303822,0.0,0.0,1.0,0.0,1.0,0.0,1.0,0.0,0.0,1.0,0.0,0.0,0.0,1.0,0
0.6713569704259098,0.6323877108779801,-0.12833413392882856,-0.952790714324058,-0.6682173604573579,0.43855059372496197,0.06100957094255439,-0.3167590448075343,0.0,1.0,0.0,0.0,1.0,0.0,0.0,1.0,0.0,1.0,0.0,0.0,0.0,1.0,1
1.423261739207553,2.382591040894958,-0.31885864304004197,-1.1207943668387697,-0.1200039217360798,-0.7881643537574514,-0.7142501703164142,0.12272627577177116,0.0,1.0,0.0,0.0,1.0,0.0,1.0,0.0,0.0,1.0,0.0,1.0,0.0,0.0,0
1.0473093548167314,-0.2688876800280435,-0.12833413392882856,-0.02877062549314445,0.6474948924737097,0.029645611230824178,0.3812255510277805,1.0016969169303822,1.0,0.0,0.0,0.0,1.0,0.0,1.0,0.0,0.0,0.0,1.0,0.0,0.0,1.0,0
-0.8324525671373767,1.1403185682956565,-1.0174485097811576,-1.8768108031549717,2.018028489276905,0.029645611230824178,1.1901922375588783,-1.1957296859661453,0.0,0.0,1.0,0.0,0.0,1.0,1.0,0.0,0.0,1.0,0.0,0.0,0.0,1.0,0
0.8593331626213205,-1.044614826628838,-0.0013177945213529853,-0.7847870618093465,-0.01036123399182359,0.8474555762190998,1.1564852922867492,-1.6352150065454507,0.0,0.0,0.0,1.0,1.0,0.0,1.0,0.0,0.0,0.0,1.0,0.0,0.0,1.0,1
0.6713569704259098,-0.8252907791079024,0.37973122370107376,-0.4487797567799234,0.20892414149668687,-0.7881643537574514,-0.6805432250442851,1.4411822375096877,0.0,0.0,0.0,1.0,0.0,1.0,1.0,0.0,0.0,0.0,1.0,0.0,1.0,0.0,1
1.7992141235983745,-0.45010192624213946,0.2527148842935982,-1.1207943668387697,0.09928145375243164,0.8474555762190998,0.263251242575329,1.4411822375096877,0.0,0.0,0.0,1.0,1.0,0.0,0.0,1.0,0.0,1.0,0.0,0.0,0.0,1.0,0
-1.2084049515281983,-0.4359713257575809,-0.44587498244751755,-0.5327815830372792,-0.39411064109671884,-0.7881643537574514,-0.9670522598573822,-0.7562443653868398,1.0,0.0,0.0,0.0,0.0,1.0,1.0,0.0,0.0,1.0,0.0,0.0,1.0,0.0,1
-1.396381143723609,1.586759903604769,0.633763902516025,1.8192695521686828,-1.5453588624114027,1.2563605587132376,0.17898387939500587,-0.7562443653868398,0.0,0.0,0.0,1.0,0.0,1.0,1.0,0.0,0.0,1.0,0.0,1.0,0.0,0.0,1
0.6713569704259098,-0.37336848361083985,0.2527148842935982,1.399260420881904,-0.1748252656082074,0.43855059372496197,0.4486394415720387,-0.7562443653868398,0.0,1.0,0.0,0.0,1.0,0.0,1.0,0.0,0.0,1.0,0.0,0.0,0.0,1.0,0
-0.6444763749419659,-0.825119499102029,-1.2714811885961088,-1.1207943668387697,-1.9291082695162973,1.2563605587132376,-0.6973966976803493,-0.3167590448075343,0.0,0.0,1.0,0.0,0.0,1.0,1.0,0.0,0.0,1.0,0.0,0.0,0.0,1.0,0
0.10742839383967734,-0.6258352122682854,-0.8269240006699443,0.6432439845657019,-1.3808948307950188,0.8474555762190998,1.173338764922814,-0.3167590448075343,0.0,0.0,1.0,0.0,1.0,0.0,1.0,0.0,0.0,1.0,0.0,0.0,0.0,1.0,0
-1.0204287593327874,-0.8103037785939766,-1.1444648491886333,-0.02877062549314445,-0.1200039217360798,0.029645611230824178,1.0216575111982327,0.5622115963510766,0.0,0.0,0.0,1.0,0.0,1.0,1.0,0.0,0.0,1.0,0.0,0.0,1.0,0.0,0
0.10742839383967734,-0.8912335813691755,0.5702557328122871,-0.7847870618093465,0.3733881731130707,-1.6059743187457272,0.0947165162146835,1.4411822375096877,0.0,1.0,0.0,0.0,1.0,0.0,1.0,0.0,1.0,0.0,0.0,0.0,0.0,1.0,0
0.2954045860350881,1.0074909237408063,-0.6999076612624687,-0.952790714324058,0.7023162363458374,-0.7881643537574514,-0.6805432250442851,0.5622115963510766,0.0,1.0,0.0,0.0,0.0,1.0,1.0,0.0,0.0,1.0,0.0,0.0,1.0,0.0,1
0.2954045860350881,-1.0713345075450942,1.840419126887043,-0.4487797567799234,-2.312857676621192,-0.7881643537574514,-0.3266202996869299,1.4411822375096877,0.0,0.0,0.0,1.0,1.0,0.0,1.0,0.0,0.0,0.0,1.0,0.0,0.0,1.0,1
0.10742839383967734,0.01783504980408944,-0.2553504733363042,-0.11277245175050024,1.1408869873228602,-1.6059743187457272,-0.15808557332628442,-0.3167590448075343,1.0,0.0,0.0,0.0,1.0,0.0,1.0,0.0,0.0,1.0,0.0,0.0,0.0,1.0,0
0.48338077823049896,-1.0229479058858482,-0.8269240006699443,1.399260420881904,1.1408869873228602,0.8474555762190998,0.549760277388426,-0.7562443653868398,0.0,0.0,0.0,1.0,1.0,0.0,1.0,0.0,0.0,1.0,0.0,1.0,0.0,0.0,0
0.8593331626213205,0.527821267292247,0.887796581330976,1.2312567683671922,1.1408869873228602,-0.7881643537574514,1.4598477997359112,2.539895538957951,0.0,1.0,0.0,0.0,1.0,0.0,1.0,0.0,0.0,1.0,0.0,0.0,0.0,1.0,0
1.0473093548167314,0.9082341603371498,-0.06482596422509078,-1.4568016718681929,-0.3392892972245912,-1.1970693362515892,-1.9277002001130608,1.0016969169303822,0.0,1.0,0.0,0.0,1.0,0.0,1.0,0.0,1.0,0.0,0.0,0.0,0.0,1.0,1
-0.08054779835573346,-1.001794825160479,2.157959975405732,0.6432439845657019,-1.1616094553065084,0.029645611230824178,1.6957964166408148,0.12272627577177116,0.0,0.0,0.0,1.0,1.0,0.0,1.0,0.0,0.0,1.0,0.0,1.0,0.0,0.0,0
-1.396381143723609,-0.520754928664932,1.3958619389608784,-0.2807761042652118,2.292135208637544,0.029645611230824178,1.5104082176441043,0.12272627577177116,0.0,0.0,0.0,1.0,0.0,1.0,0.0,1.0,1.0,0.0,0.0,0.0,1.0,0.0,1
0.6713569704259098,-0.8204092989405094,-1.0809566794848955,-0.2807761042652118,0.3733881731130707,0.43855059372496197,0.17898387939500587,-1.1957296859661453,1.0,0.0,0.0,0.0,1.0,0.0,0.0,1.0,0.0,1.0,0.0,0.0,0.0,1.0,0
-0.08054779835573346,-0.062323992944678906,-0.44587498244751755,-0.7847870618093465,-0.7778600482016131,0.43855059372496197,0.1284234614868126,0.12272627577177116,0.0,0.0,1.0,0.0,0.0,1.0,1.0,0.0,1.0,0.0,0.0,0.0,1.0,0.0,0
-0.6444763749419659,-0.12604015512959732,-1.4620056977073221,0.47524033205099026,-0.8326813920737407,-0.37925937126331366,-0.25920640914267173,-1.1957296859661453,0.0,0.0,1.0,0.0,1.0,0.0,0.0,1.0,0.0,1.0,0.0,0.0,1.0,0.0,1
0.48338077823049896,-0.5415654493785546,0.18920671458986038,-1.2047961930961255,-0.9423240798179969,0.43855059372496197,-0.3771807175951232,-0.7562443653868398,0.0,0.0,0.0,1.0,0.0,1.0,1.0,0.0,0.0,0.0,1.0,1.0,0.0,0.0,1
-0.2685239905511443,2.102740921298497,-1.1444648491886333,1.2312567683671922,0.15410279762455925,1.2563605587132376,1.426140854463782,0.12272627577177116,0.0,1.0,0.0,0.0,0.0,1.0,1.0,0.0,0.0,1.0,0.0,1.0,0.0,0.0,0
-1.0204287593327874,-0.056157912733235185,-1.207973018892371,-1.2887980193534812,1.6891004260441382,-0.7881643537574514,-0.39403419023118813,1.0016969169303822,1.0,0.0,0.0,0.0,1.0,0.0,1.0,0.0,0.0,1.0,0.0,0.0,1.0,0.0,1
0.8593331626213205,1.1057200071092221,-0.2553504733363042,0.6432439845657019,0.15410279762455925,-0.7881643537574514,-1.7254585284802866,1.0016969169303822,1.0,0.0,0.0,0.0,1.0,0.0,1.0,0.0,0.0,1.0,0.0,0.0,0.0,1.0,1
1.7992141235983745,-1.0794703078240824,-0.5093831521512553,-0.952790714324058,2.758116631550631,0.43855059372496197,0.9036832027457812,-0.3167590448075343,1.0,0.0,0.0,0.0,0.0,1.0,1.0,0.0,1.0,0.0,0.0,1.0,0.0,0.0,0
-0.08054779835573346,-0.6197547720597785,0.9513047510347139,0.7272458108230576,-0.9971454236901246,0.8474555762190998,-0.7648105882246076,1.0016969169303822,0.0,0.0,1.0,0.0,1.0,0.0,1.0,0.0,0.0,1.0,0.0,1.0,0.0,0.0,1
-1.0204287593327874,0.28160625884918183,-1.0174485097811576,1.5672640733966154,1.6891004260441382,0.8474555762190998,1.7295033619129438,1.0016969169303822,0.0,0.0,1.0,0.0,1.0,0.0,1.0,0.0,0.0,1.0,0.0,1.0,0.0,0.0,0
-1.9603097203098414,-1.1539771103790273,2.6342712481837656,0.979251289595125,2.018028489276905,0.029645611230824178,1.6789429440047499,-0.7562443653868398,0.0,0.0,0.0,1.0,1.0,0.0,1.0,0.0,0.0,0.0,1.0,0.0,0.0,1.0,1
-0.45650018274655507,-1.244070393468455,1.7134027874795674,-0.19677427800785602,-0.5037533288409741,-1.6059743187457272,-0.9164918419491889,0.12272627577177116,1.0,0.0,0.0,0.0,0.0,1.0,1.0,0.0,1.0,0.0,0.0,0.0,0.0,1.0,1
0.2954045860350881,-0.4208986852407185,0.31622305399733597,-2.0448144556696835,0.8119589240900935,0.8474555762190998,-1.6411911652999638,-0.7562443653868398,0.0,1.0,0.0,0.0,1.0,0.0,1.0,0.0,0.0,1.0,0.0,0.0,1.0,0.0,1
-0.8324525671373767,1.4218172579486494,1.0783210904421894,1.735267725911327,-1.3260734869228912,-1.1970693362515892,-1.5400703294835765,-0.3167590448075343,0.0,0.0,1.0,0.0,0.0,1.0,1.0,0.0,0.0,1.0,0.0,0.0,0.0,1.0,1
-0.6444763749419659,-0.5872972109467621,-2.351120073559651,-0.11277245175050024,0.5378522047294545,-1.1970693362515892,-0.983905732493447,-1.1957296859661453,0.0,0.0,0.0,1.0,1.0,0.0,1.0,0.0,0.0,1.0,0.0,1.0,0.0,0.0,1
-1.9603097203098414,-0.1871014772234775,-1.0809566794848955,0.2232348532789229,0.7023162363458374,-0.7881643537574514,0.7857088942933298,-0.7562443653868398,0.0,0.0,0.0,1.0,1.0,0.0,1.0,0.0,1.0,0.0,0.0,0.0,0.0,1.0,1
-1.396381143723609,-0.26118007976373886,-1.7795465462260112,0.8112476370804134,0.7023162363458374,-0.37925937126331366,1.1564852922867492,1.0016969169303822,0.0,0.0,0.0,1.0,1.0,0.0,1.0,0.0,1.0,0.0,0.0,0.0,0.0,1.0,1
-1.396381143723609,-0.2061991978783657,2.2214681451094695,-0.02877062549314445,-0.06518257786395218,-0.37925937126331366,2.4036422673555253,-1.6352150065454507,0.0,0.0,0.0,1.0,0.0,1.0,1.0,0.0,0.0,1.0,0.0,1.0,0.0,0.0,1
1.423261739207553,0.3551710213718229,1.5863864480720917,0.6432439845657019,-0.39411064109671884,-0.37925937126331366,0.4486394415720387,-0.3167590448075343,0.0,0.0,0.0,1.0,0.0,1.0,1.0,0.0,0.0,1.0,0.0,1.0,0.0,0.0,0
1.423261739207553,-0.09966303422508808,-2.0970873947447,-0.8687888880667023,0.20892414149668687,-0.37925937126331366,-0.07381821014596203,-0.3167590448075343,0.0,0.0,0.0,1.0,1.0,0.0,1.0,0.0,0.0,1.0,0.0,0.0,0.0,1.0,0
-1.0204287593327874,2.382591040894958,-1.4620056977073221,-0.6167834092946349,1.5794577382998822,2.0741705237015133,1.105924874378556,-1.6352150065454507,1.0,0.0,0.0,0.0,1.0,0.0,1.0,0.0,1.0,0.0,0.0,0.0,0.0,1.0,0
-0.2685239905511443,1.7450226290318245,-1.3349893582998467,-0.7007852355519907,-1.0519667675622522,1.6652655412073754,0.7351484763851357,0.12272627577177116,0.0,0.0,1.0,0.0,1.0,0.0,0.0,1.0,0.0,1.0,0.0,0.0,0.0,1.0,1
-0.08054779835573346,-0.9413329830871557,1.4593701086646163,-0.5327815830372792,0.5378522047294545,-2.0148793012398647,-1.3378286578508019,-1.1957296859661453,1.0,0.0,0.0,0.0,1.0,0.0,1.0,0.0,0.0,1.0,0.0,0.0,1.0,0.0,1
0.10742839383967734,-1.0133562255569357,-0.890432170373682,-0.8687888880667023,0.48303086085732594,-0.7881643537574514,0.9542436206539753,0.12272627577177116,0.0,1.0,0.0,0.0,1.0,0.0,1.0,0.0,0.0,1.0,0.0,0.0,1.0,0.0,0
1.423261739207553,-0.33594380232749393,0.633763902516025,1.399260420881904,-1.1067881114343798,1.2563605587132376,-0.7142501703164142,2.539895538957951,0.0,1.0,0.0,0.0,1.0,0.0,0.0,1.0,0.0,0.0,1.0,1.0,0.0,0.0,1
-0.2685239905511443,0.917568920657252,0.9513047510347139,0.8952494633377692,0.9764229557064764,0.8474555762190998,-0.3434737723229941,-0.3167590448075343,0.0,0.0,0.0,1.0,1.0,0.0,1.0,0.0,0.0,1.0,0.0,1.0,0.0,0.0,0
0.2954045860350881,0.8064938368483284,1.0783210904421894,-0.5327815830372792,1.1408869873228602,-0.37925937126331366,-0.3266202996869299,0.5622115963510766,0.0,0.0,0.0,1.0,0.0,1.0,1.0,0.0,0.0,1.0,0.0,0.0,1.0,0.0,1
2.175166507989196,-0.6440765328938064,0.5702557328122871,2.6592878147422407,0.4282095169851983,0.029645611230824178,1.5104082176441043,0.5622115963510766,0.0,0.0,1.0,0.0,1.0,0.0,1.0,0.0,1.0,0.0,0.0,1.0,0.0,0.0,0
-0.08054779835573346,-0.4054834847121092,0.887796581330976,0.979251289595125,0.09928145375243164,0.8474555762190998,-1.0681730956737694,-0.3167590448075343,0.0,0.0,0.0,1.0,0.0,1.0,1.0,0.0,0.0,1.0,0.0,0.0,0.0,1.0,0
1.0473093548167314,0.3134643399416411,0.7607802419235005,1.1472549421098366,-0.6133960165852302,2.0741705237015133,0.6845880584769425,-0.7562443653868398,0.0,0.0,1.0,0.0,1.0,0.0,1.0,0.0,0.0,0.0,1.0,1.0,0.0,0.0,1
-0.2685239905511443,-0.5529555697691382,-1.1444648491886333,0.3072366795362787,-1.1067881114343798,0.029645611230824178,0.212690824667135,1.0016969169303822,1.0,0.0,0.0,0.0,0.0,1.0,1.0,0.0,0.0,1.0,0.0,1.0,0.0,0.0,0
-1.2084049515281983,0.8054661568130878,-1.3349893582998467,-0.5327815830372792,-0.8326813920737407,-1.1970693362515892,-2.6186925781917063,1.0016969169303822,0.0,0.0,0.0,1.0,1.0,0.0,0.0,1.0,0.0,1.0,0.0,0.0,0.0,1.0,1
0.8593331626213205,-0.6982010147498124,-0.19184230363256635,0.8952494633377692,0.8667802679622212,-0.7881643537574514,-2.5681321602835134,-0.7562443653868398,0.0,0.0,1.0,0.0,1.0,0.0,1.0,0.0,0.0,1.0,0.0,0.0,1.0,0.0,1
-1.396381143723609,-0.4119064849323631,1.268845599553403,-1.4568016718681929,0.4282095169851983,-0.37925937126331366,-0.0906716827820262,-1.6352150065454507,0.0,1.0,0.0,0.0,1.0,0.0,1.0,0.0,0.0,1.0,0.0,0.0,1.0,0.0,1
-0.8324525671373767,-1.0286857860826084,-1.0809566794848955,-2.128816281927039,-1.4357161746671474,0.43855059372496197,-0.47830155341151054,1.4411822375096877,1.0,0.0,0.0,0.0,1.0,0.0,1.0,0.0,0.0,1.0,0.0,0.0,1.0,0.0,1
1.423261739207553,-0.29166792080921056,0.9513047510347139,0.39123850579363445,-1.216430799178636,-0.7881643537574514,-1.7591654737524154,-1.6352150065454507,1.0,0.0,0.0,0.0,1.0,0.0,1.0,0.0,1.0,0.0,0.0,0.0,0.0,1.0,1
0.8593331626213205,1.1487969285863915,0.887796581330976,1.399260420881904,-1.8742869256441694,1.2563605587132376,1.0385109838342976,0.5622115963510766,0.0,0.0,0.0,1.0,1.0,0.0,1.0,0.0,0.0,0.0,1.0,1.0,0.0,0.0,1
0.10742839383967734,-0.23283323879168508,0.6972720722197627,-0.02877062549314445,-1.4357161746671474,0.029645611230824178,0.3812255510277805,-1.1957296859661453,0.0,1.0,0.0,0.0,1.0,0.0,1.0,0.0,0.0,1.0,0.0,0.0,1.0,0.0,0
0.2954045860350881,-0.07885251351146554,-2.414628243263389,-1.8768108031549717,0.8119589240900935,-1.6059743187457272,0.1958373520310708,1.4411822375096877,0.0,0.0,0.0,1.0,0.0,1.0,1.0,0.0,0.0,1.0,0.0,0.0,0.0,1.0,0
-0.08054779835573346,-0.2123652780898094,-0.7634158309662065,-0.6167834092946349,0.7023162363458374,0.8474555762190998,-0.36032724495905905,-0.3167590448075343,0.0,0.0,0.0,1.0,1.0,0.0,1.0,0.0,0.0,1.0,0.0,0.0,0.0,1.0,1
0.2954045860350881,-0.29038332076515977,-0.31885864304004197,0.47524033205099026,-1.1067881114343798,-0.37925937126331366,0.263251242575329,0.5622115963510766,1.0,0.0,0.0,0.0,1.0,0.0,1.0,0.0,0.0,1.0,0.0,0.0,1.0,0.0,1
-1.0204287593327874,-1.0674807074129418,0.633763902516025,1.1472549421098366,1.6342790821720108,-1.1970693362515892,-1.3883890757589956,0.12272627577177116,0.0,0.0,0.0,1.0,1.0,0.0,1.0,0.0,0.0,1.0,0.0,1.0,0.0,0.0,1
-1.396381143723609,-0.1235565950444325,0.887796581330976,-0.7007852355519907,-0.6682173604573579,0.43855059372496197,-0.4445946081393814,-0.7562443653868398,0.0,0.0,0.0,1.0,1.0,0.0,1.0,0.0,0.0,1.0,0.0,0.0,0.0,1.0,1
0.2954045860350881,0.011069489572088694,-0.5728913218549931,-0.3647779305225676,0.15410279762455925,-1.1970693362515892,-1.0007592051295113,-0.3167590448075343,0.0,0.0,1.0,0.0,1.0,0.0,1.0,0.0,1.0,0.0,0.0,0.0,1.0,0.0,1
0.6713569704259098,0.49279450609112924,-0.12833413392882856,0.2232348532789229,0.48303086085732594,0.8474555762190998,-0.12437862805415531,0.5622115963510766,0.0,0.0,0.0,1.0,1.0,0.0,1.0,0.0,1.0,0.0,0.0,0.0,1.0,0.0,0
0.6713569704259098,-1.2927995551394476,0.18920671458986038,-1.372799845610837,-1.0519667675622522,-0.37925937126331366,-0.309766827050865,-0.3167590448075343,1.0,0.0,0.0,0.0,1.0,0.0,1.0,0.0,0.0,0.0,1.0,0.0,1.0,0.0,1
1.0473093548167314,-1.081696947900437,-2.0970873947447,-2.128816281927039,0.9764229557064764,0.8474555762190998,1.2407526554670723,1.880667558088993,1.0,0.0,0.0,0.0,1.0,0.0,1.0,0.0,1.0,0.0,0.0,1.0,0.0,0.0,0
0.2954045860350881,1.593439823833833,-0.38236681274377976,-1.0367925405814138,-0.8326813920737407,0.8474555762190998,0.027302625670425285,0.12272627577177116,0.0,0.0,0.0,1.0,0.0,1.0,1.0,0.0,0.0,1.0,0.0,0.0,0.0,1.0,0
-0.2685239905511443,0.9542228419141675,0.9513047510347139,2.2392786834554617,-2.258036332749064,1.2563605587132376,-0.24235293650660755,0.5622115963510766,0.0,0.0,0.0,1.0,1.0,0.0,1.0,0.0,0.0,0.0,1.0,0.0,1.0,0.0,1
-0.8324525671373767,2.382591040894958,-1.1444648491886333,-0.3647779305225676,1.0860656434507325,0.43855059372496197,0.549760277388426,1.4411822375096877,0.0,0.0,0.0,1.0,1.0,0.0,1.0,0.0,0.0,0.0,1.0,0.0,1.0,0.0,0
0.8593331626213205,-0.18693019721760407,-1.9065628856334869,-1.5408034981255485,-1.6001802062835302,0.8474555762190998,0.11156998885074842,0.12272627577177116,0.0,1.0,0.0,0.0,1.0,0.0,1.0,0.0,0.0,1.0,0.0,0.0,0.0,1.0,0
0.10742839383967734,-0.3491323627797485,0.06219037518238481,0.13923302702156712,1.8535644576605212,-0.37925937126331366,0.3475186057556514,0.5622115963510766,0.0,0.0,0.0,1.0,0.0,1.0,1.0,0.0,0.0,1.0,0.0,0.0,1.0,0.0,0
0.2954045860350881,1.1768012095466984,0.2527148842935982,0.47524033205099026,1.031244299578604,0.029645611230824178,1.8980380882735888,0.12272627577177116,0.0,0.0,1.0,0.0,1.0,0.0,1.0,0.0,0.0,1.0,0.0,0.0,0.0,1.0,0
1.423261739207553,-1.144642350058925,1.840419126887043,0.8112476370804134,2.2373138647654165,1.2563605587132376,0.3980790236638454,0.12272627577177116,0.0,0.0,0.0,1.0,1.0,0.0,1.0,0.0,0.0,1.0,0.0,1.0,0.0,0.0,0
-0.8324525671373767,-0.7589197768319457,0.9513047510347139,-1.7928089768976159,0.04446010988030403,-0.7881643537574514,-0.7816640608606724,0.12272627577177116,0.0,1.0,0.0,0.0,1.0,0.0,1.0,0.0,0.0,1.0,0.0,0.0,1.0,0.0,1
-0.45650018274655507,-0.6475021330112751,0.5067475631085494,0.2232348532789229,0.3733881731130707,-2.0148793012398647,-0.8996383693131239,-1.6352150065454507,0.0,0.0,1.0,0.0,1.0,0.0,1.0,0.0,0.0,1.0,0.0,0.0,0.0,1.0,1
0.6713569704259098,-0.9064775018919113,1.7769109571833053,2.6592878147422407,-0.7778600482016131,0.43855059372496197,0.263251242575329,-0.7562443653868398,1.0,0.0,0.0,0.0,1.0,0.0,1.0,0.0,0.0,1.0,0.0,0.0,1.0,0.0,1
-0.2685239905511443,0.3246831803263512,-0.6363994915587309,-0.6167834092946349,-0.06518257786395218,0.8474555762190998,0.7014415311130066,1.0016969169303822,0.0,1.0,0.0,0.0,1.0,0.0,1.0,0.0,0.0,1.0,0.0,0.0,1.0,0.0,0
1.6112379314029637,-1.2508359537004556,1.1418292601459272,0.3072366795362787,-0.9423240798179969,-0.7881643537574514,-0.7816640608606724,1.4411822375096877,0.0,1.0,0.0,0.0,1.0,0.0,1.0,0.0,0.0,0.0,1.0,0.0,0.0,1.0,1
-1.9603097203098414,-0.8104750585998501,-0.6999076612624687,-0.6167834092946349,0.8119589240900935,-0.37925937126331366,-0.20864599123447844,-0.7562443653868398,0.0,0.0,0.0,1.0,0.0,1.0,1.0,0.0,0.0,1.0,0.0,0.0,0.0,1.0,0
-1.396381143723609,-0.4435076460160121,2.6342712481837656,1.1472549421098366,-1.6550015501556579,-0.7881643537574514,-1.0007592051295113,0.5622115963510766,0.0,0.0,1.0,0.0,0.0,1.0,1.0,0.0,0.0,1.0,0.0,0.0,0.0,1.0,1
-0.08054779835573346,-0.6680557337160875,-0.06482596422509078,-0.6167834092946349,1.2505296750671155,0.43855059372496197,-1.3209751852147373,0.12272627577177116,0.0,0.0,1.0,0.0,1.0,0.0,1.0,0.0,1.0,0.0,0.0,1.0,0.0,0.0,0
0.48338077823049896,-0.7930044980007596,-0.5728913218549931,0.979251289595125,-1.6001802062835302,-0.37925937126331366,-1.489509911575383,-1.6352150065454507,0.0,0.0,1.0,0.0,1.0,0.0,0.0,1.0,0.0,1.0,0.0,0.0,0.0,1.0,1
1.7992141235983745,-0.36120760319382583,0.6972720722197627,-0.4487797567799234,-0.8875027359458694,0.43855059372496197,-0.6468362797721561,1.0016969169303822,0.0,0.0,0.0,1.0,0.0,1.0,1.0,0.0,0.0,1.0,0.0,0.0,0.0,1.0,1
0.8593331626213205,-0.3942646443273991,0.1256985448861226,1.735267725911327,-0.22964660948033502,0.029645611230824178,-0.0906716827820262,-0.7562443653868398,0.0,0.0,1.0,0.0,0.0,1.0,1.0,0.0,0.0,1.0,0.0,0.0,0.0,1.0,0
-0.8324525671373767,1.0599882455410146,0.633763902516025,0.3072366795362787,0.20892414149668687,-0.7881643537574514,-1.3209751852147373,0.12272627577177116,0.0,0.0,1.0,0.0,0.0,1.0,0.0,1.0,0.0,1.0,0.0,0.0,0.0,1.0,1
0.48338077823049896,0.2042733361973252,1.7769109571833053,0.7272458108230576,0.3185668292409431,1.6652655412073754,-0.15808557332628442,1.4411822375096877,0.0,1.0,0.0,0.0,1.0,0.0,1.0,0.0,0.0,1.0,0.0,0.0,1.0,0.0,0
-0.08054779835573346,-0.7659422570727565,1.1418292601459272,0.8952494633377692,0.3185668292409431,1.2563605587132376,0.1958373520310708,0.5622115963510766,0.0,0.0,1.0,0.0,1.0,0.0,1.0,0.0,1.0,0.0,0.0,0.0,0.0,1.0,0
1.7992141235983745,-0.5413085293697445,-1.5890220371147978,0.055231200764211334,1.0860656434507325,-0.37925937126331366,0.7857088942933298,0.12272627577177116,0.0,0.0,0.0,1.0,1.0,0.0,1.0,0.0,0.0,1.0,0.0,1.0,0.0,0.0,0
0.8593331626213205,-0.12141559497101453,2.475500823924421,2.6592878147422407,2.401777896381799,0.43855059372496197,-0.983905732493447,-2.074700327124756,0.0,0.0,0.0,1.0,1.0,0.0,0.0,1.0,0.0,1.0,0.0,0.0,0.0,1.0,1
-0.8324525671373767,0.17695417526051208,-0.12833413392882856,0.13923302702156712,-0.3392892972245912,1.2563605587132376,0.7351484763851357,-0.7562443653868398,0.0,1.0,0.0,0.0,1.0,0.0,1.0,0.0,1.0,0.0,0.0,1.0,0.0,0.0,0
-0.2685239905511443,-0.9404765830577885,1.3323537692571406,1.0632531158524807,-1.6001802062835302,0.43855059372496197,0.3475186057556514,1.0016969169303822,1.0,0.0,0.0,0.0,1.0,0.0,1.0,0.0,0.0,1.0,0.0,0.0,1.0,0.0,1
-0.45650018274655507,0.0031049692989738903,0.7607802419235005,0.39123850579363445,-0.3392892972245912,-0.37925937126331366,1.0385109838342976,-1.1957296859661453,0.0,0.0,0.0,1.0,1.0,0.0,1.0,0.0,0.0,1.0,0.0,0.0,0.0,1.0,0
0.8593331626213205,-0.4963475278279673,1.1418292601459272,1.6512658996539713,-1.2712521430507635,-0.7881643537574514,1.2238991828310073,0.5622115963510766,0.0,1.0,0.0,0.0,1.0,0.0,1.0,0.0,1.0,0.0,0.0,0.0,1.0,0.0,1
0.2954045860350881,-0.5054253681392594,-1.4620056977073221,-2.128816281927039,1.305351018939243,0.43855059372496197,1.0048040385621686,-0.7562443653868398,0.0,0.0,0.0,1.0,0.0,1.0,1.0,0.0,0.0,1.0,0.0,1.0,0.0,0.0,0
-0.6444763749419659,0.8470015582373962,-2.0335792250409623,-2.128816281927039,-1.3260734869228912,0.43855059372496197,1.2407526554670723,0.12272627577177116,0.0,0.0,0.0,1.0,1.0,0.0,1.0,0.0,0.0,1.0,0.0,0.0,0.0,1.0,0
1.0473093548167314,-0.9960569449637187,-1.52551386741106,-0.8687888880667023,0.9216016118343487,-0.37925937126331366,0.11156998885074842,-1.1957296859661453,0.0,0.0,0.0,1.0,1.0,0.0,1.0,0.0,0.0,1.0,0.0,1.0,0.0,0.0,0
-0.6444763749419659,-0.44427840604244256,1.3323537692571406,-0.5327815830372792,-1.0519667675622522,-0.37925937126331366,2.133986705178492,1.880667558088993,0.0,0.0,0.0,1.0,1.0,0.0,1.0,0.0,0.0,1.0,0.0,1.0,0.0,0.0,1
-0.45650018274655507,-1.1866915915008536,0.37973122370107376,0.13923302702156712,-0.8326813920737407,0.43855059372496197,-1.371535603122931,1.880667558088993,0.0,0.0,0.0,1.0,0.0,1.0,1.0,0.0,0.0,1.0,0.0,1.0,0.0,0.0,1
-0.8324525671373767,-0.22161439840697497,1.0783210904421894,0.47524033205099026,-1.0519667675622522,-0.7881643537574514,-0.46144808077544636,-0.3167590448075343,0.0,1.0,0.0,0.0,1.0,0.0,1.0,0.0,0.0,1.0,0.0,0.0,0.0,1.0,1
0.6713569704259098,-0.9897195847464015,-0.19184230363256635,-1.2887980193534812,0.48303086085732594,0.029645611230824178,-0.6131293345000269,0.12272627577177116,0.0,0.0,0.0,1.0,1.0,0.0,1.0,0.0,0.0,0.0,1.0,1.0,0.0,0.0,1
1.6112379314029637,-1.1897746316065756,0.31622305399733597,0.6432439845657019,1.5246363944277546,-1.6059743187457272,-1.7254585284802866,-0.7562443653868398,1.0,0.0,0.0,0.0,1.0,0.0,0.0,1.0,0.0,1.0,0.0,0.0,0.0,1.0,1
-0.45650018274655507,-1.0308267861560263,1.268845599553403,0.6432439845657019,-0.1748252656082074,-2.0148793012398647,-1.0176126777655763,-1.1957296859661453,0.0,0.0,1.0,0.0,1.0,0.0,1.0,0.0,0.0,0.0,1.0,0.0,1.0,0.0,1
-0.45650018274655507,0.2603675381208757,0.18920671458986038,0.8112476370804134,-0.22964660948033502,0.029645611230824178,0.2969581878474581,0.12272627577177116,1.0,0.0,0.0,0.0,1.0,0.0,1.0,0.0,1.0,0.0,0.0,0.0,1.0,0.0,0
-0.2685239905511443,0.6783763924549978,-1.207973018892371,-1.6248053243829044,-0.28446795335246267,0.43855059372496197,1.7295033619129438,-0.3167590448075343,0.0,0.0,0.0,1.0,0.0,1.0,1.0,0.0,0.0,1.0,0.0,0.0,0.0,1.0,0
1.6112379314029637,-1.2141820324435402,1.522878278368354,2.2392786834554617,-0.8875027359458694,0.8474555762190998,1.712649889276879,0.5622115963510766,0.0,1.0,0.0,0.0,0.0,1.0,1.0,0.0,1.0,0.0,0.0,1.0,0.0,0.0,0
0.10742839383967734,1.2424870917991613,1.6498946177758296,0.559242158308346,1.0860656434507325,1.2563605587132376,-0.7142501703164142,-1.6352150065454507,0.0,1.0,0.0,0.0,1.0,0.0,0.0,1.0,1.0,0.0,0.0,0.0,0.0,1.0,1
-0.2685239905511443,-0.4808466872964213,0.5067475631085494,-1.4568016718681929,0.20892414149668687,-2.0148793012398647,1.3418734912834596,0.5622115963510766,1.0,0.0,0.0,0.0,0.0,1.0,1.0,0.0,0.0,1.0,0.0,0.0,0.0,1.0,0
-0.45650018274655507,-0.5407946893521242,0.7607802419235005,-1.1207943668387697,-0.22964660948033502,0.43855059372496197,-0.12437862805415531,0.12272627577177116,1.0,0.0,0.0,0.0,1.0,0.0,1.0,0.0,1.0,0.0,0.0,1.0,0.0,0.0,0
-1.0204287593327874,0.4909960660294581,-0.31885864304004197,0.13923302702156712,0.3185668292409431,0.029645611230824178,1.5441151629162335,-0.7562443653868398,0.0,1.0,0.0,0.0,0.0,1.0,1.0,0.0,1.0,0.0,0.0,1.0,0.0,0.0,0
1.2352855470121422,-0.0959805140988092,-0.06482596422509078,0.47524033205099026,-0.8875027359458694,0.029645611230824178,0.8025623669293939,-0.3167590448075343,0.0,0.0,0.0,1.0,0.0,1.0,1.0,0.0,0.0,1.0,0.0,0.0,0.0,1.0,0
-1.2084049515281983,-0.4901814476165236,0.44323939340481155,1.8192695521686828,-0.6682173604573579,-0.37925937126331366,1.7800637798211372,0.5622115963510766,0.0,1.0,0.0,0.0,1.0,0.0,1.0,0.0,0.0,1.0,0.0,0.0,0.0,1.0,0
-1.396381143723609,-1.0314262661765834,0.2527148842935982,0.47524033205099026,-2.0387509572605533,0.8474555762190998,2.032865869362105,-0.3167590448075343,0.0,0.0,0.0,1.0,1.0,0.0,1.0,0.0,0.0,1.0,0.0,1.0,0.0,0.0,1
0.48338077823049896,0.3365015007316183,-0.7634158309662065,-1.5408034981255485,0.20892414149668687,2.0741705237015133,1.426140854463782,0.5622115963510766,0.0,0.0,0.0,1.0,0.0,1.0,1.0,0.0,0.0,1.0,0.0,0.0,0.0,1.0,0
-1.0204287593327874,1.9671727966496717,1.3323537692571406,1.6512658996539713,0.04446010988030403,-1.1970693362515892,0.2969581878474581,-0.3167590448075343,0.0,0.0,0.0,1.0,0.0,1.0,0.0,1.0,0.0,1.0,0.0,0.0,0.0,1.0,0
-1.0204287593327874,0.2990768194482724,-0.38236681274377976,-0.02877062549314445,-1.7098228940277864,-0.7881643537574514,-1.203000876762286,1.0016969169303822,0.0,0.0,0.0,1.0,0.0,1.0,1.0,0.0,0.0,1.0,0.0,0.0,0.0,1.0,1
0.48338077823049896,-0.32686596201620177,-0.5728913218549931,-1.4568016718681929,0.15410279762455925,-0.7881643537574514,-0.5962758618639628,-1.6352150065454507,0.0,0.0,0.0,1.0,1.0,0.0,1.0,0.0,0.0,1.0,0.0,0.0,1.0,0.0,1
-0.6444763749419659,-0.8944879014807707,-0.9539403400774199,0.3072366795362787,1.1408869873228602,0.8474555762190998,1.0048040385621686,-1.1957296859661453,1.0,0.0,0.0,0.0,1.0,0.0,1.0,0.0,0.0,0.0,1.0,0.0,1.0,0.0,1
0.10742839383967734,0.7362690344402194,0.18920671458986038,0.6432439845657019,-0.44893198496884645,-0.37925937126331366,0.566613750024491,0.12272627577177116,0.0,0.0,1.0,0.0,1.0,0.0,1.0,0.0,0.0,0.0,1.0,1.0,0.0,0.0,1
0.10742839383967734,2.382591040894958,0.633763902516025,-0.3647779305225676,0.20892414149668687,0.029645611230824178,1.4092873818277178,-0.7562443653868398,0.0,0.0,1.0,0.0,0.0,1.0,1.0,0.0,0.0,1.0,0.0,1.0,0.0,0.0,1
1.2352855470121422,-0.3957205243773233,0.18920671458986038,-0.11277245175050024,-1.0519667675622522,-0.37925937126331366,2.639590884260428,0.12272627577177116,0.0,0.0,1.0,0.0,0.0,1.0,0.0,1.0,0.0,1.0,0.0,1.0,0.0,0.0,0
-0.6444763749419659,-0.13871487556423165,1.0148129207384518,0.39123850579363445,0.6474948924737097,-0.7881643537574514,0.3812255510277805,-0.7562443653868398,0.0,0.0,0.0,1.0,0.0,1.0,1.0,0.0,1.0,0.0,0.0,0.0,0.0,1.0,0
0.2954045860350881,-0.8892638613016309,1.6498946177758296,-0.7847870618093465,0.09928145375243164,-0.37925937126331366,2.0834262872702993,0.5622115963510766,1.0,0.0,0.0,0.0,1.0,0.0,1.0,0.0,1.0,0.0,0.0,0.0,0.0,1.0,1
0.2954045860350881,-0.2946653209119957,-0.6363994915587309,-0.5327815830372792,-0.44893198496884645,0.029645611230824178,-0.8153710061328016,-0.7562443653868398,0.0,0.0,0.0,1.0,0.0,1.0,1.0,0.0,0.0,1.0,0.0,0.0,0.0,1.0,1
0.10742839383967734,-0.5959468512433708,-0.06482596422509078,-0.11277245175050024,-0.3392892972245912,2.0741705237015133,0.6003206952966192,-0.3167590448075343,0.0,0.0,0.0,1.0,1.0,0.0,1.0,0.0,0.0,1.0,0.0,1.0,0.0,0.0,0
1.2352855470121422,-0.1286949952206356,0.8242884116272383,-0.02877062549314445,-0.28446795335246267,-0.7881643537574514,0.4149324962999096,0.12272627577177116,0.0,0.0,0.0,1.0,0.0,1.0,1.0,0.0,1.0,0.0,0.0,0.0,0.0,1.0,1
-1.0204287593327874,-0.7116464952108772,0.633763902516025,0.8112476370804134,-0.6133960165852302,0.8474555762190998,0.0947165162146835,0.5622115963510766,0.0,0.0,1.0,0.0,0.0,1.0,1.0,0.0,1.0,0.0,0.0,0.0,0.0,1.0,0
-0.08054779835573346,-0.1842753571265658,0.18920671458986038,0.8952494633377692,1.4149937066834992,0.8474555762190998,-1.5063633842114474,-0.3167590448075343,0.0,0.0,0.0,1.0,0.0,1.0,1.0,0.0,0.0,1.0,0.0,0.0,0.0,1.0,0
-0.2685239905511443,-1.0492393867874208,-0.31885864304004197,-0.5327815830372792,-0.22964660948033502,2.0741705237015133,1.055364456470362,-0.7562443653868398,0.0,1.0,0.0,0.0,1.0,0.0,1.0,0.0,0.0,1.0,0.0,0.0,0.0,1.0,1
0.2954045860350881,-0.6798740541213547,0.7607802419235005,-0.8687888880667023,1.2505296750671155,0.43855059372496197,0.853122784837588,0.12272627577177116,0.0,0.0,0.0,1.0,0.0,1.0,1.0,0.0,0.0,1.0,0.0,0.0,0.0,1.0,0
-0.2685239905511443,1.5659493828911464,-0.2553504733363042,-0.19677427800785602,0.8119589240900935,0.43855059372496197,0.24639776993926407,-2.074700327124756,0.0,0.0,0.0,1.0,1.0,0.0,1.0,0.0,0.0,1.0,0.0,0.0,1.0,0.0,0
-1.396381143723609,2.382591040894958,0.18920671458986038,0.39123850579363445,-1.4357161746671474,1.2563605587132376,-0.8996383693131239,0.5622115963510766,0.0,0.0,1.0,0.0,1.0,0.0,1.0,0.0,1.0,0.0,0.0,0.0,0.0,1.0,1
-0.08054779835573346,-1.003250705210403,0.887796581330976,-0.5327815830372792,0.2637454853688155,-0.37925937126331366,-1.3041217125786733,-0.7562443653868398,0.0,0.0,0.0,1.0,1.0,0.0,1.0,0.0,0.0,1.0,0.0,0.0,0.0,1.0,0
-0.08054779835573346,0.5338160674978173,1.5863864480720917,1.4832622471392596,0.8119589240900935,0.8474555762190998,0.3980790236638454,-0.7562443653868398,0.0,0.0,0.0,1.0,1.0,0.0,1.0,0.0,0.0,1.0,0.0,0.0,0.0,1.0,0
-1.58435733591902,1.1982968502838147,1.522878278368354,1.735267725911327,-1.1616094553065084,0.029645611230824178,-0.15808557332628442,-1.6352150065454507,0.0,1.0,0.0,0.0,1.0,0.0,1.0,0.0,0.0,1.0,0.0,0.0,1.0,0.0,1
-1.0204287593327874,-0.789835817892101,-1.6525302068185357,0.47524033205099026,-0.28446795335246267,0.43855059372496197,0.17898387939500587,-0.3167590448075343,0.0,0.0,0.0,1.0,1.0,0.0,1.0,0.0,0.0,1.0,0.0,0.0,0.0,1.0,0
-1.396381143723609,-0.7459024963855645,0.5702557328122871,-0.7007852355519907,-1.216430799178636,-1.1970693362515892,-0.7142501703164142,0.5622115963510766,0.0,0.0,0.0,1.0,0.0,1.0,1.0,0.0,0.0,1.0,0.0,0.0,0.0,1.0,1
-1.9603097203098414,-0.4978034078778915,0.1256985448861226,-0.19677427800785602,-0.6133960165852302,-1.1970693362515892,1.2913130733752656,0.12272627577177116,0.0,1.0,0.0,0.0,0.0,1.0,1.0,0.0,0.0,1.0,0.0,1.0,0.0,0.0,0
0.6713569704259098,1.691925827211059,-0.38236681274377976,-1.2887980193534812,0.6474948924737097,-0.7881643537574514,-1.523216856847512,-0.3167590448075343,1.0,0.0,0.0,0.0,1.0,0.0,1.0,0.0,0.0,1.0,0.0,0.0,0.0,1.0,1
-0.08054779835573346,1.1500815286304422,-0.6363994915587309,0.7272458108230576,-0.8875027359458694,0.8474555762190998,0.836269312201523,-1.1957296859661453,1.0,0.0,0.0,0.0,1.0,0.0,1.0,0.0,0.0,1.0,0.0,0.0,1.0,0.0,1
1.6112379314029637,2.382591040894958,1.5863864480720917,1.5672640733966154,-1.0519667675622522,0.43855059372496197,-2.2647696528343517,-2.074700327124756,0.0,0.0,0.0,1.0,0.0,1.0,1.0,0.0,0.0,1.0,0.0,1.0,0.0,0.0,1
-0.45650018274655507,-0.14342507572575114,-1.2714811885961088,-1.0367925405814138,-0.28446795335246267,0.8474555762190998,0.8025623669293939,-0.7562443653868398,0.0,0.0,0.0,1.0,0.0,1.0,1.0,0.0,0.0,0.0,1.0,0.0,1.0,0.0,1
0.2954045860350881,0.23193505714588522,0.887796581330976,-0.3647779305225676,1.4149937066834992,0.43855059372496197,0.5160533321162969,-0.7562443653868398,0.0,0.0,0.0,1.0,1.0,0.0,1.0,0.0,0.0,0.0,1.0,0.0,0.0,1.0,1
-0.8324525671373767,-1.3050460755593984,0.44323939340481155,-1.2887980193534812,-0.8875027359458694,-2.0148793012398647,-0.950198787221318,-0.3167590448075343,0.0,0.0,1.0,0.0,1.0,0.0,1.0,0.0,0.0,1.0,0.0,1.0,0.0,0.0,1
0.8593331626213205,-0.5374547292375921,-0.31885864304004197,0.13923302702156712,-1.983929613388425,-1.6059743187457272,-0.2760598817787359,-0.3167590448075343,0.0,0.0,1.0,0.0,1.0,0.0,0.0,1.0,0.0,1.0,0.0,0.0,0.0,1.0,1
-0.45650018274655507,-0.5318024890437687,0.44323939340481155,-0.4487797567799234,0.15410279762455925,-0.37925937126331366,-0.4277411355033172,1.4411822375096877,0.0,0.0,1.0,0.0,0.0,1.0,1.0,0.0,0.0,1.0,0.0,0.0,0.0,1.0,0
-0.6444763749419659,-0.8968001815600621,-1.0174485097811576,-0.3647779305225676,-0.3392892972245912,2.0741705237015133,-0.6468362797721561,-1.6352150065454507,0.0,0.0,0.0,1.0,1.0,0.0,1.0,0.0,1.0,0.0,0.0,0.0,0.0,1.0,1
0.2954045860350881,0.04121477060581354,0.7607802419235005,0.47524033205099026,0.20892414149668687,-0.7881643537574514,-1.5063633842114474,1.4411822375096877,1.0,0.0,0.0,0.0,1.0,0.0,1.0,0.0,0.0,1.0,0.0,0.0,1.0,0.0,1
0.10742839383967734,0.4935652661175597,0.1256985448861226,-0.4487797567799234,-1.216430799178636,-0.37925937126331366,1.12277834701462,-0.3167590448075343,0.0,0.0,0.0,1.0,1.0,0.0,1.0,0.0,1.0,0.0,0.0,0.0,1.0,0.0,0
1.2352855470121422,-0.695888734670521,-0.5728913218549931,-0.19677427800785602,1.4149937066834992,-1.1970693362515892,-0.5625689165918336,-1.1957296859661453,1.0,0.0,0.0,0.0,1.0,0.0,1.0,0.0,0.0,1.0,0.0,0.0,0.0,1.0,1
-1.58435733591902,2.382591040894958,-0.31885864304004197,-1.2047961930961255,0.48303086085732594,1.6652655412073754,0.31381166048352227,1.0016969169303822,0.0,0.0,1.0,0.0,1.0,0.0,1.0,0.0,0.0,1.0,0.0,0.0,0.0,1.0,0
-0.45650018274655507,-0.9984548650459468,2.539008993628159,0.39123850579363445,0.9764229557064764,-0.37925937126331366,0.22954429730319992,-0.3167590448075343,0.0,0.0,1.0,0.0,1.0,0.0,1.0,0.0,0.0,1.0,0.0,0.0,1.0,0.0,0
-1.0204287593327874,0.4066406631367906,-1.207973018892371,-0.02877062549314445,-0.6682173604573579,1.2563605587132376,1.4935547450080402,-0.3167590448075343,0.0,1.0,0.0,0.0,1.0,0.0,1.0,0.0,0.0,1.0,0.0,0.0,0.0,1.0,0
0.48338077823049896,-0.8895207813104411,0.5702557328122871,0.3072366795362787,1.743921769916266,0.43855059372496197,-0.2760598817787359,0.5622115963510766,1.0,0.0,0.0,0.0,1.0,0.0,1.0,0.0,0.0,1.0,0.0,1.0,0.0,0.0,0
-0.45650018274655507,-0.6999138148085468,0.5702557328122871,-0.11277245175050024,-0.1200039217360798,1.2563605587132376,0.5160533321162969,-0.3167590448075343,0.0,0.0,1.0,0.0,1.0,0.0,1.0,0.0,0.0,1.0,0.0,0.0,0.0,1.0,0
0.10742839383967734,-0.9176963422766214,-0.5093831521512553,-1.7928089768976159,0.48303086085732594,-1.1970693362515892,0.17898387939500587,-1.1957296859661453,0.0,0.0,1.0,0.0,1.0,0.0,1.0,0.0,0.0,1.0,0.0,0.0,0.0,1.0,0
1.2352855470121422,-0.1488203959107644,0.2527148842935982,0.3072366795362787,-0.8326813920737407,1.6652655412073754,0.9373901480179103,-0.7562443653868398,0.0,1.0,0.0,0.0,0.0,1.0,1.0,0.0,0.0,1.0,0.0,0.0,0.0,1.0,0
0.2954045860350881,-1.226085992851744,1.1418292601459272,1.8192695521686828,0.20892414149668687,-0.37925937126331366,-0.950198787221318,-1.1957296859661453,0.0,0.0,1.0,0.0,0.0,1.0,0.0,1.0,0.0,1.0,0.0,0.0,0.0,1.0,1
-0.45650018274655507,-1.3037614755153477,-1.9700710553372245,0.6432439845657019,-0.5585746727131017,2.0741705237015133,0.33066513311958723,1.0016969169303822,0.0,0.0,0.0,1.0,1.0,0.0,1.0,0.0,1.0,0.0,0.0,0.0,0.0,1.0,0
0.48338077823049896,-0.20431511781375786,-0.0013177945213529853,-1.8768108031549717,1.1408869873228602,0.029645611230824178,0.4823463868441678,-0.3167590448075343,0.0,0.0,1.0,0.0,1.0,0.0,0.0,1.0,0.0,1.0,0.0,0.0,1.0,0.0,0
0.6713569704259098,-0.046566232404322734,-1.9700710553372245,0.13923302702156712,-0.8326813920737407,-0.7881643537574514,-1.0344661504016404,-2.074700327124756,0.0,0.0,0.0,1.0,0.0,1.0,1.0,0.0,0.0,1.0,0.0,0.0,0.0,1.0,1
-1.58435733591902,0.026827250112444863,-0.7634158309662065,1.8192695521686828,-1.1616094553065084,-2.0148793012398647,0.9879505659261044,0.5622115963510766,1.0,0.0,0.0,0.0,1.0,0.0,1.0,0.0,0.0,1.0,0.0,1.0,0.0,0.0,1
-1.2084049515281983,0.6902803528632017,-0.5093831521512553,-0.6167834092946349,0.9216016118343487,-0.37925937126331366,-1.3041217125786733,-1.1957296859661453,0.0,0.0,1.0,0.0,0.0,1.0,1.0,0.0,0.0,1.0,0.0,0.0,0.0,1.0,1
-1.0204287593327874,-0.07799611348209835,-0.5093831521512553,-0.8687888880667023,-1.9291082695162973,-0.7881643537574514,-1.2535612946704795,0.12272627577177116,0.0,0.0,1.0,0.0,1.0,0.0,1.0,0.0,1.0,0.0,0.0,0.0,1.0,0.0,1
0.6713569704259098,-0.022415751576168166,-0.890432170373682,0.7272458108230576,-1.5453588624114027,0.8474555762190998,-0.4277411355033172,1.880667558088993,0.0,0.0,0.0,1.0,1.0,0.0,1.0,0.0,0.0,1.0,0.0,1.0,0.0,0.0,1
-0.6444763749419659,-0.23617319890621707,0.9513047510347139,0.2232348532789229,-0.39411064109671884,0.8474555762190998,0.4486394415720387,0.12272627577177116,1.0,0.0,0.0,0.0,1.0,0.0,1.0,0.0,1.0,0.0,0.0,0.0,0.0,1.0,0
0.48338077823049896,0.40698322314853747,-1.3349893582998467,0.47524033205099026,0.5926735486015822,-0.37925937126331366,0.027302625670425285,0.5622115963510766,0.0,0.0,1.0,0.0,0.0,1.0,1.0,0.0,1.0,0.0,0.0,0.0,0.0,1.0,0
-0.45650018274655507,-0.8186108588788383,2.539008993628159,1.1472549421098366,-0.6133960165852302,0.43855059372496197,-1.6917515832081575,-0.3167590448075343,0.0,0.0,1.0,0.0,0.0,1.0,1.0,0.0,1.0,0.0,0.0,0.0,0.0,1.0,1
-0.6444763749419659,0.8485430782902571,-0.12833413392882856,-0.3647779305225676,0.48303086085732594,0.8474555762190998,0.9036832027457812,1.4411822375096877,0.0,0.0,1.0,0.0,0.0,1.0,1.0,0.0,0.0,1.0,0.0,0.0,1.0,0.0,0
0.48338077823049896,-1.2164086725198948,0.633763902516025,1.735267725911327,0.6474948924737097,0.029645611230824178,-0.023257792237767996,-0.7562443653868398,0.0,0.0,0.0,1.0,1.0,0.0,1.0,0.0,0.0,1.0,0.0,1.0,0.0,0.0,0
0.48338077823049896,0.17729673527225895,1.9039272965907807,1.2312567683671922,0.7023162363458374,-1.6059743187457272,-1.4220960210311246,-1.1957296859661453,0.0,0.0,0.0,1.0,1.0,0.0,1.0,0.0,0.0,0.0,1.0,1.0,0.0,0.0,1
0.10742839383967734,1.3145103342689415,0.18920671458986038,1.9872732046833943,0.48303086085732594,-0.7881643537574514,-0.5625689165918336,0.12272627577177116,1.0,0.0,0.0,0.0,1.0,0.0,1.0,0.0,1.0,0.0,0.0,0.0,0.0,1.0,1
0.2954045860350881,-0.6575220133548711,0.5067475631085494,0.6432439845657019,1.0860656434507325,2.0741705237015133,1.4935547450080402,-0.3167590448075343,0.0,0.0,1.0,0.0,0.0,1.0,1.0,0.0,0.0,1.0,0.0,1.0,0.0,0.0,0
-0.2685239905511443,0.19742213596238775,-0.9539403400774199,-0.19677427800785602,0.8119589240900935,0.43855059372496197,-1.203000876762286,-0.7562443653868398,1.0,0.0,0.0,0.0,1.0,0.0,1.0,0.0,0.0,1.0,0.0,0.0,1.0,0.0,0
-0.08054779835573346,-0.19052707734094623,-1.6525302068185357,-1.1207943668387697,0.5378522047294545,0.43855059372496197,0.4149324962999096,-0.7562443653868398,0.0,0.0,0.0,1.0,1.0,0.0,1.0,0.0,0.0,1.0,0.0,0.0,0.0,1.0,0
0.2954045860350881,2.382591040894958,0.1256985448861226,-0.8687888880667023,-1.1616094553065084,0.8474555762190998,-0.006404319601703819,1.4411822375096877,0.0,0.0,1.0,0.0,0.0,1.0,1.0,0.0,1.0,0.0,0.0,0.0,0.0,1.0,0
-0.08054779835573346,-0.1866732772087939,-0.31885864304004197,0.39123850579363445,0.4282095169851983,2.0741705237015133,0.5329068047523619,-1.1957296859661453,0.0,0.0,1.0,0.0,1.0,0.0,1.0,0.0,0.0,1.0,0.0,0.0,0.0,1.0,0
1.7992141235983745,-1.266251154229065,-0.19184230363256635,0.47524033205099026,0.757137580217965,-1.6059743187457272,-0.8659314240409949,0.12272627577177116,0.0,0.0,1.0,0.0,0.0,1.0,1.0,0.0,0.0,1.0,0.0,0.0,0.0,1.0,1
-0.6444763749419659,2.382591040894958,1.0783210904421894,0.13923302702156712,0.15410279762455925,0.8474555762190998,1.3418734912834596,0.12272627577177116,0.0,0.0,0.0,1.0,1.0,0.0,1.0,0.0,0.0,1.0,0.0,0.0,1.0,0.0,0
-0.2685239905511443,-1.2031344720647037,-1.3984975280035845,-0.3647779305225676,0.5378522047294545,-1.6059743187457272,-0.8827848966770597,-1.1957296859661453,0.0,0.0,0.0,1.0,1.0,0.0,1.0,0.0,0.0,1.0,0.0,1.0,0.0,0.0,1
0.48338077823049896,0.9111459204369982,1.7769109571833053,0.3072366795362787,-1.1067881114343798,0.43855059372496197,0.06100957094255439,0.5622115963510766,0.0,0.0,0.0,1.0,0.0,1.0,1.0,0.0,1.0,0.0,0.0,1.0,0.0,0.0,1
0.2954045860350881,-0.45549724642715267,1.3323537692571406,-0.6167834092946349,0.09928145375243164,-0.37925937126331366,-0.15808557332628442,0.12272627577177116,0.0,0.0,0.0,1.0,1.0,0.0,0.0,1.0,0.0,1.0,0.0,1.0,0.0,0.0,0
-1.7723335281144308,-0.9601737837332337,1.6498946177758296,-0.11277245175050024,-0.5585746727131017,1.2563605587132376,-0.309766827050865,-0.3167590448075343,0.0,0.0,0.0,1.0,1.0,0.0,1.0,0.0,0.0,1.0,0.0,0.0,0.0,1.0,1
-0.2685239905511443,-1.030056026129596,-0.9539403400774199,-0.7007852355519907,-0.39411064109671884,0.8474555762190998,-1.2535612946704795,1.0016969169303822,0.0,0.0,1.0,0.0,1.0,0.0,1.0,0.0,0.0,0.0,1.0,0.0,1.0,0.0,1
1.6112379314029637,-0.8352250194485618,-0.12833413392882856,-0.4487797567799234,-1.8742869256441694,0.029645611230824178,0.8194158395654588,0.12272627577177116,0.0,0.0,1.0,0.0,0.0,1.0,1.0,0.0,0.0,1.0,0.0,0.0,0.0,1.0,0
-1.0204287593327874,-0.918124542291305,0.6972720722197627,2.155276857198106,-0.06518257786395218,-0.7881643537574514,-0.6805432250442851,0.12272627577177116,0.0,0.0,1.0,0.0,0.0,1.0,1.0,0.0,0.0,0.0,1.0,1.0,0.0,0.0,1
-0.08054779835573346,-0.840020859613018,0.5067475631085494,-1.2887980193534812,-0.28446795335246267,0.029645611230824178,0.8194158395654588,-2.074700327124756,0.0,0.0,0.0,1.0,1.0,0.0,1.0,0.0,0.0,0.0,1.0,0.0,1.0,0.0,1
0.48338077823049896,-1.0329677862294442,-0.6999076612624687,0.979251289595125,0.9764229557064764,-0.7881643537574514,-1.1861474041262212,-1.6352150065454507,0.0,0.0,1.0,0.0,1.0,0.0,1.0,0.0,0.0,1.0,0.0,0.0,0.0,1.0,1
1.423261739207553,-0.33834172240972205,-0.6363994915587309,-0.7847870618093465,0.20892414149668687,0.43855059372496197,0.5329068047523619,0.12272627577177116,0.0,1.0,0.0,0.0,1.0,0.0,1.0,0.0,0.0,1.0,0.0,0.0,0.0,1.0,0
-0.08054779835573346,0.04909365087599163,0.5702557328122871,0.47524033205099026,0.15410279762455925,1.2563605587132376,0.7520019490212007,-0.7562443653868398,1.0,0.0,0.0,0.0,1.0,0.0,1.0,0.0,0.0,1.0,0.0,0.0,0.0,1.0,0
1.7992141235983745,-1.1778706711983717,0.9513047510347139,-0.5327815830372792,0.3733881731130707,-0.37925937126331366,0.1284234614868126,0.12272627577177116,0.0,0.0,1.0,0.0,0.0,1.0,1.0,0.0,0.0,1.0,0.0,0.0,1.0,0.0,0
0.48338077823049896,-0.01830503143520569,0.6972720722197627,1.2312567683671922,0.5926735486015822,0.8474555762190998,-0.04011126487383292,1.0016969169303822,0.0,0.0,0.0,1.0,1.0,0.0,1.0,0.0,0.0,1.0,0.0,0.0,0.0,1.0,0
1.6112379314029637,0.07675537182455164,-0.06482596422509078,-1.8768108031549717,-0.9971454236901246,-0.7881643537574514,-0.6299828071360919,-1.1957296859661453,0.0,0.0,0.0,1.0,1.0,0.0,1.0,0.0,0.0,1.0,0.0,0.0,1.0,0.0,1
0.2954045860350881,0.31611918003267936,-0.06482596422509078,-0.3647779305225676,0.9764229557064764,-0.7881643537574514,-0.950198787221318,0.5622115963510766,1.0,0.0,0.0,0.0,1.0,0.0,1.0,0.0,0.0,1.0,0.0,0.0,0.0,1.0,0
-0.45650018274655507,-1.1772711911778146,1.0148129207384518,-0.4487797567799234,0.8667802679622212,-1.1970693362515892,0.6340276405687484,0.12272627577177116,0.0,0.0,1.0,0.0,0.0,1.0,1.0,0.0,0.0,1.0,0.0,1.0,0.0,0.0,0
-0.45650018274655507,-1.2605132740323048,-0.2553504733363042,-0.19677427800785602,-0.22964660948033502,1.2563605587132376,-0.2929133544148008,-0.7562443653868398,0.0,1.0,0.0,0.0,0.0,1.0,1.0,0.0,1.0,0.0,0.0,0.0,0.0,1.0,1
0.10742839383967734,-1.083238467953298,0.5067475631085494,-0.7007852355519907,1.5794577382998822,-2.0148793012398647,-1.6074842200278348,1.4411822375096877,0.0,0.0,0.0,1.0,1.0,0.0,1.0,0.0,0.0,1.0,0.0,1.0,0.0,0.0,1
0.10742839383967734,-0.8733348207554014,-0.6363994915587309,-0.7847870618093465,-0.5585746727131017,0.029645611230824178,0.7014415311130066,-0.7562443653868398,0.0,0.0,1.0,0.0,1.0,0.0,1.0,0.0,0.0,1.0,0.0,0.0,0.0,1.0,1
0.48338077823049896,-0.25133147942601625,-1.0809566794848955,-1.4568016718681929,0.7023162363458374,-1.1970693362515892,-1.1018800409458986,-0.7562443653868398,1.0,0.0,0.0,0.0,0.0,1.0,1.0,0.0,0.0,0.0,1.0,0.0,1.0,0.0,1
2.5511188923800177,0.7227379139762179,0.5067475631085494,-1.0367925405814138,-1.0519667675622522,-1.6059743187457272,0.3812255510277805,1.880667558088993,0.0,0.0,0.0,1.0,1.0,0.0,1.0,0.0,0.0,0.0,1.0,0.0,0.0,1.0,1
0.48338077823049896,2.382591040894958,-1.1444648491886333,0.055231200764211334,-0.9971454236901246,1.2563605587132376,0.22954429730319992,0.12272627577177116,0.0,0.0,1.0,0.0,1.0,0.0,1.0,0.0,0.0,1.0,0.0,0.0,0.0,1.0,0
0.48338077823049896,-0.207312517916543,0.37973122370107376,0.39123850579363445,-0.06518257786395218,-0.7881643537574514,-2.5175717423753197,-0.3167590448075343,0.0,0.0,1.0,0.0,1.0,0.0,0.0,1.0,0.0,1.0,0.0,0.0,0.0,1.0,1
-1.7723335281144308,0.0269985301183183,-1.1444648491886333,0.2232348532789229,2.6210632718703115,-1.1970693362515892,-0.7479571155885434,-0.7562443653868398,0.0,1.0,0.0,0.0,1.0,0.0,1.0,0.0,0.0,1.0,0.0,0.0,0.0,1.0,1
0.8593331626213205,0.8380949979319775,1.0148129207384518,0.13923302702156712,0.2637454853688155,0.029645611230824178,-0.5457154439557688,-0.3167590448075343,0.0,0.0,0.0,1.0,0.0,1.0,1.0,0.0,0.0,0.0,1.0,0.0,0.0,1.0,1
0.2954045860350881,0.01226844961320275,-0.6999076612624687,1.4832622471392596,0.48303086085732594,0.029645611230824178,-1.5906307473917702,0.12272627577177116,1.0,0.0,0.0,0.0,1.0,0.0,1.0,0.0,0.0,1.0,0.0,0.0,1.0,0.0,0
0.2954045860350881,-1.0076183453601757,0.18920671458986038,0.559242158308346,0.04446010988030403,0.43855059372496197,0.5160533321162969,0.12272627577177116,0.0,0.0,1.0,0.0,1.0,0.0,1.0,0.0,0.0,1.0,0.0,0.0,0.0,1.0,0
0.10742839383967734,-0.8797578209756552,-1.207973018892371,-0.11277245175050024,0.2637454853688155,-1.1970693362515892,-1.1355869862180277,1.880667558088993,0.0,0.0,0.0,1.0,1.0,0.0,1.0,0.0,0.0,1.0,0.0,0.0,1.0,0.0,1
-0.08054779835573346,-0.18256255706783142,0.887796581330976,-0.2807761042652118,-2.5321430521097033,1.2563605587132376,-1.2535612946704795,-0.3167590448075343,0.0,0.0,1.0,0.0,1.0,0.0,1.0,0.0,1.0,0.0,0.0,0.0,0.0,1.0,1
0.48338077823049896,1.0924458066540308,0.18920671458986038,-0.6167834092946349,1.5794577382998822,-1.1970693362515892,-1.5400703294835765,-1.1957296859661453,0.0,0.0,0.0,1.0,1.0,0.0,1.0,0.0,1.0,0.0,0.0,0.0,0.0,1.0,1
-0.6444763749419659,2.2232364054304594,-0.890432170373682,-0.7847870618093465,-0.06518257786395218,0.8474555762190998,0.1958373520310708,0.12272627577177116,0.0,0.0,1.0,0.0,1.0,0.0,1.0,0.0,0.0,0.0,1.0,1.0,0.0,0.0,0
0.8593331626213205,0.3761528220913189,-0.31885864304004197,-0.11277245175050024,-0.7230387043294855,-1.1970693362515892,-0.8490779514049307,0.5622115963510766,0.0,0.0,1.0,0.0,1.0,0.0,1.0,0.0,0.0,1.0,0.0,0.0,0.0,1.0,1
0.10742839383967734,-0.0038318709389002933,-1.52551386741106,0.47524033205099026,1.9632071454047775,-0.7881643537574514,-0.5794223892278978,1.880667558088993,0.0,1.0,0.0,0.0,1.0,0.0,1.0,0.0,0.0,1.0,0.0,0.0,0.0,1.0,1
1.2352855470121422,1.699290867463617,-2.0970873947447,-0.3647779305225676,0.6474948924737097,-0.37925937126331366,-0.49515502604757544,-0.3167590448075343,1.0,0.0,0.0,0.0,0.0,1.0,1.0,0.0,1.0,0.0,0.0,0.0,0.0,1.0,0
0.10742839383967734,1.5107972209998999,0.633763902516025,0.055231200764211334,1.743921769916266,0.43855059372496197,0.17898387939500587,-0.7562443653868398,1.0,0.0,0.0,0.0,1.0,0.0,1.0,0.0,0.0,1.0,0.0,0.0,0.0,1.0,0
0.10742839383967734,-0.6665998536661634,0.5067475631085494,1.5672640733966154,-0.44893198496884645,0.029645611230824178,0.5329068047523619,-0.7562443653868398,0.0,0.0,1.0,0.0,1.0,0.0,1.0,0.0,0.0,1.0,0.0,0.0,0.0,1.0,0
-1.2084049515281983,-1.1250307893864164,-0.2553504733363042,0.47524033205099026,-0.9423240798179969,1.2563605587132376,1.4429943270998462,-2.074700327124756,0.0,0.0,1.0,0.0,1.0,0.0,1.0,0.0,0.0,1.0,0.0,0.0,1.0,0.0,1
0.2954045860350881,-1.0554054669988644,-1.7160383765222733,0.055231200764211334,-1.8742869256441694,0.029645611230824178,-0.15808557332628442,0.12272627577177116,0.0,0.0,1.0,0.0,1.0,0.0,0.0,1.0,0.0,1.0,0.0,0.0,0.0,1.0,0
0.10742839383967734,-0.8171549788289142,-0.06482596422509078,1.1472549421098366,1.8535644576605212,0.43855059372496197,1.0048040385621686,-0.3167590448075343,0.0,0.0,0.0,1.0,1.0,0.0,0.0,1.0,0.0,1.0,0.0,0.0,1.0,0.0,0
0.2954045860350881,1.3476530154054513,0.37973122370107376,1.0632531158524807,2.5114205841260553,-0.37925937126331366,0.3475186057556514,-0.3167590448075343,0.0,0.0,0.0,1.0,1.0,0.0,1.0,0.0,0.0,1.0,0.0,0.0,0.0,1.0,0
0.2954045860350881,-0.16826067657739946,-0.44587498244751755,0.2232348532789229,-0.8326813920737407,0.8474555762190998,-1.3378286578508019,-0.7562443653868398,1.0,0.0,0.0,0.0,0.0,1.0,1.0,0.0,1.0,0.0,0.0,0.0,1.0,0.0,1
-1.396381143723609,-1.031854466191267,-0.06482596422509078,0.055231200764211334,1.743921769916266,-0.7881643537574514,-0.6131293345000269,1.4411822375096877,0.0,0.0,0.0,1.0,1.0,0.0,1.0,0.0,0.0,1.0,0.0,0.0,0.0,1.0,1
1.0473093548167314,-1.1949130317827785,1.840419126887043,1.0632531158524807,-0.01036123399182359,-1.1970693362515892,-0.04011126487383292,-1.1957296859661453,0.0,0.0,0.0,1.0,1.0,0.0,1.0,0.0,0.0,1.0,0.0,0.0,0.0,1.0,1
-0.45650018274655507,-0.27573888026298093,-0.0013177945213529853,-0.2807761042652118,1.031244299578604,-0.37925937126331366,-1.5063633842114474,1.4411822375096877,0.0,0.0,0.0,1.0,1.0,0.0,1.0,0.0,0.0,1.0,0.0,0.0,0.0,1.0,0
0.48338077823049896,-0.04904979248948756,-1.3984975280035845,-1.2047961930961255,0.3185668292409431,0.8474555762190998,0.836269312201523,-0.3167590448075343,0.0,0.0,0.0,1.0,0.0,1.0,0.0,1.0,0.0,0.0,1.0,0.0,0.0,1.0,1
-0.8324525671373767,2.382591040894958,1.840419126887043,1.1472549421098366,-1.2712521430507635,0.029645611230824178,-1.203000876762286,-0.7562443653868398,1.0,0.0,0.0,0.0,0.0,1.0,1.0,0.0,0.0,1.0,0.0,1.0,0.0,0.0,1
1.0473093548167314,-0.7554085367115402,-1.5890220371147978,-0.8687888880667023,1.6342790821720108,0.8474555762190998,-2.281623125470416,-0.3167590448075343,0.0,0.0,0.0,1.0,1.0,0.0,1.0,0.0,0.0,1.0,0.0,0.0,0.0,1.0,0
-1.0204287593327874,0.2882005390753092,0.31622305399733597,2.155276857198106,0.5378522047294545,0.8474555762190998,0.6340276405687484,-0.7562443653868398,0.0,0.0,0.0,1.0,0.0,1.0,1.0,0.0,0.0,1.0,0.0,0.0,0.0,1.0,0
-1.396381143723609,2.382591040894958,0.18920671458986038,0.7272458108230576,0.9764229557064764,0.8474555762190998,0.566613750024491,-0.3167590448075343,0.0,0.0,0.0,1.0,0.0,1.0,1.0,0.0,0.0,1.0,0.0,0.0,0.0,1.0,0
0.8593331626213205,0.3714426219297994,0.18920671458986038,-0.02877062549314445,-1.0519667675622522,0.029645611230824178,0.6677345858408775,-0.7562443653868398,1.0,0.0,0.0,0.0,1.0,0.0,1.0,0.0,0.0,1.0,0.0,0.0,0.0,1.0,0
-0.6444763749419659,-0.6958030946675843,-0.7634158309662065,-0.11277245175050024,-0.22964660948033502,-0.7881643537574514,-0.5962758618639628,2.320152878668299,0.0,0.0,0.0,1.0,1.0,0.0,1.0,0.0,0.0,1.0,0.0,0.0,0.0,1.0,1
-0.08054779835573346,-0.4221832852847693,-0.44587498244751755,-1.372799845610837,0.4282095169851983,0.029645611230824178,-0.3266202996869299,1.0016969169303822,0.0,0.0,0.0,1.0,1.0,0.0,1.0,0.0,0.0,1.0,0.0,0.0,0.0,1.0,0
1.423261739207553,-1.110900188901858,-1.1444648491886333,-1.8768108031549717,-0.6133960165852302,-0.7881643537574514,-0.8996383693131239,-0.3167590448075343,0.0,0.0,0.0,1.0,1.0,0.0,1.0,0.0,0.0,1.0,0.0,1.0,0.0,0.0,1
-1.2084049515281983,-0.6099918117249925,0.06219037518238481,0.559242158308346,0.3185668292409431,0.43855059372496197,-0.4277411355033172,0.12272627577177116,1.0,0.0,0.0,0.0,1.0,0.0,1.0,0.0,1.0,0.0,0.0,0.0,0.0,1.0,0
1.2352855470121422,2.0278059187288684,0.06219037518238481,0.13923302702156712,-2.724017755662151,-0.7881643537574514,-2.6186925781917063,-1.1957296859661453,0.0,0.0,1.0,0.0,1.0,0.0,1.0,0.0,0.0,1.0,0.0,1.0,0.0,0.0,1
0.6713569704259098,1.4168501377783198,-0.2553504733363042,-0.4487797567799234,-1.490537518539275,-1.1970693362515892,-0.6805432250442851,-0.3167590448075343,1.0,0.0,0.0,0.0,1.0,0.0,1.0,0.0,0.0,1.0,0.0,0.0,0.0,1.0,1
-0.8324525671373767,-0.8785588609345412,0.5702557328122871,-0.7847870618093465,-1.1067881114343798,1.2563605587132376,0.9542436206539753,-1.1957296859661453,0.0,0.0,0.0,1.0,1.0,0.0,1.0,0.0,1.0,0.0,0.0,0.0,1.0,0.0,1
-0.6444763749419659,-0.8330840193751438,0.2527148842935982,0.2232348532789229,-1.6001802062835302,-0.37925937126331366,0.5834672226605552,-0.3167590448075343,0.0,0.0,0.0,1.0,1.0,0.0,1.0,0.0,0.0,1.0,0.0,0.0,0.0,1.0,0
-0.6444763749419659,-1.1902028316212592,0.37973122370107376,-0.19677427800785602,1.1957083311949879,0.029645611230824178,1.2238991828310073,0.5622115963510766,0.0,0.0,0.0,1.0,0.0,1.0,1.0,0.0,0.0,1.0,0.0,0.0,1.0,0.0,0
0.10742839383967734,-1.2997363953773218,0.2527148842935982,0.055231200764211334,-1.3260734869228912,0.8474555762190998,1.6283825260965565,-1.1957296859661453,0.0,0.0,1.0,0.0,0.0,1.0,0.0,1.0,1.0,0.0,0.0,0.0,0.0,1.0,1
1.6112379314029637,-1.0422169065466098,0.1256985448861226,0.055231200764211334,0.04446010988030403,-0.7881643537574514,-0.39403419023118813,0.5622115963510766,0.0,0.0,1.0,0.0,1.0,0.0,1.0,0.0,0.0,0.0,1.0,0.0,0.0,1.0,1
-1.58435733591902,1.7042579876339465,-0.5093831521512553,-0.7007852355519907,-0.8326813920737407,-1.6059743187457272,1.3924339091916529,0.12272627577177116,0.0,0.0,0.0,1.0,0.0,1.0,0.0,1.0,1.0,0.0,0.0,1.0,0.0,0.0,1
1.7992141235983745,-0.36643164337296563,1.268845599553403,-0.2807761042652118,1.3601723628113718,-0.37925937126331366,-0.3266202996869299,0.12272627577177116,0.0,0.0,1.0,0.0,1.0,0.0,1.0,0.0,1.0,0.0,0.0,0.0,0.0,1.0,1
1.7992141235983745,1.1308981679726173,-1.843054715929749,-1.8768108031549717,1.5246363944277546,-1.1970693362515892,-1.7423120011163509,-1.1957296859661453,0.0,0.0,0.0,1.0,1.0,0.0,1.0,0.0,0.0,1.0,0.0,0.0,0.0,1.0,1
0.6713569704259098,0.852225598416536,-1.52551386741106,-0.7847870618093465,2.6210632718703115,0.43855059372496197,0.2801047152113932,0.5622115963510766,0.0,1.0,0.0,0.0,1.0,0.0,1.0,0.0,0.0,1.0,0.0,0.0,0.0,1.0,0
-1.0204287593327874,-0.565459010197899,0.2527148842935982,-1.1207943668387697,-0.44893198496884645,-2.0148793012398647,-1.2872682399426085,0.5622115963510766,0.0,0.0,1.0,0.0,1.0,0.0,1.0,0.0,1.0,0.0,0.0,0.0,0.0,1.0,1
-1.58435733591902,-0.2812198404509309,-0.38236681274377976,-0.4487797567799234,-0.8875027359458694,0.8474555762190998,-1.809725891660609,-1.6352150065454507,0.0,0.0,1.0,0.0,1.0,0.0,1.0,0.0,0.0,1.0,0.0,0.0,1.0,0.0,1
-0.08054779835573346,-0.5729953304563302,0.8242884116272383,1.735267725911327,-0.9423240798179969,0.029645611230824178,-1.1355869862180277,0.5622115963510766,0.0,0.0,1.0,0.0,0.0,1.0,1.0,0.0,0.0,0.0,1.0,0.0,0.0,1.0,1
-0.2685239905511443,1.2139689708212342,-1.0809566794848955,-2.128816281927039,2.1276711770211603,0.029645611230824178,-0.3771807175951232,1.0016969169303822,0.0,0.0,0.0,1.0,1.0,0.0,1.0,0.0,0.0,1.0,0.0,0.0,0.0,1.0,1
1.2352855470121422,-1.1926863917064239,-0.6363994915587309,-1.2887980193534812,-0.01036123399182359,0.029645611230824178,0.212690824667135,1.880667558088993,1.0,0.0,0.0,0.0,0.0,1.0,1.0,0.0,0.0,1.0,0.0,0.0,0.0,1.0,0
0.8593331626213205,0.5013585063848011,-1.207973018892371,-0.6167834092946349,-0.6133960165852302,-0.37925937126331366,-0.5457154439557688,1.880667558088993,0.0,1.0,0.0,0.0,0.0,1.0,1.0,0.0,0.0,1.0,0.0,1.0,0.0,0.0,0
-0.08054779835573346,-1.091716828244033,-0.19184230363256635,0.39123850579363445,0.48303086085732594,0.8474555762190998,-0.6299828071360919,0.12272627577177116,0.0,0.0,0.0,1.0,0.0,1.0,1.0,0.0,0.0,1.0,0.0,0.0,0.0,1.0,0
-1.0204287593327874,0.0037044493195309185,1.6498946177758296,2.6592878147422407,-1.1616094553065084,-1.1970693362515892,0.6003206952966192,-1.6352150065454507,0.0,0.0,1.0,0.0,0.0,1.0,1.0,0.0,0.0,1.0,0.0,1.0,0.0,0.0,1
-0.08054779835573346,-0.38758472409833505,-0.5093831521512553,-2.128816281927039,-0.6682173604573579,-1.6059743187457272,-0.25920640914267173,-0.3167590448075343,0.0,1.0,0.0,0.0,0.0,1.0,1.0,0.0,0.0,1.0,0.0,0.0,0.0,1.0,0
0.2954045860350881,-0.7315149758921958,-0.19184230363256635,0.6432439845657019,0.4282095169851983,2.0741705237015133,0.06100957094255439,0.5622115963510766,0.0,1.0,0.0,0.0,1.0,0.0,1.0,0.0,0.0,1.0,0.0,0.0,1.0,0.0,0
0.2954045860350881,-0.3353443223069369,-0.5728913218549931,-0.4487797567799234,-1.1067881114343798,-0.37925937126331366,1.3755804365555886,0.5622115963510766,0.0,0.0,1.0,0.0,1.0,0.0,1.0,0.0,0.0,1.0,0.0,0.0,0.0,1.0,0
-1.9603097203098414,-0.828459459216561,0.2527148842935982,-1.4568016718681929,-1.983929613388425,0.029645611230824178,0.263251242575329,0.12272627577177116,0.0,0.0,1.0,0.0,0.0,1.0,1.0,0.0,0.0,1.0,0.0,0.0,0.0,1.0,0
-0.6444763749419659,0.16701993491985276,-0.06482596422509078,0.8112476370804134,0.2637454853688155,-0.37925937126331366,0.8699762574736521,-1.1957296859661453,0.0,0.0,1.0,0.0,1.0,0.0,1.0,0.0,0.0,1.0,0.0,0.0,1.0,0.0,0
-0.08054779835573346,-1.1460982301088491,-0.19184230363256635,-1.0367925405814138,-2.0387509572605533,0.029645611230824178,0.1621304067589417,0.12272627577177116,0.0,0.0,0.0,1.0,1.0,0.0,1.0,0.0,0.0,0.0,1.0,0.0,0.0,1.0,1
-0.6444763749419659,0.49904622630550965,-0.06482596422509078,-1.1207943668387697,-0.1200039217360798,1.2563605587132376,0.06100957094255439,-0.3167590448075343,0.0,0.0,1.0,0.0,1.0,0.0,1.0,0.0,0.0,1.0,0.0,0.0,0.0,1.0,0
-1.58435733591902,2.382591040894958,-0.19184230363256635,0.39123850579363445,-0.6133960165852302,0.8474555762190998,1.0385109838342976,-1.1957296859661453,0.0,0.0,0.0,1.0,1.0,0.0,1.0,0.0,0.0,0.0,1.0,0.0,0.0,1.0,1
0.10742839383967734,0.53270274745964,-0.890432170373682,-1.2047961930961255,-0.44893198496884645,-0.37925937126331366,-0.2929133544148008,0.12272627577177116,0.0,0.0,0.0,1.0,0.0,1.0,1.0,0.0,0.0,0.0,1.0,0.0,0.0,1.0,1
-0.6444763749419659,1.5741708231730713,-0.44587498244751755,-0.7007852355519907,1.1408869873228602,0.43855059372496197,0.2801047152113932,-0.7562443653868398,0.0,0.0,0.0,1.0,1.0,0.0,1.0,0.0,1.0,0.0,0.0,0.0,1.0,0.0,0
-1.58435733591902,0.6558530716826408,-0.31885864304004197,-0.3647779305225676,-0.9971454236901246,1.2563605587132376,-0.0569647375098971,0.12272627577177116,0.0,1.0,0.0,0.0,1.0,0.0,1.0,0.0,1.0,0.0,0.0,0.0,0.0,1.0,0
-0.2685239905511443,-0.2288081586536593,0.887796581330976,-0.3647779305225676,1.5794577382998822,-0.37925937126331366,1.3250200186473946,-0.7562443653868398,0.0,1.0,0.0,0.0,1.0,0.0,1.0,0.0,0.0,1.0,0.0,1.0,0.0,0.0,0
1.2352855470121422,-1.1728179110251054,1.0148129207384518,0.8952494633377692,0.3185668292409431,1.6652655412073754,1.6115290534604916,1.0016969169303822,0.0,0.0,1.0,0.0,0.0,1.0,1.0,0.0,0.0,0.0,1.0,1.0,0.0,0.0,0
0.2954045860350881,0.8409211180288891,1.0148129207384518,-0.5327815830372792,0.5926735486015822,-0.7881643537574514,0.3643720783917163,1.4411822375096877,1.0,0.0,0.0,0.0,1.0,0.0,1.0,0.0,0.0,1.0,0.0,0.0,1.0,0.0,0
0.6713569704259098,2.382591040894958,-1.3984975280035845,-0.4487797567799234,0.9216016118343487,0.8474555762190998,-0.309766827050865,1.0016969169303822,0.0,0.0,0.0,1.0,1.0,0.0,1.0,0.0,0.0,1.0,0.0,0.0,0.0,1.0,0
-0.45650018274655507,-0.548159729604682,-0.8269240006699443,-0.6167834092946349,-0.9423240798179969,0.8474555762190998,-1.1692939314901567,-1.1957296859661453,0.0,0.0,1.0,0.0,1.0,0.0,1.0,0.0,0.0,1.0,0.0,1.0,0.0,0.0,1
0.10742839383967734,-0.4588372065416847,0.8242884116272383,-0.4487797567799234,-1.7098228940277864,-0.7881643537574514,-0.3266202996869299,0.12272627577177116,0.0,0.0,0.0,1.0,1.0,0.0,1.0,0.0,0.0,0.0,1.0,0.0,1.0,0.0,1
1.7992141235983745,-0.8795009009668451,-0.06482596422509078,-0.4487797567799234,-0.1200039217360798,0.029645611230824178,2.285667958903073,1.0016969169303822,1.0,0.0,0.0,0.0,1.0,0.0,1.0,0.0,0.0,1.0,0.0,0.0,0.0,1.0,0
-0.6444763749419659,-0.4987454479101954,-0.7634158309662065,-0.3647779305225676,-0.1748252656082074,-0.37925937126331366,0.6508811132048133,-0.7562443653868398,0.0,0.0,1.0,0.0,0.0,1.0,1.0,0.0,1.0,0.0,0.0,0.0,0.0,1.0,0
1.423261739207553,0.578605789033721,-0.44587498244751755,2.2392786834554617,-1.0519667675622522,0.8474555762190998,-0.49515502604757544,-0.7562443653868398,0.0,0.0,1.0,0.0,1.0,0.0,1.0,0.0,0.0,1.0,0.0,0.0,0.0,1.0,1
-0.8324525671373767,-0.8363383394867391,0.633763902516025,0.559242158308346,-0.06518257786395218,-0.7881643537574514,-0.7648105882246076,1.880667558088993,0.0,0.0,0.0,1.0,0.0,1.0,0.0,1.0,0.0,1.0,0.0,0.0,0.0,1.0,1
1.9871903157937854,-0.5148457684622985,-1.9700710553372245,0.13923302702156712,-1.0519667675622522,-1.1970693362515892,-0.309766827050865,0.5622115963510766,0.0,0.0,1.0,0.0,1.0,0.0,1.0,0.0,0.0,1.0,0.0,0.0,1.0,0.0,1
-0.08054779835573346,1.8139628313958827,1.9674354662945186,1.2312567683671922,-1.6001802062835302,0.43855059372496197,-0.7985175334967366,1.0016969169303822,0.0,0.0,1.0,0.0,1.0,0.0,1.0,0.0,0.0,1.0,0.0,0.0,1.0,0.0,1
0.48338077823049896,0.13653209387438103,0.31622305399733597,1.1472549421098366,1.5794577382998822,-0.37925937126331366,1.712649889276879,0.5622115963510766,0.0,0.0,1.0,0.0,0.0,1.0,1.0,0.0,0.0,1.0,0.0,1.0,0.0,0.0,0
1.6112379314029637,-0.3909246842128671,-0.31885864304004197,-2.128816281927039,0.5926735486015822,-0.37925937126331366,0.1284234614868126,2.320152878668299,0.0,1.0,0.0,0.0,1.0,0.0,1.0,0.0,1.0,0.0,0.0,1.0,0.0,0.0,0
-0.2685239905511443,-0.570939970385849,1.0148129207384518,1.1472549421098366,1.743921769916266,-0.7881643537574514,-1.4389494936671892,0.5622115963510766,0.0,0.0,0.0,1.0,1.0,0.0,0.0,1.0,0.0,1.0,0.0,0.0,0.0,1.0,1
0.6713569704259098,-0.5997150113725863,0.5702557328122871,0.055231200764211334,-0.22964660948033502,0.43855059372496197,1.055364456470362,1.0016969169303822,0.0,0.0,0.0,1.0,1.0,0.0,1.0,0.0,1.0,0.0,0.0,0.0,0.0,1.0,0
-0.08054779835573346,0.18474741552775345,-0.06482596422509078,-1.1207943668387697,0.2637454853688155,-0.37925937126331366,-0.309766827050865,1.4411822375096877,1.0,0.0,0.0,0.0,1.0,0.0,1.0,0.0,0.0,1.0,0.0,0.0,0.0,1.0,0
2.6451069884777234,-1.3050460755593984,0.5702557328122871,0.39123850579363445,2.018028489276905,1.2563605587132376,1.1901922375588783,-1.6352150065454507,0.0,1.0,0.0,0.0,1.0,0.0,1.0,0.0,0.0,1.0,0.0,0.0,0.0,1.0,1
-0.6444763749419659,-0.9707931440973868,2.2849763148132074,-0.6167834092946349,-0.3392892972245912,1.6652655412073754,1.139631819650685,-0.7562443653868398,0.0,1.0,0.0,0.0,1.0,0.0,1.0,0.0,0.0,1.0,0.0,1.0,0.0,0.0,1
0.2954045860350881,-0.06686291310032498,0.6972720722197627,0.47524033205099026,-0.01036123399182359,-0.37925937126331366,1.5946755808244275,-1.1957296859661453,0.0,0.0,1.0,0.0,1.0,0.0,1.0,0.0,0.0,0.0,1.0,0.0,0.0,1.0,0
1.6112379314029637,-0.8745337807965154,0.5067475631085494,-1.2047961930961255,-0.3392892972245912,0.43855059372496197,-0.20864599123447844,1.0016969169303822,0.0,0.0,0.0,1.0,1.0,0.0,0.0,1.0,1.0,0.0,0.0,0.0,1.0,0.0,0
0.48338077823049896,1.0191379641402,0.31622305399733597,0.3072366795362787,-2.0935723011326806,1.2563605587132376,0.6508811132048133,-1.1957296859661453,1.0,0.0,0.0,0.0,0.0,1.0,1.0,0.0,0.0,0.0,1.0,0.0,1.0,0.0,1
-0.2685239905511443,0.3953361827491438,-0.2553504733363042,-0.3647779305225676,-1.1616094553065084,-2.0148793012398647,-0.3771807175951232,-0.3167590448075343,0.0,0.0,1.0,0.0,1.0,0.0,1.0,0.0,0.0,1.0,0.0,0.0,0.0,1.0,1
-0.45650018274655507,-0.1707442366625643,1.268845599553403,-0.02877062549314445,-0.01036123399182359,1.2563605587132376,0.9373901480179103,-0.3167590448075343,0.0,0.0,0.0,1.0,0.0,1.0,1.0,0.0,0.0,1.0,0.0,0.0,0.0,1.0,0
1.7992141235983745,-0.07791047347916163,0.44323939340481155,-0.2807761042652118,-1.6001802062835302,-1.1970693362515892,0.5329068047523619,-0.7562443653868398,1.0,0.0,0.0,0.0,0.0,1.0,1.0,0.0,0.0,1.0,0.0,0.0,0.0,1.0,1
1.2352855470121422,0.3842886223703071,-0.0013177945213529853,-0.952790714324058,-0.06518257786395218,0.8474555762190998,1.8306241977293312,0.5622115963510766,1.0,0.0,0.0,0.0,0.0,1.0,1.0,0.0,1.0,0.0,0.0,1.0,0.0,0.0,0
-1.9603097203098414,-0.470912446955762,-1.207973018892371,-0.7847870618093465,-0.22964660948033502,0.029645611230824178,0.6845880584769425,2.539895538957951,0.0,0.0,1.0,0.0,0.0,1.0,1.0,0.0,0.0,1.0,0.0,0.0,0.0,1.0,1
0.2954045860350881,-0.5637462101391646,-0.0013177945213529853,-0.6167834092946349,0.3185668292409431,-0.7881643537574514,-1.1355869862180277,0.12272627577177116,0.0,1.0,0.0,0.0,1.0,0.0,1.0,0.0,0.0,1.0,0.0,1.0,0.0,0.0,1
1.423261739207553,-0.8892638613016309,0.633763902516025,1.8192695521686828,0.5378522047294545,0.43855059372496197,0.1452769341228775,2.539895538957951,1.0,0.0,0.0,0.0,1.0,0.0,1.0,0.0,0.0,1.0,0.0,0.0,1.0,0.0,0
-0.6444763749419659,-1.0347662262911155,-0.6999076612624687,0.13923302702156712,1.1957083311949879,2.0741705237015133,0.566613750024491,1.0016969169303822,0.0,0.0,1.0,0.0,0.0,1.0,1.0,0.0,0.0,1.0,0.0,0.0,0.0,1.0,0
-1.0204287593327874,-0.11901767488878642,2.2214681451094695,1.315258594624548,-1.490537518539275,0.8474555762190998,-1.4052425483950601,0.12272627577177116,0.0,0.0,0.0,1.0,1.0,0.0,1.0,0.0,0.0,1.0,0.0,0.0,1.0,0.0,1
-0.6444763749419659,-0.05752815278022268,-1.0809566794848955,0.055231200764211334,0.15410279762455925,-0.7881643537574514,-0.7311036429524784,-0.3167590448075343,0.0,0.0,1.0,0.0,1.0,0.0,1.0,0.0,1.0,0.0,0.0,0.0,0.0,1.0,1
1.423261739207553,-0.5655446502008358,0.2527148842935982,0.8952494633377692,-1.216430799178636,-0.37925937126331366,1.089071401742491,-0.7562443653868398,0.0,1.0,0.0,0.0,1.0,0.0,1.0,0.0,1.0,0.0,0.0,1.0,0.0,0.0,1
-1.7723335281144308,-0.9103313020240636,0.5067475631085494,0.13923302702156712,0.09928145375243164,0.43855059372496197,0.6171741679326842,0.5622115963510766,0.0,0.0,0.0,1.0,0.0,1.0,0.0,1.0,0.0,1.0,0.0,1.0,0.0,0.0,0
-0.2685239905511443,-0.18872863727927514,0.6972720722197627,0.979251289595125,-0.8326813920737407,-0.37925937126331366,-0.7142501703164142,0.12272627577177116,0.0,0.0,0.0,1.0,1.0,0.0,1.0,0.0,1.0,0.0,0.0,0.0,0.0,1.0,0
0.2954045860350881,-0.009997951150344013,0.7607802419235005,-0.4487797567799234,-1.1067881114343798,0.43855059372496197,1.3250200186473946,0.5622115963510766,0.0,0.0,1.0,0.0,1.0,0.0,1.0,0.0,0.0,1.0,0.0,1.0,0.0,0.0,0
2.5511188923800177,-0.6792745741007976,-0.890432170373682,1.4832622471392596,0.09928145375243164,1.6652655412073754,-0.5120084986836396,-1.6352150065454507,0.0,0.0,0.0,1.0,0.0,1.0,1.0,0.0,0.0,1.0,0.0,0.0,0.0,1.0,1
-0.8324525671373767,-0.15147523600180268,-1.0174485097811576,0.39123850579363445,-0.44893198496884645,0.43855059372496197,0.4823463868441678,0.5622115963510766,1.0,0.0,0.0,0.0,1.0,0.0,1.0,0.0,1.0,0.0,0.0,0.0,1.0,0.0,0
-1.7723335281144308,-0.6298602924063111,-1.1444648491886333,-0.7007852355519907,-0.1200039217360798,0.43855059372496197,-0.12437862805415531,2.320152878668299,0.0,0.0,0.0,1.0,1.0,0.0,1.0,0.0,0.0,1.0,0.0,0.0,1.0,0.0,0
0.10742839383967734,-0.8192959789023321,1.3323537692571406,-0.11277245175050024,0.757137580217965,0.8474555762190998,0.43178596893597454,0.12272627577177116,1.0,0.0,0.0,0.0,1.0,0.0,0.0,1.0,1.0,0.0,0.0,0.0,1.0,0.0,0
1.423261739207553,-0.4271504054550989,0.37973122370107376,-0.19677427800785602,-1.8194655817720418,-0.7881643537574514,-0.6636897524082209,1.0016969169303822,0.0,0.0,1.0,0.0,0.0,1.0,1.0,0.0,0.0,1.0,0.0,1.0,0.0,0.0,1
-1.7723335281144308,-0.4859850874726244,-1.7795465462260112,-0.19677427800785602,-2.1483936450048082,-0.37925937126331366,0.6845880584769425,0.12272627577177116,0.0,0.0,1.0,0.0,0.0,1.0,1.0,0.0,0.0,1.0,0.0,0.0,1.0,0.0,0
-1.0204287593327874,-0.8014828582914947,-1.2714811885961088,-0.952790714324058,-2.1483936450048082,0.43855059372496197,-0.49515502604757544,-0.7562443653868398,0.0,0.0,0.0,1.0,1.0,0.0,1.0,0.0,1.0,0.0,0.0,0.0,0.0,1.0,1
-0.8324525671373767,0.23998521742193676,0.9513047510347139,0.47524033205099026,0.9216016118343487,-0.37925937126331366,0.3643720783917163,-1.1957296859661453,0.0,0.0,0.0,1.0,1.0,0.0,1.0,0.0,0.0,0.0,1.0,0.0,0.0,1.0,1
1.0473093548167314,-0.3605224831703321,-1.7795465462260112,0.559242158308346,-0.9423240798179969,-0.7881643537574514,-1.4220960210311246,1.4411822375096877,0.0,0.0,0.0,1.0,1.0,0.0,1.0,0.0,0.0,1.0,0.0,1.0,0.0,0.0,1
-1.0204287593327874,0.7101488335445203,-1.0174485097811576,0.39123850579363445,-1.0519667675622522,-1.6059743187457272,0.1958373520310708,0.5622115963510766,0.0,0.0,0.0,1.0,0.0,1.0,0.0,1.0,0.0,1.0,0.0,0.0,0.0,1.0,1
2.363142700184607,1.2765718129679753,2.157959975405732,0.055231200764211334,0.20892414149668687,0.029645611230824178,0.6677345858408775,-0.3167590448075343,0.0,0.0,0.0,1.0,1.0,0.0,1.0,0.0,0.0,0.0,1.0,0.0,0.0,1.0,1
-1.9603097203098414,0.9036952401815037,-1.4620056977073221,-1.4568016718681929,1.6891004260441382,0.029645611230824178,-1.3209751852147373,1.0016969169303822,0.0,0.0,0.0,1.0,0.0,1.0,1.0,0.0,1.0,0.0,0.0,0.0,0.0,1.0,0
0.6713569704259098,1.621101544782393,-0.0013177945213529853,0.3072366795362787,0.8119589240900935,0.8474555762190998,-0.3771807175951232,-0.3167590448075343,0.0,1.0,0.0,0.0,0.0,1.0,1.0,0.0,0.0,1.0,0.0,0.0,0.0,1.0,0
1.7992141235983745,2.382591040894958,0.5702557328122871,1.0632531158524807,1.2505296750671155,1.2563605587132376,0.4823463868441678,0.5622115963510766,1.0,0.0,0.0,0.0,1.0,0.0,1.0,0.0,0.0,1.0,0.0,0.0,0.0,1.0,0
0.2954045860350881,-0.9185527423059886,-0.2553504733363042,-1.372799845610837,-0.9423240798179969,-0.37925937126331366,0.2801047152113932,-0.3167590448075343,0.0,0.0,0.0,1.0,1.0,0.0,1.0,0.0,1.0,0.0,0.0,1.0,0.0,0.0,0
2.6451069884777234,2.2241784454627633,0.37973122370107376,0.2232348532789229,0.09928145375243164,-0.7881643537574514,-1.270414767306544,2.539895538957951,0.0,0.0,0.0,1.0,0.0,1.0,1.0,0.0,0.0,1.0,0.0,0.0,0.0,1.0,1
-0.45650018274655507,-0.7156715753489029,1.9039272965907807,-1.2887980193534812,1.3601723628113718,-1.1970693362515892,-0.49515502604757544,-0.7562443653868398,0.0,0.0,1.0,0.0,1.0,0.0,1.0,0.0,0.0,1.0,0.0,0.0,0.0,1.0,1
-0.2685239905511443,-0.7954880580859244,-0.06482596422509078,0.8112476370804134,1.7987431137883936,-1.6059743187457272,-0.07381821014596203,-0.3167590448075343,0.0,1.0,0.0,0.0,1.0,0.0,1.0,0.0,0.0,1.0,0.0,0.0,0.0,1.0,0
-0.8324525671373767,-0.8780450209169208,-0.12833413392882856,0.39123850579363445,-0.8326813920737407,-1.1970693362515892,0.2801047152113932,-1.1957296859661453,0.0,0.0,0.0,1.0,1.0,0.0,1.0,0.0,0.0,1.0,0.0,0.0,1.0,0.0,1
-1.9603097203098414,-0.7157572153518397,-0.7634158309662065,-0.7007852355519907,0.2637454853688155,0.43855059372496197,0.06100957094255439,1.0016969169303822,0.0,0.0,0.0,1.0,0.0,1.0,1.0,0.0,0.0,1.0,0.0,1.0,0.0,0.0,0
-1.9603097203098414,-0.35598356301468603,0.31622305399733597,-0.4487797567799234,0.4282095169851983,0.43855059372496197,-1.6411911652999638,0.12272627577177116,0.0,0.0,0.0,1.0,0.0,1.0,1.0,0.0,0.0,1.0,0.0,0.0,0.0,1.0,1
1.2352855470121422,-0.5398526493198202,1.0783210904421894,-0.7847870618093465,-0.7230387043294855,0.029645611230824178,0.3643720783917163,0.5622115963510766,1.0,0.0,0.0,0.0,1.0,0.0,1.0,0.0,0.0,1.0,0.0,0.0,0.0,1.0,0
0.2954045860350881,2.3516107698326003,1.7769109571833053,1.2312567683671922,0.4282095169851983,0.029645611230824178,-0.8490779514049307,-1.6352150065454507,0.0,0.0,0.0,1.0,1.0,0.0,1.0,0.0,0.0,1.0,0.0,1.0,0.0,0.0,1
-0.2685239905511443,2.382591040894958,1.1418292601459272,-0.19677427800785602,-1.490537518539275,0.029645611230824178,-0.006404319601703819,-0.3167590448075343,0.0,1.0,0.0,0.0,0.0,1.0,1.0,0.0,0.0,1.0,0.0,0.0,0.0,1.0,0
1.7992141235983745,2.382591040894958,0.2527148842935982,1.0632531158524807,-2.724017755662151,0.43855059372496197,1.6452359987326208,-0.3167590448075343,0.0,1.0,0.0,0.0,1.0,0.0,1.0,0.0,0.0,1.0,0.0,0.0,1.0,0.0,0
-0.6444763749419659,0.36570474173303924,0.9513047510347139,-0.7007852355519907,1.031244299578604,1.2563605587132376,-1.0850265683098343,0.5622115963510766,0.0,0.0,0.0,1.0,1.0,0.0,1.0,0.0,1.0,0.0,0.0,0.0,1.0,0.0,0
-0.08054779835573346,1.8444506724413543,0.37973122370107376,0.559242158308346,1.6891004260441382,0.029645611230824178,-1.7928724190245444,0.12272627577177116,0.0,0.0,0.0,1.0,1.0,0.0,1.0,0.0,0.0,0.0,1.0,0.0,1.0,0.0,1
0.48338077823049896,1.012115483899389,0.5702557328122871,0.2232348532789229,0.5926735486015822,1.2563605587132376,0.24639776993926407,0.12272627577177116,0.0,0.0,1.0,0.0,1.0,0.0,1.0,0.0,0.0,1.0,0.0,1.0,0.0,0.0,0
0.10742839383967734,0.7229948339850281,1.3323537692571406,-0.3647779305225676,-0.6133960165852302,0.029645611230824178,0.9205366753818461,1.4411822375096877,0.0,1.0,0.0,0.0,1.0,0.0,1.0,0.0,1.0,0.0,0.0,0.0,0.0,1.0,0
0.2954045860350881,1.3923570969384185,1.6498946177758296,0.055231200764211334,-0.7230387043294855,-0.37925937126331366,-0.023257792237767996,-0.7562443653868398,0.0,0.0,0.0,1.0,1.0,0.0,1.0,0.0,0.0,1.0,0.0,0.0,0.0,1.0,1
-0.6444763749419659,-0.48290204736690256,-0.12833413392882856,0.39123850579363445,-0.9423240798179969,-0.37925937126331366,1.9654519788178468,-0.7562443653868398,1.0,0.0,0.0,0.0,1.0,0.0,1.0,0.0,0.0,1.0,0.0,0.0,0.0,1.0,0
2.5511188923800177,-0.6226665321596269,-1.4620056977073221,-0.2807761042652118,-0.7230387043294855,0.029645611230824178,0.24639776993926407,1.4411822375096877,0.0,1.0,0.0,0.0,1.0,0.0,1.0,0.0,0.0,0.0,1.0,0.0,1.0,0.0,1
-1.2084049515281983,-1.011814705504075,1.7769109571833053,1.735267725911327,0.5926735486015822,-0.7881643537574514,-1.4726564389393184,0.12272627577177116,0.0,0.0,0.0,1.0,1.0,0.0,1.0,0.0,0.0,1.0,0.0,0.0,1.0,0.0,1
0.2954045860350881,-1.071077587536284,-0.5728913218549931,1.735267725911327,-0.5585746727131017,0.43855059372496197,-0.7311036429524784,1.0016969169303822,1.0,0.0,0.0,0.0,0.0,1.0,1.0,0.0,1.0,0.0,0.0,0.0,0.0,1.0,1
-0.6444763749419659,0.3498613411897464,-0.38236681274377976,-1.2047961930961255,0.9764229557064764,-1.6059743187457272,1.1901922375588783,-1.6352150065454507,0.0,0.0,0.0,1.0,1.0,0.0,1.0,0.0,0.0,1.0,0.0,1.0,0.0,0.0,1
1.7992141235983745,-1.1088448288313768,0.7607802419235005,1.315258594624548,0.09928145375243164,1.6652655412073754,-0.5962758618639628,0.12272627577177116,0.0,0.0,0.0,1.0,1.0,0.0,1.0,0.0,0.0,1.0,0.0,0.0,1.0,0.0,0
-0.08054779835573346,2.382591040894958,0.2527148842935982,-0.19677427800785602,0.3185668292409431,1.2563605587132376,0.1284234614868126,-1.1957296859661453,0.0,0.0,0.0,1.0,1.0,0.0,1.0,0.0,0.0,0.0,1.0,0.0,1.0,0.0,1
0.2954045860350881,0.16941785500208087,0.5067475631085494,0.8952494633377692,-0.1748252656082074,0.029645611230824178,0.9542436206539753,-2.074700327124756,0.0,0.0,0.0,1.0,1.0,0.0,1.0,0.0,1.0,0.0,0.0,1.0,0.0,0.0,0
1.423261739207553,0.9751190026307268,-0.5728913218549931,-2.128816281927039,-1.0519667675622522,0.43855059372496197,-0.4277411355033172,0.12272627577177116,0.0,0.0,0.0,1.0,0.0,1.0,1.0,0.0,1.0,0.0,0.0,0.0,0.0,1.0,1
0.10742839383967734,-0.6334571725296534,-0.6363994915587309,-0.11277245175050024,0.3185668292409431,1.2563605587132376,0.4149324962999096,0.5622115963510766,0.0,0.0,0.0,1.0,0.0,1.0,1.0,0.0,0.0,1.0,0.0,0.0,0.0,1.0,0
0.2954045860350881,-0.17853747692980565,-0.2553504733363042,0.47524033205099026,1.6342790821720108,-1.1970693362515892,0.6171741679326842,-1.1957296859661453,0.0,0.0,1.0,0.0,1.0,0.0,1.0,0.0,1.0,0.0,0.0,1.0,0.0,0.0,0
-0.45650018274655507,-1.0517229468725855,-0.8269240006699443,-0.952790714324058,-0.7778600482016131,0.029645611230824178,0.1621304067589417,-0.7562443653868398,0.0,0.0,1.0,0.0,0.0,1.0,0.0,1.0,0.0,1.0,0.0,1.0,0.0,0.0,0
-0.6444763749419659,-0.7687683771696683,-0.12833413392882856,-0.7007852355519907,-0.7778600482016131,0.8474555762190998,0.8025623669293939,-1.1957296859661453,0.0,1.0,0.0,0.0,1.0,0.0,0.0,1.0,0.0,1.0,0.0,0.0,0.0,1.0,1
0.6713569704259098,-0.6863826943445452,-1.0174485097811576,-2.128816281927039,0.3733881731130707,-0.37925937126331366,-1.0681730956737694,0.5622115963510766,0.0,1.0,0.0,0.0,0.0,1.0,1.0,0.0,0.0,1.0,0.0,0.0,0.0,1.0,0
-0.8324525671373767,-0.4611494866209761,0.7607802419235005,0.3072366795362787,0.15410279762455925,2.0741705237015133,-0.17493904596234933,-0.3167590448075343,1.0,0.0,0.0,0.0,1.0,0.0,1.0,0.0,0.0,1.0,0.0,0.0,1.0,0.0,0
0.10742839383967734,0.9970428433825267,-0.7634158309662065,-0.11277245175050024,1.3601723628113718,0.43855059372496197,1.8811846156375245,-0.7562443653868398,0.0,0.0,0.0,1.0,0.0,1.0,1.0,0.0,0.0,0.0,1.0,0.0,0.0,1.0,0
1.0473093548167314,-0.8743625007906419,-0.31885864304004197,-0.5327815830372792,0.6474948924737097,0.43855059372496197,0.549760277388426,1.4411822375096877,0.0,0.0,0.0,1.0,1.0,0.0,1.0,0.0,1.0,0.0,0.0,0.0,1.0,0.0,0
-0.45650018274655507,0.8619029187483852,-0.12833413392882856,-0.02877062549314445,0.8119589240900935,0.43855059372496197,0.6845880584769425,-1.1957296859661453,0.0,1.0,0.0,0.0,1.0,0.0,1.0,0.0,0.0,1.0,0.0,0.0,1.0,0.0,0
-1.9603097203098414,0.2664479783293827,-0.5728913218549931,1.9872732046833943,-1.216430799178636,-0.37925937126331366,-0.3434737723229941,1.4411822375096877,0.0,0.0,1.0,0.0,1.0,0.0,1.0,0.0,1.0,0.0,0.0,0.0,0.0,1.0,1
-0.45650018274655507,0.11272417305797333,1.4593701086646163,1.6512658996539713,-0.39411064109671884,0.029645611230824178,0.9542436206539753,-2.074700327124756,0.0,0.0,0.0,1.0,1.0,0.0,0.0,1.0,0.0,1.0,0.0,0.0,0.0,1.0,1
-0.8324525671373767,-0.17656775686226114,1.1418292601459272,1.315258594624548,-0.8326813920737407,-1.1970693362515892,-0.933345314585253,0.5622115963510766,0.0,0.0,1.0,0.0,1.0,0.0,1.0,0.0,0.0,0.0,1.0,0.0,1.0,0.0,1
-0.08054779835573346,1.3420864152145648,0.5067475631085494,0.6432439845657019,1.0860656434507325,-0.7881643537574514,2.2014005957227507,-0.7562443653868398,0.0,1.0,0.0,0.0,1.0,0.0,1.0,0.0,0.0,1.0,0.0,0.0,0.0,1.0,0
-1.7723335281144308,-0.3162466016520487,1.7134027874795674,-0.19677427800785602,-0.7778600482016131,0.43855059372496197,0.9710970932900395,-0.7562443653868398,0.0,0.0,0.0,1.0,1.0,0.0,1.0,0.0,1.0,0.0,0.0,0.0,0.0,1.0,1
0.6713569704259098,2.382591040894958,-0.0013177945213529853,-1.8768108031549717,-1.3260734869228912,1.6652655412073754,0.3475186057556514,-0.3167590448075343,0.0,1.0,0.0,0.0,0.0,1.0,1.0,0.0,0.0,1.0,0.0,0.0,0.0,1.0,0
-0.08054779835573346,-0.10617167444827869,2.2214681451094695,0.979251289595125,0.2637454853688155,0.43855059372496197,0.22954429730319992,-1.1957296859661453,0.0,0.0,1.0,0.0,0.0,1.0,1.0,0.0,1.0,0.0,0.0,0.0,0.0,1.0,0
-0.8324525671373767,1.8350302721183154,0.5067475631085494,0.8952494633377692,0.5926735486015822,-2.0148793012398647,0.7857088942933298,-0.3167590448075343,0.0,0.0,0.0,1.0,1.0,0.0,1.0,0.0,0.0,1.0,0.0,0.0,0.0,1.0,0
0.2954045860350881,-0.7304872958569552,-0.38236681274377976,0.7272458108230576,0.3185668292409431,1.6652655412073754,-0.2760598817787359,0.12272627577177116,1.0,0.0,0.0,0.0,1.0,0.0,1.0,0.0,0.0,1.0,0.0,0.0,0.0,1.0,0
-1.0204287593327874,-0.35718252305580006,1.7769109571833053,0.3072366795362787,1.2505296750671155,0.43855059372496197,-0.20864599123447844,0.5622115963510766,0.0,0.0,0.0,1.0,1.0,0.0,1.0,0.0,1.0,0.0,0.0,0.0,0.0,1.0,0
-1.0204287593327874,-0.18213435705314782,-0.9539403400774199,0.6432439845657019,-0.1200039217360798,0.8474555762190998,0.212690824667135,-0.7562443653868398,0.0,0.0,0.0,1.0,1.0,0.0,1.0,0.0,0.0,0.0,1.0,1.0,0.0,0.0,1
-0.8324525671373767,-0.4285206455020864,0.31622305399733597,-0.7007852355519907,0.5378522047294545,0.43855059372496197,0.7014415311130066,1.0016969169303822,0.0,0.0,0.0,1.0,0.0,1.0,1.0,0.0,0.0,1.0,0.0,0.0,0.0,1.0,0
-0.45650018274655507,-0.4184151251555537,-1.7160383765222733,-1.4568016718681929,0.8119589240900935,0.43855059372496197,-0.0569647375098971,2.320152878668299,1.0,0.0,0.0,0.0,1.0,0.0,1.0,0.0,0.0,1.0,0.0,0.0,0.0,1.0,0
0.48338077823049896,0.3193735001442746,-0.6999076612624687,-1.2887980193534812,-1.3260734869228912,-0.7881643537574514,-0.6131293345000269,-0.7562443653868398,0.0,0.0,0.0,1.0,0.0,1.0,0.0,1.0,0.0,1.0,0.0,0.0,0.0,1.0,1
-1.0204287593327874,-1.2998220353802585,0.9513047510347139,0.559242158308346,1.9632071454047775,-1.1970693362515892,-0.2929133544148008,0.12272627577177116,1.0,0.0,0.0,0.0,1.0,0.0,1.0,0.0,0.0,1.0,0.0,0.0,0.0,1.0,1
0.48338077823049896,0.3550853813688862,-0.6363994915587309,-0.6167834092946349,2.2373138647654165,1.6652655412073754,0.3475186057556514,-0.7562443653868398,0.0,0.0,0.0,1.0,0.0,1.0,1.0,0.0,1.0,0.0,0.0,0.0,0.0,1.0,0
0.2954045860350881,-0.07688279344392102,-1.9065628856334869,-1.1207943668387697,2.0728498331490326,-0.7881643537574514,0.07786304357861931,1.0016969169303822,0.0,0.0,0.0,1.0,0.0,1.0,1.0,0.0,0.0,1.0,0.0,0.0,0.0,1.0,0
-0.6444763749419659,1.1378350082104915,1.9039272965907807,1.9032713784260387,0.7023162363458374,0.029645611230824178,-0.3266202996869299,-0.7562443653868398,0.0,0.0,0.0,1.0,0.0,1.0,1.0,0.0,0.0,0.0,1.0,0.0,0.0,1.0,1
0.2954045860350881,-0.7030824949172053,-1.207973018892371,-0.19677427800785602,-1.2712521430507635,-1.6059743187457272,0.6508811132048133,0.12272627577177116,1.0,0.0,0.0,0.0,1.0,0.0,1.0,0.0,1.0,0.0,0.0,0.0,0.0,1.0,0
-0.08054779835573346,-1.1484105101881406,-0.890432170373682,-1.372799845610837,1.4149937066834992,0.43855059372496197,-0.4108876628672523,-0.7562443653868398,1.0,0.0,0.0,0.0,0.0,1.0,1.0,0.0,0.0,1.0,0.0,0.0,0.0,1.0,0
-0.6444763749419659,-0.6930626145736093,-1.0809566794848955,-2.128816281927039,-0.1748252656082074,-1.6059743187457272,1.8474776703653955,-0.3167590448075343,0.0,0.0,1.0,0.0,0.0,1.0,1.0,0.0,0.0,1.0,0.0,0.0,0.0,1.0,0
1.0473093548167314,-0.3797914838310937,-0.38236681274377976,0.979251289595125,0.48303086085732594,0.43855059372496197,2.016012396726041,-0.7562443653868398,0.0,1.0,0.0,0.0,0.0,1.0,1.0,0.0,0.0,0.0,1.0,0.0,0.0,1.0,1
0.2954045860350881,2.382591040894958,-1.6525302068185357,-2.128816281927039,0.9764229557064764,0.029645611230824178,-0.5794223892278978,-0.7562443653868398,0.0,0.0,1.0,0.0,0.0,1.0,1.0,0.0,1.0,0.0,0.0,1.0,0.0,0.0,1
-1.9603097203098414,-0.06309475297110936,0.2527148842935982,-0.8687888880667023,-0.1200039217360798,0.029645611230824178,0.1452769341228775,-1.1957296859661453,0.0,0.0,0.0,1.0,1.0,0.0,1.0,0.0,1.0,0.0,0.0,0.0,1.0,0.0,1
0.10742839383967734,0.30875413978012156,0.5067475631085494,-0.4487797567799234,-0.28446795335246267,2.0741705237015133,2.100279759906363,-0.3167590448075343,0.0,0.0,1.0,0.0,1.0,0.0,1.0,0.0,1.0,0.0,0.0,0.0,0.0,1.0,0
1.0473093548167314,-1.2070739121997927,-1.2714811885961088,-1.372799845610837,0.3185668292409431,0.43855059372496197,-0.5625689165918336,-2.074700327124756,0.0,1.0,0.0,0.0,1.0,0.0,1.0,0.0,1.0,0.0,0.0,1.0,0.0,0.0,1
0.10742839383967734,-0.46457508673844483,-0.19184230363256635,0.979251289595125,-0.7230387043294855,-0.7881643537574514,0.5329068047523619,-0.7562443653868398,0.0,0.0,1.0,0.0,1.0,0.0,1.0,0.0,0.0,1.0,0.0,0.0,0.0,1.0,1
0.2954045860350881,1.8401686722945185,1.3958619389608784,0.8952494633377692,1.9632071454047775,0.029645611230824178,0.2801047152113932,0.5622115963510766,0.0,0.0,1.0,0.0,1.0,0.0,1.0,0.0,1.0,0.0,0.0,0.0,0.0,1.0,0
0.6713569704259098,0.10433145277017494,-0.890432170373682,0.8112476370804134,0.8119589240900935,0.8474555762190998,0.549760277388426,0.12272627577177116,0.0,0.0,0.0,1.0,1.0,0.0,1.0,0.0,0.0,1.0,0.0,0.0,0.0,1.0,0
-1.396381143723609,2.382591040894958,0.18920671458986038,-0.11277245175050024,0.7023162363458374,0.029645611230824178,1.3924339091916529,-0.7562443653868398,0.0,0.0,0.0,1.0,1.0,0.0,1.0,0.0,0.0,1.0,0.0,0.0,0.0,1.0,0
0.2954045860350881,0.45545546481072,0.44323939340481155,-0.5327815830372792,-1.216430799178636,1.2563605587132376,0.24639776993926407,-0.3167590448075343,0.0,0.0,0.0,1.0,0.0,1.0,1.0,0.0,0.0,0.0,1.0,0.0,1.0,0.0,1
-1.9603097203098414,-1.2280557129192886,0.7607802419235005,1.315258594624548,-0.01036123399182359,-0.37925937126331366,-0.023257792237767996,-0.3167590448075343,0.0,0.0,1.0,0.0,1.0,0.0,1.0,0.0,0.0,1.0,0.0,0.0,1.0,0.0,0
-1.58435733591902,-0.8681964205791982,-0.12833413392882856,0.559242158308346,-1.6001802062835302,-0.37925937126331366,-0.10752515541809113,-1.6352150065454507,1.0,0.0,0.0,0.0,1.0,0.0,1.0,0.0,0.0,1.0,0.0,0.0,0.0,1.0,1
-0.08054779835573346,0.4800341456535582,-0.31885864304004197,-0.7847870618093465,-0.5585746727131017,-0.7881643537574514,0.212690824667135,-1.6352150065454507,0.0,0.0,0.0,1.0,0.0,1.0,0.0,1.0,0.0,1.0,0.0,1.0,0.0,0.0,1
2.6451069884777234,-0.9975128250136429,-0.38236681274377976,2.3232805097128173,-1.5453588624114027,0.029645611230824178,1.8980380882735888,1.0016969169303822,0.0,0.0,0.0,1.0,1.0,0.0,0.0,1.0,0.0,1.0,0.0,0.0,0.0,1.0,1
-0.6444763749419659,-0.6645444935956821,-2.0335792250409623,-0.7847870618093465,-0.3392892972245912,1.2563605587132376,0.4149324962999096,-1.1957296859661453,0.0,0.0,0.0,1.0,1.0,0.0,1.0,0.0,1.0,0.0,0.0,0.0,1.0,0.0,1
-1.9603097203098414,0.05885661121077752,0.5067475631085494,0.8952494633377692,0.3185668292409431,-0.37925937126331366,-0.12437862805415531,1.880667558088993,0.0,0.0,1.0,0.0,0.0,1.0,1.0,0.0,0.0,1.0,0.0,0.0,0.0,1.0,0
-1.9603097203098414,-1.11424014901639,-0.19184230363256635,-0.02877062549314445,1.031244299578604,-0.37925937126331366,0.3643720783917163,1.0016969169303822,1.0,0.0,0.0,0.0,1.0,0.0,1.0,0.0,0.0,1.0,0.0,1.0,0.0,0.0,0
0.6713569704259098,-0.7212381755397896,-0.6363994915587309,0.47524033205099026,0.20892414149668687,0.029645611230824178,-0.25920640914267173,-0.3167590448075343,0.0,1.0,0.0,0.0,1.0,0.0,1.0,0.0,0.0,0.0,1.0,0.0,0.0,1.0,0
0.10742839383967734,0.7128893136384953,0.2527148842935982,-1.372799845610837,-1.0519667675622522,0.029645611230824178,0.6677345858408775,-1.6352150065454507,0.0,0.0,0.0,1.0,1.0,0.0,1.0,0.0,0.0,1.0,0.0,1.0,0.0,0.0,0
0.2954045860350881,-0.8546653001151968,0.7607802419235005,-0.7007852355519907,-1.216430799178636,0.029645611230824178,0.2969581878474581,0.12272627577177116,0.0,0.0,0.0,1.0,1.0,0.0,1.0,0.0,1.0,0.0,0.0,0.0,1.0,0.0,0
0.8593331626213205,-1.2069026321939191,-1.4620056977073221,-0.5327815830372792,-2.258036332749064,0.43855059372496197,1.2070457101949432,1.880667558088993,0.0,0.0,0.0,1.0,1.0,0.0,1.0,0.0,0.0,1.0,0.0,0.0,1.0,0.0,0
0.8593331626213205,1.0646128056995974,0.633763902516025,0.13923302702156712,0.15410279762455925,-0.7881643537574514,-1.9445536727491255,-0.3167590448075343,0.0,1.0,0.0,0.0,0.0,1.0,1.0,0.0,0.0,1.0,0.0,1.0,0.0,0.0,1
0.6713569704259098,1.1040072070504878,-0.31885864304004197,-1.4568016718681929,-0.06518257786395218,0.029645611230824178,-0.6468362797721561,-1.1957296859661453,0.0,1.0,0.0,0.0,0.0,1.0,1.0,0.0,1.0,0.0,0.0,0.0,0.0,1.0,0
-0.2685239905511443,1.2036065304658912,-1.6525302068185357,0.8952494633377692,-0.9423240798179969,0.029645611230824178,0.5160533321162969,1.0016969169303822,0.0,0.0,0.0,1.0,1.0,0.0,1.0,0.0,0.0,0.0,1.0,0.0,0.0,1.0,1
-0.2685239905511443,0.1986210960035018,-1.2714811885961088,-0.8687888880667023,1.1408869873228602,0.43855059372496197,-0.24235293650660755,-1.1957296859661453,0.0,0.0,0.0,1.0,1.0,0.0,1.0,0.0,1.0,0.0,0.0,1.0,0.0,0.0,0
-0.8324525671373767,0.9590186820786237,-1.4620056977073221,-0.952790714324058,0.757137580217965,-1.1970693362515892,-0.17493904596234933,-0.7562443653868398,0.0,1.0,0.0,0.0,1.0,0.0,1.0,0.0,0.0,1.0,0.0,0.0,0.0,1.0,1
1.2352855470121422,-0.37208388356678906,0.44323939340481155,-0.952790714324058,0.04446010988030403,0.029645611230824178,-0.5288619713197046,2.320152878668299,0.0,0.0,1.0,0.0,1.0,0.0,1.0,0.0,1.0,0.0,0.0,0.0,0.0,1.0,0
0.8593331626213205,2.382591040894958,-0.0013177945213529853,-0.7007852355519907,0.09928145375243164,-0.37925937126331366,1.3587269639195239,-1.6352150065454507,0.0,0.0,0.0,1.0,0.0,1.0,1.0,0.0,0.0,1.0,0.0,1.0,0.0,0.0,0
1.9871903157937854,-0.34493600263584934,-0.890432170373682,-0.19677427800785602,-0.9971454236901246,0.8474555762190998,-0.9164918419491889,-0.7562443653868398,0.0,0.0,0.0,1.0,1.0,0.0,1.0,0.0,0.0,1.0,0.0,0.0,1.0,0.0,1
-0.2685239905511443,1.1441723684278087,-0.12833413392882856,-0.6167834092946349,-1.7098228940277864,-0.37925937126331366,0.6340276405687484,-1.1957296859661453,0.0,0.0,1.0,0.0,1.0,0.0,1.0,0.0,0.0,1.0,0.0,0.0,1.0,0.0,1
-0.2685239905511443,-0.6491292930670728,-1.0174485097811576,-0.7007852355519907,-0.3392892972245912,2.0741705237015133,-1.2198543493983505,1.880667558088993,1.0,0.0,0.0,0.0,1.0,0.0,1.0,0.0,0.0,1.0,0.0,0.0,0.0,1.0,1
0.10742839383967734,-0.6323438524914761,0.37973122370107376,-1.2047961930961255,-0.9423240798179969,1.6652655412073754,0.43178596893597454,1.0016969169303822,0.0,0.0,0.0,1.0,1.0,0.0,1.0,0.0,0.0,1.0,0.0,0.0,1.0,0.0,0
-1.396381143723609,0.3159479000268059,-0.12833413392882856,-2.128816281927039,1.743921769916266,1.2563605587132376,-1.7423120011163509,-0.7562443653868398,0.0,0.0,0.0,1.0,1.0,0.0,1.0,0.0,0.0,0.0,1.0,0.0,1.0,0.0,1
-0.6444763749419659,1.0615297655938756,-0.2553504733363042,1.6512658996539713,0.3733881731130707,0.029645611230824178,-0.46144808077544636,-0.3167590448075343,0.0,0.0,1.0,0.0,0.0,1.0,1.0,0.0,0.0,1.0,0.0,1.0,0.0,0.0,0
1.2352855470121422,-0.4110500849029959,0.31622305399733597,0.055231200764211334,1.305351018939243,0.43855059372496197,0.010449153034361107,-0.7562443653868398,0.0,1.0,0.0,0.0,0.0,1.0,1.0,0.0,0.0,1.0,0.0,1.0,0.0,0.0,0
-0.08054779835573346,2.0879252007904445,-0.38236681274377976,0.13923302702156712,1.2505296750671155,0.43855059372496197,-0.6131293345000269,0.12272627577177116,0.0,0.0,1.0,0.0,0.0,1.0,1.0,0.0,0.0,1.0,0.0,0.0,0.0,1.0,1
1.7992141235983745,-0.8301722592752954,-1.0809566794848955,-1.2047961930961255,1.031244299578604,0.029645611230824178,0.4991998594802327,0.5622115963510766,0.0,1.0,0.0,0.0,1.0,0.0,1.0,0.0,1.0,0.0,0.0,1.0,0.0,0.0,0
0.2954045860350881,-0.6790176540919874,-0.12833413392882856,0.8952494633377692,-0.6133960165852302,0.029645611230824178,-0.0569647375098971,0.12272627577177116,0.0,1.0,0.0,0.0,1.0,0.0,1.0,0.0,1.0,0.0,0.0,0.0,0.0,1.0,0
-1.9603097203098414,-0.4600361665827988,-0.5728913218549931,0.8952494633377692,0.15410279762455925,-2.423784283734003,0.4823463868441678,-0.3167590448075343,0.0,0.0,0.0,1.0,0.0,1.0,1.0,0.0,0.0,1.0,0.0,0.0,0.0,1.0,0
1.2352855470121422,-0.5491017696369858,-1.843054715929749,-0.02877062549314445,-1.0519667675622522,0.8474555762190998,1.2576061281031365,-0.7562443653868398,0.0,0.0,1.0,0.0,0.0,1.0,1.0,0.0,0.0,0.0,1.0,1.0,0.0,0.0,1
0.6713569704259098,-0.49591932781328374,-0.38236681274377976,1.1472549421098366,-0.8875027359458694,0.43855059372496197,-0.3771807175951232,-1.1957296859661453,1.0,0.0,0.0,0.0,1.0,0.0,1.0,0.0,0.0,1.0,0.0,0.0,0.0,1.0,1
0.6713569704259098,-0.928486982646648,-0.890432170373682,-0.19677427800785602,-0.8326813920737407,0.8474555762190998,-0.0906716827820262,-1.6352150065454507,0.0,0.0,1.0,0.0,1.0,0.0,1.0,0.0,0.0,1.0,0.0,0.0,1.0,0.0,1
0.6713569704259098,1.0596456855292677,-0.7634158309662065,-1.2887980193534812,-0.8875027359458694,-0.7881643537574514,-0.20864599123447844,-0.3167590448075343,0.0,1.0,0.0,0.0,1.0,0.0,0.0,1.0,0.0,1.0,0.0,1.0,0.0,0.0,1
-0.8324525671373767,-0.24448027919107876,2.0309436359982564,-1.372799845610837,-0.01036123399182359,-0.37925937126331366,0.1621304067589417,-1.1957296859661453,0.0,0.0,0.0,1.0,1.0,0.0,1.0,0.0,0.0,1.0,0.0,0.0,1.0,0.0,1
-0.45650018274655507,0.5512009880939711,1.522878278368354,1.0632531158524807,1.305351018939243,0.029645611230824178,-0.8153710061328016,0.12272627577177116,0.0,0.0,1.0,0.0,0.0,1.0,1.0,0.0,0.0,0.0,1.0,1.0,0.0,0.0,1
-0.2685239905511443,-0.9337110228257878,0.1256985448861226,-1.6248053243829044,-0.3392892972245912,-1.6059743187457272,-1.0007592051295113,-0.3167590448075343,0.0,1.0,0.0,0.0,1.0,0.0,1.0,0.0,1.0,0.0,0.0,0.0,1.0,0.0,1
0.8593331626213205,-0.6230090921713737,-0.2553504733363042,1.1472549421098366,1.6891004260441382,0.8474555762190998,-0.39403419023118813,-1.6352150065454507,0.0,0.0,1.0,0.0,1.0,0.0,1.0,0.0,0.0,1.0,0.0,0.0,0.0,1.0,1
-1.0204287593327874,0.5850287892539748,1.1418292601459272,-0.6167834092946349,0.6474948924737097,0.8474555762190998,0.212690824667135,0.5622115963510766,0.0,0.0,0.0,1.0,0.0,1.0,1.0,0.0,1.0,0.0,0.0,0.0,1.0,0.0,0
-0.6444763749419659,-1.2616265940704823,0.37973122370107376,1.1472549421098366,0.9764229557064764,0.029645611230824178,-0.07381821014596203,1.0016969169303822,0.0,0.0,0.0,1.0,0.0,1.0,1.0,0.0,0.0,1.0,0.0,0.0,0.0,1.0,0
-1.58435733591902,0.30215985955399427,1.3958619389608784,-0.19677427800785602,-0.28446795335246267,-0.37925937126331366,0.6003206952966192,-0.3167590448075343,0.0,0.0,0.0,1.0,1.0,0.0,1.0,0.0,0.0,1.0,0.0,1.0,0.0,0.0,1
0.2954045860350881,-0.9763597442882734,-1.1444648491886333,-0.11277245175050024,2.018028489276905,0.8474555762190998,-0.25920640914267173,1.880667558088993,0.0,0.0,1.0,0.0,1.0,0.0,1.0,0.0,1.0,0.0,0.0,0.0,1.0,0.0,0
-0.6444763749419659,1.0657261257377748,0.18920671458986038,-1.2047961930961255,-1.216430799178636,0.43855059372496197,1.2913130733752656,-0.7562443653868398,1.0,0.0,0.0,0.0,0.0,1.0,1.0,0.0,1.0,0.0,0.0,0.0,0.0,1.0,0
0.6713569704259098,-0.03851607212827121,0.8242884116272383,0.8112476370804134,-0.06518257786395218,-0.37925937126331366,0.17898387939500587,1.0016969169303822,0.0,0.0,0.0,1.0,1.0,0.0,1.0,0.0,0.0,1.0,0.0,0.0,0.0,1.0,0
-1.9603097203098414,-0.3278936420514424,-1.1444648491886333,-1.9608126294123274,0.20892414149668687,0.029645611230824178,0.6340276405687484,-0.3167590448075343,0.0,0.0,1.0,0.0,1.0,0.0,1.0,0.0,0.0,1.0,0.0,0.0,0.0,1.0,0
-0.45650018274655507,-0.44821784617753163,1.3323537692571406,2.6592878147422407,-0.6133960165852302,0.029645611230824178,-0.07381821014596203,0.12272627577177116,0.0,0.0,1.0,0.0,1.0,0.0,1.0,0.0,0.0,1.0,0.0,0.0,0.0,1.0,0
1.2352855470121422,-1.1073889487814526,0.2527148842935982,1.399260420881904,-0.8875027359458694,0.029645611230824178,-0.3266202996869299,0.5622115963510766,0.0,0.0,0.0,1.0,1.0,0.0,1.0,0.0,0.0,0.0,1.0,0.0,0.0,1.0,1
-0.8324525671373767,-0.4317749656136817,-2.414628243263389,-0.8687888880667023,-1.6001802062835302,-1.1970693362515892,1.4935547450080402,0.5622115963510766,0.0,0.0,0.0,1.0,1.0,0.0,1.0,0.0,0.0,1.0,0.0,0.0,1.0,0.0,0
1.2352855470121422,-0.638424292699983,-1.0809566794848955,-0.8687888880667023,-0.7230387043294855,0.43855059372496197,-1.1018800409458986,1.880667558088993,0.0,1.0,0.0,0.0,1.0,0.0,1.0,0.0,1.0,0.0,0.0,0.0,1.0,0.0,1
-1.58435733591902,2.382591040894958,-0.6363994915587309,-0.02877062549314445,0.4282095169851983,1.2563605587132376,0.1284234614868126,0.5622115963510766,1.0,0.0,0.0,0.0,1.0,0.0,1.0,0.0,1.0,0.0,0.0,0.0,1.0,0.0,0
1.0473093548167314,-0.07731099345860461,0.6972720722197627,-0.2807761042652118,-0.1200039217360798,1.6652655412073754,1.2744596007392013,1.880667558088993,0.0,0.0,0.0,1.0,0.0,1.0,1.0,0.0,0.0,1.0,0.0,0.0,0.0,1.0,0
-0.08054779835573346,-0.10077635426326542,-0.31885864304004197,-0.952790714324058,0.8119589240900935,1.2563605587132376,0.6340276405687484,-0.7562443653868398,0.0,0.0,1.0,0.0,1.0,0.0,1.0,0.0,0.0,1.0,0.0,0.0,0.0,1.0,0
-0.6444763749419659,0.15691441457331998,-1.207973018892371,1.1472549421098366,-2.312857676621192,-2.0148793012398647,0.17898387939500587,-1.1957296859661453,0.0,0.0,0.0,1.0,0.0,1.0,1.0,0.0,1.0,0.0,0.0,0.0,0.0,1.0,1
-0.45650018274655507,-0.328921322086683,-0.5728913218549931,-1.4568016718681929,1.5246363944277546,-0.7881643537574514,-0.4108876628672523,-0.7562443653868398,0.0,1.0,0.0,0.0,1.0,0.0,1.0,0.0,0.0,1.0,0.0,1.0,0.0,0.0,1
-0.08054779835573346,-0.5989442513461559,1.3323537692571406,1.5672640733966154,-0.8326813920737407,0.8474555762190998,0.7014415311130066,-1.1957296859661453,0.0,1.0,0.0,0.0,0.0,1.0,1.0,0.0,0.0,1.0,0.0,0.0,0.0,1.0,1
0.10742839383967734,-0.8730779007465912,-0.9539403400774199,-0.02877062549314445,1.9083858015326498,2.0741705237015133,0.549760277388426,-1.1957296859661453,0.0,0.0,0.0,1.0,1.0,0.0,1.0,0.0,0.0,1.0,0.0,1.0,0.0,0.0,0
-0.6444763749419659,0.6949049130217845,0.633763902516025,-0.8687888880667023,-0.06518257786395218,-0.7881643537574514,-1.270414767306544,0.5622115963510766,0.0,0.0,1.0,0.0,1.0,0.0,1.0,0.0,0.0,1.0,0.0,0.0,0.0,1.0,0
0.10742839383967734,-1.1692210309017632,0.633763902516025,-0.7847870618093465,0.6474948924737097,-0.37925937126331366,0.263251242575329,2.539895538957951,0.0,0.0,0.0,1.0,1.0,0.0,1.0,0.0,0.0,1.0,0.0,0.0,1.0,0.0,0
1.2352855470121422,0.6396671111276011,0.2527148842935982,1.735267725911327,-0.28446795335246267,0.8474555762190998,1.9823054514539118,0.5622115963510766,0.0,0.0,0.0,1.0,0.0,1.0,1.0,0.0,0.0,1.0,0.0,0.0,1.0,0.0,0
-0.6444763749419659,-0.013594831273686181,-1.7795465462260112,1.5672640733966154,1.305351018939243,1.2563605587132376,-0.023257792237767996,1.0016969169303822,0.0,1.0,0.0,0.0,0.0,1.0,1.0,0.0,0.0,0.0,1.0,0.0,0.0,1.0,0
-0.2685239905511443,2.382591040894958,-1.7160383765222733,-0.02877062549314445,0.09928145375243164,-0.7881643537574514,-0.10752515541809113,-1.6352150065454507,0.0,0.0,0.0,1.0,0.0,1.0,1.0,0.0,1.0,0.0,0.0,0.0,0.0,1.0,1
0.48338077823049896,-0.3868139640719046,0.06219037518238481,0.13923302702156712,1.0860656434507325,-1.6059743187457272,-1.4052425483950601,0.12272627577177116,0.0,0.0,0.0,1.0,1.0,0.0,1.0,0.0,0.0,1.0,0.0,0.0,0.0,1.0,0
-0.08054779835573346,-0.6447616529173001,-0.8269240006699443,-1.1207943668387697,0.2637454853688155,0.8474555762190998,1.6789429440047499,-1.1957296859661453,0.0,0.0,0.0,1.0,0.0,1.0,1.0,0.0,0.0,1.0,0.0,0.0,1.0,0.0,0
0.8593331626213205,-0.26537643990763804,-0.31885864304004197,1.2312567683671922,-0.8875027359458694,-1.1970693362515892,-0.15808557332628442,-1.1957296859661453,0.0,0.0,0.0,1.0,1.0,0.0,1.0,0.0,1.0,0.0,0.0,1.0,0.0,0.0,1
0.48338077823049896,-0.1666335165216018,-0.19184230363256635,0.7272458108230576,-0.39411064109671884,0.43855059372496197,0.6677345858408775,-0.3167590448075343,0.0,0.0,0.0,1.0,1.0,0.0,1.0,0.0,0.0,1.0,0.0,1.0,0.0,0.0,0
-1.2084049515281983,-1.2072451922056662,0.31622305399733597,2.3232805097128173,0.9216016118343487,-1.1970693362515892,-0.7479571155885434,-0.7562443653868398,1.0,0.0,0.0,0.0,0.0,1.0,1.0,0.0,0.0,1.0,0.0,0.0,0.0,1.0,1
-1.9603097203098414,1.0505678452179756,-0.5728913218549931,-1.7928089768976159,-1.3260734869228912,-0.37925937126331366,0.5834672226605552,-0.7562443653868398,0.0,0.0,1.0,0.0,1.0,0.0,1.0,0.0,0.0,0.0,1.0,0.0,0.0,1.0,1
0.6713569704259098,-0.8967145415571255,0.8242884116272383,-1.7928089768976159,-0.8875027359458694,0.43855059372496197,-1.96140714538519,-1.1957296859661453,0.0,1.0,0.0,0.0,1.0,0.0,1.0,0.0,0.0,1.0,0.0,0.0,0.0,1.0,1
0.8593331626213205,-0.9778156243381977,0.5702557328122871,2.3232805097128173,1.469815050555627,0.029645611230824178,-1.0176126777655763,-1.1957296859661453,0.0,0.0,0.0,1.0,0.0,1.0,1.0,0.0,0.0,1.0,0.0,0.0,0.0,1.0,0
-0.8324525671373767,-0.687067814368039,-0.6363994915587309,-1.4568016718681929,-1.8194655817720418,-0.7881643537574514,-0.39403419023118813,1.0016969169303822,0.0,1.0,0.0,0.0,1.0,0.0,1.0,0.0,1.0,0.0,0.0,0.0,1.0,0.0,1
-0.6444763749419659,-0.8079914985146853,0.5702557328122871,-0.3647779305225676,0.3185668292409431,0.029645611230824178,0.07786304357861931,-0.7562443653868398,0.0,0.0,1.0,0.0,0.0,1.0,1.0,0.0,1.0,0.0,0.0,0.0,1.0,0.0,0
1.0473093548167314,-0.0035749509300901385,-0.8269240006699443,0.979251289595125,-0.3392892972245912,-1.1970693362515892,0.33066513311958723,0.5622115963510766,0.0,0.0,1.0,0.0,1.0,0.0,1.0,0.0,0.0,0.0,1.0,0.0,0.0,1.0,1
2.5511188923800177,-0.7975434181564056,0.5067475631085494,1.6512658996539713,-0.1200039217360798,-1.6059743187457272,0.836269312201523,0.12272627577177116,0.0,0.0,1.0,0.0,0.0,1.0,1.0,0.0,0.0,0.0,1.0,0.0,0.0,1.0,1
-0.8324525671373767,0.7894514762639214,0.5067475631085494,-0.3647779305225676,2.5114205841260553,0.029645611230824178,0.263251242575329,0.5622115963510766,0.0,0.0,0.0,1.0,0.0,1.0,1.0,0.0,0.0,1.0,0.0,0.0,0.0,1.0,0
0.2954045860350881,-0.4472758061452277,-1.207973018892371,-0.3647779305225676,-0.39411064109671884,0.8474555762190998,-0.24235293650660755,-0.3167590448075343,0.0,0.0,1.0,0.0,1.0,0.0,1.0,0.0,0.0,0.0,1.0,0.0,1.0,0.0,1
-0.08054779835573346,1.0207651241959976,0.37973122370107376,-0.3647779305225676,-0.5585746727131017,0.43855059372496197,-0.0906716827820262,-1.6352150065454507,0.0,0.0,1.0,0.0,1.0,0.0,1.0,0.0,0.0,1.0,0.0,0.0,0.0,1.0,0
-0.2685239905511443,-1.3050460755593984,0.37973122370107376,0.559242158308346,-0.9971454236901246,0.029645611230824178,-0.47830155341151054,-0.7562443653868398,0.0,0.0,0.0,1.0,0.0,1.0,1.0,0.0,0.0,1.0,0.0,1.0,0.0,0.0,1
0.6713569704259098,0.19142733575681747,-0.6999076612624687,1.0632531158524807,-0.8875027359458694,2.0741705237015133,1.6957964166408148,1.4411822375096877,1.0,0.0,0.0,0.0,1.0,0.0,1.0,0.0,0.0,1.0,0.0,1.0,0.0,0.0,0
-0.08054779835573346,2.103254761316117,-1.4620056977073221,0.055231200764211334,-0.3392892972245912,0.43855059372496197,1.5778221081883625,-0.3167590448075343,0.0,0.0,0.0,1.0,1.0,0.0,1.0,0.0,0.0,1.0,0.0,0.0,0.0,1.0,0
-0.2685239905511443,-0.5002013279601196,1.4593701086646163,0.13923302702156712,-0.39411064109671884,0.8474555762190998,0.9036832027457812,-1.6352150065454507,0.0,1.0,0.0,0.0,1.0,0.0,1.0,0.0,0.0,1.0,0.0,1.0,0.0,0.0,0
0.10742839383967734,1.4026338972908245,2.6342712481837656,1.5672640733966154,0.3185668292409431,0.029645611230824178,0.07786304357861931,1.4411822375096877,0.0,1.0,0.0,0.0,0.0,1.0,1.0,0.0,0.0,1.0,0.0,0.0,1.0,0.0,1
0.2954045860350881,-0.852781220050589,0.44323939340481155,-1.5408034981255485,-1.6550015501556579,1.6652655412073754,-1.5400703294835765,0.12272627577177116,0.0,1.0,0.0,0.0,1.0,0.0,1.0,0.0,0.0,0.0,1.0,1.0,0.0,0.0,1
-1.396381143723609,-0.6832140142358867,0.06219037518238481,-0.7847870618093465,-0.5037533288409741,-0.37925937126331366,0.5834672226605552,-0.7562443653868398,1.0,0.0,0.0,0.0,1.0,0.0,1.0,0.0,0.0,1.0,0.0,0.0,0.0,1.0,1
-0.08054779835573346,-0.47673596715545885,-0.31885864304004197,0.2232348532789229,2.758116631550631,-0.7881643537574514,-1.1187335135819632,1.880667558088993,0.0,0.0,1.0,0.0,1.0,0.0,1.0,0.0,0.0,1.0,0.0,0.0,1.0,0.0,1
-0.6444763749419659,-0.9854375845995657,-0.12833413392882856,1.6512658996539713,1.3601723628113718,1.2563605587132376,-0.8153710061328016,-2.074700327124756,0.0,0.0,1.0,0.0,1.0,0.0,1.0,0.0,0.0,1.0,0.0,0.0,0.0,1.0,1
-1.2084049515281983,-0.07816739348797179,-0.19184230363256635,0.47524033205099026,-0.7778600482016131,0.029645611230824178,0.6003206952966192,-0.3167590448075343,0.0,0.0,0.0,1.0,0.0,1.0,1.0,0.0,0.0,1.0,0.0,0.0,0.0,1.0,0
0.8593331626213205,1.3376331350618553,-0.6999076612624687,-2.128816281927039,-0.8875027359458694,2.0741705237015133,0.11156998885074842,1.4411822375096877,0.0,1.0,0.0,0.0,1.0,0.0,1.0,0.0,0.0,1.0,0.0,0.0,0.0,1.0,0
0.48338077823049896,-1.1259728294187203,0.5067475631085494,1.9872732046833943,-0.7230387043294855,-0.37925937126331366,-2.163648817017964,-0.3167590448075343,0.0,0.0,0.0,1.0,1.0,0.0,1.0,0.0,0.0,0.0,1.0,0.0,0.0,1.0,1
0.48338077823049896,-0.4349436457223403,1.1418292601459272,0.13923302702156712,0.3733881731130707,1.6652655412073754,-0.7479571155885434,-1.6352150065454507,0.0,0.0,1.0,0.0,1.0,0.0,1.0,0.0,0.0,0.0,1.0,0.0,0.0,1.0,1
-0.8324525671373767,-1.101736708587629,0.6972720722197627,-0.5327815830372792,-0.5037533288409741,0.029645611230824178,0.3980790236638454,1.0016969169303822,0.0,0.0,0.0,1.0,1.0,0.0,1.0,0.0,0.0,1.0,0.0,0.0,0.0,1.0,0
2.363142700184607,-0.4369990057928215,1.205337429849665,-0.3647779305225676,0.757137580217965,0.43855059372496197,1.139631819650685,-0.7562443653868398,1.0,0.0,0.0,0.0,0.0,1.0,1.0,0.0,1.0,0.0,0.0,0.0,0.0,1.0,0
-1.0204287593327874,0.009613609522164482,-2.2876119038559133,-0.4487797567799234,0.04446010988030403,0.029645611230824178,-0.5962758618639628,-1.1957296859661453,1.0,0.0,0.0,0.0,1.0,0.0,0.0,1.0,0.0,1.0,0.0,0.0,0.0,1.0,1
1.423261739207553,-0.8645995404558561,-1.6525302068185357,-2.128816281927039,-1.3260734869228912,-2.423784283734003,-0.7142501703164142,-0.3167590448075343,1.0,0.0,0.0,0.0,1.0,0.0,1.0,0.0,0.0,1.0,0.0,0.0,0.0,1.0,1
-0.2685239905511443,-0.7963444581152916,1.0148129207384518,-0.5327815830372792,-0.6682173604573579,-2.8326892662281407,-0.6299828071360919,0.12272627577177116,0.0,0.0,0.0,1.0,1.0,0.0,1.0,0.0,0.0,1.0,0.0,0.0,0.0,1.0,1
1.9871903157937854,-0.7515547365793879,-0.44587498244751755,1.2312567683671922,-0.6133960165852302,0.8474555762190998,0.8025623669293939,-0.7562443653868398,0.0,0.0,1.0,0.0,1.0,0.0,0.0,1.0,1.0,0.0,0.0,0.0,1.0,0.0,1
0.2954045860350881,-0.8237492590550415,-1.207973018892371,-1.2887980193534812,1.7987431137883936,1.6652655412073754,1.12277834701462,0.5622115963510766,0.0,0.0,1.0,0.0,0.0,1.0,1.0,0.0,0.0,1.0,0.0,0.0,1.0,0.0,0
-1.0204287593327874,-0.5723958504357732,-1.0174485097811576,-0.2807761042652118,-0.1748252656082074,-1.1970693362515892,-0.2760598817787359,0.5622115963510766,0.0,0.0,0.0,1.0,1.0,0.0,1.0,0.0,0.0,0.0,1.0,0.0,0.0,1.0,1
-1.2084049515281983,-0.7518972965911348,-0.6363994915587309,-0.6167834092946349,0.15410279762455925,0.029645611230824178,0.1452769341228775,-0.3167590448075343,0.0,0.0,0.0,1.0,0.0,1.0,1.0,0.0,0.0,1.0,0.0,0.0,0.0,1.0,0
-0.6444763749419659,-0.4695422069087745,-1.2714811885961088,-0.7007852355519907,0.15410279762455925,1.2563605587132376,-0.006404319601703819,-0.3167590448075343,0.0,0.0,0.0,1.0,0.0,1.0,1.0,0.0,0.0,1.0,0.0,0.0,1.0,0.0,0
-0.45650018274655507,-0.16509199646874087,0.5067475631085494,-0.02877062549314445,-0.28446795335246267,0.8474555762190998,-0.20864599123447844,-1.1957296859661453,1.0,0.0,0.0,0.0,0.0,1.0,1.0,0.0,0.0,1.0,0.0,0.0,1.0,0.0,0
-0.45650018274655507,-0.6842416942711274,-0.06482596422509078,-1.372799845610837,0.3185668292409431,-0.7881643537574514,2.0834262872702993,1.880667558088993,0.0,0.0,0.0,1.0,1.0,0.0,1.0,0.0,0.0,1.0,0.0,0.0,1.0,0.0,0
-0.08054779835573346,1.44999281891483,-1.3349893582998467,0.13923302702156712,-0.3392892972245912,-0.7881643537574514,-0.15808557332628442,-2.074700327124756,0.0,0.0,0.0,1.0,1.0,0.0,1.0,0.0,0.0,1.0,0.0,0.0,0.0,1.0,1
1.423261739207553,-0.3817612038986382,-0.06482596422509078,0.8112476370804134,0.5926735486015822,-0.37925937126331366,-1.236707822034415,-1.1957296859661453,1.0,0.0,0.0,0.0,1.0,0.0,1.0,0.0,0.0,1.0,0.0,0.0,0.0,1.0,0
-1.2084049515281983,-1.1448136300647984,1.3323537692571406,0.7272458108230576,-1.5453588624114027,0.43855059372496197,0.3475186057556514,1.4411822375096877,0.0,0.0,1.0,0.0,1.0,0.0,1.0,0.0,0.0,1.0,0.0,0.0,0.0,1.0,0
-1.0204287593327874,-0.5614339300598733,0.5067475631085494,1.2312567683671922,-1.3260734869228912,1.2563605587132376,-0.006404319601703819,-1.1957296859661453,1.0,0.0,0.0,0.0,1.0,0.0,1.0,0.0,0.0,1.0,0.0,0.0,1.0,0.0,0
0.6713569704259098,0.7738649957294387,-1.207973018892371,0.8952494633377692,-0.8875027359458694,-0.37925937126331366,1.6789429440047499,-1.6352150065454507,0.0,0.0,0.0,1.0,0.0,1.0,1.0,0.0,1.0,0.0,0.0,0.0,1.0,0.0,0
0.6713569704259098,-0.07594075341161712,-0.6363994915587309,-1.6248053243829044,-0.39411064109671884,-0.7881643537574514,-0.5625689165918336,0.12272627577177116,0.0,0.0,0.0,1.0,1.0,0.0,1.0,0.0,1.0,0.0,0.0,1.0,0.0,0.0,1
0.2954045860350881,1.6467079056604719,0.5067475631085494,1.6512658996539713,-0.6133960165852302,-0.37925937126331366,-0.46144808077544636,0.12272627577177116,0.0,1.0,0.0,0.0,1.0,0.0,1.0,0.0,0.0,1.0,0.0,0.0,0.0,1.0,0
-0.8324525671373767,-0.5597211300011389,-0.7634158309662065,-0.7007852355519907,-0.9423240798179969,0.8474555762190998,1.3587269639195239,0.5622115963510766,0.0,0.0,1.0,0.0,0.0,1.0,1.0,0.0,0.0,1.0,0.0,0.0,0.0,1.0,0
0.10742839383967734,2.382591040894958,1.1418292601459272,1.399260420881904,-0.6682173604573579,-0.7881643537574514,-0.3771807175951232,1.0016969169303822,0.0,0.0,0.0,1.0,1.0,0.0,1.0,0.0,0.0,1.0,0.0,0.0,1.0,0.0,1
0.10742839383967734,-0.3082820813789339,-0.6999076612624687,0.979251289595125,0.3185668292409431,-0.7881643537574514,-1.1861474041262212,-0.3167590448075343,0.0,0.0,1.0,0.0,1.0,0.0,1.0,0.0,1.0,0.0,0.0,0.0,0.0,1.0,1
-1.58435733591902,2.382591040894958,0.5067475631085494,-0.2807761042652118,-1.983929613388425,-0.7881643537574514,-0.4445946081393814,-1.1957296859661453,1.0,0.0,0.0,0.0,1.0,0.0,1.0,0.0,1.0,0.0,0.0,0.0,0.0,1.0,1
0.48338077823049896,-0.8935458614484669,0.2527148842935982,0.7272458108230576,-1.0519667675622522,2.0741705237015133,1.1901922375588783,-0.3167590448075343,0.0,0.0,1.0,0.0,1.0,0.0,1.0,0.0,0.0,1.0,0.0,1.0,0.0,0.0,1
-1.9603097203098414,-1.2749864345286102,-2.0335792250409623,-1.0367925405814138,0.9216016118343487,2.0741705237015133,0.3475186057556514,1.4411822375096877,1.0,0.0,0.0,0.0,1.0,0.0,1.0,0.0,0.0,1.0,0.0,0.0,0.0,1.0,0
-1.0204287593327874,2.0490446394571746,-0.19184230363256635,0.47524033205099026,-0.7778600482016131,0.43855059372496197,0.11156998885074842,0.5622115963510766,0.0,1.0,0.0,0.0,1.0,0.0,1.0,0.0,0.0,1.0,0.0,1.0,0.0,0.0,0
-1.0204287593327874,-1.224287552790073,-0.19184230363256635,0.47524033205099026,0.5926735486015822,0.029645611230824178,2.100279759906363,1.0016969169303822,0.0,0.0,0.0,1.0,1.0,0.0,1.0,0.0,0.0,1.0,0.0,0.0,0.0,1.0,0
0.10742839383967734,0.8810862794062101,-0.19184230363256635,-0.02877062549314445,0.5378522047294545,-0.37925937126331366,-0.7985175334967366,-1.6352150065454507,0.0,0.0,0.0,1.0,1.0,0.0,1.0,0.0,0.0,0.0,1.0,0.0,0.0,1.0,1
-1.0204287593327874,0.7380674745018905,1.4593701086646163,0.979251289595125,-0.5037533288409741,-0.37925937126331366,0.24639776993926407,-0.3167590448075343,0.0,0.0,0.0,1.0,1.0,0.0,1.0,0.0,0.0,1.0,0.0,1.0,0.0,0.0,0
-1.0204287593327874,0.14286945409169818,-1.3349893582998467,-0.19677427800785602,-0.1748252656082074,-0.37925937126331366,0.5160533321162969,0.12272627577177116,0.0,0.0,0.0,1.0,1.0,0.0,0.0,1.0,1.0,0.0,0.0,1.0,0.0,0.0,0
0.8593331626213205,1.3159662143188657,0.31622305399733597,0.13923302702156712,0.15410279762455925,-0.7881643537574514,-1.6243376926638993,0.12272627577177116,1.0,0.0,0.0,0.0,1.0,0.0,1.0,0.0,0.0,1.0,0.0,0.0,0.0,1.0,0
-1.58435733591902,-0.49326448772224546,0.5067475631085494,-0.6167834092946349,0.9216016118343487,0.029645611230824178,0.7520019490212007,-0.3167590448075343,0.0,1.0,0.0,0.0,1.0,0.0,1.0,0.0,0.0,1.0,0.0,0.0,1.0,0.0,0
-0.8324525671373767,0.39328082267866254,0.06219037518238481,-0.5327815830372792,0.6474948924737097,2.0741705237015133,1.2913130733752656,-0.3167590448075343,0.0,0.0,0.0,1.0,1.0,0.0,1.0,0.0,0.0,1.0,0.0,0.0,0.0,1.0,0
-0.45650018274655507,-0.4069393647620334,-0.6363994915587309,-1.2887980193534812,-0.6682173604573579,0.029645611230824178,0.6340276405687484,0.12272627577177116,0.0,0.0,0.0,1.0,1.0,0.0,1.0,0.0,0.0,1.0,0.0,1.0,0.0,0.0,0
0.10742839383967734,-0.4699704069234581,1.0148129207384518,0.3072366795362787,1.9632071454047775,-0.7881643537574514,0.5329068047523619,-0.7562443653868398,0.0,0.0,1.0,0.0,0.0,1.0,1.0,0.0,1.0,0.0,0.0,0.0,1.0,0.0,1
0.10742839383967734,-0.6506708131199337,-0.8269240006699443,-1.4568016718681929,-0.5037533288409741,0.029645611230824178,0.5834672226605552,0.5622115963510766,0.0,0.0,0.0,1.0,0.0,1.0,1.0,0.0,0.0,0.0,1.0,1.0,0.0,0.0,0
1.6112379314029637,-0.08125043359369365,-0.19184230363256635,0.39123850579363445,0.5926735486015822,-0.37925937126331366,-0.006404319601703819,0.12272627577177116,0.0,1.0,0.0,0.0,0.0,1.0,1.0,0.0,0.0,1.0,0.0,0.0,0.0,1.0,0
-0.8324525671373767,0.007386969445809806,0.1256985448861226,-0.3647779305225676,0.3733881731130707,0.8474555762190998,0.2969581878474581,-0.3167590448075343,1.0,0.0,0.0,0.0,1.0,0.0,0.0,1.0,0.0,1.0,0.0,1.0,0.0,0.0,0
0.48338077823049896,-0.9527231034777393,-0.6363994915587309,-0.7007852355519907,-1.3260734869228912,0.029645611230824178,0.9542436206539753,-0.7562443653868398,0.0,0.0,0.0,1.0,1.0,0.0,1.0,0.0,0.0,1.0,0.0,0.0,0.0,1.0,1
-1.396381143723609,-0.45249984632436757,-2.0335792250409623,-1.372799845610837,-0.9423240798179969,-1.1970693362515892,-0.47830155341151054,-0.3167590448075343,0.0,0.0,0.0,1.0,1.0,0.0,1.0,0.0,0.0,1.0,0.0,0.0,1.0,0.0,1
-0.6444763749419659,-0.4307472855784411,0.633763902516025,0.3072366795362787,0.3185668292409431,0.8474555762190998,1.5441151629162335,-0.3167590448075343,1.0,0.0,0.0,0.0,1.0,0.0,1.0,0.0,0.0,0.0,1.0,0.0,0.0,1.0,0
0.10742839383967734,1.1034933670328675,0.887796581330976,1.1472549421098366,-0.1748252656082074,0.43855059372496197,0.6003206952966192,-0.3167590448075343,0.0,1.0,0.0,0.0,0.0,1.0,1.0,0.0,0.0,1.0,0.0,0.0,0.0,1.0,0
-0.6444763749419659,-0.8652846604793498,0.37973122370107376,2.6592878147422407,-0.8875027359458694,-0.37925937126331366,0.6677345858408775,0.5622115963510766,0.0,0.0,0.0,1.0,1.0,0.0,1.0,0.0,0.0,1.0,0.0,0.0,0.0,1.0,0
-0.8324525671373767,-0.05256103260989301,1.6498946177758296,1.399260420881904,0.5378522047294545,1.2563605587132376,1.3081665460113305,1.0016969169303822,0.0,0.0,0.0,1.0,1.0,0.0,1.0,0.0,0.0,1.0,0.0,0.0,0.0,1.0,0
-0.45650018274655507,0.8792021993416023,-2.414628243263389,-0.6167834092946349,0.3733881731130707,1.6652655412073754,-1.1861474041262212,1.0016969169303822,0.0,0.0,0.0,1.0,0.0,1.0,1.0,0.0,0.0,1.0,0.0,0.0,0.0,1.0,0
0.48338077823049896,-0.42252584529651616,-0.38236681274377976,0.7272458108230576,-1.9291082695162973,0.43855059372496197,2.2519610136309445,0.5622115963510766,0.0,0.0,1.0,0.0,1.0,0.0,1.0,0.0,0.0,1.0,0.0,0.0,0.0,1.0,0
-1.9603097203098414,2.382591040894958,-1.1444648491886333,0.2232348532789229,0.09928145375243164,0.8474555762190998,1.089071401742491,-0.7562443653868398,0.0,0.0,1.0,0.0,1.0,0.0,1.0,0.0,0.0,0.0,1.0,1.0,0.0,0.0,1
-1.2084049515281983,0.3711857019209892,2.6342712481837656,0.8952494633377692,1.2505296750671155,-0.7881643537574514,-0.5457154439557688,0.12272627577177116,0.0,1.0,0.0,0.0,1.0,0.0,1.0,0.0,0.0,1.0,0.0,0.0,0.0,1.0,1
0.10742839383967734,-1.103620788652237,-0.12833413392882856,0.2232348532789229,0.2637454853688155,0.8474555762190998,2.2519610136309445,-0.7562443653868398,0.0,0.0,0.0,1.0,1.0,0.0,1.0,0.0,0.0,1.0,0.0,1.0,0.0,0.0,0
0.48338077823049896,-0.24439463918814205,-0.5093831521512553,-0.8687888880667023,0.20892414149668687,0.8474555762190998,1.2238991828310073,-0.3167590448075343,0.0,0.0,1.0,0.0,1.0,0.0,1.0,0.0,0.0,0.0,1.0,0.0,1.0,0.0,0
-0.8324525671373767,2.382591040894958,-1.3984975280035845,-1.9608126294123274,-0.44893198496884645,-0.37925937126331366,0.5329068047523619,1.0016969169303822,0.0,0.0,0.0,1.0,1.0,0.0,1.0,0.0,0.0,1.0,0.0,0.0,0.0,1.0,0
-0.08054779835573346,-1.1719615109957382,1.4593701086646163,0.3072366795362787,-0.22964660948033502,-0.37925937126331366,0.9373901480179103,-0.7562443653868398,0.0,1.0,0.0,0.0,0.0,1.0,1.0,0.0,0.0,1.0,0.0,0.0,1.0,0.0,1
0.6713569704259098,0.8012697966691886,1.0148129207384518,0.6432439845657019,2.018028489276905,1.2563605587132376,0.6508811132048133,0.12272627577177116,0.0,0.0,0.0,1.0,1.0,0.0,1.0,0.0,1.0,0.0,0.0,0.0,0.0,1.0,0
-1.58435733591902,0.028968250185862823,-0.7634158309662065,0.8112476370804134,0.8119589240900935,-0.37925937126331366,-0.12437862805415531,0.5622115963510766,0.0,0.0,1.0,0.0,0.0,1.0,1.0,0.0,1.0,0.0,0.0,0.0,0.0,1.0,0
0.48338077823049896,0.12342917342506313,1.6498946177758296,2.2392786834554617,-0.9971454236901246,-0.7881643537574514,-0.2929133544148008,-0.7562443653868398,0.0,0.0,1.0,0.0,1.0,0.0,1.0,0.0,0.0,1.0,0.0,0.0,0.0,1.0,1
0.2954045860350881,1.926065595240047,1.3958619389608784,0.3072366795362787,-1.0519667675622522,0.8474555762190998,0.7520019490212007,-0.7562443653868398,0.0,0.0,1.0,0.0,1.0,0.0,1.0,0.0,1.0,0.0,0.0,0.0,0.0,1.0,1
-0.2685239905511443,-0.5066243281803735,-0.06482596422509078,0.2232348532789229,0.9216016118343487,2.0741705237015133,0.7688554216572648,-1.1957296859661453,0.0,0.0,1.0,0.0,1.0,0.0,1.0,0.0,0.0,1.0,0.0,1.0,0.0,0.0,0
0.6713569704259098,-1.1609995906198383,-0.19184230363256635,0.47524033205099026,-0.8326813920737407,0.8474555762190998,-0.7142501703164142,1.4411822375096877,0.0,0.0,0.0,1.0,1.0,0.0,1.0,0.0,0.0,0.0,1.0,0.0,0.0,1.0,1
-0.6444763749419659,2.3369663293304215,0.44323939340481155,-1.1207943668387697,0.20892414149668687,-0.37925937126331366,-0.14123210069022024,0.12272627577177116,0.0,0.0,0.0,1.0,0.0,1.0,1.0,0.0,0.0,1.0,0.0,1.0,0.0,0.0,0
-1.2084049515281983,-0.6131604918336511,0.5067475631085494,0.39123850579363445,-1.1616094553065084,-2.423784283734003,-1.4726564389393184,1.880667558088993,0.0,0.0,1.0,0.0,1.0,0.0,1.0,0.0,0.0,1.0,0.0,0.0,0.0,1.0,1
1.0473093548167314,-0.14522351578742224,2.475500823924421,1.0632531158524807,-0.28446795335246267,0.43855059372496197,-0.933345314585253,-2.074700327124756,0.0,0.0,1.0,0.0,1.0,0.0,1.0,0.0,0.0,1.0,0.0,0.0,0.0,1.0,1
2.175166507989196,-0.6604337734547197,0.44323939340481155,0.2232348532789229,-0.3392892972245912,-0.37925937126331366,0.4149324962999096,0.12272627577177116,0.0,1.0,0.0,0.0,1.0,0.0,1.0,0.0,0.0,1.0,0.0,0.0,1.0,0.0,1
-0.45650018274655507,0.8556511985340047,-0.12833413392882856,1.399260420881904,-1.216430799178636,-0.7881643537574514,-0.3266202996869299,1.880667558088993,1.0,0.0,0.0,0.0,1.0,0.0,1.0,0.0,1.0,0.0,0.0,0.0,0.0,1.0,1
1.7992141235983745,-0.3455354826564064,0.9513047510347139,0.055231200764211334,-0.6133960165852302,0.43855059372496197,-1.0007592051295113,-1.6352150065454507,0.0,1.0,0.0,0.0,1.0,0.0,1.0,0.0,0.0,1.0,0.0,1.0,0.0,0.0,1
1.2352855470121422,0.7148590337060398,-0.0013177945213529853,1.4832622471392596,-1.8194655817720418,-0.7881643537574514,-1.6243376926638993,0.12272627577177116,0.0,1.0,0.0,0.0,1.0,0.0,1.0,0.0,0.0,1.0,0.0,0.0,0.0,1.0,1
-0.45650018274655507,0.008500289483987143,0.9513047510347139,0.39123850579363445,1.6891004260441382,-0.7881643537574514,-1.7591654737524154,0.5622115963510766,0.0,0.0,0.0,1.0,1.0,0.0,1.0,0.0,0.0,1.0,0.0,0.0,0.0,1.0,1
-1.0204287593327874,-0.7208099755251061,-0.6999076612624687,-0.19677427800785602,0.09928145375243164,0.8474555762190998,1.426140854463782,0.12272627577177116,0.0,0.0,0.0,1.0,0.0,1.0,1.0,0.0,0.0,1.0,0.0,0.0,0.0,1.0,0
1.2352855470121422,0.03410665036206592,0.44323939340481155,-0.6167834092946349,-0.8326813920737407,0.029645611230824178,0.7014415311130066,0.12272627577177116,1.0,0.0,0.0,0.0,1.0,0.0,1.0,0.0,0.0,1.0,0.0,1.0,0.0,0.0,0
0.10742839383967734,1.5668057829205135,1.205337429849665,0.39123850579363445,-1.7098228940277864,0.8474555762190998,0.7857088942933298,0.12272627577177116,1.0,0.0,0.0,0.0,1.0,0.0,1.0,0.0,0.0,1.0,0.0,0.0,0.0,1.0,1
-1.2084049515281983,-0.6328576925090963,0.5067475631085494,0.979251289595125,1.0860656434507325,-0.7881643537574514,-0.7479571155885434,-0.7562443653868398,1.0,0.0,0.0,0.0,0.0,1.0,1.0,0.0,0.0,1.0,0.0,1.0,0.0,0.0,1
1.7992141235983745,-0.3856150040307905,-0.6999076612624687,0.47524033205099026,-0.44893198496884645,-0.7881643537574514,-1.4558029663032537,-0.7562443653868398,0.0,0.0,0.0,1.0,1.0,0.0,1.0,0.0,0.0,1.0,0.0,1.0,0.0,0.0,1
1.7992141235983745,-0.8340260594074477,-1.0809566794848955,-1.2887980193534812,-0.9971454236901246,0.029645611230824178,1.2576061281031365,-0.7562443653868398,0.0,1.0,0.0,0.0,1.0,0.0,1.0,0.0,0.0,1.0,0.0,0.0,0.0,1.0,0
-0.6444763749419659,-0.474851887090851,-1.0809566794848955,-1.7088071506402602,0.5926735486015822,0.029645611230824178,0.8025623669293939,0.12272627577177116,1.0,0.0,0.0,0.0,1.0,0.0,1.0,0.0,0.0,1.0,0.0,1.0,0.0,0.0,0
-1.58435733591902,-0.28550184059776684,-1.3349893582998467,-0.6167834092946349,1.7987431137883936,0.029645611230824178,-0.4277411355033172,0.12272627577177116,0.0,0.0,0.0,1.0,1.0,0.0,1.0,0.0,0.0,1.0,0.0,0.0,0.0,1.0,0
1.9871903157937854,2.382591040894958,-0.38236681274377976,-0.4487797567799234,2.292135208637544,0.43855059372496197,1.3418734912834596,0.12272627577177116,0.0,0.0,0.0,1.0,1.0,0.0,0.0,1.0,0.0,1.0,0.0,0.0,0.0,1.0,0
-0.08054779835573346,-0.6482728930377056,0.18920671458986038,-1.7928089768976159,-1.764644237899914,0.8474555762190998,2.639590884260428,-0.7562443653868398,0.0,0.0,0.0,1.0,1.0,0.0,1.0,0.0,0.0,1.0,0.0,1.0,0.0,0.0,0
0.6713569704259098,-0.3709705635286117,1.1418292601459272,0.2232348532789229,0.04446010988030403,-0.7881643537574514,-0.8322244787688657,1.4411822375096877,0.0,0.0,0.0,1.0,0.0,1.0,1.0,0.0,0.0,1.0,0.0,0.0,0.0,1.0,1
1.2352855470121422,1.7487907891610401,-2.414628243263389,-0.5327815830372792,-0.06518257786395218,-0.37925937126331366,-0.12437862805415531,-1.6352150065454507,0.0,0.0,0.0,1.0,1.0,0.0,1.0,0.0,1.0,0.0,0.0,0.0,0.0,1.0,0
1.6112379314029637,-0.565459010197899,-0.6363994915587309,1.399260420881904,-0.9971454236901246,-0.37925937126331366,-0.309766827050865,1.880667558088993,0.0,0.0,1.0,0.0,1.0,0.0,1.0,0.0,0.0,1.0,0.0,1.0,0.0,0.0,0
2.5511188923800177,-0.10360247436017714,-0.6999076612624687,-0.7847870618093465,-1.5453588624114027,2.0741705237015133,-0.47830155341151054,-0.3167590448075343,0.0,1.0,0.0,0.0,1.0,0.0,1.0,0.0,0.0,1.0,0.0,0.0,0.0,1.0,1
0.10742839383967734,-1.2152097124787808,0.9513047510347139,0.979251289595125,0.48303086085732594,-0.7881643537574514,-1.0007592051295113,0.12272627577177116,0.0,0.0,0.0,1.0,0.0,1.0,1.0,0.0,0.0,1.0,0.0,0.0,0.0,1.0,0
1.0473093548167314,-0.6814155741742156,-0.5093831521512553,-0.6167834092946349,-1.6550015501556579,0.029645611230824178,-1.0513196230377053,-0.3167590448075343,0.0,0.0,0.0,1.0,1.0,0.0,1.0,0.0,1.0,0.0,0.0,0.0,1.0,0.0,1
0.48338077823049896,-0.386985244077778,-1.9065628856334869,-1.4568016718681929,-1.2712521430507635,-0.37925937126331366,-0.3266202996869299,1.0016969169303822,0.0,0.0,1.0,0.0,1.0,0.0,1.0,0.0,0.0,0.0,1.0,0.0,0.0,1.0,1
-1.2084049515281983,0.6540546316209698,0.31622305399733597,-0.4487797567799234,-0.1200039217360798,1.6652655412073754,-1.3041217125786733,-0.3167590448075343,0.0,0.0,0.0,1.0,1.0,0.0,1.0,0.0,0.0,0.0,1.0,0.0,0.0,1.0,1
-0.8324525671373767,-0.7877804578216198,-0.6999076612624687,-0.2807761042652118,-0.5585746727131017,-0.37925937126331366,0.263251242575329,0.5622115963510766,0.0,0.0,1.0,0.0,0.0,1.0,1.0,0.0,0.0,1.0,0.0,0.0,1.0,0.0,0
-0.6444763749419659,-0.179650796967983,0.06219037518238481,1.0632531158524807,-0.01036123399182359,0.029645611230824178,0.7182950037490715,-0.3167590448075343,0.0,0.0,0.0,1.0,1.0,0.0,1.0,0.0,0.0,1.0,0.0,0.0,0.0,1.0,0
-1.58435733591902,-0.02429983164077597,0.5702557328122871,0.13923302702156712,-0.28446795335246267,-0.37925937126331366,0.07786304357861931,-1.1957296859661453,0.0,0.0,0.0,1.0,1.0,0.0,1.0,0.0,0.0,0.0,1.0,0.0,0.0,1.0,1
-0.08054779835573346,-0.24388079917052174,0.06219037518238481,-0.4487797567799234,1.1957083311949879,1.6652655412073754,0.010449153034361107,-1.1957296859661453,1.0,0.0,0.0,0.0,0.0,1.0,1.0,0.0,0.0,1.0,0.0,0.0,0.0,1.0,0
0.48338077823049896,-0.502513608039411,-0.0013177945213529853,-0.19677427800785602,0.15410279762455925,-0.37925937126331366,-0.36032724495905905,-1.1957296859661453,1.0,0.0,0.0,0.0,1.0,0.0,1.0,0.0,0.0,1.0,0.0,0.0,0.0,1.0,0
-0.8324525671373767,-0.7415348562357919,0.6972720722197627,-0.8687888880667023,0.3733881731130707,-1.6059743187457272,-0.3434737723229941,1.880667558088993,1.0,0.0,0.0,0.0,1.0,0.0,0.0,1.0,0.0,1.0,0.0,1.0,0.0,0.0,0
-0.2685239905511443,-0.9149558621826465,-0.06482596422509078,2.3232805097128173,-1.490537518539275,0.8474555762190998,0.6677345858408775,-0.7562443653868398,1.0,0.0,0.0,0.0,1.0,0.0,1.0,0.0,1.0,0.0,0.0,0.0,1.0,0.0,1
-1.9603097203098414,0.22653973696087198,-0.12833413392882856,0.3072366795362787,-0.5585746727131017,1.2563605587132376,1.6452359987326208,1.0016969169303822,0.0,0.0,1.0,0.0,1.0,0.0,1.0,0.0,0.0,1.0,0.0,0.0,0.0,1.0,0
0.6713569704259098,-0.855521700144564,-0.31885864304004197,-0.11277245175050024,0.15410279762455925,0.8474555762190998,0.6340276405687484,0.12272627577177116,0.0,0.0,0.0,1.0,1.0,0.0,1.0,0.0,0.0,1.0,0.0,1.0,0.0,0.0,0
-1.9603097203098414,0.35542794138063305,-0.38236681274377976,1.735267725911327,0.8119589240900935,-1.6059743187457272,0.3643720783917163,0.12272627577177116,0.0,0.0,1.0,0.0,1.0,0.0,1.0,0.0,0.0,1.0,0.0,0.0,0.0,1.0,0
2.175166507989196,2.382591040894958,-0.5728913218549931,1.315258594624548,0.8119589240900935,1.2563605587132376,-0.49515502604757544,-0.3167590448075343,0.0,0.0,0.0,1.0,1.0,0.0,1.0,0.0,0.0,0.0,1.0,0.0,1.0,0.0,1
0.6713569704259098,-0.6967451346998882,-0.44587498244751755,-0.11277245175050024,2.018028489276905,0.029645611230824178,-0.2760598817787359,1.880667558088993,1.0,0.0,0.0,0.0,1.0,0.0,1.0,0.0,0.0,1.0,0.0,0.0,0.0,1.0,0
1.9871903157937854,1.3064601739928898,-1.6525302068185357,0.3072366795362787,1.031244299578604,-0.7881643537574514,0.1958373520310708,1.4411822375096877,0.0,0.0,1.0,0.0,1.0,0.0,1.0,0.0,0.0,0.0,1.0,0.0,1.0,0.0,1
0.2954045860350881,1.2662093726126322,-0.890432170373682,0.39123850579363445,-0.01036123399182359,0.029645611230824178,0.836269312201523,-1.6352150065454507,0.0,0.0,1.0,0.0,1.0,0.0,1.0,0.0,0.0,1.0,0.0,1.0,0.0,0.0,0
0.10742839383967734,0.3661329417477228,-1.5890220371147978,0.559242158308346,0.2637454853688155,1.2563605587132376,-0.12437862805415531,0.12272627577177116,1.0,0.0,0.0,0.0,0.0,1.0,1.0,0.0,1.0,0.0,0.0,1.0,0.0,0.0,0
0.10742839383967734,-1.0847799880061588,0.8242884116272383,-0.2807761042652118,-1.0519667675622522,0.029645611230824178,2.133986705178492,0.12272627577177116,0.0,0.0,1.0,0.0,1.0,0.0,1.0,0.0,0.0,1.0,0.0,0.0,0.0,1.0,0
-0.8324525671373767,1.1791991296289266,-0.7634158309662065,-1.7928089768976159,0.5378522047294545,0.8474555762190998,0.027302625670425285,1.880667558088993,1.0,0.0,0.0,0.0,1.0,0.0,1.0,0.0,1.0,0.0,0.0,0.0,0.0,1.0,0
-0.8324525671373767,2.382591040894958,0.44323939340481155,0.979251289595125,-0.44893198496884645,2.0741705237015133,-0.39403419023118813,1.0016969169303822,0.0,0.0,0.0,1.0,1.0,0.0,0.0,1.0,0.0,1.0,0.0,0.0,1.0,0.0,1
0.10742839383967734,1.535375901842738,1.3323537692571406,2.491284162227529,-0.1748252656082074,0.8474555762190998,0.9542436206539753,1.0016969169303822,0.0,0.0,1.0,0.0,1.0,0.0,1.0,0.0,0.0,1.0,0.0,1.0,0.0,0.0,0
-0.45650018274655507,1.029500404495543,-1.0809566794848955,0.47524033205099026,1.2505296750671155,0.8474555762190998,0.853122784837588,-0.3167590448075343,0.0,0.0,0.0,1.0,0.0,1.0,1.0,0.0,1.0,0.0,0.0,0.0,1.0,0.0,0
-0.45650018274655507,2.382591040894958,0.8242884116272383,0.8112476370804134,0.8119589240900935,-0.37925937126331366,1.2238991828310073,1.4411822375096877,1.0,0.0,0.0,0.0,0.0,1.0,1.0,0.0,0.0,0.0,1.0,0.0,0.0,1.0,0
1.6112379314029637,-0.2236697584774562,-0.6363994915587309,0.055231200764211334,0.09928145375243164,0.43855059372496197,-0.4108876628672523,1.0016969169303822,0.0,0.0,0.0,1.0,1.0,0.0,1.0,0.0,0.0,0.0,1.0,0.0,0.0,1.0,1
1.0473093548167314,-0.36994288349337107,-0.12833413392882856,0.8112476370804134,2.018028489276905,0.43855059372496197,0.212690824667135,0.12272627577177116,0.0,0.0,0.0,1.0,0.0,1.0,1.0,0.0,0.0,1.0,0.0,0.0,0.0,1.0,0
-0.08054779835573346,-0.5019997680217907,-0.44587498244751755,0.3072366795362787,-1.0519667675622522,0.43855059372496197,0.6340276405687484,1.0016969169303822,0.0,1.0,0.0,0.0,1.0,0.0,1.0,0.0,0.0,1.0,0.0,0.0,0.0,1.0,0
0.8593331626213205,-0.6469882929936548,-0.5093831521512553,-0.02877062549314445,0.9216016118343487,1.2563605587132376,-0.5625689165918336,-0.7562443653868398,0.0,0.0,1.0,0.0,1.0,0.0,1.0,0.0,0.0,1.0,0.0,0.0,0.0,1.0,1
-0.6444763749419659,0.3588535414981018,-2.414628243263389,0.8952494633377692,-0.22964660948033502,0.029645611230824178,1.5104082176441043,0.12272627577177116,0.0,0.0,0.0,1.0,1.0,0.0,1.0,0.0,0.0,1.0,0.0,0.0,0.0,1.0,0
-0.6444763749419659,2.382591040894958,-0.9539403400774199,0.47524033205099026,-1.5453588624114027,0.43855059372496197,-0.5625689165918336,-1.6352150065454507,1.0,0.0,0.0,0.0,0.0,1.0,1.0,0.0,0.0,1.0,0.0,0.0,0.0,1.0,1
-0.08054779835573346,-0.45661056646533005,-1.0809566794848955,-0.19677427800785602,0.9764229557064764,-0.37925937126331366,-0.22549946387054262,0.12272627577177116,0.0,1.0,0.0,0.0,1.0,0.0,1.0,0.0,1.0,0.0,0.0,0.0,1.0,0.0,0
-0.08054779835573346,-0.8678538605674514,0.18920671458986038,0.39123850579363445,-0.7230387043294855,-0.37925937126331366,0.7182950037490715,0.12272627577177116,0.0,0.0,0.0,1.0,1.0,0.0,1.0,0.0,0.0,1.0,0.0,0.0,1.0,0.0,0
-0.6444763749419659,1.0846525663867894,-0.8269240006699443,1.2312567683671922,0.8119589240900935,0.8474555762190998,0.9036832027457812,0.12272627577177116,1.0,0.0,0.0,0.0,0.0,1.0,1.0,0.0,1.0,0.0,0.0,0.0,0.0,1.0,0
1.2352855470121422,-0.5825870107852427,-0.6999076612624687,-0.3647779305225676,-0.8875027359458694,1.2563605587132376,0.1452769341228775,1.4411822375096877,1.0,0.0,0.0,0.0,0.0,1.0,1.0,0.0,0.0,1.0,0.0,0.0,0.0,1.0,0
-0.6444763749419659,1.304918653940029,0.9513047510347139,0.055231200764211334,0.9216016118343487,-2.423784283734003,-0.4277411355033172,0.12272627577177116,0.0,0.0,0.0,1.0,0.0,1.0,1.0,0.0,0.0,1.0,0.0,0.0,0.0,1.0,0
-0.08054779835573346,-1.1517504703026726,1.3958619389608784,0.055231200764211334,-0.1200039217360798,0.43855059372496197,0.010449153034361107,-0.3167590448075343,0.0,0.0,1.0,0.0,0.0,1.0,1.0,0.0,0.0,1.0,0.0,0.0,0.0,1.0,0
-1.0204287593327874,0.6336723109220308,0.18920671458986038,0.8112476370804134,-1.1616094553065084,0.8474555762190998,1.055364456470362,-0.3167590448075343,0.0,0.0,0.0,1.0,1.0,0.0,1.0,0.0,0.0,1.0,0.0,1.0,0.0,0.0,0
-1.9603097203098414,0.41058010327187966,-0.0013177945213529853,0.39123850579363445,0.5378522047294545,0.8474555762190998,-0.6131293345000269,-0.7562443653868398,1.0,0.0,0.0,0.0,1.0,0.0,0.0,1.0,1.0,0.0,0.0,0.0,1.0,0.0,1
0.2954045860350881,0.733357274340371,-0.6363994915587309,0.47524033205099026,0.8667802679622212,-0.37925937126331366,0.1284234614868126,-1.1957296859661453,0.0,1.0,0.0,0.0,1.0,0.0,1.0,0.0,0.0,1.0,0.0,0.0,0.0,1.0,0
-1.9603097203098414,-0.9596599437156134,0.31622305399733597,-0.6167834092946349,0.6474948924737097,-1.1970693362515892,-2.5681321602835134,0.12272627577177116,0.0,0.0,1.0,0.0,0.0,1.0,1.0,0.0,0.0,1.0,0.0,0.0,0.0,1.0,1
-1.9603097203098414,0.23399041721636646,0.31622305399733597,-1.6248053243829044,-0.3392892972245912,-1.6059743187457272,-0.2760598817787359,-2.074700327124756,0.0,0.0,0.0,1.0,0.0,1.0,1.0,0.0,1.0,0.0,0.0,0.0,0.0,1.0,1
0.48338077823049896,-0.8613452203442608,1.6498946177758296,0.559242158308346,-0.1200039217360798,0.029645611230824178,-0.22549946387054262,0.12272627577177116,0.0,1.0,0.0,0.0,0.0,1.0,1.0,0.0,0.0,1.0,0.0,0.0,0.0,1.0,0
-0.8324525671373767,-0.4498450062333293,1.0148129207384518,0.3072366795362787,2.1276711770211603,-0.7881643537574514,0.5160533321162969,1.0016969169303822,0.0,0.0,1.0,0.0,0.0,1.0,0.0,1.0,0.0,1.0,0.0,1.0,0.0,0.0,1
1.0473093548167314,-1.2164086725198948,1.3958619389608784,1.399260420881904,-0.39411064109671884,0.029645611230824178,1.5609686355522985,1.880667558088993,0.0,1.0,0.0,0.0,0.0,1.0,1.0,0.0,0.0,1.0,0.0,0.0,0.0,1.0,1
-0.2685239905511443,0.3197160601560215,1.205337429849665,0.979251289595125,0.757137580217965,0.029645611230824178,0.07786304357861931,-0.7562443653868398,0.0,0.0,1.0,0.0,1.0,0.0,1.0,0.0,0.0,1.0,0.0,1.0,0.0,0.0,0
-0.8324525671373767,0.9476285616880402,0.9513047510347139,0.39123850579363445,-0.01036123399182359,0.029645611230824178,1.5104082176441043,-0.7562443653868398,1.0,0.0,0.0,0.0,1.0,0.0,1.0,0.0,0.0,1.0,0.0,1.0,0.0,0.0,0
0.48338077823049896,-0.6923774945501155,1.7769109571833053,1.315258594624548,-1.216430799178636,0.029645611230824178,0.1452769341228775,0.5622115963510766,0.0,0.0,1.0,0.0,1.0,0.0,1.0,0.0,0.0,1.0,0.0,0.0,1.0,0.0,1
2.5511188923800177,0.579804749074835,-1.0809566794848955,0.559242158308346,0.3185668292409431,0.029645611230824178,0.1284234614868126,0.5622115963510766,0.0,0.0,0.0,1.0,1.0,0.0,1.0,0.0,0.0,1.0,0.0,0.0,1.0,0.0,1
1.2352855470121422,-0.9498113433778909,0.887796581330976,0.8952494633377692,0.9764229557064764,-0.7881643537574514,-0.9670522598573822,0.5622115963510766,1.0,0.0,0.0,0.0,1.0,0.0,1.0,0.0,0.0,1.0,0.0,1.0,0.0,0.0,1
-0.45650018274655507,-0.048022112454246944,0.633763902516025,-0.2807761042652118,0.3185668292409431,0.43855059372496197,0.6677345858408775,0.12272627577177116,0.0,0.0,0.0,1.0,1.0,0.0,1.0,0.0,1.0,0.0,0.0,0.0,0.0,1.0,0
1.7992141235983745,-0.9853519445966289,-0.6999076612624687,0.13923302702156712,1.3601723628113718,-1.1970693362515892,0.43178596893597454,0.5622115963510766,0.0,0.0,0.0,1.0,0.0,1.0,1.0,0.0,0.0,1.0,0.0,0.0,1.0,0.0,0
2.6451069884777234,-1.1402747099091524,0.5067475631085494,-1.8768108031549717,-1.3260734869228912,0.029645611230824178,-1.0513196230377053,-0.7562443653868398,0.0,0.0,0.0,1.0,0.0,1.0,1.0,0.0,0.0,1.0,0.0,1.0,0.0,0.0,1
-1.7723335281144308,0.42188458365952647,-0.38236681274377976,0.39123850579363445,0.6474948924737097,0.8474555762190998,0.0947165162146835,1.0016969169303822,0.0,1.0,0.0,0.0,1.0,0.0,1.0,0.0,0.0,0.0,1.0,1.0,0.0,0.0,0
0.48338077823049896,-0.8764178608611232,-2.414628243263389,-1.1207943668387697,-1.216430799178636,0.029645611230824178,0.5834672226605552,-0.3167590448075343,0.0,0.0,1.0,0.0,0.0,1.0,1.0,0.0,0.0,0.0,1.0,1.0,0.0,0.0,1
-1.2084049515281983,-1.092915788285147,-1.7160383765222733,-1.8768108031549717,1.0860656434507325,-0.37925937126331366,-0.006404319601703819,-0.3167590448075343,0.0,0.0,0.0,1.0,1.0,0.0,1.0,0.0,0.0,0.0,1.0,0.0,0.0,1.0,0
-1.2084049515281983,0.4844874258062675,0.633763902516025,-0.6167834092946349,0.9216016118343487,-1.6059743187457272,0.3643720783917163,-0.7562443653868398,0.0,0.0,1.0,0.0,1.0,0.0,1.0,0.0,1.0,0.0,0.0,0.0,1.0,0.0,1
0.8593331626213205,2.382591040894958,-0.5728913218549931,-0.19677427800785602,0.09928145375243164,2.0741705237015133,2.285667958903073,0.5622115963510766,1.0,0.0,0.0,0.0,0.0,1.0,1.0,0.0,0.0,1.0,0.0,0.0,0.0,1.0,0
0.48338077823049896,-0.5848992908645341,0.5067475631085494,0.2232348532789229,-1.490537518539275,-0.37925937126331366,-0.950198787221318,1.4411822375096877,0.0,1.0,0.0,0.0,1.0,0.0,1.0,0.0,0.0,0.0,1.0,0.0,1.0,0.0,1
0.2954045860350881,-0.4437645660248223,-1.0809566794848955,-1.2887980193534812,-1.6001802062835302,0.8474555762190998,0.549760277388426,0.5622115963510766,0.0,0.0,0.0,1.0,1.0,0.0,1.0,0.0,0.0,1.0,0.0,1.0,0.0,0.0,0
0.10742839383967734,-0.41781564513499664,0.5702557328122871,0.3072366795362787,-0.1200039217360798,1.6652655412073754,-1.0344661504016404,0.12272627577177116,0.0,0.0,0.0,1.0,0.0,1.0,1.0,0.0,0.0,1.0,0.0,0.0,1.0,0.0,0
1.0473093548167314,-0.8252051391049656,0.18920671458986038,0.8112476370804134,0.09928145375243164,0.029645611230824178,-0.3434737723229941,0.12272627577177116,0.0,0.0,0.0,1.0,1.0,0.0,1.0,0.0,0.0,1.0,0.0,0.0,0.0,1.0,0
-0.2685239905511443,0.09551053246769295,-0.12833413392882856,-0.4487797567799234,1.031244299578604,-1.6059743187457272,-0.2760598817787359,1.4411822375096877,0.0,0.0,0.0,1.0,1.0,0.0,1.0,0.0,0.0,1.0,0.0,0.0,1.0,0.0,1
0.10742839383967734,0.20624305626486975,-0.6999076612624687,-2.128816281927039,1.305351018939243,0.029645611230824178,-0.10752515541809113,0.5622115963510766,1.0,0.0,0.0,0.0,1.0,0.0,1.0,0.0,0.0,0.0,1.0,0.0,1.0,0.0,0
0.48338077823049896,2.382591040894958,-0.7634158309662065,-0.7007852355519907,1.2505296750671155,0.8474555762190998,0.5160533321162969,0.5622115963510766,1.0,0.0,0.0,0.0,1.0,0.0,1.0,0.0,1.0,0.0,0.0,1.0,0.0,0.0,0
0.10742839383967734,0.005074689366518411,-0.6363994915587309,0.47524033205099026,2.456599240253928,0.43855059372496197,-0.6636897524082209,1.880667558088993,0.0,0.0,0.0,1.0,1.0,0.0,1.0,0.0,0.0,0.0,1.0,0.0,1.0,0.0,1
-1.2084049515281983,-0.2750537602394872,-0.8269240006699443,1.9872732046833943,1.031244299578604,0.029645611230824178,0.027302625670425285,-1.1957296859661453,0.0,0.0,1.0,0.0,1.0,0.0,1.0,0.0,1.0,0.0,0.0,0.0,0.0,1.0,0
-0.2685239905511443,-1.1383049898416078,-2.414628243263389,-0.952790714324058,-0.5037533288409741,-0.37925937126331366,0.853122784837588,1.0016969169303822,1.0,0.0,0.0,0.0,1.0,0.0,0.0,1.0,0.0,0.0,1.0,1.0,0.0,0.0,1
-0.45650018274655507,1.0645271656966606,0.06219037518238481,-0.02877062549314445,-0.28446795335246267,1.2563605587132376,-0.5288619713197046,0.5622115963510766,0.0,0.0,1.0,0.0,1.0,0.0,1.0,0.0,0.0,1.0,0.0,0.0,1.0,0.0,0
-0.08054779835573346,2.382591040894958,-0.7634158309662065,-0.3647779305225676,0.5378522047294545,-1.6059743187457272,-0.309766827050865,0.5622115963510766,0.0,1.0,0.0,0.0,1.0,0.0,1.0,0.0,0.0,1.0,0.0,0.0,1.0,0.0,1
-0.6444763749419659,-0.9658260239270572,0.31622305399733597,-0.2807761042652118,-1.3808948307950188,1.2563605587132376,1.2913130733752656,-0.3167590448075343,0.0,0.0,1.0,0.0,1.0,0.0,0.0,1.0,0.0,1.0,0.0,1.0,0.0,0.0,1
-1.58435733591902,0.4390982242498068,-1.207973018892371,0.13923302702156712,0.15410279762455925,-0.7881643537574514,-0.12437862805415531,-0.7562443653868398,0.0,0.0,0.0,1.0,0.0,1.0,1.0,0.0,0.0,1.0,0.0,0.0,0.0,1.0,0
0.8593331626213205,-0.4124203249499834,0.633763902516025,-1.0367925405814138,-0.22964660948033502,-0.37925937126331366,-0.20864599123447844,-0.7562443653868398,0.0,0.0,0.0,1.0,1.0,0.0,1.0,0.0,0.0,1.0,0.0,0.0,0.0,1.0,0
-0.08054779835573346,-0.5755645305444318,0.37973122370107376,0.055231200764211334,0.7023162363458374,-1.6059743187457272,-0.4277411355033172,1.4411822375096877,0.0,0.0,1.0,0.0,1.0,0.0,1.0,0.0,0.0,1.0,0.0,1.0,0.0,0.0,1
1.6112379314029637,-0.12715347516777467,0.9513047510347139,0.2232348532789229,-0.44893198496884645,0.029645611230824178,1.3418734912834596,1.0016969169303822,1.0,0.0,0.0,0.0,1.0,0.0,1.0,0.0,0.0,1.0,0.0,0.0,1.0,0.0,0
-1.0204287593327874,-0.8931176614337832,0.31622305399733597,0.39123850579363445,1.469815050555627,1.6652655412073754,0.04415609830649021,2.539895538957951,1.0,0.0,0.0,0.0,0.0,1.0,1.0,0.0,1.0,0.0,0.0,0.0,0.0,1.0,0
1.423261739207553,-0.5443915694754663,1.3958619389608784,-0.19677427800785602,0.04446010988030403,-0.7881643537574514,-2.4838647971031906,1.0016969169303822,0.0,0.0,0.0,1.0,0.0,1.0,1.0,0.0,0.0,1.0,0.0,0.0,0.0,1.0,1
0.2954045860350881,0.7453468747515115,0.44323939340481155,0.39123850579363445,-0.5585746727131017,-1.6059743187457272,-0.8153710061328016,-0.7562443653868398,0.0,0.0,1.0,0.0,1.0,0.0,1.0,0.0,0.0,1.0,0.0,0.0,1.0,0.0,1
-0.6444763749419659,-0.8259758991313961,-1.2714811885961088,-1.0367925405814138,0.04446010988030403,-1.1970693362515892,-0.49515502604757544,0.5622115963510766,0.0,0.0,0.0,1.0,1.0,0.0,1.0,0.0,0.0,0.0,1.0,0.0,1.0,0.0,1
-1.2084049515281983,1.518076621249521,0.31622305399733597,-0.4487797567799234,0.9216016118343487,1.6652655412073754,-0.46144808077544636,-0.3167590448075343,0.0,0.0,1.0,0.0,1.0,0.0,1.0,0.0,1.0,0.0,0.0,0.0,0.0,1.0,0
-0.8324525671373767,2.382591040894958,0.18920671458986038,0.979251289595125,0.09928145375243164,1.2563605587132376,0.0947165162146835,0.12272627577177116,1.0,0.0,0.0,0.0,0.0,1.0,1.0,0.0,0.0,1.0,0.0,1.0,0.0,0.0,0
1.423261739207553,1.5432547821129161,-0.31885864304004197,-0.2807761042652118,-0.22964660948033502,1.2563605587132376,0.06100957094255439,-2.074700327124756,1.0,0.0,0.0,0.0,1.0,0.0,1.0,0.0,0.0,1.0,0.0,0.0,0.0,1.0,0
0.6713569704259098,-0.5225533687266032,0.44323939340481155,-0.8687888880667023,0.15410279762455925,0.029645611230824178,2.016012396726041,0.12272627577177116,1.0,0.0,0.0,0.0,0.0,1.0,1.0,0.0,1.0,0.0,0.0,0.0,0.0,1.0,0
0.10742839383967734,1.2140546108241708,-1.3349893582998467,0.2232348532789229,0.20892414149668687,-2.0148793012398647,0.6845880584769425,1.0016969169303822,0.0,0.0,1.0,0.0,0.0,1.0,1.0,0.0,0.0,1.0,0.0,0.0,0.0,1.0,0
0.6713569704259098,-0.7300590958422716,0.6972720722197627,-0.5327815830372792,0.9764229557064764,0.029645611230824178,-1.0513196230377053,1.0016969169303822,0.0,0.0,1.0,0.0,0.0,1.0,1.0,0.0,0.0,1.0,0.0,0.0,1.0,0.0,1
1.2352855470121422,-0.9669393439652345,-0.2553504733363042,0.47524033205099026,-2.2032149888769363,-0.37925937126331366,0.3643720783917163,-1.1957296859661453,0.0,0.0,0.0,1.0,0.0,1.0,1.0,0.0,1.0,0.0,0.0,1.0,0.0,0.0,0
-0.08054779835573346,-0.8644282604499827,1.4593701086646163,0.979251289595125,-1.6550015501556579,-0.37925937126331366,-0.7311036429524784,-0.7562443653868398,1.0,0.0,0.0,0.0,0.0,1.0,1.0,0.0,0.0,0.0,1.0,0.0,1.0,0.0,1
1.6112379314029637,-0.5365126892052882,-0.6363994915587309,0.13923302702156712,-0.7230387043294855,0.8474555762190998,0.7520019490212007,-0.7562443653868398,1.0,0.0,0.0,0.0,0.0,1.0,0.0,1.0,0.0,1.0,0.0,0.0,0.0,1.0,1
0.48338077823049896,1.1666100491972289,-0.44587498244751755,-0.11277245175050024,-1.8742869256441694,-1.1970693362515892,-0.6299828071360919,-0.7562443653868398,0.0,0.0,0.0,1.0,1.0,0.0,1.0,0.0,0.0,1.0,0.0,1.0,0.0,0.0,1
-1.9603097203098414,-0.526235888852882,0.37973122370107376,0.3072366795362787,-1.6001802062835302,-0.37925937126331366,0.9205366753818461,-0.7562443653868398,0.0,1.0,0.0,0.0,1.0,0.0,0.0,1.0,0.0,1.0,0.0,0.0,0.0,1.0,1
-0.08054779835573346,-0.8846393011430481,0.9513047510347139,-0.7847870618093465,-0.5037533288409741,-1.1970693362515892,-0.5288619713197046,-0.3167590448075343,0.0,0.0,0.0,1.0,1.0,0.0,1.0,0.0,0.0,1.0,0.0,0.0,0.0,1.0,1
-0.08054779835573346,0.08112301197432427,0.37973122370107376,0.979251289595125,-0.39411064109671884,0.029645611230824178,-0.22549946387054262,-0.7562443653868398,0.0,0.0,0.0,1.0,1.0,0.0,1.0,0.0,0.0,1.0,0.0,0.0,1.0,0.0,0
0.8593331626213205,-1.0381061864056473,0.633763902516025,2.155276857198106,-1.216430799178636,-0.7881643537574514,0.6003206952966192,-0.3167590448075343,1.0,0.0,0.0,0.0,0.0,1.0,0.0,1.0,0.0,0.0,1.0,0.0,0.0,1.0,1
1.0473093548167314,-0.7418774162475388,-0.12833413392882856,-0.7007852355519907,0.04446010988030403,1.2563605587132376,-0.6636897524082209,-1.1957296859661453,0.0,1.0,0.0,0.0,0.0,1.0,1.0,0.0,0.0,1.0,0.0,0.0,0.0,1.0,0
0.8593331626213205,-0.6873247343768492,-1.5890220371147978,0.055231200764211334,0.757137580217965,-0.7881643537574514,-0.933345314585253,-0.7562443653868398,0.0,0.0,1.0,0.0,1.0,0.0,1.0,0.0,0.0,1.0,0.0,1.0,0.0,0.0,1
0.8593331626213205,-0.7838410176865307,-1.9065628856334869,0.8112476370804134,0.5378522047294545,0.43855059372496197,0.6171741679326842,1.4411822375096877,0.0,0.0,0.0,1.0,0.0,1.0,1.0,0.0,0.0,1.0,0.0,0.0,1.0,0.0,0
-1.0204287593327874,-0.6745643739392782,-0.890432170373682,0.2232348532789229,1.7987431137883936,1.2563605587132376,-1.674898110572093,0.12272627577177116,0.0,0.0,0.0,1.0,1.0,0.0,1.0,0.0,0.0,1.0,0.0,0.0,1.0,0.0,0
0.2954045860350881,-0.5215256886913625,0.44323939340481155,1.399260420881904,-0.39411064109671884,-2.0148793012398647,-0.2929133544148008,1.4411822375096877,0.0,0.0,1.0,0.0,1.0,0.0,1.0,0.0,1.0,0.0,0.0,0.0,1.0,0.0,1
2.175166507989196,-0.21827443829244295,-0.6363994915587309,-0.19677427800785602,-2.258036332749064,0.43855059372496197,1.2238991828310073,0.12272627577177116,0.0,0.0,1.0,0.0,0.0,1.0,1.0,0.0,1.0,0.0,0.0,0.0,1.0,0.0,1
1.9871903157937854,-0.8521817400300319,-1.0174485097811576,-1.0367925405814138,0.09928145375243164,-0.7881643537574514,-0.2929133544148008,0.12272627577177116,0.0,1.0,0.0,0.0,1.0,0.0,1.0,0.0,0.0,0.0,1.0,1.0,0.0,0.0,1
-1.0204287593327874,1.900801794373715,1.6498946177758296,1.399260420881904,-0.44893198496884645,-0.37925937126331366,0.4823463868441678,-1.6352150065454507,0.0,0.0,0.0,1.0,0.0,1.0,1.0,0.0,0.0,1.0,0.0,0.0,0.0,1.0,1
-0.6444763749419659,0.43729978418813575,-0.890432170373682,-0.8687888880667023,0.6474948924737097,1.2563605587132376,1.1564852922867492,0.12272627577177116,0.0,1.0,0.0,0.0,1.0,0.0,1.0,0.0,0.0,1.0,0.0,1.0,0.0,0.0,0
0.48338077823049896,-0.25946727970500444,0.7607802419235005,1.1472549421098366,-0.39411064109671884,0.029645611230824178,-0.7985175334967366,0.12272627577177116,0.0,0.0,1.0,0.0,1.0,0.0,0.0,1.0,0.0,1.0,0.0,0.0,1.0,0.0,1
1.423261739207553,2.0454477593338325,-0.31885864304004197,0.2232348532789229,1.3601723628113718,-0.7881643537574514,-1.708605055844222,0.5622115963510766,0.0,0.0,0.0,1.0,1.0,0.0,1.0,0.0,0.0,1.0,0.0,1.0,0.0,0.0,1
-1.0204287593327874,0.14312637410050832,-1.9065628856334869,-1.5408034981255485,-1.3808948307950188,-0.37925937126331366,-0.04011126487383292,0.5622115963510766,0.0,0.0,1.0,0.0,1.0,0.0,1.0,0.0,1.0,0.0,0.0,0.0,1.0,0.0,0
0.6713569704259098,0.21549217658203532,0.5067475631085494,-1.2887980193534812,-0.6682173604573579,-1.1970693362515892,-0.36032724495905905,0.12272627577177116,0.0,0.0,0.0,1.0,0.0,1.0,1.0,0.0,1.0,0.0,0.0,1.0,0.0,0.0,1
0.2954045860350881,0.7542534350569302,-0.5093831521512553,-1.2047961930961255,0.9216016118343487,1.2563605587132376,-0.2760598817787359,-0.3167590448075343,0.0,0.0,0.0,1.0,1.0,0.0,1.0,0.0,0.0,1.0,0.0,0.0,0.0,1.0,0
-0.6444763749419659,-0.4007732845505897,0.5067475631085494,2.2392786834554617,1.6342790821720108,0.029645611230824178,1.3924339091916529,0.12272627577177116,0.0,0.0,0.0,1.0,0.0,1.0,1.0,0.0,0.0,1.0,0.0,0.0,0.0,1.0,0
2.363142700184607,-0.9822689044909071,0.5067475631085494,0.39123850579363445,-2.2032149888769363,-0.37925937126331366,0.11156998885074842,-0.3167590448075343,0.0,0.0,1.0,0.0,1.0,0.0,1.0,0.0,0.0,1.0,0.0,0.0,1.0,0.0,0
2.6451069884777234,0.7702681156060965,-0.12833413392882856,0.7272458108230576,-1.764644237899914,0.43855059372496197,-1.0344661504016404,1.0016969169303822,0.0,0.0,0.0,1.0,1.0,0.0,1.0,0.0,0.0,1.0,0.0,0.0,0.0,1.0,1
-0.8324525671373767,-0.22983583868889992,-0.0013177945213529853,-0.3647779305225676,-1.216430799178636,0.8474555762190998,2.2014005957227507,2.320152878668299,0.0,0.0,0.0,1.0,0.0,1.0,1.0,0.0,0.0,0.0,1.0,1.0,0.0,0.0,1
-1.396381143723609,1.0782295661665355,0.7607802419235005,1.6512658996539713,-0.06518257786395218,-0.37925937126331366,0.9542436206539753,-0.7562443653868398,1.0,0.0,0.0,0.0,1.0,0.0,1.0,0.0,0.0,1.0,0.0,0.0,1.0,0.0,1
0.8593331626213205,-0.7387943761418169,-1.6525302068185357,-0.952790714324058,-0.3392892972245912,2.0741705237015133,1.1901922375588783,1.0016969169303822,0.0,0.0,0.0,1.0,0.0,1.0,1.0,0.0,0.0,1.0,0.0,0.0,0.0,1.0,0
0.2954045860350881,-0.782213857630733,-0.38236681274377976,0.39123850579363445,-1.1616094553065084,0.8474555762190998,0.7688554216572648,-1.1957296859661453,0.0,0.0,0.0,1.0,1.0,0.0,1.0,0.0,0.0,1.0,0.0,1.0,0.0,0.0,1
-0.8324525671373767,2.382591040894958,-0.31885864304004197,0.979251289595125,-0.9971454236901246,1.2563605587132376,-0.5625689165918336,-0.7562443653868398,0.0,1.0,0.0,0.0,1.0,0.0,1.0,0.0,0.0,0.0,1.0,0.0,0.0,1.0,1
0.2954045860350881,-0.77159449726658,-2.0335792250409623,-0.3647779305225676,-1.490537518539275,0.8474555762190998,-1.5906307473917702,1.4411822375096877,0.0,1.0,0.0,0.0,1.0,0.0,0.0,1.0,0.0,1.0,0.0,0.0,0.0,1.0,1
-0.2685239905511443,1.8787066736160418,-0.7634158309662065,0.3072366795362787,-0.1748252656082074,0.43855059372496197,-0.006404319601703819,-0.7562443653868398,0.0,1.0,0.0,0.0,1.0,0.0,1.0,0.0,1.0,0.0,0.0,0.0,0.0,1.0,0
0.48338077823049896,-0.6701110937865687,-2.0335792250409623,0.6432439845657019,-0.39411064109671884,0.43855059372496197,0.2969581878474581,-0.3167590448075343,1.0,0.0,0.0,0.0,0.0,1.0,1.0,0.0,0.0,1.0,0.0,0.0,0.0,1.0,0
-1.396381143723609,-1.3050460755593984,0.8242884116272383,0.559242158308346,1.8535644576605212,-0.37925937126331366,-0.7142501703164142,-0.3167590448075343,1.0,0.0,0.0,0.0,1.0,0.0,1.0,0.0,0.0,1.0,0.0,0.0,0.0,1.0,0
-1.9603097203098414,-0.19960491765223837,1.0148129207384518,0.8112476370804134,0.2637454853688155,0.029645611230824178,-0.15808557332628442,0.5622115963510766,0.0,0.0,1.0,0.0,1.0,0.0,1.0,0.0,0.0,1.0,0.0,0.0,0.0,1.0,0
1.0473093548167314,-1.0205499858036202,-0.9539403400774199,-0.952790714324058,-0.01036123399182359,0.8474555762190998,-0.24235293650660755,0.5622115963510766,0.0,1.0,0.0,0.0,1.0,0.0,1.0,0.0,1.0,0.0,0.0,0.0,0.0,1.0,0
-0.8324525671373767,-0.5019997680217907,-0.7634158309662065,1.0632531158524807,-0.22964660948033502,0.8474555762190998,-0.6805432250442851,1.880667558088993,0.0,0.0,1.0,0.0,1.0,0.0,1.0,0.0,0.0,1.0,0.0,0.0,0.0,1.0,0
-0.8324525671373767,0.6688703521290221,-0.12833413392882856,-0.2807761042652118,-0.6133960165852302,-0.37925937126331366,1.8643311430014595,0.5622115963510766,0.0,0.0,0.0,1.0,1.0,0.0,1.0,0.0,0.0,1.0,0.0,0.0,0.0,1.0,0
-0.08054779835573346,-0.5043120481010821,-2.2876119038559133,-1.7928089768976159,-0.28446795335246267,-0.7881643537574514,0.8868297301097171,-0.7562443653868398,0.0,1.0,0.0,0.0,1.0,0.0,1.0,0.0,0.0,1.0,0.0,0.0,1.0,0.0,1
1.9871903157937854,-0.5462756495400741,1.0783210904421894,-0.6167834092946349,0.04446010988030403,1.2563605587132376,-1.4558029663032537,0.12272627577177116,0.0,0.0,1.0,0.0,1.0,0.0,0.0,1.0,0.0,1.0,0.0,0.0,1.0,0.0,1
-0.2685239905511443,-0.8687102605968186,-0.44587498244751755,-0.7007852355519907,0.3733881731130707,2.0741705237015133,0.263251242575329,1.880667558088993,1.0,0.0,0.0,0.0,0.0,1.0,1.0,0.0,0.0,1.0,0.0,1.0,0.0,0.0,0
-0.8324525671373767,-0.8970571015688723,0.9513047510347139,1.1472549421098366,1.031244299578604,-1.1970693362515892,-1.489509911575383,-0.7562443653868398,0.0,0.0,0.0,1.0,1.0,0.0,1.0,0.0,0.0,0.0,1.0,0.0,0.0,1.0,1
-0.08054779835573346,-0.505254088133386,-0.890432170373682,-0.02877062549314445,0.7023162363458374,0.43855059372496197,-0.6131293345000269,-1.1957296859661453,0.0,0.0,0.0,1.0,1.0,0.0,0.0,1.0,1.0,0.0,0.0,0.0,0.0,1.0,1
0.48338077823049896,-0.9136712621385957,-1.52551386741106,-1.2887980193534812,-1.0519667675622522,0.43855059372496197,0.7520019490212007,0.12272627577177116,0.0,0.0,1.0,0.0,1.0,0.0,1.0,0.0,1.0,0.0,0.0,0.0,1.0,0.0,0
0.2954045860350881,0.5222546671013604,0.06219037518238481,1.6512658996539713,-0.44893198496884645,1.6652655412073754,1.3924339091916529,1.0016969169303822,0.0,1.0,0.0,0.0,1.0,0.0,1.0,0.0,1.0,0.0,0.0,0.0,0.0,1.0,0
0.48338077823049896,-0.6932338945794827,1.0148129207384518,0.2232348532789229,0.20892414149668687,0.43855059372496197,-0.2760598817787359,-0.3167590448075343,0.0,0.0,0.0,1.0,1.0,0.0,1.0,0.0,0.0,1.0,0.0,0.0,0.0,1.0,0
0.48338077823049896,-0.36223528322906645,0.18920671458986038,-0.6167834092946349,-0.1748252656082074,0.8474555762190998,0.17898387939500587,-1.1957296859661453,0.0,0.0,1.0,0.0,1.0,0.0,1.0,0.0,0.0,1.0,0.0,1.0,0.0,0.0,0
0.2954045860350881,-1.3050460755593984,1.0148129207384518,0.47524033205099026,-1.6001802062835302,-0.7881643537574514,-0.36032724495905905,-0.3167590448075343,0.0,0.0,0.0,1.0,0.0,1.0,1.0,0.0,0.0,0.0,1.0,0.0,0.0,1.0,1
0.2954045860350881,-0.2622933998019162,-1.0174485097811576,-0.19677427800785602,-1.8194655817720418,-2.423784283734003,0.836269312201523,-0.7562443653868398,0.0,0.0,1.0,0.0,1.0,0.0,1.0,0.0,0.0,1.0,0.0,0.0,0.0,1.0,1
-1.396381143723609,-0.7425625362710325,0.18920671458986038,-1.7088071506402602,0.6474948924737097,0.029645611230824178,0.4991998594802327,-1.6352150065454507,0.0,0.0,1.0,0.0,1.0,0.0,1.0,0.0,0.0,1.0,0.0,0.0,0.0,1.0,0
-0.45650018274655507,-1.082895907941551,-0.2553504733363042,-1.7088071506402602,1.743921769916266,-1.6059743187457272,1.12277834701462,1.0016969169303822,0.0,0.0,0.0,1.0,1.0,0.0,1.0,0.0,0.0,1.0,0.0,0.0,0.0,1.0,0
0.8593331626213205,2.382591040894958,1.5863864480720917,-0.19677427800785602,0.09928145375243164,-0.37925937126331366,0.2969581878474581,0.12272627577177116,0.0,1.0,0.0,0.0,0.0,1.0,1.0,0.0,0.0,1.0,0.0,0.0,0.0,1.0,0
-1.9603097203098414,-0.07671151343804758,-1.3984975280035845,0.13923302702156712,-0.3392892972245912,-0.37925937126331366,0.6677345858408775,1.0016969169303822,0.0,1.0,0.0,0.0,1.0,0.0,1.0,0.0,1.0,0.0,0.0,0.0,0.0,1.0,1
1.0473093548167314,-0.9462144632545486,0.2527148842935982,0.7272458108230576,0.48303086085732594,2.0741705237015133,-0.309766827050865,-0.3167590448075343,0.0,0.0,0.0,1.0,1.0,0.0,0.0,1.0,0.0,1.0,0.0,1.0,0.0,0.0,0
-0.08054779835573346,-1.1438715900324945,0.1256985448861226,0.6432439845657019,-0.1748252656082074,-1.1970693362515892,-2.163648817017964,2.539895538957951,0.0,0.0,1.0,0.0,0.0,1.0,1.0,0.0,0.0,1.0,0.0,0.0,0.0,1.0,1
-0.45650018274655507,-1.1265723094392774,-0.38236681274377976,0.3072366795362787,0.4282095169851983,0.8474555762190998,0.836269312201523,-1.1957296859661453,0.0,0.0,1.0,0.0,1.0,0.0,1.0,0.0,1.0,0.0,0.0,1.0,0.0,0.0,0
-0.6444763749419659,-0.5983447713255988,0.31622305399733597,0.7272458108230576,-0.39411064109671884,-1.1970693362515892,-0.22549946387054262,-1.1957296859661453,0.0,1.0,0.0,0.0,1.0,0.0,1.0,0.0,1.0,0.0,0.0,0.0,0.0,1.0,1
1.9871903157937854,2.382591040894958,-0.6363994915587309,0.979251289595125,0.4282095169851983,0.8474555762190998,2.2688144862670088,1.880667558088993,0.0,0.0,1.0,0.0,0.0,1.0,1.0,0.0,0.0,1.0,0.0,0.0,0.0,1.0,0
-1.58435733591902,1.0953575667538793,0.37973122370107376,-0.3647779305225676,-0.8875027359458694,-0.7881643537574514,-1.4220960210311246,1.4411822375096877,0.0,1.0,0.0,0.0,1.0,0.0,1.0,0.0,0.0,1.0,0.0,0.0,0.0,1.0,1
0.10742839383967734,1.035238284692303,0.2527148842935982,1.399260420881904,0.9216016118343487,-0.37925937126331366,0.3475186057556514,1.4411822375096877,0.0,0.0,1.0,0.0,0.0,1.0,1.0,0.0,0.0,1.0,0.0,0.0,0.0,1.0,0
1.2352855470121422,-0.47313908703211666,1.7134027874795674,0.8112476370804134,0.6474948924737097,-1.1970693362515892,-2.062527981201577,-1.6352150065454507,0.0,0.0,1.0,0.0,1.0,0.0,1.0,0.0,0.0,1.0,0.0,1.0,0.0,0.0,1
0.10742839383967734,-0.6288326123710706,1.5863864480720917,0.8112476370804134,1.5794577382998822,0.029645611230824178,-1.6074842200278348,0.5622115963510766,0.0,0.0,0.0,1.0,1.0,0.0,1.0,0.0,1.0,0.0,0.0,1.0,0.0,0.0,1
1.0473093548167314,-0.16620531650691822,0.633763902516025,0.8112476370804134,0.8667802679622212,-1.1970693362515892,-0.8153710061328016,-0.3167590448075343,0.0,0.0,0.0,1.0,0.0,1.0,1.0,0.0,0.0,1.0,0.0,1.0,0.0,0.0,0
0.8593331626213205,-1.1333378696712781,0.887796581330976,0.3072366795362787,1.3601723628113718,1.2563605587132376,-0.5962758618639628,1.880667558088993,1.0,0.0,0.0,0.0,1.0,0.0,1.0,0.0,1.0,0.0,0.0,0.0,0.0,1.0,0
-0.6444763749419659,0.24495233759226642,-1.5890220371147978,0.8952494633377692,0.20892414149668687,-0.37925937126331366,0.7857088942933298,-0.7562443653868398,0.0,1.0,0.0,0.0,0.0,1.0,1.0,0.0,0.0,1.0,0.0,0.0,0.0,1.0,0
1.2352855470121422,-0.6155584119158792,-0.19184230363256635,0.39123850579363445,-0.3392892972245912,0.029645611230824178,-0.933345314585253,0.5622115963510766,0.0,0.0,1.0,0.0,1.0,0.0,1.0,0.0,0.0,1.0,0.0,0.0,1.0,0.0,0
-1.7723335281144308,1.8119074713254015,0.18920671458986038,0.8112476370804134,1.2505296750671155,-0.37925937126331366,-0.1917925185984135,1.880667558088993,0.0,0.0,0.0,1.0,0.0,1.0,1.0,0.0,0.0,1.0,0.0,0.0,0.0,1.0,0
0.48338077823049896,1.2662093726126322,1.840419126887043,0.47524033205099026,-0.6682173604573579,-0.37925937126331366,1.3755804365555886,1.4411822375096877,0.0,1.0,0.0,0.0,0.0,1.0,1.0,0.0,0.0,1.0,0.0,1.0,0.0,0.0,1
1.423261739207553,0.4318188240001858,0.2527148842935982,-0.4487797567799234,1.8535644576605212,-2.423784283734003,-0.7816640608606724,0.12272627577177116,1.0,0.0,0.0,0.0,0.0,1.0,1.0,0.0,0.0,1.0,0.0,1.0,0.0,0.0,1
-1.0204287593327874,-0.1085695945305068,-0.0013177945213529853,-0.19677427800785602,-0.6133960165852302,0.029645611230824178,0.11156998885074842,-1.6352150065454507,0.0,1.0,0.0,0.0,1.0,0.0,1.0,0.0,0.0,1.0,0.0,0.0,1.0,0.0,0
0.10742839383967734,-0.10248915432199979,-0.31885864304004197,0.3072366795362787,0.15410279762455925,0.029645611230824178,-1.1187335135819632,1.0016969169303822,0.0,0.0,0.0,1.0,1.0,0.0,1.0,0.0,1.0,0.0,0.0,1.0,0.0,0.0,0
0.10742839383967734,-1.0267160660150638,-0.38236681274377976,0.2232348532789229,-0.44893198496884645,-1.1970693362515892,-1.7423120011163509,1.0016969169303822,1.0,0.0,0.0,0.0,1.0,0.0,1.0,0.0,1.0,0.0,0.0,1.0,0.0,0.0,1
-0.6444763749419659,-0.6116189717807902,0.2527148842935982,2.3232805097128173,-1.4357161746671474,0.43855059372496197,-1.1524404588540922,-0.3167590448075343,0.0,0.0,1.0,0.0,1.0,0.0,1.0,0.0,1.0,0.0,0.0,0.0,0.0,1.0,1
-1.0204287593327874,0.6230529505578778,-0.7634158309662065,-0.7847870618093465,-0.01036123399182359,-0.7881643537574514,0.4486394415720387,1.4411822375096877,0.0,0.0,0.0,1.0,1.0,0.0,1.0,0.0,0.0,1.0,0.0,0.0,0.0,1.0,0
-1.396381143723609,1.3448268953085398,1.840419126887043,0.8112476370804134,-0.8875027359458694,-0.7881643537574514,-2.180502289654029,0.12272627577177116,0.0,1.0,0.0,0.0,1.0,0.0,1.0,0.0,0.0,1.0,0.0,0.0,0.0,1.0,1
-0.08054779835573346,-0.12184379498569813,-0.5093831521512553,2.07127503094075,-1.5453588624114027,-1.1970693362515892,-0.7479571155885434,-0.7562443653868398,0.0,0.0,1.0,0.0,1.0,0.0,1.0,0.0,0.0,1.0,0.0,0.0,0.0,1.0,1
-0.08054779835573346,-0.7588341368290089,0.1256985448861226,-1.372799845610837,-1.1616094553065084,-1.6059743187457272,-1.1187335135819632,0.12272627577177116,0.0,0.0,1.0,0.0,1.0,0.0,1.0,0.0,0.0,1.0,0.0,0.0,0.0,1.0,1
0.6713569704259098,-0.9500682633867009,-1.1444648491886333,0.3072366795362787,0.2637454853688155,-1.1970693362515892,-0.49515502604757544,1.0016969169303822,0.0,0.0,0.0,1.0,0.0,1.0,1.0,0.0,0.0,1.0,0.0,0.0,0.0,1.0,1
0.10742839383967734,-0.6512702931404908,-1.207973018892371,-0.952790714324058,0.48303086085732594,0.43855059372496197,0.3812255510277805,0.5622115963510766,0.0,1.0,0.0,0.0,1.0,0.0,1.0,0.0,1.0,0.0,0.0,0.0,1.0,0.0,0
-0.2685239905511443,-0.3827032439309421,-0.6363994915587309,-1.0367925405814138,0.4282095169851983,0.029645611230824178,2.3699353220833954,-0.7562443653868398,0.0,1.0,0.0,0.0,1.0,0.0,1.0,0.0,0.0,0.0,1.0,1.0,0.0,0.0,1
0.48338077823049896,1.6841325869438177,-0.2553504733363042,0.47524033205099026,1.5246363944277546,0.8474555762190998,0.263251242575329,0.5622115963510766,0.0,0.0,0.0,1.0,1.0,0.0,1.0,0.0,0.0,1.0,0.0,0.0,1.0,0.0,0
-1.396381143723609,-0.5594642099923287,-1.1444648491886333,-2.128816281927039,-1.1616094553065084,0.43855059372496197,1.5441151629162335,-0.3167590448075343,0.0,0.0,0.0,1.0,0.0,1.0,1.0,0.0,0.0,1.0,0.0,0.0,0.0,1.0,0
1.7992141235983745,2.382591040894958,-0.12833413392882856,0.13923302702156712,-0.6133960165852302,0.8474555762190998,0.6845880584769425,-0.7562443653868398,0.0,0.0,0.0,1.0,0.0,1.0,1.0,0.0,0.0,1.0,0.0,0.0,0.0,1.0,0
0.48338077823049896,-0.7730503773165042,1.0148129207384518,-0.6167834092946349,-0.01036123399182359,0.029645611230824178,0.3812255510277805,1.0016969169303822,0.0,0.0,0.0,1.0,0.0,1.0,1.0,0.0,0.0,1.0,0.0,1.0,0.0,0.0,0
0.2954045860350881,-1.3050460755593984,2.0309436359982564,1.6512658996539713,0.15410279762455925,0.029645611230824178,-0.3771807175951232,0.5622115963510766,0.0,1.0,0.0,0.0,1.0,0.0,1.0,0.0,0.0,1.0,0.0,0.0,0.0,1.0,1
0.48338077823049896,-0.6965738546940148,-0.7634158309662065,-1.0367925405814138,-0.5585746727131017,-0.7881643537574514,-2.33218354337861,0.5622115963510766,1.0,0.0,0.0,0.0,1.0,0.0,1.0,0.0,0.0,1.0,0.0,1.0,0.0,0.0,1
0.10742839383967734,2.382591040894958,-0.31885864304004197,-1.5408034981255485,-0.01036123399182359,-0.7881643537574514,-1.0850265683098343,1.4411822375096877,0.0,0.0,1.0,0.0,1.0,0.0,1.0,0.0,0.0,1.0,0.0,1.0,0.0,0.0,1
-0.45650018274655507,2.382591040894958,-0.2553504733363042,-0.5327815830372792,-0.06518257786395218,0.029645611230824178,1.7969172524572021,-1.1957296859661453,0.0,1.0,0.0,0.0,1.0,0.0,1.0,0.0,0.0,1.0,0.0,0.0,0.0,1.0,0
1.423261739207553,-1.3050460755593984,0.887796581330976,0.7272458108230576,-2.0935723011326806,1.2563605587132376,-0.4445946081393814,-0.7562443653868398,0.0,0.0,1.0,0.0,1.0,0.0,1.0,0.0,0.0,1.0,0.0,0.0,1.0,0.0,1
-0.6444763749419659,-0.3590666031204079,0.2527148842935982,-0.4487797567799234,-0.6133960165852302,0.43855059372496197,-0.14123210069022024,-0.7562443653868398,1.0,0.0,0.0,0.0,1.0,0.0,1.0,0.0,0.0,1.0,0.0,0.0,0.0,1.0,1
2.175166507989196,0.6785476724608712,0.1256985448861226,0.559242158308346,-1.8742869256441694,0.43855059372496197,-0.8490779514049307,-0.3167590448075343,1.0,0.0,0.0,0.0,0.0,1.0,1.0,0.0,0.0,1.0,0.0,0.0,0.0,1.0,1
-1.0204287593327874,0.6413799111863355,-1.0809566794848955,0.2232348532789229,-0.1748252656082074,0.8474555762190998,0.1284234614868126,0.12272627577177116,0.0,0.0,1.0,0.0,1.0,0.0,1.0,0.0,1.0,0.0,0.0,0.0,0.0,1.0,0
1.0473093548167314,-0.3797914838310937,-1.2714811885961088,-1.2887980193534812,-0.9423240798179969,0.8474555762190998,0.9373901480179103,-1.6352150065454507,0.0,1.0,0.0,0.0,1.0,0.0,1.0,0.0,0.0,1.0,0.0,1.0,0.0,0.0,0
0.8593331626213205,1.5795661433580845,0.31622305399733597,0.13923302702156712,0.5378522047294545,-0.7881643537574514,-0.5962758618639628,-0.3167590448075343,1.0,0.0,0.0,0.0,1.0,0.0,1.0,0.0,0.0,1.0,0.0,0.0,0.0,1.0,1
0.8593331626213205,-0.30579852129376905,-0.2553504733363042,-0.2807761042652118,-1.7098228940277864,-1.1970693362515892,-0.9164918419491889,-1.6352150065454507,0.0,0.0,1.0,0.0,0.0,1.0,1.0,0.0,1.0,0.0,0.0,0.0,0.0,1.0,1
0.2954045860350881,-0.9105025820299371,-0.44587498244751755,-0.7847870618093465,0.757137580217965,-1.6059743187457272,0.5329068047523619,-0.7562443653868398,1.0,0.0,0.0,0.0,0.0,1.0,1.0,0.0,0.0,1.0,0.0,0.0,1.0,0.0,1
0.2954045860350881,-0.16432123644231042,-1.1444648491886333,-0.4487797567799234,1.6891004260441382,-2.423784283734003,0.7857088942933298,-2.074700327124756,0.0,0.0,0.0,1.0,0.0,1.0,1.0,0.0,1.0,0.0,0.0,0.0,1.0,0.0,1
1.423261739207553,1.1984681302896882,-1.3349893582998467,-1.0367925405814138,-0.39411064109671884,0.43855059372496197,1.8137707250932662,-0.3167590448075343,0.0,0.0,0.0,1.0,1.0,0.0,1.0,0.0,1.0,0.0,0.0,0.0,1.0,0.0,0
-0.8324525671373767,-0.2250399985244437,-0.6363994915587309,-0.3647779305225676,1.3601723628113718,-0.37925937126331366,-1.556923802119641,2.539895538957951,0.0,0.0,0.0,1.0,0.0,1.0,1.0,0.0,0.0,1.0,0.0,0.0,0.0,1.0,0
1.2352855470121422,-0.25287299947887715,-0.12833413392882856,-1.1207943668387697,-0.3392892972245912,0.029645611230824178,0.1958373520310708,1.0016969169303822,0.0,1.0,0.0,0.0,1.0,0.0,1.0,0.0,1.0,0.0,0.0,0.0,0.0,1.0,0
-0.45650018274655507,0.6946479930129743,0.06219037518238481,0.559242158308346,-1.5453588624114027,2.0741705237015133,0.212690824667135,-1.6352150065454507,0.0,0.0,0.0,1.0,1.0,0.0,1.0,0.0,0.0,1.0,0.0,1.0,0.0,0.0,0
0.6713569704259098,-0.8759040208435029,-0.8269240006699443,-0.4487797567799234,-0.9971454236901246,0.029645611230824178,0.6508811132048133,1.0016969169303822,0.0,0.0,0.0,1.0,0.0,1.0,1.0,0.0,0.0,1.0,0.0,0.0,0.0,1.0,0
0.48338077823049896,-0.4737385670526737,-0.38236681274377976,1.315258594624548,0.8119589240900935,-0.37925937126331366,0.7014415311130066,1.0016969169303822,0.0,0.0,1.0,0.0,1.0,0.0,1.0,0.0,1.0,0.0,0.0,0.0,1.0,0.0,0
0.48338077823049896,-0.5362557691964781,0.31622305399733597,-0.2807761042652118,-1.0519667675622522,1.6652655412073754,0.4149324962999096,-0.7562443653868398,0.0,0.0,0.0,1.0,1.0,0.0,1.0,0.0,0.0,1.0,0.0,0.0,0.0,1.0,0
-0.8324525671373767,0.458195944904695,-1.6525302068185357,0.7272458108230576,-1.3808948307950188,1.2563605587132376,-0.983905732493447,2.320152878668299,0.0,0.0,0.0,1.0,1.0,0.0,1.0,0.0,0.0,1.0,0.0,0.0,1.0,0.0,1
-1.9603097203098414,1.8490752325999371,0.31622305399733597,-1.372799845610837,0.9764229557064764,-1.6059743187457272,-0.8490779514049307,1.4411822375096877,0.0,1.0,0.0,0.0,1.0,0.0,1.0,0.0,0.0,1.0,0.0,0.0,0.0,1.0,1
-0.2685239905511443,2.190265004299823,1.205337429849665,1.4832622471392596,-1.6001802062835302,0.8474555762190998,-0.023257792237767996,-0.3167590448075343,0.0,1.0,0.0,0.0,1.0,0.0,0.0,1.0,0.0,1.0,0.0,0.0,1.0,0.0,1
0.2954045860350881,0.7365259544490296,-0.2553504733363042,0.13923302702156712,1.5246363944277546,-0.37925937126331366,0.6677345858408775,-0.7562443653868398,0.0,0.0,1.0,0.0,0.0,1.0,1.0,0.0,0.0,1.0,0.0,0.0,0.0,1.0,0
-0.45650018274655507,0.5281638273039939,0.6972720722197627,0.8952494633377692,-0.1748252656082074,0.029645611230824178,-1.0344661504016404,-0.7562443653868398,1.0,0.0,0.0,0.0,0.0,1.0,1.0,0.0,0.0,1.0,0.0,1.0,0.0,0.0,0
-0.45650018274655507,-0.6316587324679823,-1.9065628856334869,-2.128816281927039,0.2637454853688155,-0.7881643537574514,-1.0344661504016404,1.4411822375096877,0.0,0.0,0.0,1.0,1.0,0.0,1.0,0.0,0.0,1.0,0.0,0.0,1.0,0.0,1
1.0473093548167314,0.05303309101108067,-0.9539403400774199,-0.6167834092946349,0.04446010988030403,1.2563605587132376,-0.39403419023118813,-0.3167590448075343,0.0,0.0,0.0,1.0,1.0,0.0,1.0,0.0,0.0,1.0,0.0,0.0,1.0,0.0,1
1.0473093548167314,0.36048070155389944,0.37973122370107376,0.3072366795362787,-0.5037533288409741,-2.0148793012398647,-2.315330070742545,1.0016969169303822,0.0,1.0,0.0,0.0,1.0,0.0,1.0,0.0,0.0,1.0,0.0,0.0,0.0,1.0,1
-0.45650018274655507,2.3232639288605466,-0.890432170373682,-1.4568016718681929,-0.1748252656082074,-0.37925937126331366,0.7014415311130066,-1.6352150065454507,0.0,1.0,0.0,0.0,1.0,0.0,1.0,0.0,0.0,1.0,0.0,0.0,0.0,1.0,0
0.10742839383967734,1.1822821697346484,-0.2553504733363042,-1.372799845610837,-1.764644237899914,-0.37925937126331366,-0.5794223892278978,-0.7562443653868398,1.0,0.0,0.0,0.0,1.0,0.0,1.0,0.0,1.0,0.0,0.0,0.0,1.0,0.0,1
-1.0204287593327874,-0.5377116492464022,-0.06482596422509078,0.47524033205099026,-0.8875027359458694,-0.37925937126331366,-2.5681321602835134,-0.3167590448075343,0.0,0.0,0.0,1.0,1.0,0.0,1.0,0.0,0.0,1.0,0.0,0.0,0.0,1.0,1
2.5511188923800177,-1.3050460755593984,0.31622305399733597,-0.5327815830372792,-0.44893198496884645,-0.37925937126331366,0.04415609830649021,0.5622115963510766,1.0,0.0,0.0,0.0,1.0,0.0,0.0,1.0,0.0,1.0,0.0,0.0,0.0,1.0,1
0.8593331626213205,0.8016123566809354,1.4593701086646163,2.6592878147422407,-0.8875027359458694,0.029645611230824178,0.43178596893597454,0.12272627577177116,0.0,0.0,0.0,1.0,0.0,1.0,1.0,0.0,0.0,1.0,0.0,0.0,1.0,0.0,1
1.9871903157937854,0.7624748753388552,-0.38236681274377976,-0.7007852355519907,-0.5037533288409741,-0.7881643537574514,0.07786304357861931,0.12272627577177116,1.0,0.0,0.0,0.0,1.0,0.0,1.0,0.0,1.0,0.0,0.0,1.0,0.0,0.0,1
0.2954045860350881,0.7099775535386469,-1.0809566794848955,-0.19677427800785602,-0.6133960165852302,-0.7881643537574514,0.7351484763851357,1.0016969169303822,0.0,0.0,0.0,1.0,0.0,1.0,1.0,0.0,0.0,1.0,0.0,0.0,0.0,1.0,0
0.8593331626213205,-0.12021663492990048,0.6972720722197627,0.13923302702156712,0.4282095169851983,0.43855059372496197,-0.15808557332628442,-0.7562443653868398,0.0,0.0,1.0,0.0,1.0,0.0,1.0,0.0,0.0,1.0,0.0,0.0,0.0,1.0,0
0.48338077823049896,-0.9476703433044729,-0.06482596422509078,-1.6248053243829044,-1.3808948307950188,0.8474555762190998,2.639590884260428,-1.6352150065454507,0.0,0.0,1.0,0.0,1.0,0.0,1.0,0.0,0.0,1.0,0.0,1.0,0.0,0.0,0
1.423261739207553,0.43867002423512325,-2.414628243263389,-1.4568016718681929,0.9216016118343487,1.6652655412073754,2.2519610136309445,1.880667558088993,0.0,1.0,0.0,0.0,1.0,0.0,1.0,0.0,0.0,0.0,1.0,0.0,1.0,0.0,0
-0.8324525671373767,0.0260564900860144,1.3323537692571406,1.4832622471392596,-0.6682173604573579,-1.1970693362515892,-1.8602863095688027,0.12272627577177116,0.0,1.0,0.0,0.0,0.0,1.0,1.0,0.0,0.0,1.0,0.0,0.0,1.0,0.0,1
-1.0204287593327874,1.3915006969090513,-0.0013177945213529853,-0.02877062549314445,-0.28446795335246267,-1.6059743187457272,-1.6243376926638993,-0.7562443653868398,0.0,1.0,0.0,0.0,0.0,1.0,1.0,0.0,0.0,1.0,0.0,1.0,0.0,0.0,1
-0.08054779835573346,-1.290230355051346,0.37973122370107376,1.9032713784260387,-1.216430799178636,-0.7881643537574514,-0.8996383693131239,0.12272627577177116,1.0,0.0,0.0,0.0,0.0,1.0,1.0,0.0,0.0,1.0,0.0,0.0,0.0,1.0,1
-0.45650018274655507,0.376409742100129,0.18920671458986038,0.47524033205099026,-1.216430799178636,1.6652655412073754,0.33066513311958723,-0.7562443653868398,0.0,1.0,0.0,0.0,1.0,0.0,1.0,0.0,0.0,1.0,0.0,1.0,0.0,0.0,0
-1.2084049515281983,0.2505189377831531,-0.8269240006699443,0.6432439845657019,-0.9423240798179969,0.43855059372496197,0.8025623669293939,-2.074700327124756,0.0,0.0,0.0,1.0,1.0,0.0,0.0,1.0,0.0,1.0,0.0,0.0,0.0,1.0,1
0.10742839383967734,1.923924595166629,1.205337429849665,1.2312567683671922,-1.5453588624114027,1.2563605587132376,-0.0906716827820262,-0.7562443653868398,0.0,0.0,0.0,1.0,1.0,0.0,1.0,0.0,0.0,1.0,0.0,0.0,1.0,0.0,0
-0.45650018274655507,-0.8367665395014227,-1.207973018892371,0.3072366795362787,0.8667802679622212,0.43855059372496197,0.43178596893597454,-1.6352150065454507,0.0,0.0,1.0,0.0,1.0,0.0,1.0,0.0,0.0,1.0,0.0,0.0,1.0,0.0,0
-1.396381143723609,-0.1549008361192714,0.8242884116272383,0.8112476370804134,-0.3392892972245912,0.029645611230824178,1.426140854463782,-1.6352150065454507,0.0,0.0,1.0,0.0,1.0,0.0,1.0,0.0,0.0,0.0,1.0,0.0,0.0,1.0,1
0.48338077823049896,-0.9658260239270572,-0.06482596422509078,-0.7007852355519907,0.20892414149668687,-0.37925937126331366,1.763210307185073,-0.3167590448075343,0.0,0.0,0.0,1.0,1.0,0.0,0.0,1.0,1.0,0.0,0.0,1.0,0.0,0.0,0
0.8593331626213205,-0.268116920001613,-0.06482596422509078,-1.4568016718681929,-0.39411064109671884,2.0741705237015133,0.010449153034361107,-0.7562443653868398,0.0,0.0,0.0,1.0,1.0,0.0,0.0,1.0,0.0,1.0,0.0,1.0,0.0,0.0,1
0.8593331626213205,1.1079466471855768,-1.207973018892371,1.2312567683671922,-2.312857676621192,0.029645611230824178,-0.0906716827820262,-0.3167590448075343,0.0,0.0,0.0,1.0,1.0,0.0,1.0,0.0,1.0,0.0,0.0,0.0,1.0,0.0,1
0.10742839383967734,0.404071463048689,0.37973122370107376,-1.5408034981255485,-0.28446795335246267,-0.7881643537574514,-0.5794223892278978,-0.7562443653868398,0.0,0.0,1.0,0.0,1.0,0.0,1.0,0.0,0.0,1.0,0.0,1.0,0.0,0.0,1
-0.45650018274655507,-1.0535213869342568,-0.2553504733363042,-0.2807761042652118,0.5926735486015822,-0.37925937126331366,0.5160533321162969,0.5622115963510766,0.0,1.0,0.0,0.0,1.0,0.0,1.0,0.0,0.0,1.0,0.0,1.0,0.0,0.0,0
-1.9603097203098414,0.46239230504859424,-1.3984975280035845,-0.6167834092946349,0.4282095169851983,-0.37925937126331366,0.4149324962999096,-0.3167590448075343,0.0,0.0,0.0,1.0,1.0,0.0,1.0,0.0,0.0,1.0,0.0,0.0,1.0,0.0,0
0.48338077823049896,0.05902789121665095,0.5702557328122871,0.979251289595125,0.8119589240900935,-1.1970693362515892,-1.556923802119641,1.4411822375096877,1.0,0.0,0.0,0.0,0.0,1.0,1.0,0.0,0.0,1.0,0.0,0.0,0.0,1.0,1
-0.6444763749419659,-0.0959805140988092,-0.6999076612624687,-1.7088071506402602,-0.28446795335246267,0.029645611230824178,0.6171741679326842,-0.7562443653868398,0.0,0.0,1.0,0.0,1.0,0.0,1.0,0.0,0.0,1.0,0.0,0.0,0.0,1.0,0
0.10742839383967734,-0.362064003223193,0.633763902516025,0.2232348532789229,-2.312857676621192,2.0741705237015133,-1.0513196230377053,-1.6352150065454507,0.0,1.0,0.0,0.0,0.0,1.0,1.0,0.0,0.0,1.0,0.0,0.0,0.0,1.0,1
0.8593331626213205,0.3483198211368854,-0.5728913218549931,-0.5327815830372792,-1.4357161746671474,-1.1970693362515892,-1.0176126777655763,-0.3167590448075343,1.0,0.0,0.0,0.0,1.0,0.0,1.0,0.0,0.0,1.0,0.0,0.0,1.0,0.0,1
0.8593331626213205,-0.024556751649586126,-0.19184230363256635,0.3072366795362787,1.031244299578604,0.43855059372496197,-0.47830155341151054,-1.1957296859661453,0.0,1.0,0.0,0.0,1.0,0.0,1.0,0.0,1.0,0.0,0.0,0.0,0.0,1.0,1
0.10742839383967734,-0.008199511088672928,-1.5890220371147978,-1.2887980193534812,-0.01036123399182359,0.8474555762190998,1.1901922375588783,-0.7562443653868398,1.0,0.0,0.0,0.0,1.0,0.0,1.0,0.0,0.0,1.0,0.0,1.0,0.0,0.0,0
2.363142700184607,-0.8498694599507405,-0.6363994915587309,-1.372799845610837,-1.3808948307950188,0.029645611230824178,-0.933345314585253,-2.074700327124756,0.0,0.0,1.0,0.0,1.0,0.0,1.0,0.0,0.0,1.0,0.0,0.0,0.0,1.0,1
0.6713569704259098,-0.7112182951961936,0.5067475631085494,-0.19677427800785602,-0.6133960165852302,0.029645611230824178,-2.197355762290093,0.12272627577177116,1.0,0.0,0.0,0.0,0.0,1.0,1.0,0.0,0.0,1.0,0.0,0.0,0.0,1.0,1
0.6713569704259098,-0.7214950955485998,0.5067475631085494,0.39123850579363445,-0.39411064109671884,0.43855059372496197,-0.006404319601703819,1.0016969169303822,0.0,0.0,1.0,0.0,1.0,0.0,1.0,0.0,1.0,0.0,0.0,0.0,0.0,1.0,0
0.6713569704259098,-1.1445567100559884,0.44323939340481155,1.0632531158524807,0.5378522047294545,0.43855059372496197,0.1621304067589417,-1.1957296859661453,0.0,0.0,0.0,1.0,0.0,1.0,1.0,0.0,0.0,1.0,0.0,0.0,1.0,0.0,0
0.6713569704259098,-0.7387943761418169,-1.52551386741106,-1.7088071506402602,-0.6133960165852302,-0.37925937126331366,-0.3434737723229941,-0.3167590448075343,0.0,0.0,0.0,1.0,1.0,0.0,1.0,0.0,0.0,1.0,0.0,0.0,0.0,1.0,0
1.423261739207553,0.5591655083670859,0.5067475631085494,-0.952790714324058,0.3185668292409431,-2.0148793012398647,-0.6805432250442851,1.0016969169303822,0.0,1.0,0.0,0.0,0.0,1.0,1.0,0.0,1.0,0.0,0.0,0.0,1.0,0.0,1
-0.08054779835573346,-0.5795039706795209,1.4593701086646163,1.0632531158524807,-0.3392892972245912,-2.0148793012398647,-0.5120084986836396,0.5622115963510766,0.0,0.0,1.0,0.0,1.0,0.0,1.0,0.0,0.0,1.0,0.0,0.0,0.0,1.0,1
0.2954045860350881,0.8650715988570438,1.0783210904421894,0.055231200764211334,0.15410279762455925,0.43855059372496197,0.6171741679326842,0.12272627577177116,0.0,0.0,0.0,1.0,0.0,1.0,1.0,0.0,0.0,1.0,0.0,0.0,0.0,1.0,0
-0.6444763749419659,2.382591040894958,0.37973122370107376,-0.11277245175050024,0.4282095169851983,-0.7881643537574514,-1.5400703294835765,0.12272627577177116,1.0,0.0,0.0,0.0,1.0,0.0,1.0,0.0,0.0,1.0,0.0,0.0,0.0,1.0,0
-1.9603097203098414,2.382591040894958,-1.7160383765222733,-0.7007852355519907,-0.44893198496884645,2.0741705237015133,0.0947165162146835,-0.3167590448075343,0.0,1.0,0.0,0.0,1.0,0.0,0.0,1.0,0.0,1.0,0.0,0.0,1.0,0.0,1
-0.2685239905511443,0.4947642261586737,-2.224103734152176,-1.8768108031549717,1.4149937066834992,-0.7881643537574514,-2.6186925781917063,-0.7562443653868398,1.0,0.0,0.0,0.0,1.0,0.0,1.0,0.0,0.0,1.0,0.0,0.0,1.0,0.0,1
0.2954045860350881,0.04189989062930729,0.18920671458986038,1.2312567683671922,1.0860656434507325,-1.6059743187457272,-0.6468362797721561,-0.3167590448075343,0.0,0.0,0.0,1.0,1.0,0.0,1.0,0.0,0.0,1.0,0.0,0.0,1.0,0.0,0
-0.08054779835573346,-0.5996293713696497,0.44323939340481155,0.2232348532789229,0.2637454853688155,-0.37925937126331366,-0.49515502604757544,0.12272627577177116,0.0,0.0,0.0,1.0,1.0,0.0,1.0,0.0,0.0,0.0,1.0,0.0,0.0,1.0,1
0.6713569704259098,0.30789773975075435,-0.890432170373682,0.8952494633377692,-2.0935723011326806,-0.37925937126331366,-0.10752515541809113,-1.1957296859661453,0.0,0.0,1.0,0.0,1.0,0.0,1.0,0.0,0.0,1.0,0.0,0.0,1.0,0.0,0
-0.45650018274655507,1.5605540627061332,-0.06482596422509078,0.3072366795362787,0.3733881731130707,0.029645611230824178,-0.3266202996869299,0.12272627577177116,0.0,0.0,0.0,1.0,0.0,1.0,1.0,0.0,0.0,1.0,0.0,0.0,0.0,1.0,0
-1.0204287593327874,-1.2777269146225851,-0.06482596422509078,-0.7007852355519907,1.0860656434507325,0.8474555762190998,2.1845471230866864,-0.3167590448075343,0.0,0.0,0.0,1.0,1.0,0.0,1.0,0.0,1.0,0.0,0.0,1.0,0.0,0.0,0
1.7992141235983745,-0.4312611255960614,0.37973122370107376,-0.3647779305225676,-0.7778600482016131,-1.1970693362515892,0.11156998885074842,0.5622115963510766,0.0,0.0,1.0,0.0,1.0,0.0,1.0,0.0,0.0,1.0,0.0,0.0,1.0,0.0,1
-0.2685239905511443,-1.0204643458006835,-1.0809566794848955,-1.0367925405814138,-1.3260734869228912,0.43855059372496197,1.2070457101949432,0.5622115963510766,0.0,0.0,0.0,1.0,1.0,0.0,1.0,0.0,0.0,0.0,1.0,0.0,0.0,1.0,0
-1.2084049515281983,2.382591040894958,1.3323537692571406,-0.7007852355519907,-1.1067881114343798,0.029645611230824178,1.1901922375588783,1.4411822375096877,1.0,0.0,0.0,0.0,1.0,0.0,1.0,0.0,0.0,1.0,0.0,0.0,0.0,1.0,0
-0.8324525671373767,-0.5209262086708055,0.31622305399733597,-0.7007852355519907,-1.490537518539275,0.029645611230824178,-0.5120084986836396,0.5622115963510766,0.0,0.0,0.0,1.0,0.0,1.0,1.0,0.0,0.0,1.0,0.0,0.0,0.0,1.0,1
-1.0204287593327874,-0.6961456546793312,-0.38236681274377976,-0.4487797567799234,1.0860656434507325,-1.1970693362515892,-1.5063633842114474,-0.3167590448075343,0.0,0.0,1.0,0.0,0.0,1.0,1.0,0.0,0.0,1.0,0.0,0.0,0.0,1.0,0
0.2954045860350881,1.087564326486638,-0.06482596422509078,-1.5408034981255485,1.1957083311949879,0.8474555762190998,1.2070457101949432,-1.1957296859661453,0.0,0.0,0.0,1.0,1.0,0.0,1.0,0.0,0.0,1.0,0.0,0.0,1.0,0.0,0
0.2954045860350881,-0.15044755596656206,0.06219037518238481,-0.7847870618093465,0.8667802679622212,0.8474555762190998,0.4654929142081036,-0.3167590448075343,0.0,0.0,1.0,0.0,0.0,1.0,1.0,0.0,0.0,1.0,0.0,0.0,1.0,0.0,0
-1.0204287593327874,-0.057613792783159395,0.5067475631085494,-0.952790714324058,-1.6001802062835302,0.43855059372496197,1.1564852922867492,-1.6352150065454507,0.0,0.0,1.0,0.0,1.0,0.0,1.0,0.0,1.0,0.0,0.0,0.0,0.0,1.0,0
-1.2084049515281983,2.382591040894958,-0.5093831521512553,-1.2047961930961255,-0.1748252656082074,0.43855059372496197,0.9710970932900395,-0.7562443653868398,0.0,0.0,0.0,1.0,1.0,0.0,1.0,0.0,0.0,1.0,0.0,0.0,0.0,1.0,0
-0.2685239905511443,-1.1356501497505695,0.9513047510347139,0.7272458108230576,0.04446010988030403,0.8474555762190998,-0.4445946081393814,-0.7562443653868398,0.0,1.0,0.0,0.0,1.0,0.0,1.0,0.0,1.0,0.0,0.0,0.0,1.0,0.0,1
1.0473093548167314,0.12085997333696158,-1.6525302068185357,-0.8687888880667023,-0.8326813920737407,-0.7881643537574514,-1.0681730956737694,0.12272627577177116,0.0,0.0,1.0,0.0,1.0,0.0,1.0,0.0,0.0,1.0,0.0,0.0,0.0,1.0,1
-1.7723335281144308,-1.0051347852750108,-0.8269240006699443,-0.11277245175050024,-1.7098228940277864,0.8474555762190998,-0.1917925185984135,-0.3167590448075343,1.0,0.0,0.0,0.0,1.0,0.0,1.0,0.0,1.0,0.0,0.0,0.0,0.0,1.0,0
0.10742839383967734,-0.48333024738158614,-0.2553504733363042,1.315258594624548,2.5114205841260553,0.029645611230824178,1.2913130733752656,-0.7562443653868398,0.0,0.0,0.0,1.0,1.0,0.0,1.0,0.0,0.0,1.0,0.0,1.0,0.0,0.0,0
-0.08054779835573346,-1.1085022688196298,-0.7634158309662065,-1.0367925405814138,0.5926735486015822,-0.7881643537574514,-0.8827848966770597,0.12272627577177116,0.0,0.0,1.0,0.0,1.0,0.0,1.0,0.0,0.0,1.0,0.0,0.0,1.0,0.0,1
-0.2685239905511443,-1.1594580705669773,0.44323939340481155,-0.3647779305225676,-0.8875027359458694,0.8474555762190998,-0.5794223892278978,-0.7562443653868398,0.0,0.0,1.0,0.0,1.0,0.0,0.0,1.0,1.0,0.0,0.0,0.0,0.0,1.0,1
-1.9603097203098414,1.263897092533341,-0.6999076612624687,-1.372799845610837,0.04446010988030403,-0.7881643537574514,-1.1524404588540922,0.5622115963510766,0.0,0.0,1.0,0.0,1.0,0.0,1.0,0.0,1.0,0.0,0.0,0.0,0.0,1.0,1
1.423261739207553,-0.4398251258897332,-1.0174485097811576,0.7272458108230576,-0.1200039217360798,-0.7881643537574514,-1.674898110572093,0.12272627577177116,0.0,0.0,0.0,1.0,1.0,0.0,1.0,0.0,0.0,1.0,0.0,0.0,0.0,1.0,1
0.2954045860350881,-0.9129005021121652,-0.8269240006699443,-0.19677427800785602,-0.1748252656082074,-0.7881643537574514,-2.113088399109771,-1.1957296859661453,0.0,0.0,0.0,1.0,1.0,0.0,1.0,0.0,0.0,1.0,0.0,1.0,0.0,0.0,1
-0.08054779835573346,-0.6194978520509683,0.887796581330976,-0.02877062549314445,-1.0519667675622522,1.2563605587132376,-0.12437862805415531,-0.3167590448075343,0.0,0.0,0.0,1.0,0.0,1.0,0.0,1.0,0.0,1.0,0.0,0.0,0.0,1.0,1
-0.8324525671373767,-0.6310592524474252,-0.2553504733363042,0.3072366795362787,-0.9423240798179969,1.2563605587132376,0.7182950037490715,0.12272627577177116,0.0,0.0,1.0,0.0,0.0,1.0,1.0,0.0,0.0,1.0,0.0,0.0,0.0,1.0,0
-0.08054779835573346,-0.8171549788289142,0.8242884116272383,0.055231200764211334,-1.1616094553065084,0.8474555762190998,-0.12437862805415531,-1.1957296859661453,0.0,0.0,0.0,1.0,0.0,1.0,1.0,0.0,0.0,1.0,0.0,0.0,0.0,1.0,1
-0.45650018274655507,0.6759784723727696,0.633763902516025,0.979251289595125,-1.4357161746671474,0.029645611230824178,-0.6468362797721561,-0.7562443653868398,0.0,0.0,1.0,0.0,0.0,1.0,1.0,0.0,0.0,1.0,0.0,1.0,0.0,0.0,1
0.2954045860350881,-0.3226696018723026,0.5702557328122871,0.8112476370804134,-0.1200039217360798,-0.37925937126331366,1.1901922375588783,1.4411822375096877,0.0,0.0,1.0,0.0,1.0,0.0,1.0,0.0,0.0,1.0,0.0,0.0,1.0,0.0,0
-0.6444763749419659,0.22551205692563137,-0.0013177945213529853,0.8112476370804134,-0.8875027359458694,0.43855059372496197,0.4486394415720387,1.4411822375096877,0.0,0.0,0.0,1.0,1.0,0.0,1.0,0.0,0.0,1.0,0.0,1.0,0.0,0.0,0
0.10742839383967734,0.6903659928661384,-0.8269240006699443,-0.7007852355519907,-1.1067881114343798,0.43855059372496197,-0.4108876628672523,1.4411822375096877,0.0,0.0,0.0,1.0,1.0,0.0,1.0,0.0,0.0,0.0,1.0,0.0,0.0,1.0,1
0.48338077823049896,-0.7588341368290089,1.9674354662945186,0.559242158308346,-0.1748252656082074,-1.1970693362515892,-0.9670522598573822,1.880667558088993,0.0,0.0,0.0,1.0,0.0,1.0,1.0,0.0,0.0,1.0,0.0,0.0,0.0,1.0,1
0.8593331626213205,0.13995769399184976,1.268845599553403,-0.2807761042652118,-0.22964660948033502,0.029645611230824178,0.7520019490212007,-0.7562443653868398,1.0,0.0,0.0,0.0,1.0,0.0,1.0,0.0,0.0,1.0,0.0,1.0,0.0,0.0,0
-0.8324525671373767,-0.7624310169523512,0.2527148842935982,1.6512658996539713,-0.9423240798179969,-1.1970693362515892,-0.46144808077544636,1.880667558088993,0.0,0.0,0.0,1.0,1.0,0.0,1.0,0.0,1.0,0.0,0.0,0.0,1.0,0.0,1
-1.396381143723609,-1.2869760349397508,0.44323939340481155,0.979251289595125,1.6891004260441382,0.43855059372496197,0.1284234614868126,-1.1957296859661453,0.0,1.0,0.0,0.0,1.0,0.0,1.0,0.0,0.0,1.0,0.0,0.0,1.0,0.0,0
-0.45650018274655507,0.45605494483127706,-2.414628243263389,-1.4568016718681929,-0.44893198496884645,-1.6059743187457272,0.7351484763851357,-1.6352150065454507,0.0,0.0,1.0,0.0,1.0,0.0,1.0,0.0,0.0,1.0,0.0,1.0,0.0,0.0,1
-0.45650018274655507,1.720187028180176,-0.7634158309662065,-0.5327815830372792,-0.6133960165852302,-2.423784283734003,-1.0513196230377053,-2.074700327124756,0.0,0.0,0.0,1.0,1.0,0.0,1.0,0.0,0.0,1.0,0.0,0.0,1.0,0.0,1
-1.9603097203098414,0.09208493235022422,-1.3984975280035845,0.47524033205099026,-1.6001802062835302,0.43855059372496197,-0.983905732493447,-0.3167590448075343,0.0,0.0,1.0,0.0,1.0,0.0,1.0,0.0,1.0,0.0,0.0,1.0,0.0,0.0,1
-0.8324525671373767,-0.32335472189579634,0.31622305399733597,0.13923302702156712,0.757137580217965,1.2563605587132376,0.3475186057556514,0.5622115963510766,1.0,0.0,0.0,0.0,1.0,0.0,1.0,0.0,0.0,1.0,0.0,0.0,1.0,0.0,0
-0.08054779835573346,-1.0697073474892964,-0.38236681274377976,1.2312567683671922,-0.6133960165852302,-0.37925937126331366,1.3418734912834596,-0.3167590448075343,0.0,0.0,0.0,1.0,0.0,1.0,1.0,0.0,1.0,0.0,0.0,1.0,0.0,0.0,0
-0.08054779835573346,0.275782738649485,0.37973122370107376,0.2232348532789229,-0.8875027359458694,0.029645611230824178,-0.6805432250442851,-0.3167590448075343,0.0,0.0,1.0,0.0,1.0,0.0,1.0,0.0,0.0,1.0,0.0,0.0,1.0,0.0,1
0.2954045860350881,-0.8938884214602137,1.0783210904421894,1.6512658996539713,-0.39411064109671884,0.43855059372496197,0.549760277388426,-0.3167590448075343,0.0,0.0,0.0,1.0,1.0,0.0,1.0,0.0,0.0,1.0,0.0,0.0,1.0,0.0,0
-1.2084049515281983,-0.5670005302507599,-2.414628243263389,-2.128816281927039,0.20892414149668687,0.43855059372496197,1.6115290534604916,-0.7562443653868398,0.0,0.0,0.0,1.0,0.0,1.0,1.0,0.0,0.0,1.0,0.0,0.0,0.0,1.0,1
1.0473093548167314,-1.1567175904730023,0.9513047510347139,-1.1207943668387697,-0.28446795335246267,-2.0148793012398647,-0.04011126487383292,-0.3167590448075343,0.0,1.0,0.0,0.0,1.0,0.0,1.0,0.0,0.0,1.0,0.0,1.0,0.0,0.0,1
0.48338077823049896,-0.5900376910407371,-2.0335792250409623,-0.7847870618093465,-0.5585746727131017,0.43855059372496197,0.2969581878474581,-1.1957296859661453,1.0,0.0,0.0,0.0,0.0,1.0,1.0,0.0,1.0,0.0,0.0,0.0,0.0,1.0,0
1.0473093548167314,-0.4602930865916089,-0.6363994915587309,-0.7847870618093465,1.9083858015326498,0.029645611230824178,0.1958373520310708,0.5622115963510766,0.0,0.0,0.0,1.0,1.0,0.0,1.0,0.0,0.0,1.0,0.0,0.0,1.0,0.0,0
-0.6444763749419659,1.0716352859404084,-0.6363994915587309,0.47524033205099026,-0.7778600482016131,-0.37925937126331366,0.212690824667135,-1.1957296859661453,0.0,0.0,1.0,0.0,1.0,0.0,1.0,0.0,0.0,1.0,0.0,1.0,0.0,0.0,0
-0.8324525671373767,0.037275330470724496,0.7607802419235005,0.055231200764211334,0.9764229557064764,0.43855059372496197,0.3812255510277805,-0.7562443653868398,0.0,0.0,0.0,1.0,0.0,1.0,1.0,0.0,1.0,0.0,0.0,0.0,0.0,1.0,0
-0.6444763749419659,0.6763210323845166,-0.06482596422509078,2.6592878147422407,2.018028489276905,1.2563605587132376,0.7688554216572648,0.5622115963510766,1.0,0.0,0.0,0.0,0.0,1.0,1.0,0.0,1.0,0.0,0.0,0.0,0.0,1.0,0
1.9871903157937854,-1.1857495514685499,0.9513047510347139,-0.7007852355519907,0.5378522047294545,0.029645611230824178,0.9373901480179103,0.5622115963510766,1.0,0.0,0.0,0.0,0.0,1.0,1.0,0.0,0.0,1.0,0.0,0.0,0.0,1.0,0
-0.08054779835573346,2.382591040894958,-1.7795465462260112,-0.11277245175050024,-0.44893198496884645,0.029645611230824178,1.105924874378556,0.5622115963510766,0.0,0.0,0.0,1.0,1.0,0.0,0.0,1.0,0.0,1.0,0.0,0.0,0.0,1.0,0
-0.6444763749419659,2.304936968232089,-0.8269240006699443,-1.4568016718681929,-0.39411064109671884,-0.37925937126331366,0.4654929142081036,1.0016969169303822,0.0,1.0,0.0,0.0,0.0,1.0,1.0,0.0,0.0,0.0,1.0,1.0,0.0,0.0,1
-1.7723335281144308,-0.6632598935516313,0.2527148842935982,1.399260420881904,-0.5037533288409741,-0.7881643537574514,-1.3883890757589956,0.5622115963510766,0.0,0.0,1.0,0.0,1.0,0.0,1.0,0.0,1.0,0.0,0.0,0.0,1.0,0.0,1
-1.396381143723609,-0.7132736552666749,0.44323939340481155,0.979251289595125,0.3185668292409431,-1.1970693362515892,0.04415609830649021,-0.3167590448075343,0.0,0.0,0.0,1.0,0.0,1.0,1.0,0.0,0.0,1.0,0.0,0.0,0.0,1.0,1
0.10742839383967734,0.8457169581933454,1.0783210904421894,0.8112476370804134,0.3733881731130707,0.8474555762190998,0.7182950037490715,0.12272627577177116,1.0,0.0,0.0,0.0,1.0,0.0,1.0,0.0,0.0,1.0,0.0,0.0,0.0,1.0,0
1.0473093548167314,0.5201993070308791,-0.19184230363256635,0.3072366795362787,1.4149937066834992,0.8474555762190998,0.212690824667135,2.539895538957951,1.0,0.0,0.0,0.0,1.0,0.0,1.0,0.0,0.0,1.0,0.0,0.0,0.0,1.0,0
-1.58435733591902,-0.7568644167614644,-0.6999076612624687,-1.7928089768976159,1.031244299578604,-1.6059743187457272,-1.0007592051295113,0.12272627577177116,1.0,0.0,0.0,0.0,0.0,1.0,1.0,0.0,0.0,1.0,0.0,1.0,0.0,0.0,1
-1.2084049515281983,-0.4200422852113513,1.522878278368354,-1.5408034981255485,0.8667802679622212,-0.37925937126331366,0.8194158395654588,1.0016969169303822,0.0,1.0,0.0,0.0,1.0,0.0,0.0,1.0,0.0,1.0,0.0,0.0,0.0,1.0,0
-0.08054779835573346,-0.6481872530347689,-0.44587498244751755,0.055231200764211334,1.469815050555627,-0.37925937126331366,0.4823463868441678,-0.3167590448075343,0.0,0.0,0.0,1.0,1.0,0.0,0.0,1.0,0.0,1.0,0.0,0.0,0.0,1.0,0
0.8593331626213205,-0.9998251050929343,0.5067475631085494,0.7272458108230576,2.182492520893289,-0.7881643537574514,0.9036832027457812,-0.3167590448075343,0.0,1.0,0.0,0.0,1.0,0.0,1.0,0.0,0.0,1.0,0.0,0.0,0.0,1.0,0
0.10742839383967734,0.2770673386935358,0.18920671458986038,-0.6167834092946349,-0.22964660948033502,0.029645611230824178,0.22954429730319992,-1.1957296859661453,0.0,1.0,0.0,0.0,0.0,1.0,1.0,0.0,0.0,1.0,0.0,0.0,1.0,0.0,1
-0.6444763749419659,-0.416787965099756,-0.19184230363256635,1.2312567683671922,-0.1748252656082074,-1.1970693362515892,-0.36032724495905905,0.5622115963510766,1.0,0.0,0.0,0.0,1.0,0.0,1.0,0.0,1.0,0.0,0.0,0.0,1.0,0.0,1
-1.9603097203098414,-0.5552678498484295,-1.3349893582998467,0.13923302702156712,0.4282095169851983,1.6652655412073754,0.5160533321162969,-0.3167590448075343,0.0,0.0,0.0,1.0,1.0,0.0,1.0,0.0,0.0,1.0,0.0,0.0,0.0,1.0,0
2.175166507989196,-1.2770417945990915,0.37973122370107376,0.8952494633377692,-0.06518257786395218,-0.37925937126331366,0.9205366753818461,-0.3167590448075343,0.0,0.0,0.0,1.0,0.0,1.0,0.0,1.0,0.0,1.0,0.0,0.0,0.0,1.0,0
-0.2685239905511443,1.3107421741397258,2.0944518057019943,1.6512658996539713,0.7023162363458374,0.43855059372496197,0.1284234614868126,1.4411822375096877,1.0,0.0,0.0,0.0,1.0,0.0,1.0,0.0,0.0,1.0,0.0,0.0,0.0,1.0,0
-0.8324525671373767,2.382591040894958,-0.6363994915587309,0.8952494633377692,-0.5585746727131017,0.029645611230824178,-0.15808557332628442,-1.1957296859661453,0.0,0.0,1.0,0.0,1.0,0.0,0.0,1.0,1.0,0.0,0.0,0.0,1.0,0.0,1
-1.0204287593327874,-0.3877560041042085,1.5863864480720917,-0.952790714324058,-0.1200039217360798,-0.37925937126331366,1.3755804365555886,-1.1957296859661453,0.0,1.0,0.0,0.0,1.0,0.0,1.0,0.0,0.0,1.0,0.0,0.0,1.0,0.0,0
0.8593331626213205,0.05388949104044785,0.18920671458986038,0.3072366795362787,-1.0519667675622522,0.8474555762190998,-2.028821035929448,0.12272627577177116,0.0,1.0,0.0,0.0,1.0,0.0,1.0,0.0,1.0,0.0,0.0,0.0,0.0,1.0,1
-1.0204287593327874,-0.45438392638897535,-0.38236681274377976,-2.128816281927039,-0.1200039217360798,1.2563605587132376,1.055364456470362,1.0016969169303822,1.0,0.0,0.0,0.0,1.0,0.0,1.0,0.0,0.0,1.0,0.0,0.0,0.0,1.0,0
1.9871903157937854,-0.0029754709095331103,-0.44587498244751755,-0.02877062549314445,-0.5037533288409741,0.029645611230824178,-1.3546821304868664,0.12272627577177116,0.0,0.0,0.0,1.0,1.0,0.0,1.0,0.0,1.0,0.0,0.0,1.0,0.0,0.0,1
-0.08054779835573346,-0.8007977382680009,-0.6363994915587309,-1.6248053243829044,0.20892414149668687,-0.37925937126331366,-0.950198787221318,0.5622115963510766,0.0,0.0,1.0,0.0,0.0,1.0,1.0,0.0,0.0,1.0,0.0,0.0,0.0,1.0,0
0.6713569704259098,-0.5212687686825523,0.5067475631085494,0.7272458108230576,2.6758846157424383,-0.37925937126331366,0.3812255510277805,-1.6352150065454507,0.0,0.0,0.0,1.0,1.0,0.0,0.0,1.0,0.0,0.0,1.0,0.0,0.0,1.0,1
-0.8324525671373767,0.15948361466142152,0.5702557328122871,-0.3647779305225676,0.04446010988030403,-2.423784283734003,-0.1917925185984135,0.12272627577177116,0.0,0.0,0.0,1.0,1.0,0.0,1.0,0.0,0.0,1.0,0.0,0.0,1.0,0.0,0
-0.08054779835573346,1.6282953050290774,1.840419126887043,0.13923302702156712,1.4149937066834992,0.8474555762190998,0.3475186057556514,1.4411822375096877,0.0,1.0,0.0,0.0,0.0,1.0,1.0,0.0,0.0,1.0,0.0,1.0,0.0,0.0,0
-1.0204287593327874,-0.24285311913528113,0.6972720722197627,-0.3647779305225676,-0.22964660948033502,-0.7881643537574514,-2.1467953443819,1.4411822375096877,0.0,0.0,0.0,1.0,0.0,1.0,1.0,0.0,0.0,1.0,0.0,0.0,0.0,1.0,1
-0.6444763749419659,-0.09486719406063186,-0.5728913218549931,-0.4487797567799234,-0.01036123399182359,0.43855059372496197,1.1901922375588783,-0.7562443653868398,1.0,0.0,0.0,0.0,1.0,0.0,1.0,0.0,1.0,0.0,0.0,0.0,0.0,1.0,1
-0.6444763749419659,-0.01624967136472445,-0.44587498244751755,0.2232348532789229,-0.5037533288409741,-0.37925937126331366,0.7688554216572648,0.12272627577177116,0.0,0.0,0.0,1.0,1.0,0.0,1.0,0.0,0.0,1.0,0.0,0.0,0.0,1.0,0
0.2954045860350881,0.2931676592456388,-0.6363994915587309,-1.4568016718681929,-0.1748252656082074,0.8474555762190998,1.3081665460113305,-0.7562443653868398,0.0,0.0,0.0,1.0,1.0,0.0,1.0,0.0,0.0,1.0,0.0,0.0,0.0,1.0,0
-1.7723335281144308,2.382591040894958,-0.2553504733363042,0.8112476370804134,-0.7778600482016131,1.2563605587132376,0.1621304067589417,-0.7562443653868398,0.0,0.0,0.0,1.0,1.0,0.0,1.0,0.0,0.0,1.0,0.0,1.0,0.0,0.0,1
-0.08054779835573346,1.3277845347241328,-0.7634158309662065,-0.19677427800785602,0.757137580217965,-1.1970693362515892,-0.8322244787688657,-0.3167590448075343,0.0,0.0,0.0,1.0,1.0,0.0,1.0,0.0,0.0,1.0,0.0,0.0,0.0,1.0,0
-0.45650018274655507,-1.010273185451214,-0.9539403400774199,-0.2807761042652118,0.3733881731130707,0.8474555762190998,0.3812255510277805,1.0016969169303822,0.0,0.0,0.0,1.0,1.0,0.0,1.0,0.0,1.0,0.0,0.0,0.0,0.0,1.0,0
-0.45650018274655507,0.3683595818240775,-1.843054715929749,-1.8768108031549717,0.5926735486015822,0.029645611230824178,0.4486394415720387,1.880667558088993,0.0,0.0,0.0,1.0,1.0,0.0,1.0,0.0,0.0,1.0,0.0,0.0,1.0,0.0,0
1.0473093548167314,-1.1521786703173562,1.3323537692571406,0.2232348532789229,0.20892414149668687,-0.7881643537574514,-2.6186925781917063,1.4411822375096877,0.0,0.0,1.0,0.0,1.0,0.0,0.0,1.0,0.0,1.0,0.0,0.0,0.0,1.0,1
2.6451069884777234,-0.6912641745119382,0.7607802419235005,1.4832622471392596,-0.44893198496884645,0.43855059372496197,0.9710970932900395,-0.3167590448075343,1.0,0.0,0.0,0.0,1.0,0.0,1.0,0.0,1.0,0.0,0.0,0.0,0.0,1.0,0
1.0473093548167314,0.6101213101144333,2.0944518057019943,-0.7847870618093465,-0.9971454236901246,-1.1970693362515892,-0.6805432250442851,0.5622115963510766,0.0,1.0,0.0,0.0,1.0,0.0,1.0,0.0,0.0,0.0,1.0,0.0,1.0,0.0,1
2.5511188923800177,0.14783657426202784,-0.31885864304004197,-2.128816281927039,-0.9971454236901246,-0.37925937126331366,-0.49515502604757544,-0.7562443653868398,0.0,1.0,0.0,0.0,0.0,1.0,1.0,0.0,0.0,1.0,0.0,0.0,0.0,1.0,1
-0.08054779835573346,-0.3493892827885587,-0.890432170373682,0.055231200764211334,1.7987431137883936,1.2563605587132376,0.5160533321162969,0.5622115963510766,0.0,1.0,0.0,0.0,1.0,0.0,1.0,0.0,0.0,1.0,0.0,0.0,0.0,1.0,0
-0.08054779835573346,0.5638757085286055,-1.843054715929749,-0.19677427800785602,0.5378522047294545,-0.7881643537574514,0.3475186057556514,-0.7562443653868398,0.0,0.0,0.0,1.0,1.0,0.0,1.0,0.0,0.0,1.0,0.0,0.0,1.0,0.0,1
1.423261739207553,-0.3441652426094189,-0.19184230363256635,-1.5408034981255485,-1.7098228940277864,0.8474555762190998,-0.14123210069022024,1.880667558088993,0.0,0.0,0.0,1.0,1.0,0.0,1.0,0.0,0.0,1.0,0.0,0.0,0.0,1.0,0
0.8593331626213205,0.08514809211235004,1.840419126887043,1.735267725911327,0.20892414149668687,-1.6059743187457272,-1.3883890757589956,-1.1957296859661453,1.0,0.0,0.0,0.0,1.0,0.0,1.0,0.0,0.0,1.0,0.0,0.0,1.0,0.0,1
0.6713569704259098,0.1695891350079543,-0.7634158309662065,-0.952790714324058,1.1408869873228602,0.8474555762190998,0.3812255510277805,-0.3167590448075343,0.0,0.0,0.0,1.0,1.0,0.0,1.0,0.0,0.0,1.0,0.0,0.0,0.0,1.0,0
0.48338077823049896,-0.8651990204764131,-0.38236681274377976,0.055231200764211334,-0.39411064109671884,-0.7881643537574514,-1.5400703294835765,-0.7562443653868398,0.0,0.0,1.0,0.0,1.0,0.0,0.0,1.0,0.0,0.0,1.0,0.0,1.0,0.0,1
-1.2084049515281983,2.382591040894958,1.205337429849665,-0.11277245175050024,-1.490537518539275,-0.7881643537574514,-0.6131293345000269,0.5622115963510766,0.0,1.0,0.0,0.0,0.0,1.0,1.0,0.0,0.0,1.0,0.0,0.0,0.0,1.0,1
-0.8324525671373767,0.030681050244597188,-0.6363994915587309,-0.19677427800785602,-0.6133960165852302,-0.37925937126331366,1.6957964166408148,-1.6352150065454507,0.0,1.0,0.0,0.0,1.0,0.0,1.0,0.0,1.0,0.0,0.0,0.0,0.0,1.0,1
-0.6444763749419659,-1.0028225051957194,-0.890432170373682,-0.7847870618093465,2.456599240253928,-1.6059743187457272,0.549760277388426,0.12272627577177116,0.0,0.0,0.0,1.0,1.0,0.0,1.0,0.0,0.0,1.0,0.0,0.0,1.0,0.0,0
1.423261739207553,-0.43674208578401136,0.9513047510347139,1.399260420881904,-1.0519667675622522,-0.7881643537574514,-0.6131293345000269,-0.7562443653868398,0.0,1.0,0.0,0.0,0.0,1.0,1.0,0.0,1.0,0.0,0.0,0.0,0.0,1.0,1
0.48338077823049896,-0.10882651453931695,0.37973122370107376,0.979251289595125,-0.01036123399182359,-1.1970693362515892,-0.7816640608606724,1.4411822375096877,0.0,0.0,0.0,1.0,0.0,1.0,1.0,0.0,0.0,1.0,0.0,1.0,0.0,0.0,0
1.423261739207553,0.11563593315782175,1.840419126887043,-0.3647779305225676,1.1408869873228602,-0.7881643537574514,-1.8939932548409317,-0.3167590448075343,0.0,0.0,0.0,1.0,0.0,1.0,1.0,0.0,0.0,1.0,0.0,0.0,0.0,1.0,1
-0.2685239905511443,0.9317851611447473,0.633763902516025,-1.8768108031549717,0.48303086085732594,0.43855059372496197,0.010449153034361107,1.0016969169303822,1.0,0.0,0.0,0.0,1.0,0.0,1.0,0.0,0.0,0.0,1.0,0.0,1.0,0.0,0
-0.2685239905511443,-1.0369928663674701,0.5702557328122871,-0.02877062549314445,1.3601723628113718,-0.37925937126331366,0.8699762574736521,0.12272627577177116,0.0,0.0,0.0,1.0,1.0,0.0,1.0,0.0,0.0,1.0,0.0,0.0,0.0,1.0,0
-1.2084049515281983,2.382591040894958,0.18920671458986038,-1.0367925405814138,2.1276711770211603,0.43855059372496197,0.8868297301097171,1.0016969169303822,1.0,0.0,0.0,0.0,1.0,0.0,1.0,0.0,0.0,1.0,0.0,0.0,0.0,1.0,0
0.6713569704259098,0.1032181327319976,-1.5890220371147978,-0.7847870618093465,0.757137580217965,0.43855059372496197,1.0722179291064267,0.5622115963510766,0.0,0.0,0.0,1.0,1.0,0.0,1.0,0.0,0.0,1.0,0.0,0.0,0.0,1.0,0
0.2954045860350881,-0.44427840604244256,-2.0970873947447,-1.2047961930961255,0.4282095169851983,0.029645611230824178,-1.2535612946704795,-1.6352150065454507,0.0,0.0,0.0,1.0,1.0,0.0,0.0,1.0,0.0,0.0,1.0,0.0,0.0,1.0,1
-0.8324525671373767,0.3272523804144527,-0.38236681274377976,0.2232348532789229,-0.44893198496884645,-2.0148793012398647,-1.1355869862180277,0.12272627577177116,0.0,1.0,0.0,0.0,1.0,0.0,1.0,0.0,0.0,0.0,1.0,0.0,0.0,1.0,1
-1.58435733591902,-0.6553810132814533,-0.890432170373682,-0.952790714324058,0.20892414149668687,-0.7881643537574514,-0.7985175334967366,0.12272627577177116,0.0,0.0,0.0,1.0,0.0,1.0,0.0,1.0,1.0,0.0,0.0,0.0,1.0,0.0,1
-0.8324525671373767,-0.8089335385469891,1.0783210904421894,0.47524033205099026,-1.764644237899914,-1.1970693362515892,-0.5962758618639628,-0.7562443653868398,1.0,0.0,0.0,0.0,1.0,0.0,1.0,0.0,0.0,1.0,0.0,1.0,0.0,0.0,1
0.10742839383967734,1.130384327954997,-2.224103734152176,-0.952790714324058,-0.5037533288409741,-0.37925937126331366,0.1452769341228775,-1.1957296859661453,0.0,0.0,0.0,1.0,0.0,1.0,1.0,0.0,0.0,1.0,0.0,0.0,0.0,1.0,1
-1.0204287593327874,-0.978928944376375,0.18920671458986038,-0.19677427800785602,0.5926735486015822,-0.7881643537574514,-0.4108876628672523,1.4411822375096877,1.0,0.0,0.0,0.0,1.0,0.0,1.0,0.0,0.0,1.0,0.0,0.0,1.0,0.0,1
1.7992141235983745,-1.0179807857155185,1.3323537692571406,0.2232348532789229,-1.6001802062835302,-0.7881643537574514,-1.203000876762286,2.320152878668299,0.0,0.0,1.0,0.0,0.0,1.0,1.0,0.0,0.0,1.0,0.0,0.0,0.0,1.0,1
-0.45650018274655507,0.5137763068106252,-0.7634158309662065,-0.2807761042652118,0.5378522047294545,-0.7881643537574514,-2.6186925781917063,-0.7562443653868398,0.0,0.0,1.0,0.0,1.0,0.0,1.0,0.0,0.0,1.0,0.0,0.0,0.0,1.0,1
-0.45650018274655507,-0.5508145696957202,0.6972720722197627,0.7272458108230576,1.0860656434507325,0.8474555762190998,-0.0906716827820262,0.12272627577177116,0.0,0.0,1.0,0.0,1.0,0.0,1.0,0.0,0.0,1.0,0.0,0.0,0.0,1.0,0
1.0473093548167314,0.8086348369217463,-0.2553504733363042,-0.952790714324058,0.3185668292409431,0.8474555762190998,1.6620894713686858,1.880667558088993,0.0,0.0,0.0,1.0,0.0,1.0,1.0,0.0,1.0,0.0,0.0,0.0,0.0,1.0,0
0.6713569704259098,-0.07328591332057885,0.9513047510347139,0.47524033205099026,-1.216430799178636,0.43855059372496197,0.4486394415720387,-0.3167590448075343,0.0,1.0,0.0,0.0,1.0,0.0,1.0,0.0,1.0,0.0,0.0,0.0,0.0,1.0,0
0.6713569704259098,-0.9686521440239688,-2.414628243263389,-0.952790714324058,-0.5037533288409741,-0.37925937126331366,0.07786304357861931,1.0016969169303822,0.0,0.0,0.0,1.0,1.0,0.0,1.0,0.0,0.0,1.0,0.0,0.0,0.0,1.0,1
-1.0204287593327874,-0.2772804003158419,0.2527148842935982,0.2232348532789229,1.5246363944277546,0.43855059372496197,0.24639776993926407,-1.6352150065454507,1.0,0.0,0.0,0.0,0.0,1.0,1.0,0.0,1.0,0.0,0.0,0.0,1.0,0.0,0
-1.0204287593327874,-0.033548951957941546,-0.31885864304004197,-0.19677427800785602,-0.39411064109671884,-0.7881643537574514,-0.39403419023118813,-0.7562443653868398,0.0,0.0,1.0,0.0,1.0,0.0,1.0,0.0,1.0,0.0,0.0,0.0,0.0,1.0,1
0.6713569704259098,-1.1982529918973106,-0.5093831521512553,-0.19677427800785602,-0.9423240798179969,0.43855059372496197,0.2969581878474581,-0.3167590448075343,1.0,0.0,0.0,0.0,0.0,1.0,1.0,0.0,1.0,0.0,0.0,0.0,1.0,0.0,0
0.6713569704259098,0.3800922622264079,0.06219037518238481,0.7272458108230576,-0.5037533288409741,0.029645611230824178,2.0834262872702993,0.12272627577177116,1.0,0.0,0.0,0.0,1.0,0.0,1.0,0.0,0.0,1.0,0.0,0.0,1.0,0.0,0
-1.0204287593327874,-0.7128454552519913,0.6972720722197627,-0.02877062549314445,0.04446010988030403,-0.7881643537574514,0.4654929142081036,-0.7562443653868398,1.0,0.0,0.0,0.0,1.0,0.0,0.0,1.0,0.0,1.0,0.0,0.0,1.0,0.0,1
-1.0204287593327874,2.382591040894958,0.37973122370107376,-0.02877062549314445,0.04446010988030403,-0.7881643537574514,-1.4389494936671892,1.0016969169303822,0.0,0.0,0.0,1.0,1.0,0.0,1.0,0.0,0.0,1.0,0.0,0.0,0.0,1.0,1
0.48338077823049896,2.382591040894958,0.8242884116272383,0.3072366795362787,1.031244299578604,-0.7881643537574514,-0.8490779514049307,-0.3167590448075343,0.0,0.0,0.0,1.0,1.0,0.0,1.0,0.0,0.0,1.0,0.0,0.0,0.0,1.0,1
-1.2084049515281983,-0.5002013279601196,0.2527148842935982,-0.7007852355519907,0.9764229557064764,0.43855059372496197,-0.9670522598573822,0.5622115963510766,0.0,0.0,0.0,1.0,0.0,1.0,1.0,0.0,0.0,1.0,0.0,0.0,0.0,1.0,0
-0.8324525671373767,2.382591040894958,0.37973122370107376,-1.2887980193534812,0.48303086085732594,0.029645611230824178,-0.5962758618639628,1.880667558088993,0.0,0.0,0.0,1.0,1.0,0.0,1.0,0.0,0.0,1.0,0.0,0.0,0.0,1.0,0
-1.0204287593327874,-1.1618559906492054,0.887796581330976,0.47524033205099026,0.48303086085732594,0.8474555762190998,0.31381166048352227,-1.1957296859661453,0.0,0.0,0.0,1.0,1.0,0.0,1.0,0.0,0.0,0.0,1.0,0.0,0.0,1.0,1
-0.8324525671373767,-0.8847249411459849,-2.160595564448438,-0.7847870618093465,0.3733881731130707,0.43855059372496197,-0.983905732493447,1.880667558088993,1.0,0.0,0.0,0.0,0.0,1.0,1.0,0.0,1.0,0.0,0.0,0.0,1.0,0.0,0
-0.45650018274655507,1.0680384058170662,1.205337429849665,0.8952494633377692,0.5926735486015822,-0.7881643537574514,-0.7311036429524784,0.12272627577177116,0.0,0.0,1.0,0.0,1.0,0.0,1.0,0.0,0.0,1.0,0.0,0.0,0.0,1.0,1
1.6112379314029637,0.1475796542532177,0.06219037518238481,-1.0367925405814138,-0.1748252656082074,0.029645611230824178,-0.5962758618639628,-0.7562443653868398,0.0,0.0,0.0,1.0,1.0,0.0,1.0,0.0,0.0,1.0,0.0,0.0,1.0,0.0,1
1.423261739207553,0.0756420517863743,2.6342712481837656,1.1472549421098366,-1.8742869256441694,0.029645611230824178,0.4486394415720387,-0.7562443653868398,0.0,0.0,1.0,0.0,0.0,1.0,1.0,0.0,0.0,0.0,1.0,0.0,0.0,1.0,1
-1.0204287593327874,1.0196518041578202,0.633763902516025,-1.0367925405814138,-1.3808948307950188,0.43855059372496197,-0.07381821014596203,-0.7562443653868398,0.0,1.0,0.0,0.0,1.0,0.0,1.0,0.0,0.0,1.0,0.0,0.0,0.0,1.0,0
0.8593331626213205,-0.5539832498043787,-1.7160383765222733,-1.4568016718681929,-0.22964660948033502,1.6652655412073754,0.1621304067589417,-1.1957296859661453,0.0,1.0,0.0,0.0,1.0,0.0,1.0,0.0,0.0,0.0,1.0,0.0,0.0,1.0,1
-0.08054779835573346,0.8446892781581048,1.0783210904421894,0.8112476370804134,1.0860656434507325,-0.37925937126331366,1.5609686355522985,0.12272627577177116,0.0,0.0,0.0,1.0,1.0,0.0,1.0,0.0,1.0,0.0,0.0,0.0,0.0,1.0,0
0.8593331626213205,0.12060305332815142,0.9513047510347139,0.055231200764211334,-1.1616094553065084,0.029645611230824178,0.3643720783917163,1.4411822375096877,0.0,0.0,0.0,1.0,1.0,0.0,1.0,0.0,0.0,1.0,0.0,0.0,0.0,1.0,0
0.10742839383967734,-0.5840428908351669,1.1418292601459272,0.8112476370804134,0.3733881731130707,-0.37925937126331366,0.8868297301097171,-1.1957296859661453,1.0,0.0,0.0,0.0,1.0,0.0,1.0,0.0,1.0,0.0,0.0,0.0,1.0,0.0,0
-0.6444763749419659,0.6404378711540316,-0.12833413392882856,-0.02877062549314445,-0.1748252656082074,-1.6059743187457272,-1.4726564389393184,-0.7562443653868398,0.0,1.0,0.0,0.0,0.0,1.0,1.0,0.0,0.0,1.0,0.0,0.0,0.0,1.0,1
1.2352855470121422,-0.4667160868118628,1.268845599553403,0.39123850579363445,-0.44893198496884645,1.2563605587132376,0.8868297301097171,-0.7562443653868398,0.0,0.0,0.0,1.0,1.0,0.0,1.0,0.0,1.0,0.0,0.0,0.0,0.0,1.0,0
1.6112379314029637,-0.4779349271965729,-1.3349893582998467,-1.2887980193534812,-0.01036123399182359,1.2563605587132376,-0.933345314585253,-0.3167590448075343,0.0,0.0,1.0,0.0,0.0,1.0,1.0,0.0,1.0,0.0,0.0,0.0,0.0,1.0,0
-0.45650018274655507,-0.9055354618596074,1.0148129207384518,1.9032713784260387,-0.5585746727131017,0.43855059372496197,0.4991998594802327,-0.7562443653868398,0.0,0.0,1.0,0.0,0.0,1.0,1.0,0.0,1.0,0.0,0.0,1.0,0.0,0.0,1
-0.2685239905511443,0.08172249199488131,-0.5728913218549931,-0.02877062549314445,0.48303086085732594,-1.1970693362515892,-1.8939932548409317,0.12272627577177116,0.0,0.0,0.0,1.0,0.0,1.0,1.0,0.0,0.0,1.0,0.0,0.0,0.0,1.0,1
1.423261739207553,2.382591040894958,1.5863864480720917,1.6512658996539713,1.1408869873228602,-1.6059743187457272,-0.023257792237767996,-1.1957296859661453,0.0,0.0,0.0,1.0,0.0,1.0,1.0,0.0,0.0,1.0,0.0,1.0,0.0,0.0,1
-1.7723335281144308,-1.0574608270693457,-0.44587498244751755,-0.2807761042652118,0.20892414149668687,-2.0148793012398647,-1.2872682399426085,0.5622115963510766,0.0,0.0,0.0,1.0,0.0,1.0,1.0,0.0,1.0,0.0,0.0,0.0,0.0,1.0,1
0.6713569704259098,0.04386961069685181,-0.9539403400774199,1.399260420881904,-0.3392892972245912,0.43855059372496197,0.43178596893597454,0.5622115963510766,0.0,0.0,1.0,0.0,1.0,0.0,1.0,0.0,0.0,1.0,0.0,0.0,0.0,1.0,0
0.10742839383967734,0.7531401150187529,0.1256985448861226,-0.7007852355519907,-1.6001802062835302,-1.1970693362515892,-0.950198787221318,0.12272627577177116,0.0,0.0,1.0,0.0,0.0,1.0,1.0,0.0,0.0,1.0,0.0,1.0,0.0,0.0,1
1.7992141235983745,1.8865855538862197,-1.52551386741106,-1.1207943668387697,0.5378522047294545,-0.37925937126331366,0.8025623669293939,0.5622115963510766,0.0,1.0,0.0,0.0,1.0,0.0,1.0,0.0,0.0,1.0,0.0,0.0,0.0,1.0,0
-0.6444763749419659,0.15802773461149733,-0.06482596422509078,-0.8687888880667023,1.3601723628113718,0.029645611230824178,-0.07381821014596203,0.5622115963510766,0.0,0.0,1.0,0.0,0.0,1.0,1.0,0.0,0.0,1.0,0.0,0.0,0.0,1.0,0
1.2352855470121422,-0.7484716964736661,-0.890432170373682,-0.02877062549314445,0.20892414149668687,0.43855059372496197,0.3812255510277805,0.5622115963510766,0.0,0.0,0.0,1.0,1.0,0.0,1.0,0.0,1.0,0.0,0.0,0.0,0.0,1.0,0
0.2954045860350881,-0.6526405331874783,-0.5093831521512553,-0.8687888880667023,-0.8326813920737407,-0.37925937126331366,1.2576061281031365,-2.074700327124756,0.0,0.0,0.0,1.0,1.0,0.0,1.0,0.0,0.0,1.0,0.0,0.0,0.0,1.0,0
0.48338077823049896,-1.078956467806462,0.5702557328122871,2.2392786834554617,0.5378522047294545,0.029645611230824178,-0.25920640914267173,1.0016969169303822,0.0,0.0,1.0,0.0,1.0,0.0,1.0,0.0,0.0,1.0,0.0,0.0,0.0,1.0,0
-0.2685239905511443,-0.3077682413613136,-2.414628243263389,-1.8768108031549717,-1.6001802062835302,-0.7881643537574514,-1.5063633842114474,-0.3167590448075343,0.0,1.0,0.0,0.0,1.0,0.0,1.0,0.0,0.0,0.0,1.0,0.0,1.0,0.0,1
-1.0204287593327874,0.2911979391780943,0.44323939340481155,0.39123850579363445,-0.1200039217360798,0.029645611230824178,-0.7816640608606724,-0.3167590448075343,0.0,0.0,1.0,0.0,0.0,1.0,0.0,1.0,0.0,1.0,0.0,0.0,0.0,1.0,1
-0.08054779835573346,-0.9669393439652345,-2.414628243263389,-0.7847870618093465,0.48303086085732594,1.6652655412073754,0.549760277388426,-0.3167590448075343,0.0,0.0,0.0,1.0,1.0,0.0,1.0,0.0,0.0,1.0,0.0,1.0,0.0,0.0,0
0.8593331626213205,0.43490186410590764,1.522878278368354,1.9872732046833943,-1.2712521430507635,-1.1970693362515892,-0.8659314240409949,-1.6352150065454507,0.0,1.0,0.0,0.0,1.0,0.0,1.0,0.0,1.0,0.0,0.0,0.0,0.0,1.0,1
1.0473093548167314,2.098630201157534,0.9513047510347139,-1.372799845610837,-1.2712521430507635,-0.7881643537574514,0.3980790236638454,0.12272627577177116,0.0,0.0,1.0,0.0,1.0,0.0,1.0,0.0,1.0,0.0,0.0,0.0,0.0,1.0,1
-0.8324525671373767,0.23501809725160708,-0.6363994915587309,0.8952494633377692,1.0860656434507325,-1.1970693362515892,-0.10752515541809113,-0.7562443653868398,0.0,0.0,0.0,1.0,0.0,1.0,1.0,0.0,0.0,1.0,0.0,1.0,0.0,0.0,1
-1.2084049515281983,0.23630269729565787,-0.7634158309662065,1.315258594624548,0.48303086085732594,0.029645611230824178,-0.20864599123447844,0.12272627577177116,0.0,0.0,0.0,1.0,1.0,0.0,1.0,0.0,1.0,0.0,0.0,0.0,1.0,0.0,0
0.48338077823049896,-0.1567849161838792,1.9039272965907807,0.8112476370804134,1.5246363944277546,1.2563605587132376,0.212690824667135,-0.3167590448075343,0.0,1.0,0.0,0.0,0.0,1.0,0.0,1.0,0.0,1.0,0.0,1.0,0.0,0.0,0
0.6713569704259098,-0.39212364425398116,-0.38236681274377976,-1.0367925405814138,2.346956552509672,-0.37925937126331366,1.055364456470362,0.5622115963510766,0.0,0.0,0.0,1.0,1.0,0.0,1.0,0.0,0.0,1.0,0.0,1.0,0.0,0.0,0
-1.396381143723609,2.382591040894958,0.31622305399733597,-1.6248053243829044,0.8119589240900935,-1.1970693362515892,-1.1018800409458986,-0.7562443653868398,0.0,0.0,1.0,0.0,1.0,0.0,1.0,0.0,1.0,0.0,0.0,0.0,0.0,1.0,1
1.0473093548167314,1.6015756241128212,-1.843054715929749,0.6432439845657019,0.3733881731130707,0.029645611230824178,0.31381166048352227,0.12272627577177116,0.0,0.0,1.0,0.0,0.0,1.0,1.0,0.0,1.0,0.0,0.0,1.0,0.0,0.0,0
-0.08054779835573346,0.48645714587381206,0.1256985448861226,1.4832622471392596,-0.6133960165852302,0.029645611230824178,-1.1187335135819632,-1.1957296859661453,0.0,0.0,0.0,1.0,0.0,1.0,1.0,0.0,0.0,1.0,0.0,0.0,0.0,1.0,1
-1.58435733591902,-0.78255641764248,-1.2714811885961088,-1.372799845610837,0.2637454853688155,2.0741705237015133,-0.3771807175951232,-2.074700327124756,0.0,0.0,0.0,1.0,1.0,0.0,1.0,0.0,0.0,1.0,0.0,0.0,1.0,0.0,1
-0.08054779835573346,-0.2910684407886535,1.7134027874795674,-0.952790714324058,0.20892414149668687,-0.37925937126331366,-1.7928724190245444,0.12272627577177116,0.0,0.0,0.0,1.0,0.0,1.0,1.0,0.0,0.0,1.0,0.0,0.0,0.0,1.0,0
0.6713569704259098,0.12736861356015217,-0.06482596422509078,-1.0367925405814138,-0.6682173604573579,1.6652655412073754,1.8643311430014595,-0.7562443653868398,1.0,0.0,0.0,0.0,1.0,0.0,1.0,0.0,0.0,1.0,0.0,0.0,0.0,1.0,0
-1.9603097203098414,-0.5801034507000778,-1.6525302068185357,0.13923302702156712,-1.3260734869228912,-0.37925937126331366,-0.4445946081393814,1.880667558088993,1.0,0.0,0.0,0.0,0.0,1.0,0.0,1.0,0.0,1.0,0.0,0.0,0.0,1.0,1
-0.2685239905511443,-0.614102531865955,1.0148129207384518,-0.4487797567799234,0.4282095169851983,-0.37925937126331366,-0.4445946081393814,-1.1957296859661453,0.0,0.0,0.0,1.0,1.0,0.0,1.0,0.0,0.0,1.0,0.0,1.0,0.0,0.0,1
1.423261739207553,1.1141983673999574,0.1256985448861226,-1.2887980193534812,0.4282095169851983,0.029645611230824178,1.9485985061817828,-1.1957296859661453,0.0,0.0,0.0,1.0,1.0,0.0,1.0,0.0,0.0,1.0,0.0,0.0,1.0,0.0,0
-1.9603097203098414,-0.598002211313852,-1.1444648491886333,-1.4568016718681929,-0.39411064109671884,1.2563605587132376,1.6283825260965565,1.0016969169303822,1.0,0.0,0.0,0.0,0.0,1.0,1.0,0.0,0.0,1.0,0.0,0.0,0.0,1.0,0
1.6112379314029637,-0.30708312133781984,0.06219037518238481,0.2232348532789229,0.20892414149668687,-0.7881643537574514,0.4823463868441678,-1.1957296859661453,0.0,0.0,1.0,0.0,1.0,0.0,1.0,0.0,0.0,1.0,0.0,0.0,0.0,1.0,0
0.48338077823049896,-0.3241254819222268,1.268845599553403,1.399260420881904,0.15410279762455925,1.6652655412073754,0.549760277388426,0.12272627577177116,0.0,1.0,0.0,0.0,1.0,0.0,1.0,0.0,0.0,1.0,0.0,0.0,0.0,1.0,0
-0.6444763749419659,-1.134965029727076,1.3958619389608784,0.8952494633377692,-0.44893198496884645,-1.6059743187457272,-1.3378286578508019,0.5622115963510766,1.0,0.0,0.0,0.0,1.0,0.0,1.0,0.0,0.0,0.0,1.0,1.0,0.0,0.0,1
0.10742839383967734,2.2722224871102625,0.31622305399733597,0.3072366795362787,0.09928145375243164,0.029645611230824178,2.622737411624364,-0.3167590448075343,1.0,0.0,0.0,0.0,1.0,0.0,0.0,1.0,0.0,1.0,0.0,0.0,0.0,1.0,0
-0.2685239905511443,-0.22007287835411404,-0.8269240006699443,0.39123850579363445,-1.1616094553065084,0.029645611230824178,-0.07381821014596203,-1.1957296859661453,0.0,0.0,1.0,0.0,0.0,1.0,0.0,1.0,0.0,1.0,0.0,0.0,0.0,1.0,0
0.48338077823049896,-0.2873859206623746,-0.5728913218549931,1.6512658996539713,-1.490537518539275,-1.1970693362515892,0.43178596893597454,1.4411822375096877,0.0,0.0,0.0,1.0,0.0,1.0,1.0,0.0,0.0,1.0,0.0,0.0,0.0,1.0,0
1.2352855470121422,-1.30213431545955,0.887796581330976,0.39123850579363445,0.15410279762455925,0.029645611230824178,-0.10752515541809113,1.880667558088993,0.0,0.0,1.0,0.0,1.0,0.0,1.0,0.0,1.0,0.0,0.0,0.0,0.0,1.0,0
-0.2685239905511443,-0.4536988063654816,-0.06482596422509078,0.2232348532789229,-0.7778600482016131,-0.37925937126331366,1.7969172524572021,-0.7562443653868398,0.0,0.0,0.0,1.0,1.0,0.0,1.0,0.0,0.0,1.0,0.0,0.0,0.0,1.0,1
-1.2084049515281983,-0.4489886062039621,1.3323537692571406,0.2232348532789229,0.2637454853688155,-2.423784283734003,-0.14123210069022024,1.880667558088993,0.0,0.0,1.0,0.0,0.0,1.0,1.0,0.0,0.0,1.0,0.0,1.0,0.0,0.0,0
0.10742839383967734,1.2081454506215372,-0.5728913218549931,-1.2887980193534812,0.3185668292409431,0.029645611230824178,-1.2535612946704795,0.12272627577177116,0.0,1.0,0.0,0.0,1.0,0.0,1.0,0.0,0.0,1.0,0.0,0.0,0.0,1.0,0
2.5511188923800177,2.2363393258797775,-0.06482596422509078,1.735267725911327,-0.1200039217360798,2.0741705237015133,0.24639776993926407,0.12272627577177116,0.0,1.0,0.0,0.0,0.0,1.0,1.0,0.0,1.0,0.0,0.0,0.0,0.0,1.0,0
-1.2084049515281983,2.3712223305051086,0.1256985448861226,0.8112476370804134,0.6474948924737097,0.8474555762190998,-0.4108876628672523,-0.3167590448075343,1.0,0.0,0.0,0.0,1.0,0.0,0.0,1.0,0.0,1.0,0.0,0.0,0.0,1.0,0
0.10742839383967734,0.5412667477533117,-0.38236681274377976,-1.2887980193534812,-0.06518257786395218,1.2563605587132376,0.549760277388426,-0.3167590448075343,0.0,0.0,0.0,1.0,1.0,0.0,1.0,0.0,0.0,1.0,0.0,0.0,1.0,0.0,0
0.8593331626213205,-0.8818988210490731,0.37973122370107376,0.6432439845657019,0.48303086085732594,0.8474555762190998,0.6677345858408775,-1.6352150065454507,0.0,0.0,0.0,1.0,1.0,0.0,0.0,1.0,0.0,1.0,0.0,0.0,0.0,1.0,1
-0.6444763749419659,-1.1225472293012517,-0.19184230363256635,-1.7928089768976159,-1.3260734869228912,1.6652655412073754,-0.12437862805415531,-1.1957296859661453,0.0,0.0,1.0,0.0,1.0,0.0,1.0,0.0,0.0,0.0,1.0,0.0,0.0,1.0,1
0.10742839383967734,0.3528587412925315,-0.38236681274377976,-1.2887980193534812,-0.22964660948033502,2.0741705237015133,0.43178596893597454,-0.7562443653868398,0.0,1.0,0.0,0.0,1.0,0.0,1.0,0.0,0.0,1.0,0.0,0.0,0.0,1.0,0
-0.08054779835573346,2.382591040894958,1.1418292601459272,0.47524033205099026,0.4282095169851983,0.43855059372496197,-0.14123210069022024,0.12272627577177116,0.0,0.0,1.0,0.0,0.0,1.0,1.0,0.0,1.0,0.0,0.0,0.0,0.0,1.0,0
0.6713569704259098,-0.512533488383007,-0.31885864304004197,-0.8687888880667023,1.4149937066834992,1.6652655412073754,-0.7142501703164142,1.880667558088993,0.0,0.0,1.0,0.0,1.0,0.0,1.0,0.0,0.0,1.0,0.0,0.0,1.0,0.0,1
-0.45650018274655507,-0.44967372622745583,0.1256985448861226,1.2312567683671922,-0.7778600482016131,-1.6059743187457272,-1.4220960210311246,0.5622115963510766,0.0,0.0,1.0,0.0,1.0,0.0,1.0,0.0,1.0,0.0,0.0,1.0,0.0,0.0,1
-0.2685239905511443,-0.9857801446113125,0.5702557328122871,0.7272458108230576,-0.6133960165852302,1.2563605587132376,-0.4445946081393814,1.0016969169303822,0.0,0.0,0.0,1.0,1.0,0.0,1.0,0.0,0.0,0.0,1.0,0.0,0.0,1.0,1
0.2954045860350881,-0.3075969613554402,-1.1444648491886333,-0.5327815830372792,-0.9423240798179969,0.43855059372496197,-0.04011126487383292,1.4411822375096877,0.0,0.0,0.0,1.0,0.0,1.0,1.0,0.0,0.0,1.0,0.0,0.0,1.0,0.0,0
1.2352855470121422,-0.89320330143672,-0.38236681274377976,0.559242158308346,-0.22964660948033502,-1.6059743187457272,-1.4726564389393184,0.5622115963510766,0.0,0.0,0.0,1.0,1.0,0.0,1.0,0.0,0.0,1.0,0.0,0.0,1.0,0.0,1
0.48338077823049896,-0.2562129595934092,-0.19184230363256635,0.47524033205099026,0.09928145375243164,0.8474555762190998,0.7182950037490715,-0.7562443653868398,1.0,0.0,0.0,0.0,1.0,0.0,1.0,0.0,0.0,1.0,0.0,0.0,0.0,1.0,0
1.0473093548167314,-0.15138959599886595,-1.52551386741106,-0.7847870618093465,0.8119589240900935,-0.7881643537574514,-0.933345314585253,-1.1957296859661453,1.0,0.0,0.0,0.0,1.0,0.0,1.0,0.0,0.0,1.0,0.0,0.0,0.0,1.0,1
-0.08054779835573346,-0.8434464597304867,0.1256985448861226,0.13923302702156712,-0.3392892972245912,1.6652655412073754,0.3980790236638454,0.5622115963510766,0.0,1.0,0.0,0.0,0.0,1.0,1.0,0.0,0.0,1.0,0.0,1.0,0.0,0.0,0
-0.08054779835573346,-1.1343655497065188,1.7134027874795674,1.0632531158524807,0.15410279762455925,0.8474555762190998,0.853122784837588,-0.7562443653868398,0.0,0.0,0.0,1.0,1.0,0.0,1.0,0.0,0.0,0.0,1.0,0.0,1.0,0.0,1
-1.7723335281144308,0.5218264670866767,-0.06482596422509078,-0.2807761042652118,0.04446010988030403,-0.37925937126331366,-1.0176126777655763,-0.3167590448075343,0.0,0.0,0.0,1.0,0.0,1.0,1.0,0.0,0.0,1.0,0.0,0.0,1.0,0.0,0
0.6713569704259098,1.794436910726311,-0.19184230363256635,-1.7088071506402602,-0.1200039217360798,0.43855059372496197,1.4429943270998462,0.5622115963510766,0.0,0.0,0.0,1.0,0.0,1.0,1.0,0.0,0.0,1.0,0.0,0.0,0.0,1.0,0
0.2954045860350881,-0.8288876592312445,-1.52551386741106,-1.2047961930961255,-0.3392892972245912,0.029645611230824178,-0.7816640608606724,-0.3167590448075343,0.0,0.0,0.0,1.0,1.0,0.0,1.0,0.0,0.0,1.0,0.0,1.0,0.0,0.0,0
-0.8324525671373767,-0.5415654493785546,-0.38236681274377976,-0.4487797567799234,0.5378522047294545,-1.6059743187457272,-1.0344661504016404,-0.7562443653868398,1.0,0.0,0.0,0.0,1.0,0.0,1.0,0.0,0.0,1.0,0.0,0.0,0.0,1.0,1
-1.58435733591902,1.893265474115284,0.44323939340481155,-1.372799845610837,-0.6133960165852302,-0.37925937126331366,-1.4220960210311246,1.0016969169303822,0.0,0.0,0.0,1.0,1.0,0.0,1.0,0.0,1.0,0.0,0.0,0.0,1.0,0.0,1
0.48338077823049896,-0.4703986069381417,-1.3349893582998467,1.315258594624548,1.1408869873228602,1.6652655412073754,1.3587269639195239,0.12272627577177116,0.0,0.0,1.0,0.0,0.0,1.0,1.0,0.0,0.0,1.0,0.0,1.0,0.0,0.0,0
0.6713569704259098,0.7093780735180898,-1.2714811885961088,-0.5327815830372792,0.9764229557064764,2.0741705237015133,-0.933345314585253,0.12272627577177116,0.0,0.0,0.0,1.0,0.0,1.0,1.0,0.0,0.0,1.0,0.0,0.0,0.0,1.0,0
0.6713569704259098,-0.8269179391637,0.633763902516025,1.0632531158524807,0.3733881731130707,-1.1970693362515892,0.010449153034361107,1.0016969169303822,0.0,0.0,1.0,0.0,1.0,0.0,1.0,0.0,0.0,1.0,0.0,0.0,0.0,1.0,0
2.363142700184607,-0.9763597442882734,-1.0809566794848955,-0.2807761042652118,-1.983929613388425,0.43855059372496197,1.8811846156375245,-0.7562443653868398,1.0,0.0,0.0,0.0,0.0,1.0,1.0,0.0,0.0,1.0,0.0,0.0,0.0,1.0,0
1.2352855470121422,-1.018152065721392,2.6342712481837656,1.2312567683671922,0.3733881731130707,-0.37925937126331366,-0.07381821014596203,1.4411822375096877,0.0,0.0,0.0,1.0,1.0,0.0,1.0,0.0,1.0,0.0,0.0,1.0,0.0,0.0,0
-1.7723335281144308,-0.9912611047992624,0.7607802419235005,-0.2807761042652118,-0.7230387043294855,1.6652655412073754,-2.2647696528343517,0.12272627577177116,0.0,0.0,1.0,0.0,1.0,0.0,1.0,0.0,1.0,0.0,0.0,0.0,1.0,0.0,1
-1.396381143723609,2.3731064105697164,-1.7795465462260112,-2.128816281927039,1.031244299578604,-1.1970693362515892,-1.6074842200278348,1.0016969169303822,0.0,0.0,1.0,0.0,1.0,0.0,1.0,0.0,0.0,1.0,0.0,0.0,1.0,0.0,1
-0.08054779835573346,0.3335041006288332,0.7607802419235005,0.055231200764211334,-0.22964660948033502,0.029645611230824178,0.17898387939500587,1.880667558088993,0.0,0.0,1.0,0.0,1.0,0.0,1.0,0.0,1.0,0.0,0.0,0.0,0.0,1.0,0
0.8593331626213205,-0.20979607800170785,-1.207973018892371,-0.952790714324058,-0.44893198496884645,1.2563605587132376,-1.5063633842114474,-0.7562443653868398,0.0,0.0,1.0,0.0,1.0,0.0,1.0,0.0,0.0,1.0,0.0,1.0,0.0,0.0,1
1.2352855470121422,0.6110633501467372,1.522878278368354,1.5672640733966154,-0.1200039217360798,0.8474555762190998,1.6957964166408148,0.12272627577177116,0.0,0.0,0.0,1.0,0.0,1.0,1.0,0.0,0.0,1.0,0.0,0.0,0.0,1.0,0
-1.7723335281144308,-0.878301940925731,0.44323939340481155,0.979251289595125,0.5926735486015822,-0.37925937126331366,0.2801047152113932,1.0016969169303822,0.0,1.0,0.0,0.0,0.0,1.0,1.0,0.0,0.0,1.0,0.0,1.0,0.0,0.0,0
-0.08054779835573346,-0.6342279325560838,-0.12833413392882856,-0.11277245175050024,1.1408869873228602,0.43855059372496197,0.5160533321162969,0.12272627577177116,1.0,0.0,0.0,0.0,1.0,0.0,1.0,0.0,0.0,0.0,1.0,1.0,0.0,0.0,1
0.2954045860350881,2.382591040894958,0.18920671458986038,-1.6248053243829044,1.3601723628113718,1.2563605587132376,0.33066513311958723,-1.1957296859661453,0.0,0.0,0.0,1.0,0.0,1.0,1.0,0.0,1.0,0.0,0.0,0.0,0.0,1.0,0
0.10742839383967734,0.685313232692872,-0.0013177945213529853,0.3072366795362787,0.757137580217965,0.8474555762190998,0.6677345858408775,1.880667558088993,0.0,0.0,1.0,0.0,1.0,0.0,1.0,0.0,0.0,1.0,0.0,0.0,0.0,1.0,0
0.10742839383967734,0.05397513104338457,-1.3984975280035845,-1.1207943668387697,0.48303086085732594,0.8474555762190998,0.3643720783917163,-0.3167590448075343,0.0,0.0,1.0,0.0,0.0,1.0,1.0,0.0,0.0,1.0,0.0,0.0,0.0,1.0,0
0.2954045860350881,-0.8917474213867957,0.1256985448861226,0.47524033205099026,2.292135208637544,0.8474555762190998,1.0722179291064267,-0.3167590448075343,1.0,0.0,0.0,0.0,1.0,0.0,1.0,0.0,0.0,1.0,0.0,0.0,0.0,1.0,0
1.423261739207553,-0.1319493153322309,0.5702557328122871,-0.8687888880667023,-0.7230387043294855,-0.37925937126331366,-0.6299828071360919,0.12272627577177116,0.0,0.0,0.0,1.0,0.0,1.0,1.0,0.0,1.0,0.0,0.0,1.0,0.0,0.0,1
0.48338077823049896,2.382591040894958,1.522878278368354,0.2232348532789229,-0.22964660948033502,0.029645611230824178,-0.4445946081393814,0.5622115963510766,0.0,0.0,0.0,1.0,0.0,1.0,1.0,0.0,0.0,1.0,0.0,1.0,0.0,0.0,1
-1.58435733591902,-0.1328913553645348,-0.9539403400774199,-0.11277245175050024,0.3733881731130707,-0.37925937126331366,0.2969581878474581,-0.3167590448075343,0.0,0.0,0.0,1.0,0.0,1.0,1.0,0.0,0.0,1.0,0.0,1.0,0.0,0.0,0
-1.9603097203098414,-0.8221220989992438,-0.8269240006699443,-1.372799845610837,0.04446010988030403,-1.6059743187457272,0.43178596893597454,0.12272627577177116,1.0,0.0,0.0,0.0,1.0,0.0,1.0,0.0,0.0,1.0,0.0,1.0,0.0,0.0,0
0.2954045860350881,-0.790435297912658,-0.5093831521512553,0.47524033205099026,0.2637454853688155,-0.7881643537574514,-1.96140714538519,-0.3167590448075343,0.0,0.0,1.0,0.0,1.0,0.0,1.0,0.0,0.0,1.0,0.0,0.0,0.0,1.0,1
-0.45650018274655507,-0.5708543303829122,-1.6525302068185357,-0.02877062549314445,-0.44893198496884645,-0.7881643537574514,0.010449153034361107,-1.6352150065454507,0.0,1.0,0.0,0.0,1.0,0.0,1.0,0.0,0.0,1.0,0.0,1.0,0.0,0.0,1
0.8593331626213205,-0.9809843044468562,-1.3349893582998467,-0.11277245175050024,-0.5037533288409741,-0.7881643537574514,-1.2872682399426085,1.0016969169303822,1.0,0.0,0.0,0.0,0.0,1.0,0.0,1.0,1.0,0.0,0.0,0.0,0.0,1.0,1
-1.9603097203098414,-0.933025902802294,0.1256985448861226,-0.6167834092946349,0.09928145375243164,0.029645611230824178,0.7014415311130066,2.539895538957951,1.0,0.0,0.0,0.0,1.0,0.0,1.0,0.0,0.0,1.0,0.0,0.0,0.0,1.0,0
-1.7723335281144308,-0.3835596439603093,-0.6999076612624687,0.3072366795362787,0.5378522047294545,1.2563605587132376,0.027302625670425285,0.5622115963510766,1.0,0.0,0.0,0.0,1.0,0.0,1.0,0.0,0.0,1.0,0.0,1.0,0.0,0.0,1
0.48338077823049896,-0.26409183986358725,1.0148129207384518,0.559242158308346,-0.8875027359458694,1.2563605587132376,0.3475186057556514,-0.7562443653868398,0.0,0.0,0.0,1.0,1.0,0.0,1.0,0.0,0.0,1.0,0.0,0.0,0.0,1.0,1
0.48338077823049896,-0.5723102104328365,-0.7634158309662065,-0.3647779305225676,0.9764229557064764,-1.1970693362515892,-0.10752515541809113,-1.1957296859661453,0.0,0.0,1.0,0.0,1.0,0.0,1.0,0.0,0.0,0.0,1.0,0.0,0.0,1.0,1
0.6713569704259098,1.6527027058660422,0.44323939340481155,0.39123850579363445,-1.1067881114343798,0.8474555762190998,-0.4445946081393814,-0.3167590448075343,0.0,0.0,0.0,1.0,1.0,0.0,1.0,0.0,0.0,1.0,0.0,0.0,0.0,1.0,1
-1.9603097203098414,0.2728709785496366,-1.4620056977073221,0.055231200764211334,1.2505296750671155,0.43855059372496197,0.4823463868441678,0.5622115963510766,0.0,0.0,0.0,1.0,0.0,1.0,1.0,0.0,0.0,1.0,0.0,0.0,0.0,1.0,0
-0.8324525671373767,0.23775857734558206,1.205337429849665,0.559242158308346,-1.7098228940277864,0.43855059372496197,-0.5120084986836396,-0.7562443653868398,0.0,0.0,1.0,0.0,0.0,1.0,1.0,0.0,0.0,0.0,1.0,0.0,0.0,1.0,1
0.10742839383967734,0.6659585920291736,-0.2553504733363042,-0.11277245175050024,-1.764644237899914,-2.423784283734003,-1.7591654737524154,-0.3167590448075343,0.0,0.0,0.0,1.0,0.0,1.0,1.0,0.0,0.0,1.0,0.0,1.0,0.0,0.0,1
0.48338077823049896,1.7642916296925861,0.1256985448861226,-1.7088071506402602,0.5378522047294545,-3.2415942487222784,0.6677345858408775,-1.1957296859661453,0.0,0.0,0.0,1.0,0.0,1.0,1.0,0.0,0.0,1.0,0.0,0.0,0.0,1.0,0
0.8593331626213205,0.6267354706841567,0.18920671458986038,-0.8687888880667023,0.6474948924737097,1.6652655412073754,-0.17493904596234933,-0.7562443653868398,0.0,0.0,0.0,1.0,1.0,0.0,1.0,0.0,0.0,1.0,0.0,1.0,0.0,0.0,0
0.2954045860350881,1.075660366078434,0.5067475631085494,-1.1207943668387697,2.2373138647654165,-0.37925937126331366,0.4149324962999096,-0.3167590448075343,0.0,0.0,0.0,1.0,1.0,0.0,1.0,0.0,0.0,1.0,0.0,0.0,0.0,1.0,0
-0.08054779835573346,-0.7625166569552878,-0.5093831521512553,-1.0367925405814138,-1.0519667675622522,0.029645611230824178,-1.3041217125786733,-1.1957296859661453,0.0,0.0,1.0,0.0,0.0,1.0,1.0,0.0,0.0,1.0,0.0,0.0,0.0,1.0,1
1.6112379314029637,1.7094820278130862,-0.9539403400774199,-0.19677427800785602,0.15410279762455925,1.6652655412073754,-0.023257792237767996,1.4411822375096877,0.0,0.0,1.0,0.0,1.0,0.0,1.0,0.0,0.0,0.0,1.0,1.0,0.0,0.0,0
1.7992141235983745,1.9197282350227298,-0.44587498244751755,1.1472549421098366,2.0728498331490326,0.029645611230824178,-1.270414767306544,1.4411822375096877,0.0,0.0,1.0,0.0,0.0,1.0,1.0,0.0,0.0,1.0,0.0,0.0,1.0,0.0,1
0.8593331626213205,-0.2999750010940722,-0.0013177945213529853,-1.0367925405814138,1.1408869873228602,-0.7881643537574514,-0.46144808077544636,-0.3167590448075343,0.0,0.0,0.0,1.0,0.0,1.0,1.0,0.0,0.0,1.0,0.0,0.0,0.0,1.0,0
-0.6444763749419659,2.382591040894958,2.0944518057019943,1.5672640733966154,0.09928145375243164,-0.7881643537574514,-0.6299828071360919,1.0016969169303822,0.0,1.0,0.0,0.0,1.0,0.0,1.0,0.0,0.0,0.0,1.0,0.0,0.0,1.0,1
1.7992141235983745,0.39482234273152345,0.06219037518238481,-0.2807761042652118,-0.3392892972245912,0.029645611230824178,0.22954429730319992,0.12272627577177116,0.0,0.0,1.0,0.0,1.0,0.0,1.0,0.0,0.0,0.0,1.0,1.0,0.0,0.0,0
-0.08054779835573346,2.382591040894958,-0.6363994915587309,-0.3647779305225676,-0.3392892972245912,-0.37925937126331366,1.5778221081883625,-0.7562443653868398,1.0,0.0,0.0,0.0,1.0,0.0,1.0,0.0,0.0,1.0,0.0,0.0,0.0,1.0,0
1.0473093548167314,1.031555764566024,-0.38236681274377976,0.8112476370804134,0.9216016118343487,0.029645611230824178,1.999158924089976,0.5622115963510766,0.0,0.0,0.0,1.0,1.0,0.0,1.0,0.0,0.0,1.0,0.0,1.0,0.0,0.0,0
-0.6444763749419659,0.6776912724315041,0.5067475631085494,0.8952494633377692,1.305351018939243,-0.7881643537574514,-2.028821035929448,0.12272627577177116,0.0,0.0,0.0,1.0,1.0,0.0,1.0,0.0,0.0,1.0,0.0,0.0,0.0,1.0,1
-0.45650018274655507,-0.9863796246318696,-0.38236681274377976,1.1472549421098366,0.2637454853688155,0.43855059372496197,0.3980790236638454,-0.3167590448075343,0.0,0.0,1.0,0.0,1.0,0.0,1.0,0.0,0.0,1.0,0.0,0.0,0.0,1.0,0
-1.7723335281144308,-0.006829271041685434,-0.38236681274377976,-0.11277245175050024,0.04446010988030403,-1.6059743187457272,-1.7423120011163509,-0.3167590448075343,0.0,0.0,1.0,0.0,0.0,1.0,1.0,0.0,0.0,1.0,0.0,0.0,1.0,0.0,1
-0.2685239905511443,0.49664830622328154,0.6972720722197627,0.8952494633377692,1.0860656434507325,-0.37925937126331366,-0.6636897524082209,0.5622115963510766,1.0,0.0,0.0,0.0,1.0,0.0,1.0,0.0,0.0,1.0,0.0,0.0,0.0,1.0,0
-0.2685239905511443,-0.8046515384001532,-1.1444648491886333,2.491284162227529,-0.7230387043294855,-0.37925937126331366,0.1621304067589417,-0.3167590448075343,0.0,0.0,1.0,0.0,1.0,0.0,1.0,0.0,1.0,0.0,0.0,0.0,0.0,1.0,0
-0.2685239905511443,-0.2748824802336138,0.6972720722197627,-0.7847870618093465,1.1957083311949879,1.2563605587132376,0.11156998885074842,1.0016969169303822,1.0,0.0,0.0,0.0,1.0,0.0,1.0,0.0,0.0,1.0,0.0,0.0,0.0,1.0,0
1.0473093548167314,0.3310205405436683,0.37973122370107376,2.2392786834554617,1.0860656434507325,0.8474555762190998,-0.15808557332628442,-0.7562443653868398,0.0,0.0,0.0,1.0,1.0,0.0,1.0,0.0,1.0,0.0,0.0,0.0,0.0,1.0,0
-0.2685239905511443,-0.08947187387561861,1.3323537692571406,-0.2807761042652118,-0.8326813920737407,-0.37925937126331366,-0.5120084986836396,1.0016969169303822,0.0,0.0,0.0,1.0,0.0,1.0,1.0,0.0,0.0,1.0,0.0,0.0,0.0,1.0,1
0.6713569704259098,-0.7152433753342193,-0.8269240006699443,1.6512658996539713,-0.5585746727131017,2.0741705237015133,0.7520019490212007,1.0016969169303822,0.0,0.0,1.0,0.0,0.0,1.0,1.0,0.0,0.0,1.0,0.0,0.0,0.0,1.0,0
2.363142700184607,-0.7293739758187778,-0.12833413392882856,-1.1207943668387697,-0.22964660948033502,-0.37925937126331366,0.33066513311958723,1.0016969169303822,0.0,0.0,1.0,0.0,1.0,0.0,1.0,0.0,0.0,1.0,0.0,0.0,0.0,1.0,1
0.48338077823049896,-0.956748183615765,0.633763902516025,-0.02877062549314445,1.8535644576605212,0.8474555762190998,-1.1018800409458986,-0.7562443653868398,0.0,0.0,0.0,1.0,1.0,0.0,1.0,0.0,0.0,1.0,0.0,0.0,0.0,1.0,1
-0.8324525671373767,-0.5247800088029578,0.7607802419235005,0.2232348532789229,-0.7778600482016131,0.029645611230824178,1.5272616902801692,-1.6352150065454507,0.0,0.0,1.0,0.0,1.0,0.0,1.0,0.0,0.0,1.0,0.0,1.0,0.0,0.0,1
0.8593331626213205,-0.4326313656430489,-2.160595564448438,-1.4568016718681929,-0.1748252656082074,-0.7881643537574514,-1.489509911575383,1.0016969169303822,0.0,0.0,0.0,1.0,1.0,0.0,1.0,0.0,0.0,1.0,0.0,0.0,1.0,0.0,0
-0.08054779835573346,-0.10317427434549353,1.205337429849665,0.7272458108230576,0.15410279762455925,0.8474555762190998,-0.8659314240409949,-0.7562443653868398,1.0,0.0,0.0,0.0,1.0,0.0,1.0,0.0,1.0,0.0,0.0,0.0,1.0,0.0,1
-1.2084049515281983,0.03624765043548388,-0.19184230363256635,0.6432439845657019,-0.3392892972245912,-1.6059743187457272,-0.8153710061328016,-1.6352150065454507,0.0,0.0,0.0,1.0,1.0,0.0,1.0,0.0,0.0,0.0,1.0,1.0,0.0,0.0,1
0.8593331626213205,-0.46320484669145734,-0.0013177945213529853,2.4072823359701734,0.9764229557064764,0.43855059372496197,1.6283825260965565,2.539895538957951,0.0,1.0,0.0,0.0,0.0,1.0,1.0,0.0,0.0,1.0,0.0,0.0,0.0,1.0,0
-1.0204287593327874,-1.1141545090134533,-0.06482596422509078,-0.7847870618093465,1.5794577382998822,0.43855059372496197,1.4429943270998462,-0.3167590448075343,0.0,0.0,0.0,1.0,1.0,0.0,1.0,0.0,1.0,0.0,0.0,1.0,0.0,0.0,0
1.2352855470121422,1.71590502803334,1.3323537692571406,0.47524033205099026,-0.22964660948033502,0.8474555762190998,0.7351484763851357,0.12272627577177116,0.0,0.0,1.0,0.0,1.0,0.0,1.0,0.0,0.0,1.0,0.0,0.0,0.0,1.0,0
0.2954045860350881,1.3902160968650004,0.06219037518238481,1.2312567683671922,-0.1200039217360798,-0.7881643537574514,-0.4445946081393814,-1.1957296859661453,1.0,0.0,0.0,0.0,0.0,1.0,1.0,0.0,0.0,1.0,0.0,0.0,0.0,1.0,1
1.9871903157937854,2.382591040894958,1.205337429849665,-0.952790714324058,-0.5037533288409741,-1.6059743187457272,-0.6636897524082209,-1.1957296859661453,0.0,0.0,1.0,0.0,0.0,1.0,1.0,0.0,0.0,1.0,0.0,0.0,0.0,1.0,1
-1.7723335281144308,0.7158010737383437,2.475500823924421,0.39123850579363445,0.04446010988030403,1.2563605587132376,0.1452769341228775,0.12272627577177116,0.0,1.0,0.0,0.0,0.0,1.0,1.0,0.0,0.0,1.0,0.0,0.0,0.0,1.0,0
-1.396381143723609,0.09944997260278199,-2.160595564448438,-0.3647779305225676,-0.7230387043294855,-0.37925937126331366,0.7520019490212007,-0.7562443653868398,0.0,0.0,0.0,1.0,1.0,0.0,1.0,0.0,1.0,0.0,0.0,1.0,0.0,0.0,1
-0.2685239905511443,-0.5815593307500021,-1.0809566794848955,0.055231200764211334,1.0860656434507325,1.2563605587132376,-0.25920640914267173,1.4411822375096877,1.0,0.0,0.0,0.0,0.0,1.0,1.0,0.0,0.0,0.0,1.0,0.0,1.0,0.0,0
-0.8324525671373767,-1.048896826775674,-0.31885864304004197,-1.1207943668387697,0.757137580217965,0.8474555762190998,1.5609686355522985,0.5622115963510766,1.0,0.0,0.0,0.0,1.0,0.0,1.0,0.0,0.0,1.0,0.0,0.0,0.0,1.0,0
1.2352855470121422,-0.9320838627699901,-0.5728913218549931,0.7272458108230576,-1.983929613388425,1.2563605587132376,0.17898387939500587,0.12272627577177116,0.0,1.0,0.0,0.0,1.0,0.0,1.0,0.0,1.0,0.0,0.0,0.0,0.0,1.0,0
-0.45650018274655507,-1.0058199052985046,1.4593701086646163,2.6592878147422407,0.15410279762455925,-0.7881643537574514,0.5329068047523619,0.12272627577177116,0.0,0.0,0.0,1.0,1.0,0.0,1.0,0.0,0.0,1.0,0.0,1.0,0.0,0.0,0
1.0473093548167314,0.7372110744725233,0.31622305399733597,0.39123850579363445,0.3185668292409431,0.43855059372496197,1.139631819650685,1.0016969169303822,1.0,0.0,0.0,0.0,1.0,0.0,1.0,0.0,0.0,1.0,0.0,0.0,0.0,1.0,0
0.6713569704259098,-1.084694348003222,-0.19184230363256635,0.7272458108230576,-0.1200039217360798,-0.37925937126331366,-0.10752515541809113,-0.7562443653868398,0.0,0.0,0.0,1.0,1.0,0.0,0.0,1.0,1.0,0.0,0.0,0.0,0.0,1.0,1
1.0473093548167314,2.382591040894958,-1.6525302068185357,0.47524033205099026,-0.6682173604573579,0.8474555762190998,-0.309766827050865,-0.7562443653868398,0.0,1.0,0.0,0.0,0.0,1.0,0.0,1.0,0.0,1.0,0.0,0.0,0.0,1.0,1
0.6713569704259098,-0.26931588004272705,-0.12833413392882856,0.3072366795362787,1.4149937066834992,0.43855059372496197,-0.7311036429524784,1.0016969169303822,0.0,1.0,0.0,0.0,1.0,0.0,1.0,0.0,0.0,0.0,1.0,0.0,1.0,0.0,1
0.48338077823049896,-0.17665339686519785,-0.38236681274377976,0.8952494633377692,2.018028489276905,-0.7881643537574514,-1.1524404588540922,-0.3167590448075343,0.0,0.0,0.0,1.0,1.0,0.0,1.0,0.0,0.0,1.0,0.0,0.0,0.0,1.0,0
-0.45650018274655507,-1.144299790047178,-1.207973018892371,0.2232348532789229,-0.8875027359458694,0.8474555762190998,0.4149324962999096,0.12272627577177116,0.0,1.0,0.0,0.0,1.0,0.0,1.0,0.0,1.0,0.0,0.0,0.0,0.0,1.0,0
-0.6444763749419659,-0.6602624934488461,0.31622305399733597,1.0632531158524807,-1.2712521430507635,0.8474555762190998,-0.2760598817787359,0.5622115963510766,0.0,0.0,1.0,0.0,1.0,0.0,1.0,0.0,0.0,1.0,0.0,0.0,0.0,1.0,1
0.10742839383967734,-1.1564606704641922,-0.8269240006699443,-1.6248053243829044,1.1957083311949879,2.0741705237015133,2.319374904175203,1.4411822375096877,0.0,0.0,0.0,1.0,0.0,1.0,1.0,0.0,1.0,0.0,0.0,0.0,0.0,1.0,0
-0.6444763749419659,-0.9338823028316612,1.9674354662945186,1.4832622471392596,-1.0519667675622522,1.2563605587132376,0.3812255510277805,-2.074700327124756,0.0,0.0,1.0,0.0,1.0,0.0,1.0,0.0,0.0,1.0,0.0,1.0,0.0,0.0,1
0.2954045860350881,-0.7606325768906801,0.633763902516025,-0.7847870618093465,-0.7230387043294855,-2.0148793012398647,-1.1861474041262212,0.12272627577177116,0.0,0.0,1.0,0.0,0.0,1.0,0.0,1.0,0.0,1.0,0.0,0.0,0.0,1.0,1
-1.7723335281144308,-0.4615776866356597,-0.06482596422509078,0.7272458108230576,-0.6682173604573579,1.6652655412073754,0.7351484763851357,1.4411822375096877,0.0,0.0,0.0,1.0,0.0,1.0,1.0,0.0,0.0,1.0,0.0,0.0,0.0,1.0,0
0.6713569704259098,-0.31778812170490967,-0.38236681274377976,0.13923302702156712,-0.7778600482016131,0.8474555762190998,1.5946755808244275,-0.3167590448075343,0.0,0.0,1.0,0.0,1.0,0.0,1.0,0.0,0.0,1.0,0.0,0.0,0.0,1.0,0
-0.6444763749419659,0.023144729986165975,0.1256985448861226,0.2232348532789229,0.5926735486015822,-0.7881643537574514,-0.5120084986836396,-1.1957296859661453,0.0,0.0,0.0,1.0,1.0,0.0,1.0,0.0,0.0,1.0,0.0,0.0,0.0,1.0,1
1.423261739207553,1.4795386199279976,2.0944518057019943,0.979251289595125,0.48303086085732594,-0.7881643537574514,-0.8322244787688657,-1.1957296859661453,0.0,0.0,0.0,1.0,0.0,1.0,1.0,0.0,0.0,1.0,0.0,0.0,1.0,0.0,1
1.423261739207553,-0.11268031467146927,1.522878278368354,-0.952790714324058,1.5794577382998822,0.8474555762190998,-0.25920640914267173,1.880667558088993,0.0,1.0,0.0,0.0,1.0,0.0,1.0,0.0,0.0,1.0,0.0,1.0,0.0,0.0,0
0.6713569704259098,-1.0980541884613502,-0.0013177945213529853,0.8952494633377692,0.9216016118343487,-0.37925937126331366,-0.6131293345000269,0.5622115963510766,1.0,0.0,0.0,0.0,1.0,0.0,1.0,0.0,0.0,1.0,0.0,0.0,0.0,1.0,0
0.2954045860350881,-0.8773599008934271,-0.6999076612624687,0.47524033205099026,0.09928145375243164,0.029645611230824178,-0.46144808077544636,-0.3167590448075343,0.0,1.0,0.0,0.0,1.0,0.0,1.0,0.0,0.0,1.0,0.0,0.0,1.0,0.0,1
-0.45650018274655507,1.3215328145097525,-0.12833413392882856,0.2232348532789229,1.031244299578604,0.8474555762190998,1.4598477997359112,0.12272627577177116,0.0,0.0,1.0,0.0,0.0,1.0,1.0,0.0,0.0,1.0,0.0,0.0,1.0,0.0,0
-1.0204287593327874,0.2653346582912054,-0.5728913218549931,-0.2807761042652118,1.305351018939243,-0.7881643537574514,-0.950198787221318,0.12272627577177116,1.0,0.0,0.0,0.0,1.0,0.0,1.0,0.0,0.0,1.0,0.0,0.0,1.0,0.0,1
-1.2084049515281983,2.382591040894958,0.37973122370107376,0.559242158308346,0.5378522047294545,-2.0148793012398647,-0.17493904596234933,0.5622115963510766,0.0,0.0,1.0,0.0,1.0,0.0,1.0,0.0,1.0,0.0,0.0,0.0,1.0,0.0,0
-0.6444763749419659,0.9794866427804995,-0.890432170373682,0.3072366795362787,0.757137580217965,-1.1970693362515892,-0.3771807175951232,-1.1957296859661453,1.0,0.0,0.0,0.0,1.0,0.0,1.0,0.0,0.0,1.0,0.0,0.0,0.0,1.0,1
-0.2685239905511443,2.382591040894958,0.44323939340481155,0.055231200764211334,-0.06518257786395218,-1.6059743187457272,1.089071401742491,-0.7562443653868398,0.0,0.0,0.0,1.0,1.0,0.0,1.0,0.0,0.0,1.0,0.0,0.0,0.0,1.0,1
-0.8324525671373767,-0.22418359849507652,-1.5890220371147978,0.2232348532789229,-0.44893198496884645,-1.6059743187457272,0.04415609830649021,0.5622115963510766,0.0,0.0,0.0,1.0,1.0,0.0,1.0,0.0,0.0,1.0,0.0,0.0,0.0,1.0,0
0.2954045860350881,0.16436509482881448,0.887796581330976,0.8952494633377692,0.757137580217965,-1.6059743187457272,-0.46144808077544636,1.0016969169303822,0.0,1.0,0.0,0.0,1.0,0.0,1.0,0.0,0.0,1.0,0.0,0.0,0.0,1.0,1
-0.2685239905511443,-0.7635443369905285,1.9674354662945186,2.2392786834554617,-0.5037533288409741,2.0741705237015133,0.566613750024491,0.12272627577177116,0.0,0.0,0.0,1.0,0.0,1.0,1.0,0.0,0.0,1.0,0.0,1.0,0.0,0.0,0
0.10742839383967734,-0.18752967723816108,1.0783210904421894,0.39123850579363445,0.20892414149668687,-0.37925937126331366,0.7520019490212007,2.539895538957951,0.0,0.0,0.0,1.0,0.0,1.0,1.0,0.0,0.0,1.0,0.0,0.0,1.0,0.0,0
-0.45650018274655507,-0.24961867936728185,0.44323939340481155,-0.02877062549314445,0.8667802679622212,-0.37925937126331366,-1.0681730956737694,-1.1957296859661453,0.0,0.0,0.0,1.0,0.0,1.0,1.0,0.0,1.0,0.0,0.0,1.0,0.0,0.0,1
1.7992141235983745,-0.037402752090093874,0.44323939340481155,-1.6248053243829044,0.3733881731130707,0.8474555762190998,0.0947165162146835,0.5622115963510766,0.0,0.0,0.0,1.0,0.0,1.0,1.0,0.0,0.0,1.0,0.0,0.0,1.0,0.0,0
1.0473093548167314,0.8690966789950695,-0.5093831521512553,0.2232348532789229,0.2637454853688155,2.0741705237015133,0.3980790236638454,-0.3167590448075343,0.0,0.0,0.0,1.0,0.0,1.0,0.0,1.0,1.0,0.0,0.0,0.0,1.0,0.0,0
0.8593331626213205,-0.20371563779320084,0.5067475631085494,0.13923302702156712,-1.6550015501556579,-0.7881643537574514,0.1958373520310708,0.5622115963510766,0.0,0.0,0.0,1.0,0.0,1.0,1.0,0.0,0.0,1.0,0.0,1.0,0.0,0.0,1
0.48338077823049896,0.13987205398891303,-2.0970873947447,-0.952790714324058,-0.1200039217360798,0.43855059372496197,0.7857088942933298,-0.7562443653868398,0.0,0.0,1.0,0.0,0.0,1.0,1.0,0.0,0.0,0.0,1.0,0.0,1.0,0.0,1
-0.6444763749419659,-0.6955461746587741,0.18920671458986038,-0.7007852355519907,-0.06518257786395218,-1.1970693362515892,-0.6636897524082209,0.5622115963510766,0.0,0.0,0.0,1.0,1.0,0.0,1.0,0.0,0.0,1.0,0.0,1.0,0.0,0.0,0
1.0473093548167314,-0.6261777722800322,0.5067475631085494,1.6512658996539713,-0.5585746727131017,0.8474555762190998,-0.07381821014596203,-0.7562443653868398,0.0,0.0,0.0,1.0,1.0,0.0,1.0,0.0,0.0,1.0,0.0,0.0,0.0,1.0,0
-0.6444763749419659,-1.1845505914274357,1.4593701086646163,1.315258594624548,-0.3392892972245912,-2.8326892662281407,0.6508811132048133,1.0016969169303822,1.0,0.0,0.0,0.0,1.0,0.0,1.0,0.0,0.0,1.0,0.0,1.0,0.0,0.0,1
-0.6444763749419659,-0.5436208094490358,-0.6999076612624687,-1.7088071506402602,0.15410279762455925,2.0741705237015133,1.3587269639195239,1.4411822375096877,0.0,0.0,1.0,0.0,0.0,1.0,1.0,0.0,0.0,1.0,0.0,0.0,1.0,0.0,0
1.7992141235983745,2.382591040894958,0.18920671458986038,-1.0367925405814138,-1.216430799178636,-0.37925937126331366,1.3250200186473946,-0.7562443653868398,0.0,0.0,0.0,1.0,0.0,1.0,1.0,0.0,1.0,0.0,0.0,0.0,0.0,1.0,0
1.2352855470121422,0.03479177038555967,1.6498946177758296,2.4072823359701734,-1.6550015501556579,-0.37925937126331366,1.3250200186473946,0.5622115963510766,0.0,0.0,1.0,0.0,1.0,0.0,1.0,0.0,1.0,0.0,0.0,1.0,0.0,0.0,1
0.8593331626213205,2.182386124029645,-0.2553504733363042,-0.3647779305225676,-0.7230387043294855,-0.7881643537574514,1.3250200186473946,1.4411822375096877,1.0,0.0,0.0,0.0,0.0,1.0,0.0,1.0,0.0,1.0,0.0,0.0,1.0,0.0,1
-0.45650018274655507,-0.9389350630049276,-1.52551386741106,-0.952790714324058,-1.2712521430507635,-0.37925937126331366,0.9373901480179103,1.0016969169303822,0.0,0.0,0.0,1.0,0.0,1.0,1.0,0.0,0.0,0.0,1.0,0.0,0.0,1.0,1
-0.8324525671373767,0.45999438496636613,-0.0013177945213529853,2.07127503094075,0.757137580217965,-0.37925937126331366,0.7857088942933298,-1.1957296859661453,1.0,0.0,0.0,0.0,1.0,0.0,1.0,0.0,0.0,1.0,0.0,0.0,1.0,0.0,0
-1.7723335281144308,-0.5833577708116732,0.37973122370107376,0.979251289595125,0.7023162363458374,0.8474555762190998,2.2351075409948797,1.880667558088993,0.0,0.0,0.0,1.0,1.0,0.0,1.0,0.0,0.0,1.0,0.0,0.0,1.0,0.0,0
0.8593331626213205,0.8206244373328869,0.1256985448861226,1.0632531158524807,-0.3392892972245912,0.029645611230824178,1.5272616902801692,1.880667558088993,0.0,1.0,0.0,0.0,0.0,1.0,1.0,0.0,0.0,1.0,0.0,0.0,0.0,1.0,0
-0.08054779835573346,-0.8913192213721122,0.9513047510347139,0.13923302702156712,0.4282095169851983,-0.7881643537574514,-0.25920640914267173,0.5622115963510766,1.0,0.0,0.0,0.0,1.0,0.0,0.0,1.0,0.0,1.0,0.0,0.0,0.0,1.0,0
-0.6444763749419659,2.382591040894958,1.0783210904421894,0.979251289595125,-1.4357161746671474,0.029645611230824178,-0.24235293650660755,1.4411822375096877,0.0,0.0,0.0,1.0,1.0,0.0,0.0,1.0,0.0,1.0,0.0,0.0,0.0,1.0,0
-1.2084049515281983,-0.33474484228637985,1.1418292601459272,0.055231200764211334,1.6342790821720108,-1.1970693362515892,2.100279759906363,-1.1957296859661453,0.0,1.0,0.0,0.0,0.0,1.0,1.0,0.0,1.0,0.0,0.0,1.0,0.0,0.0,1
-0.08054779835573346,1.411026617578623,-0.5728913218549931,0.39123850579363445,0.48303086085732594,0.43855059372496197,0.8025623669293939,-0.3167590448075343,0.0,0.0,0.0,1.0,0.0,1.0,1.0,0.0,0.0,1.0,0.0,0.0,0.0,1.0,0
1.0473093548167314,0.8108614769981011,-0.8269240006699443,-0.3647779305225676,-0.5037533288409741,-1.1970693362515892,-2.214209234926158,0.12272627577177116,0.0,0.0,0.0,1.0,0.0,1.0,1.0,0.0,1.0,0.0,0.0,0.0,0.0,1.0,1
0.48338077823049896,-0.9170112222531277,1.1418292601459272,1.735267725911327,-0.1748252656082074,0.8474555762190998,0.8025623669293939,1.0016969169303822,0.0,0.0,1.0,0.0,0.0,1.0,1.0,0.0,0.0,0.0,1.0,0.0,0.0,1.0,0
-1.2084049515281983,1.583419943490237,0.18920671458986038,-0.02877062549314445,1.5794577382998822,0.8474555762190998,0.2801047152113932,-0.7562443653868398,0.0,1.0,0.0,0.0,0.0,1.0,1.0,0.0,1.0,0.0,0.0,0.0,1.0,0.0,0
1.0473093548167314,0.07786869186272898,0.6972720722197627,-0.7007852355519907,-1.216430799178636,-0.37925937126331366,0.43178596893597454,0.5622115963510766,0.0,0.0,0.0,1.0,1.0,0.0,1.0,0.0,1.0,0.0,0.0,1.0,0.0,0.0,0
0.10742839383967734,0.1785813353163097,-1.9065628856334869,-1.1207943668387697,-0.44893198496884645,0.43855059372496197,0.43178596893597454,0.5622115963510766,0.0,0.0,1.0,0.0,1.0,0.0,1.0,0.0,0.0,1.0,0.0,0.0,1.0,0.0,1
1.2352855470121422,-0.5873828509496989,0.9513047510347139,-0.5327815830372792,-1.0519667675622522,-0.7881643537574514,-1.1524404588540922,-1.1957296859661453,0.0,1.0,0.0,0.0,1.0,0.0,1.0,0.0,0.0,1.0,0.0,0.0,0.0,1.0,1
-1.396381143723609,-0.560920090042253,0.5702557328122871,-1.7088071506402602,-0.39411064109671884,0.43855059372496197,1.3924339091916529,1.4411822375096877,0.0,0.0,0.0,1.0,1.0,0.0,0.0,1.0,0.0,0.0,1.0,0.0,0.0,1.0,1
-0.45650018274655507,-0.7866671377834424,-0.5093831521512553,0.2232348532789229,-0.6682173604573579,-1.1970693362515892,0.5329068047523619,-0.3167590448075343,0.0,0.0,0.0,1.0,1.0,0.0,1.0,0.0,0.0,1.0,0.0,0.0,1.0,0.0,1
-0.6444763749419659,-1.1900315516153857,1.1418292601459272,0.8952494633377692,0.9764229557064764,-1.1970693362515892,-0.8322244787688657,0.12272627577177116,0.0,0.0,0.0,1.0,0.0,1.0,1.0,0.0,0.0,1.0,0.0,0.0,0.0,1.0,1
0.48338077823049896,-0.656066133304947,1.268845599553403,1.735267725911327,1.031244299578604,1.2563605587132376,-0.7142501703164142,1.0016969169303822,1.0,0.0,0.0,0.0,0.0,1.0,1.0,0.0,0.0,1.0,0.0,1.0,0.0,0.0,0
-1.9603097203098414,-1.022434065868228,0.5702557328122871,0.39123850579363445,0.2637454853688155,0.029645611230824178,0.07786304357861931,0.5622115963510766,0.0,0.0,0.0,1.0,0.0,1.0,1.0,0.0,1.0,0.0,0.0,1.0,0.0,0.0,0
-0.8324525671373767,-0.8019110583061783,-0.0013177945213529853,1.399260420881904,-1.216430799178636,0.029645611230824178,-1.0681730956737694,-0.7562443653868398,0.0,1.0,0.0,0.0,1.0,0.0,1.0,0.0,0.0,0.0,1.0,1.0,0.0,0.0,1
1.6112379314029637,-0.7327139359333099,-0.5728913218549931,-0.19677427800785602,1.0860656434507325,-0.37925937126331366,1.4767012723719752,1.0016969169303822,1.0,0.0,0.0,0.0,0.0,1.0,1.0,0.0,0.0,0.0,1.0,0.0,0.0,1.0,0
0.2954045860350881,0.3257965003645285,1.268845599553403,2.2392786834554617,-0.6682173604573579,0.8474555762190998,-1.3209751852147373,0.12272627577177116,0.0,0.0,0.0,1.0,1.0,0.0,1.0,0.0,0.0,1.0,0.0,0.0,0.0,1.0,1
-1.396381143723609,0.4617928250280372,-1.6525302068185357,-1.4568016718681929,-1.3808948307950188,0.029645611230824178,0.1621304067589417,0.12272627577177116,1.0,0.0,0.0,0.0,1.0,0.0,0.0,1.0,0.0,1.0,0.0,0.0,1.0,0.0,1
-0.08054779835573346,2.382591040894958,-0.12833413392882856,1.2312567683671922,1.305351018939243,-0.7881643537574514,-0.39403419023118813,-1.6352150065454507,1.0,0.0,0.0,0.0,0.0,1.0,1.0,0.0,0.0,1.0,0.0,0.0,0.0,1.0,1
0.8593331626213205,-0.047508272436626635,-0.38236681274377976,2.2392786834554617,-0.7778600482016131,-1.1970693362515892,0.010449153034361107,0.12272627577177116,0.0,0.0,0.0,1.0,1.0,0.0,1.0,0.0,1.0,0.0,0.0,0.0,0.0,1.0,1
1.2352855470121422,-0.7584059368143253,0.06219037518238481,-0.02877062549314445,-0.06518257786395218,-1.1970693362515892,-1.6580446379360283,-0.3167590448075343,0.0,0.0,0.0,1.0,1.0,0.0,1.0,0.0,1.0,0.0,0.0,0.0,1.0,0.0,1
-0.6444763749419659,0.09277005237371796,-0.06482596422509078,0.13923302702156712,-0.01036123399182359,0.8474555762190998,0.8025623669293939,1.880667558088993,1.0,0.0,0.0,0.0,0.0,1.0,0.0,1.0,0.0,1.0,0.0,0.0,0.0,1.0,0
-0.08054779835573346,-0.8052510184207103,0.44323939340481155,-0.5327815830372792,-1.983929613388425,-1.6059743187457272,0.212690824667135,0.5622115963510766,0.0,1.0,0.0,0.0,1.0,0.0,1.0,0.0,1.0,0.0,0.0,0.0,0.0,1.0,1
0.10742839383967734,-0.7075357750699147,-0.6999076612624687,1.2312567683671922,-0.39411064109671884,0.8474555762190998,0.06100957094255439,0.12272627577177116,0.0,0.0,1.0,0.0,0.0,1.0,1.0,0.0,0.0,1.0,0.0,0.0,0.0,1.0,0
0.10742839383967734,-0.7515547365793879,-0.7634158309662065,0.979251289595125,-0.3392892972245912,1.2563605587132376,-1.3546821304868664,-1.1957296859661453,0.0,0.0,1.0,0.0,0.0,1.0,1.0,0.0,0.0,1.0,0.0,0.0,0.0,1.0,1
-0.6444763749419659,0.9262185609538606,0.5702557328122871,0.7272458108230576,-0.22964660948033502,0.029645611230824178,0.027302625670425285,1.0016969169303822,0.0,0.0,0.0,1.0,1.0,0.0,1.0,0.0,0.0,1.0,0.0,0.0,1.0,0.0,0
-1.396381143723609,0.3270811004085793,-1.4620056977073221,0.8952494633377692,1.2505296750671155,1.2563605587132376,1.8643311430014595,0.12272627577177116,0.0,0.0,0.0,1.0,1.0,0.0,1.0,0.0,0.0,0.0,1.0,1.0,0.0,0.0,1
0.10742839383967734,0.08317837204480552,-0.6363994915587309,-0.7847870618093465,-1.3260734869228912,0.029645611230824178,1.2913130733752656,-2.074700327124756,0.0,1.0,0.0,0.0,1.0,0.0,1.0,0.0,0.0,1.0,0.0,0.0,0.0,1.0,0
-1.9603097203098414,1.741853948923166,-0.890432170373682,-0.3647779305225676,-0.44893198496884645,0.43855059372496197,-0.8996383693131239,-0.3167590448075343,0.0,1.0,0.0,0.0,1.0,0.0,1.0,0.0,0.0,1.0,0.0,0.0,0.0,1.0,1
1.423261739207553,-0.2837034005360958,2.0944518057019943,1.1472549421098366,0.7023162363458374,0.43855059372496197,-0.8153710061328016,-1.1957296859661453,0.0,0.0,0.0,1.0,1.0,0.0,1.0,0.0,0.0,1.0,0.0,0.0,0.0,1.0,1
-1.9603097203098414,-1.2047616321205012,0.1256985448861226,-0.952790714324058,-1.490537518539275,0.029645611230824178,-0.7142501703164142,-0.7562443653868398,0.0,0.0,0.0,1.0,1.0,0.0,1.0,0.0,0.0,0.0,1.0,0.0,0.0,1.0,1
-1.9603097203098414,-1.0989105884907173,-2.224103734152176,-2.128816281927039,0.3185668292409431,0.029645611230824178,0.1958373520310708,1.0016969169303822,0.0,0.0,0.0,1.0,0.0,1.0,1.0,0.0,0.0,1.0,0.0,0.0,0.0,1.0,0
0.48338077823049896,-0.28293264050966527,-0.31885864304004197,1.5672640733966154,0.5926735486015822,-0.37925937126331366,-0.6805432250442851,-0.3167590448075343,0.0,1.0,0.0,0.0,1.0,0.0,1.0,0.0,0.0,1.0,0.0,0.0,1.0,0.0,0
0.2954045860350881,0.18628893558061438,0.2527148842935982,-1.4568016718681929,0.5926735486015822,0.43855059372496197,-1.4726564389393184,1.0016969169303822,0.0,0.0,1.0,0.0,0.0,1.0,1.0,0.0,0.0,1.0,0.0,0.0,0.0,1.0,0
0.2954045860350881,1.327441974712386,0.18920671458986038,-0.7007852355519907,-2.724017755662151,0.029645611230824178,0.549760277388426,-1.1957296859661453,0.0,0.0,0.0,1.0,0.0,1.0,1.0,0.0,0.0,1.0,0.0,0.0,0.0,1.0,1
1.7992141235983745,-0.19386703745547823,-0.38236681274377976,0.13923302702156712,-0.22964660948033502,-2.0148793012398647,0.07786304357861931,0.5622115963510766,1.0,0.0,0.0,0.0,1.0,0.0,1.0,0.0,1.0,0.0,0.0,0.0,0.0,1.0,0
-1.58435733591902,-0.9802991844233625,-1.4620056977073221,-0.2807761042652118,-0.8326813920737407,0.029645611230824178,0.212690824667135,-0.7562443653868398,1.0,0.0,0.0,0.0,1.0,0.0,1.0,0.0,0.0,1.0,0.0,0.0,1.0,0.0,1
-1.9603097203098414,0.6944767130071009,1.0783210904421894,1.8192695521686828,-0.39411064109671884,-1.6059743187457272,1.4598477997359112,-0.3167590448075343,0.0,0.0,0.0,1.0,0.0,1.0,1.0,0.0,0.0,1.0,0.0,0.0,0.0,1.0,1
0.2954045860350881,2.382591040894958,-0.12833413392882856,0.7272458108230576,-1.3260734869228912,-1.1970693362515892,0.24639776993926407,-0.3167590448075343,0.0,0.0,1.0,0.0,1.0,0.0,1.0,0.0,0.0,1.0,0.0,0.0,0.0,1.0,0
-0.08054779835573346,2.3324274091747754,-0.19184230363256635,0.47524033205099026,-0.3392892972245912,2.0741705237015133,0.7857088942933298,-0.7562443653868398,0.0,0.0,0.0,1.0,0.0,1.0,1.0,0.0,1.0,0.0,0.0,0.0,0.0,1.0,0
0.2954045860350881,-0.21733239826013906,0.44323939340481155,-0.11277245175050024,-0.7230387043294855,-0.37925937126331366,0.8699762574736521,-0.7562443653868398,0.0,0.0,1.0,0.0,1.0,0.0,1.0,0.0,1.0,0.0,0.0,0.0,0.0,1.0,1
-0.08054779835573346,-0.20054695768454225,1.268845599553403,-0.2807761042652118,1.9083858015326498,-1.6059743187457272,-0.36032724495905905,0.5622115963510766,0.0,0.0,1.0,0.0,1.0,0.0,1.0,0.0,1.0,0.0,0.0,1.0,0.0,0.0,1
0.10742839383967734,0.4896258259824706,-0.5728913218549931,-0.952790714324058,-0.22964660948033502,-1.6059743187457272,-1.8265793642966734,2.320152878668299,1.0,0.0,0.0,0.0,0.0,1.0,1.0,0.0,0.0,1.0,0.0,0.0,0.0,1.0,1
-0.2685239905511443,-0.20200283773446648,0.9513047510347139,-0.7007852355519907,1.305351018939243,0.029645611230824178,-0.0906716827820262,-1.1957296859661453,0.0,0.0,0.0,1.0,1.0,0.0,1.0,0.0,0.0,1.0,0.0,1.0,0.0,0.0,0
0.6713569704259098,1.320162574462765,-1.6525302068185357,-0.19677427800785602,-0.1748252656082074,0.029645611230824178,1.089071401742491,-0.3167590448075343,0.0,0.0,0.0,1.0,1.0,0.0,1.0,0.0,1.0,0.0,0.0,0.0,1.0,0.0,0
-1.2084049515281983,-0.4331452056606692,-1.2714811885961088,-1.2047961930961255,1.031244299578604,-0.37925937126331366,-0.6973966976803493,0.5622115963510766,1.0,0.0,0.0,0.0,0.0,1.0,1.0,0.0,0.0,1.0,0.0,0.0,0.0,1.0,0
1.423261739207553,-0.14359635573162458,-2.224103734152176,-0.6167834092946349,1.1408869873228602,1.2563605587132376,0.2801047152113932,-0.7562443653868398,0.0,0.0,0.0,1.0,0.0,1.0,1.0,0.0,0.0,1.0,0.0,0.0,1.0,0.0,0
-1.2084049515281983,-0.18581687717942671,1.3323537692571406,1.399260420881904,-0.6682173604573579,0.8474555762190998,-0.8322244787688657,1.0016969169303822,1.0,0.0,0.0,0.0,0.0,1.0,1.0,0.0,0.0,1.0,0.0,0.0,1.0,0.0,0
1.2352855470121422,1.359385695807782,-0.5728913218549931,-1.5408034981255485,-0.44893198496884645,0.43855059372496197,0.549760277388426,-0.7562443653868398,0.0,0.0,1.0,0.0,1.0,0.0,1.0,0.0,0.0,0.0,1.0,0.0,0.0,1.0,0
-0.6444763749419659,-0.37636588371362495,0.633763902516025,-1.4568016718681929,1.5794577382998822,0.029645611230824178,1.8474776703653955,0.12272627577177116,0.0,0.0,1.0,0.0,1.0,0.0,0.0,1.0,0.0,1.0,0.0,0.0,1.0,0.0,0
0.8593331626213205,-0.808077138517622,-0.38236681274377976,-0.02877062549314445,0.2637454853688155,-1.6059743187457272,-1.4558029663032537,-1.1957296859661453,0.0,0.0,0.0,1.0,1.0,0.0,1.0,0.0,0.0,1.0,0.0,0.0,0.0,1.0,1
0.6713569704259098,0.02340164999497613,1.1418292601459272,0.6432439845657019,1.0860656434507325,0.8474555762190998,0.2801047152113932,0.12272627577177116,1.0,0.0,0.0,0.0,1.0,0.0,1.0,0.0,1.0,0.0,0.0,0.0,1.0,0.0,0
0.2954045860350881,0.5401534277151344,1.4593701086646163,2.491284162227529,-2.5869643959818314,-1.1970693362515892,-1.371535603122931,-0.7562443653868398,0.0,0.0,1.0,0.0,1.0,0.0,1.0,0.0,0.0,1.0,0.0,0.0,0.0,1.0,1
1.0473093548167314,-0.3966625644096272,-0.7634158309662065,-0.2807761042652118,0.20892414149668687,0.43855059372496197,-1.2198543493983505,-0.7562443653868398,1.0,0.0,0.0,0.0,1.0,0.0,1.0,0.0,1.0,0.0,0.0,0.0,0.0,1.0,1
-0.08054779835573346,1.361184135869453,0.5067475631085494,0.8952494633377692,-0.5585746727131017,0.43855059372496197,-0.4277411355033172,0.12272627577177116,0.0,0.0,1.0,0.0,0.0,1.0,1.0,0.0,0.0,1.0,0.0,0.0,0.0,1.0,1
-0.45650018274655507,-0.48795480754016896,-0.31885864304004197,0.13923302702156712,0.15410279762455925,-2.423784283734003,-0.04011126487383292,0.12272627577177116,0.0,0.0,0.0,1.0,1.0,0.0,1.0,0.0,0.0,1.0,0.0,1.0,0.0,0.0,0
-1.0204287593327874,-0.957947143656879,-1.7160383765222733,-0.7007852355519907,-1.216430799178636,-0.37925937126331366,1.6115290534604916,0.5622115963510766,0.0,0.0,1.0,0.0,0.0,1.0,1.0,0.0,0.0,1.0,0.0,0.0,1.0,0.0,0
1.2352855470121422,-0.4584946465299378,0.37973122370107376,0.39123850579363445,0.09928145375243164,-2.0148793012398647,-0.2760598817787359,-0.3167590448075343,0.0,1.0,0.0,0.0,1.0,0.0,1.0,0.0,1.0,0.0,0.0,0.0,0.0,1.0,1
-0.2685239905511443,-0.43374468568122626,-2.2876119038559133,-1.2047961930961255,0.6474948924737097,1.2563605587132376,-0.36032724495905905,-0.3167590448075343,1.0,0.0,0.0,0.0,1.0,0.0,1.0,0.0,0.0,1.0,0.0,0.0,1.0,0.0,0
1.0473093548167314,0.34694958108989793,-0.06482596422509078,-0.02877062549314445,0.3185668292409431,2.0741705237015133,0.17898387939500587,-0.7562443653868398,0.0,0.0,1.0,0.0,1.0,0.0,1.0,0.0,0.0,1.0,0.0,1.0,0.0,0.0,0
1.0473093548167314,-0.7342554559861708,0.2527148842935982,-0.3647779305225676,1.9083858015326498,0.029645611230824178,1.0216575111982327,-0.7562443653868398,0.0,1.0,0.0,0.0,1.0,0.0,1.0,0.0,0.0,1.0,0.0,0.0,0.0,1.0,0
-0.08054779835573346,0.6621047918970213,-0.5728913218549931,0.47524033205099026,0.2637454853688155,-1.1970693362515892,-1.7423120011163509,-0.3167590448075343,0.0,0.0,0.0,1.0,0.0,1.0,1.0,0.0,1.0,0.0,0.0,0.0,0.0,1.0,0
0.2954045860350881,-0.837280379519043,0.9513047510347139,0.3072366795362787,-1.490537518539275,2.0741705237015133,-1.2198543493983505,2.320152878668299,0.0,0.0,0.0,1.0,1.0,0.0,1.0,0.0,0.0,1.0,0.0,0.0,0.0,1.0,0
1.0473093548167314,-0.19900543763168133,0.9513047510347139,-0.7847870618093465,0.7023162363458374,0.8474555762190998,0.549760277388426,-0.7562443653868398,0.0,0.0,0.0,1.0,0.0,1.0,1.0,0.0,0.0,1.0,0.0,1.0,0.0,0.0,0
0.6713569704259098,-1.1645964707431804,-0.0013177945213529853,-1.2047961930961255,0.5926735486015822,-0.7881643537574514,-2.6186925781917063,1.880667558088993,0.0,0.0,0.0,1.0,1.0,0.0,1.0,0.0,1.0,0.0,0.0,0.0,0.0,1.0,1
0.10742839383967734,-0.43134676559899815,-2.414628243263389,-2.0448144556696835,1.031244299578604,0.8474555762190998,0.7182950037490715,0.12272627577177116,1.0,0.0,0.0,0.0,1.0,0.0,1.0,0.0,0.0,1.0,0.0,0.0,0.0,1.0,0
-1.9603097203098414,1.4549599390851595,1.6498946177758296,0.39123850579363445,1.2505296750671155,0.029645611230824178,0.31381166048352227,1.4411822375096877,1.0,0.0,0.0,0.0,1.0,0.0,1.0,0.0,0.0,1.0,0.0,0.0,0.0,1.0,1
0.2954045860350881,-1.0714201475480307,1.522878278368354,0.2232348532789229,-0.7778600482016131,0.43855059372496197,0.7688554216572648,0.12272627577177116,0.0,1.0,0.0,0.0,1.0,0.0,1.0,0.0,0.0,0.0,1.0,0.0,0.0,1.0,0
-0.45650018274655507,-0.03843043212533449,0.5702557328122871,0.47524033205099026,-2.724017755662151,0.43855059372496197,-2.281623125470416,0.12272627577177116,0.0,0.0,1.0,0.0,1.0,0.0,1.0,0.0,0.0,1.0,0.0,1.0,0.0,0.0,1
-1.58435733591902,2.382591040894958,0.8242884116272383,0.8952494633377692,0.3733881731130707,0.8474555762190998,-1.8265793642966734,1.0016969169303822,0.0,0.0,0.0,1.0,0.0,1.0,1.0,0.0,0.0,0.0,1.0,1.0,0.0,0.0,1
-0.6444763749419659,1.4108553375727495,0.44323939340481155,-0.7007852355519907,-1.0519667675622522,-1.6059743187457272,-0.3771807175951232,0.12272627577177116,0.0,0.0,0.0,1.0,1.0,0.0,0.0,1.0,0.0,1.0,0.0,0.0,1.0,0.0,1
-0.08054779835573346,2.382591040894958,0.18920671458986038,-1.1207943668387697,-0.9423240798179969,-0.37925937126331366,0.06100957094255439,0.5622115963510766,0.0,0.0,0.0,1.0,1.0,0.0,1.0,0.0,0.0,1.0,0.0,0.0,1.0,0.0,0
-1.396381143723609,-0.11293723468027943,-0.44587498244751755,-1.2047961930961255,-0.39411064109671884,-0.7881643537574514,0.31381166048352227,0.12272627577177116,0.0,0.0,0.0,1.0,1.0,0.0,1.0,0.0,0.0,1.0,0.0,0.0,0.0,1.0,1
1.9871903157937854,-1.1125273489576557,-0.5728913218549931,1.1472549421098366,-1.4357161746671474,0.43855059372496197,1.0385109838342976,-0.3167590448075343,0.0,0.0,1.0,0.0,1.0,0.0,1.0,0.0,0.0,1.0,0.0,1.0,0.0,0.0,0
0.48338077823049896,-1.183865471403942,-0.0013177945213529853,-0.6167834092946349,-0.6682173604573579,0.8474555762190998,-0.7648105882246076,0.5622115963510766,0.0,0.0,1.0,0.0,1.0,0.0,1.0,0.0,0.0,1.0,0.0,1.0,0.0,0.0,0
-0.08054779835573346,-0.2695728000515372,-0.31885864304004197,-0.7007852355519907,0.4282095169851983,-0.7881643537574514,-0.8659314240409949,1.4411822375096877,0.0,0.0,1.0,0.0,1.0,0.0,1.0,0.0,0.0,0.0,1.0,0.0,0.0,1.0,1
0.10742839383967734,-1.1932002317240442,-0.8269240006699443,0.6432439845657019,0.09928145375243164,2.0741705237015133,1.3587269639195239,0.5622115963510766,0.0,1.0,0.0,0.0,1.0,0.0,1.0,0.0,0.0,0.0,1.0,0.0,1.0,0.0,1
0.10742839383967734,-0.43031908556375753,-0.44587498244751755,0.6432439845657019,-2.0387509572605533,1.6652655412073754,0.31381166048352227,-0.3167590448075343,0.0,0.0,1.0,0.0,0.0,1.0,1.0,0.0,0.0,1.0,0.0,0.0,0.0,1.0,0
0.10742839383967734,2.2768470472688453,-1.0809566794848955,-1.1207943668387697,0.4282095169851983,-0.7881643537574514,-0.6299828071360919,-0.3167590448075343,0.0,0.0,0.0,1.0,1.0,0.0,1.0,0.0,0.0,1.0,0.0,0.0,1.0,0.0,1
-0.45650018274655507,-0.5098786482919688,0.5702557328122871,-0.7007852355519907,0.15410279762455925,0.43855059372496197,1.4935547450080402,0.5622115963510766,0.0,0.0,1.0,0.0,0.0,1.0,1.0,0.0,0.0,1.0,0.0,0.0,0.0,1.0,0
-0.8324525671373767,-0.9296003026848253,0.5702557328122871,-0.2807761042652118,-0.01036123399182359,0.029645611230824178,0.2801047152113932,-0.3167590448075343,0.0,0.0,0.0,1.0,1.0,0.0,1.0,0.0,0.0,1.0,0.0,0.0,0.0,1.0,0
1.7992141235983745,0.21292297649393377,-0.19184230363256635,1.1472549421098366,2.2373138647654165,0.8474555762190998,-1.489509911575383,-0.3167590448075343,0.0,0.0,0.0,1.0,1.0,0.0,1.0,0.0,0.0,1.0,0.0,1.0,0.0,0.0,0
-0.8324525671373767,0.11503645313726472,-0.8269240006699443,0.559242158308346,1.2505296750671155,-0.37925937126331366,-0.5625689165918336,-2.074700327124756,0.0,0.0,0.0,1.0,1.0,0.0,1.0,0.0,0.0,1.0,0.0,0.0,1.0,0.0,1
-0.6444763749419659,-0.10514399441303807,0.18920671458986038,-1.9608126294123274,1.2505296750671155,-1.1970693362515892,-0.46144808077544636,-0.3167590448075343,0.0,0.0,1.0,0.0,1.0,0.0,1.0,0.0,0.0,1.0,0.0,1.0,0.0,0.0,0
0.6713569704259098,-0.8137293787114454,-0.44587498244751755,-1.0367925405814138,-1.6001802062835302,0.029645611230824178,-0.1917925185984135,0.5622115963510766,0.0,0.0,1.0,0.0,0.0,1.0,0.0,1.0,0.0,1.0,0.0,1.0,0.0,0.0,1
-0.08054779835573346,-0.7108757351844467,-0.38236681274377976,-0.5327815830372792,0.9216016118343487,1.2563605587132376,1.426140854463782,1.4411822375096877,1.0,0.0,0.0,0.0,0.0,1.0,1.0,0.0,0.0,1.0,0.0,0.0,0.0,1.0,0
1.2352855470121422,1.518076621249521,0.06219037518238481,1.399260420881904,-1.0519667675622522,0.8474555762190998,0.6171741679326842,2.539895538957951,0.0,0.0,1.0,0.0,1.0,0.0,1.0,0.0,0.0,1.0,0.0,0.0,0.0,1.0,0
-0.6444763749419659,-0.7471014564266786,-1.52551386741106,-0.7007852355519907,-0.5585746727131017,0.43855059372496197,1.426140854463782,0.12272627577177116,0.0,1.0,0.0,0.0,1.0,0.0,1.0,0.0,0.0,1.0,0.0,0.0,0.0,1.0,0
-1.2084049515281983,2.382591040894958,0.5702557328122871,0.39123850579363445,1.5246363944277546,0.8474555762190998,1.1901922375588783,0.12272627577177116,0.0,0.0,0.0,1.0,1.0,0.0,1.0,0.0,0.0,1.0,0.0,0.0,1.0,0.0,0
-1.2084049515281983,2.382591040894958,1.3323537692571406,-0.11277245175050024,-0.9971454236901246,-1.6059743187457272,-0.4108876628672523,0.5622115963510766,0.0,1.0,0.0,0.0,1.0,0.0,0.0,1.0,0.0,1.0,0.0,1.0,0.0,0.0,1
1.423261739207553,2.2560365265552225,-0.9539403400774199,-1.7928089768976159,1.305351018939243,-1.1970693362515892,-0.0569647375098971,-0.7562443653868398,0.0,0.0,0.0,1.0,0.0,1.0,1.0,0.0,0.0,1.0,0.0,1.0,0.0,0.0,1
2.175166507989196,2.1852122441265567,1.6498946177758296,-0.19677427800785602,-0.9423240798179969,1.2563605587132376,-1.0513196230377053,-0.3167590448075343,0.0,0.0,1.0,0.0,1.0,0.0,0.0,1.0,0.0,1.0,0.0,0.0,1.0,0.0,1
0.6713569704259098,-1.060715147180941,0.5067475631085494,-0.4487797567799234,0.09928145375243164,0.029645611230824178,0.7014415311130066,0.12272627577177116,0.0,0.0,0.0,1.0,1.0,0.0,1.0,0.0,0.0,1.0,0.0,0.0,1.0,0.0,0
0.8593331626213205,-0.01933271147044631,-1.5890220371147978,-0.952790714324058,-2.258036332749064,-0.37925937126331366,-0.7142501703164142,1.0016969169303822,1.0,0.0,0.0,0.0,1.0,0.0,1.0,0.0,0.0,1.0,0.0,1.0,0.0,0.0,1
-0.45650018274655507,-0.6133317718395246,-0.2553504733363042,0.3072366795362787,-0.22964660948033502,0.029645611230824178,-0.3266202996869299,0.5622115963510766,0.0,0.0,0.0,1.0,1.0,0.0,1.0,0.0,0.0,1.0,0.0,0.0,1.0,0.0,1
0.48338077823049896,-0.9062205818831012,-2.414628243263389,-0.7007852355519907,-1.4357161746671474,0.029645611230824178,0.7520019490212007,-0.7562443653868398,0.0,0.0,1.0,0.0,1.0,0.0,1.0,0.0,0.0,1.0,0.0,0.0,0.0,1.0,0
-0.08054779835573346,2.382591040894958,0.18920671458986038,0.8952494633377692,-2.1483936450048082,1.2563605587132376,1.139631819650685,-0.7562443653868398,0.0,0.0,0.0,1.0,0.0,1.0,1.0,0.0,0.0,1.0,0.0,0.0,0.0,1.0,0
0.8593331626213205,-0.4033424846386912,0.31622305399733597,0.47524033205099026,-0.22964660948033502,-0.7881643537574514,-0.7648105882246076,0.12272627577177116,1.0,0.0,0.0,0.0,0.0,1.0,1.0,0.0,0.0,1.0,0.0,0.0,1.0,0.0,1
-0.8324525671373767,0.5581378283318453,0.5702557328122871,1.6512658996539713,0.3733881731130707,-2.0148793012398647,0.24639776993926407,-0.7562443653868398,0.0,0.0,0.0,1.0,0.0,1.0,1.0,0.0,1.0,0.0,0.0,0.0,0.0,1.0,1
0.10742839383967734,-0.6932338945794827,-0.12833413392882856,-0.952790714324058,0.8667802679622212,2.0741705237015133,0.8025623669293939,1.0016969169303822,1.0,0.0,0.0,0.0,1.0,0.0,1.0,0.0,0.0,1.0,0.0,0.0,0.0,1.0,0
2.175166507989196,0.5666161886225805,-0.7634158309662065,-0.952790714324058,-0.5585746727131017,0.43855059372496197,0.1284234614868126,-0.7562443653868398,0.0,1.0,0.0,0.0,0.0,1.0,1.0,0.0,0.0,1.0,0.0,1.0,0.0,0.0,1
0.2954045860350881,-1.0714201475480307,0.44323939340481155,0.39123850579363445,-0.1200039217360798,-0.7881643537574514,1.2407526554670723,-0.7562443653868398,0.0,0.0,0.0,1.0,1.0,0.0,0.0,1.0,1.0,0.0,0.0,0.0,0.0,1.0,1
-0.8324525671373767,1.4109409775756863,-1.2714811885961088,-0.4487797567799234,-0.1748252656082074,0.8474555762190998,1.3081665460113305,-1.1957296859661453,0.0,0.0,1.0,0.0,0.0,1.0,1.0,0.0,0.0,1.0,0.0,0.0,0.0,1.0,0
-0.08054779835573346,-0.5122765683741969,0.44323939340481155,-0.4487797567799234,1.1408869873228602,0.43855059372496197,-0.10752515541809113,0.12272627577177116,0.0,0.0,0.0,1.0,1.0,0.0,1.0,0.0,1.0,0.0,0.0,0.0,0.0,1.0,0
1.6112379314029637,-0.8846393011430481,-0.0013177945213529853,-1.8768108031549717,1.1957083311949879,0.8474555762190998,1.1564852922867492,-0.3167590448075343,0.0,0.0,1.0,0.0,0.0,1.0,1.0,0.0,1.0,0.0,0.0,1.0,0.0,0.0,0
-0.6444763749419659,-0.576420930573799,-0.890432170373682,-0.8687888880667023,-0.44893198496884645,1.2563605587132376,0.3475186057556514,2.320152878668299,0.0,1.0,0.0,0.0,0.0,1.0,1.0,0.0,0.0,1.0,0.0,0.0,0.0,1.0,0
1.2352855470121422,0.773779355726502,-0.44587498244751755,0.559242158308346,0.4282095169851983,-0.7881643537574514,-0.0906716827820262,2.320152878668299,0.0,1.0,0.0,0.0,0.0,1.0,1.0,0.0,0.0,1.0,0.0,0.0,0.0,1.0,1
-1.0204287593327874,-0.7337416159685505,0.7607802419235005,0.559242158308346,1.0860656434507325,-0.37925937126331366,1.763210307185073,-2.074700327124756,0.0,1.0,0.0,0.0,1.0,0.0,1.0,0.0,0.0,1.0,0.0,0.0,1.0,0.0,0
1.7992141235983745,-0.7914629779478987,-0.44587498244751755,-0.7847870618093465,-0.7778600482016131,-0.7881643537574514,-0.8490779514049307,-0.7562443653868398,0.0,0.0,1.0,0.0,1.0,0.0,1.0,0.0,0.0,1.0,0.0,0.0,0.0,1.0,1
-0.6444763749419659,-0.33448792227756974,0.633763902516025,-1.1207943668387697,-0.06518257786395218,0.029645611230824178,-0.07381821014596203,0.12272627577177116,0.0,0.0,1.0,0.0,0.0,1.0,1.0,0.0,0.0,1.0,0.0,0.0,0.0,1.0,0
-1.58435733591902,-0.7238073756278912,0.06219037518238481,1.0632531158524807,1.0860656434507325,0.8474555762190998,1.1564852922867492,-0.3167590448075343,0.0,0.0,0.0,1.0,0.0,1.0,1.0,0.0,0.0,1.0,0.0,0.0,1.0,0.0,0
-0.8324525671373767,-0.706508095034674,0.44323939340481155,-0.11277245175050024,0.9216016118343487,-0.7881643537574514,-0.950198787221318,0.5622115963510766,1.0,0.0,0.0,0.0,1.0,0.0,1.0,0.0,1.0,0.0,0.0,0.0,0.0,1.0,1
0.8593331626213205,0.6049829099382302,-0.0013177945213529853,-1.8768108031549717,-0.9423240798179969,0.43855059372496197,1.4767012723719752,0.12272627577177116,0.0,0.0,0.0,1.0,1.0,0.0,1.0,0.0,0.0,1.0,0.0,0.0,0.0,1.0,0
0.6713569704259098,-0.709248575128649,-0.890432170373682,-0.952790714324058,1.1957083311949879,-1.6059743187457272,0.3812255510277805,-0.7562443653868398,0.0,0.0,0.0,1.0,1.0,0.0,1.0,0.0,0.0,1.0,0.0,1.0,0.0,0.0,1
1.423261739207553,-0.5871259309408887,0.5067475631085494,-0.4487797567799234,0.15410279762455925,0.8474555762190998,-0.8827848966770597,-0.7562443653868398,1.0,0.0,0.0,0.0,1.0,0.0,1.0,0.0,0.0,1.0,0.0,0.0,0.0,1.0,1
0.2954045860350881,0.5238818271571579,-0.5093831521512553,0.2232348532789229,0.3185668292409431,2.0741705237015133,-1.6917515832081575,-0.7562443653868398,0.0,1.0,0.0,0.0,1.0,0.0,1.0,0.0,0.0,1.0,0.0,0.0,0.0,1.0,0
2.5511188923800177,0.30892541978599497,0.8242884116272383,-0.5327815830372792,-0.22964660948033502,0.43855059372496197,-1.0007592051295113,-0.7562443653868398,0.0,0.0,0.0,1.0,0.0,1.0,1.0,0.0,0.0,1.0,0.0,0.0,0.0,1.0,1
0.10742839383967734,-0.9595743037126767,1.0783210904421894,1.1472549421098366,0.48303086085732594,-0.37925937126331366,0.2969581878474581,-0.7562443653868398,0.0,0.0,0.0,1.0,0.0,1.0,1.0,0.0,0.0,0.0,1.0,0.0,0.0,1.0,1
0.48338077823049896,1.1390339682516055,-0.7634158309662065,-0.11277245175050024,0.6474948924737097,0.43855059372496197,1.5441151629162335,2.539895538957951,0.0,0.0,1.0,0.0,0.0,1.0,1.0,0.0,0.0,1.0,0.0,0.0,0.0,1.0,0
0.6713569704259098,-1.0667099473865114,-0.06482596422509078,0.8112476370804134,-1.8194655817720418,-0.7881643537574514,-0.36032724495905905,0.5622115963510766,1.0,0.0,0.0,0.0,1.0,0.0,1.0,0.0,0.0,1.0,0.0,0.0,0.0,1.0,1
0.48338077823049896,-0.7923193779772658,-0.7634158309662065,-0.8687888880667023,-0.44893198496884645,0.43855059372496197,1.7463568345490081,1.880667558088993,1.0,0.0,0.0,0.0,0.0,1.0,1.0,0.0,0.0,1.0,0.0,0.0,0.0,1.0,0
-1.0204287593327874,-0.6297746524033745,-0.0013177945213529853,0.8952494633377692,-1.4357161746671474,0.43855059372496197,-0.36032724495905905,-0.7562443653868398,0.0,1.0,0.0,0.0,1.0,0.0,1.0,0.0,0.0,0.0,1.0,1.0,0.0,0.0,1
1.2352855470121422,-0.3292638820984299,0.18920671458986038,0.39123850579363445,0.757137580217965,0.43855059372496197,0.3812255510277805,-0.3167590448075343,1.0,0.0,0.0,0.0,1.0,0.0,1.0,0.0,0.0,1.0,0.0,0.0,0.0,1.0,0
-1.58435733591902,-0.6768766540185696,-0.19184230363256635,0.8112476370804134,-0.1748252656082074,0.43855059372496197,0.7014415311130066,0.12272627577177116,0.0,0.0,1.0,0.0,1.0,0.0,1.0,0.0,1.0,0.0,0.0,1.0,0.0,0.0,0
0.8593331626213205,1.2017224504012833,0.2527148842935982,-0.5327815830372792,-0.1748252656082074,0.8474555762190998,0.7182950037490715,-0.3167590448075343,0.0,0.0,0.0,1.0,0.0,1.0,1.0,0.0,1.0,0.0,0.0,1.0,0.0,0.0,0
1.423261739207553,0.16599225488461214,0.44323939340481155,-0.4487797567799234,-1.7098228940277864,-2.0148793012398647,-0.983905732493447,-1.1957296859661453,1.0,0.0,0.0,0.0,1.0,0.0,1.0,0.0,0.0,1.0,0.0,0.0,0.0,1.0,1
-0.45650018274655507,-0.005459030994697941,0.633763902516025,1.6512658996539713,0.7023162363458374,0.029645611230824178,0.1621304067589417,-1.6352150065454507,0.0,0.0,1.0,0.0,1.0,0.0,1.0,0.0,0.0,1.0,0.0,0.0,0.0,1.0,0
-1.396381143723609,-0.5313742890290851,-1.9065628856334869,-0.952790714324058,1.1957083311949879,-0.37925937126331366,0.4149324962999096,-0.3167590448075343,0.0,0.0,0.0,1.0,1.0,0.0,1.0,0.0,1.0,0.0,0.0,0.0,0.0,1.0,0
-0.6444763749419659,-0.802596178329672,0.6972720722197627,-0.952790714324058,1.1408869873228602,-1.1970693362515892,-0.7311036429524784,0.5622115963510766,1.0,0.0,0.0,0.0,0.0,1.0,1.0,0.0,1.0,0.0,0.0,0.0,0.0,1.0,1
-0.8324525671373767,2.382591040894958,0.633763902516025,-0.4487797567799234,0.20892414149668687,-0.7881643537574514,0.7014415311130066,-0.3167590448075343,0.0,0.0,0.0,1.0,1.0,0.0,1.0,0.0,0.0,1.0,0.0,1.0,0.0,0.0,0
0.6713569704259098,-1.0268017060180006,-2.414628243263389,-0.3647779305225676,0.2637454853688155,0.029645611230824178,0.9879505659261044,-0.3167590448075343,0.0,0.0,0.0,1.0,1.0,0.0,1.0,0.0,1.0,0.0,0.0,0.0,0.0,1.0,0
-1.396381143723609,0.32271346025880665,0.8242884116272383,-1.7088071506402602,-0.5585746727131017,-1.1970693362515892,0.6508811132048133,1.0016969169303822,0.0,1.0,0.0,0.0,1.0,0.0,1.0,0.0,1.0,0.0,0.0,0.0,0.0,1.0,1
-1.58435733591902,-0.08912931386387174,0.44323939340481155,-0.2807761042652118,0.20892414149668687,1.6652655412073754,0.3643720783917163,-0.7562443653868398,0.0,1.0,0.0,0.0,0.0,1.0,1.0,0.0,0.0,1.0,0.0,0.0,0.0,1.0,0
0.2954045860350881,-0.10171839429556932,0.1256985448861226,1.2312567683671922,-1.2712521430507635,2.0741705237015133,-1.0681730956737694,1.4411822375096877,0.0,0.0,0.0,1.0,0.0,1.0,1.0,0.0,1.0,0.0,0.0,0.0,0.0,1.0,1
0.8593331626213205,-0.5185282885885774,-2.160595564448438,-0.7007852355519907,1.305351018939243,0.029645611230824178,-0.39403419023118813,1.0016969169303822,0.0,0.0,0.0,1.0,0.0,1.0,1.0,0.0,0.0,1.0,0.0,0.0,0.0,1.0,0
-0.45650018274655507,0.3018172995422474,-0.06482596422509078,-2.0448144556696835,1.031244299578604,0.029645611230824178,0.8699762574736521,0.12272627577177116,1.0,0.0,0.0,0.0,0.0,1.0,1.0,0.0,0.0,1.0,0.0,0.0,0.0,1.0,0
0.10742839383967734,-0.24542231922338267,-0.9539403400774199,-0.6167834092946349,0.8119589240900935,-0.37925937126331366,-0.5457154439557688,-1.1957296859661453,0.0,1.0,0.0,0.0,1.0,0.0,1.0,0.0,1.0,0.0,0.0,0.0,0.0,1.0,1
0.8593331626213205,-1.1080740688049462,-1.5890220371147978,-1.2047961930961255,-0.8326813920737407,1.2563605587132376,-0.309766827050865,-0.7562443653868398,0.0,0.0,1.0,0.0,1.0,0.0,1.0,0.0,0.0,1.0,0.0,0.0,0.0,1.0,1
0.2954045860350881,-0.5389106092875163,0.44323939340481155,-0.11277245175050024,-0.1748252656082074,0.43855059372496197,0.7857088942933298,-1.1957296859661453,1.0,0.0,0.0,0.0,1.0,0.0,1.0,0.0,0.0,1.0,0.0,0.0,1.0,0.0,0
0.48338077823049896,2.382591040894958,1.7134027874795674,0.3072366795362787,0.48303086085732594,0.43855059372496197,-2.214209234926158,-0.7562443653868398,0.0,0.0,0.0,1.0,1.0,0.0,1.0,0.0,0.0,1.0,0.0,0.0,0.0,1.0,1
-0.6444763749419659,0.2766391386788522,-0.6363994915587309,-0.19677427800785602,-0.1200039217360798,-1.6059743187457272,0.9205366753818461,1.4411822375096877,0.0,0.0,1.0,0.0,0.0,1.0,1.0,0.0,0.0,1.0,0.0,0.0,1.0,0.0,0
0.2954045860350881,-0.04194167224573994,-0.7634158309662065,-1.1207943668387697,1.031244299578604,0.029645611230824178,-1.6917515832081575,-0.3167590448075343,1.0,0.0,0.0,0.0,0.0,1.0,1.0,0.0,0.0,1.0,0.0,0.0,0.0,1.0,0
-0.8324525671373767,1.2597863723923786,-1.7795465462260112,-1.2887980193534812,-0.9423240798179969,-0.37925937126331366,-1.0850265683098343,-0.3167590448075343,0.0,0.0,0.0,1.0,0.0,1.0,1.0,0.0,1.0,0.0,0.0,1.0,0.0,0.0,0
-0.2685239905511443,-1.237647393248201,0.5067475631085494,-0.6167834092946349,-0.28446795335246267,2.0741705237015133,-0.6636897524082209,1.0016969169303822,0.0,0.0,1.0,0.0,0.0,1.0,1.0,0.0,0.0,1.0,0.0,0.0,0.0,1.0,0
2.6451069884777234,0.2159203765967189,-0.19184230363256635,-0.4487797567799234,-0.9423240798179969,0.029645611230824178,1.3081665460113305,0.12272627577177116,0.0,0.0,0.0,1.0,0.0,1.0,1.0,0.0,0.0,1.0,0.0,0.0,0.0,1.0,0
1.423261739207553,0.08060917195670396,1.6498946177758296,0.2232348532789229,-0.44893198496884645,0.029645611230824178,2.2014005957227507,-0.3167590448075343,1.0,0.0,0.0,0.0,1.0,0.0,1.0,0.0,0.0,1.0,0.0,0.0,1.0,0.0,0
-0.2685239905511443,2.382591040894958,-0.8269240006699443,-0.5327815830372792,0.09928145375243164,0.029645611230824178,-0.15808557332628442,-2.074700327124756,0.0,0.0,1.0,0.0,1.0,0.0,1.0,0.0,0.0,1.0,0.0,0.0,0.0,1.0,0
0.48338077823049896,2.3019395681293036,-2.2876119038559133,-0.4487797567799234,-1.8742869256441694,1.6652655412073754,-0.39403419023118813,-0.3167590448075343,0.0,1.0,0.0,0.0,1.0,0.0,1.0,0.0,0.0,0.0,1.0,0.0,0.0,1.0,1
-0.45650018274655507,-0.4480465661716582,-1.1444648491886333,-0.4487797567799234,-0.7778600482016131,0.029645611230824178,1.3587269639195239,-1.1957296859661453,0.0,0.0,1.0,0.0,0.0,1.0,1.0,0.0,1.0,0.0,0.0,1.0,0.0,0.0,0
0.48338077823049896,0.18568945556005734,0.887796581330976,-0.19677427800785602,-0.22964660948033502,0.43855059372496197,0.3812255510277805,2.539895538957951,0.0,0.0,1.0,0.0,0.0,1.0,1.0,0.0,0.0,1.0,0.0,0.0,0.0,1.0,0
-0.08054779835573346,-0.5284625289292367,-0.890432170373682,0.055231200764211334,0.3733881731130707,-0.37925937126331366,-0.3266202996869299,1.0016969169303822,0.0,1.0,0.0,0.0,0.0,1.0,1.0,0.0,0.0,0.0,1.0,0.0,0.0,1.0,0
-1.9603097203098414,-0.4999444079513095,0.9513047510347139,-0.02877062549314445,-1.3808948307950188,0.8474555762190998,-0.5962758618639628,0.12272627577177116,0.0,1.0,0.0,0.0,1.0,0.0,0.0,1.0,0.0,0.0,1.0,1.0,0.0,0.0,1
1.423261739207553,-0.8255476991167126,-0.38236681274377976,0.7272458108230576,0.20892414149668687,-0.37925937126331366,-1.0513196230377053,1.0016969169303822,0.0,0.0,1.0,0.0,0.0,1.0,1.0,0.0,0.0,1.0,0.0,0.0,0.0,1.0,0
-0.6444763749419659,0.5079527866109284,-2.160595564448438,-0.3647779305225676,-1.3260734869228912,0.43855059372496197,0.8699762574736521,0.12272627577177116,0.0,0.0,0.0,1.0,1.0,0.0,1.0,0.0,0.0,1.0,0.0,0.0,0.0,1.0,0
0.2954045860350881,-0.5526130097573912,-0.38236681274377976,0.47524033205099026,-0.6133960165852302,1.2563605587132376,0.8025623669293939,-0.7562443653868398,0.0,1.0,0.0,0.0,1.0,0.0,1.0,0.0,0.0,1.0,0.0,0.0,0.0,1.0,0
-1.396381143723609,1.1481118085628979,-1.0809566794848955,0.47524033205099026,0.04446010988030403,0.43855059372496197,-0.24235293650660755,0.12272627577177116,0.0,0.0,1.0,0.0,1.0,0.0,0.0,1.0,0.0,0.0,1.0,0.0,0.0,1.0,1
-0.6444763749419659,1.8556695128260645,-0.0013177945213529853,-1.2047961930961255,-1.6001802062835302,0.029645611230824178,-1.6411911652999638,1.4411822375096877,0.0,0.0,1.0,0.0,0.0,1.0,1.0,0.0,1.0,0.0,0.0,0.0,0.0,1.0,0
1.2352855470121422,-1.229768512978023,-0.06482596422509078,0.3072366795362787,2.2373138647654165,0.43855059372496197,1.7295033619129438,-0.3167590448075343,0.0,0.0,0.0,1.0,1.0,0.0,1.0,0.0,0.0,1.0,0.0,1.0,0.0,0.0,0
-0.6444763749419659,-0.6519554131639845,0.8242884116272383,0.6432439845657019,0.04446010988030403,1.2563605587132376,0.566613750024491,0.5622115963510766,0.0,0.0,0.0,1.0,0.0,1.0,1.0,0.0,0.0,1.0,0.0,1.0,0.0,0.0,0
0.48338077823049896,-0.5169867685357165,1.0783210904421894,0.055231200764211334,0.9216016118343487,1.6652655412073754,1.8474776703653955,0.12272627577177116,0.0,0.0,0.0,1.0,1.0,0.0,1.0,0.0,0.0,0.0,1.0,1.0,0.0,0.0,0
-0.2685239905511443,-0.8339404194045109,-0.2553504733363042,0.8112476370804134,0.2637454853688155,-0.7881643537574514,0.3812255510277805,-0.3167590448075343,0.0,1.0,0.0,0.0,1.0,0.0,1.0,0.0,1.0,0.0,0.0,0.0,1.0,0.0,0
0.10742839383967734,-1.09779726845254,-1.52551386741106,-0.3647779305225676,0.09928145375243164,1.2563605587132376,0.3980790236638454,0.5622115963510766,0.0,0.0,1.0,0.0,1.0,0.0,0.0,1.0,1.0,0.0,0.0,0.0,0.0,1.0,0
-0.2685239905511443,-0.3328607622217721,-0.12833413392882856,-0.19677427800785602,-0.1200039217360798,-1.1970693362515892,-1.1018800409458986,-0.7562443653868398,0.0,0.0,0.0,1.0,0.0,1.0,1.0,0.0,1.0,0.0,0.0,1.0,0.0,0.0,1
-1.9603097203098414,-0.9508390234131314,0.2527148842935982,0.13923302702156712,0.8119589240900935,0.43855059372496197,1.4429943270998462,-0.7562443653868398,0.0,1.0,0.0,0.0,0.0,1.0,1.0,0.0,1.0,0.0,0.0,1.0,0.0,0.0,1
0.2954045860350881,0.17541265520765115,-0.44587498244751755,0.3072366795362787,0.6474948924737097,-0.7881643537574514,-2.2984765981064808,-1.6352150065454507,0.0,1.0,0.0,0.0,1.0,0.0,1.0,0.0,1.0,0.0,0.0,1.0,0.0,0.0,1
0.6713569704259098,-0.07234387328827495,0.7607802419235005,0.979251289595125,-0.39411064109671884,0.029645611230824178,-0.20864599123447844,-1.1957296859661453,0.0,0.0,0.0,1.0,0.0,1.0,1.0,0.0,0.0,1.0,0.0,1.0,0.0,0.0,0
-1.396381143723609,2.382591040894958,-1.9700710553372245,0.2232348532789229,0.757137580217965,0.43855059372496197,-0.39403419023118813,1.4411822375096877,0.0,0.0,1.0,0.0,0.0,1.0,1.0,0.0,1.0,0.0,0.0,0.0,0.0,1.0,1
0.10742839383967734,-0.6789320140890508,-0.6363994915587309,-0.4487797567799234,1.2505296750671155,-1.1970693362515892,-1.0850265683098343,-0.7562443653868398,1.0,0.0,0.0,0.0,1.0,0.0,1.0,0.0,0.0,1.0,0.0,1.0,0.0,0.0,1
-0.8324525671373767,-0.1048014344012912,0.5702557328122871,0.8112476370804134,-0.6133960165852302,1.6652655412073754,1.0385109838342976,0.12272627577177116,0.0,0.0,0.0,1.0,1.0,0.0,1.0,0.0,0.0,0.0,1.0,1.0,0.0,0.0,0
0.6713569704259098,-0.07782483347622492,1.0783210904421894,-0.2807761042652118,0.15410279762455925,-1.6059743187457272,-1.8265793642966734,1.0016969169303822,0.0,0.0,0.0,1.0,1.0,0.0,1.0,0.0,1.0,0.0,0.0,0.0,1.0,0.0,0
-0.08054779835573346,-0.00400315094477373,-1.4620056977073221,-1.1207943668387697,1.3601723628113718,0.029645611230824178,-0.07381821014596203,1.4411822375096877,0.0,0.0,0.0,1.0,1.0,0.0,0.0,1.0,0.0,1.0,0.0,0.0,0.0,1.0,0
-0.2685239905511443,2.382591040894958,-0.5093831521512553,-0.7007852355519907,1.1957083311949879,1.6652655412073754,1.0722179291064267,-1.1957296859661453,0.0,0.0,0.0,1.0,0.0,1.0,1.0,0.0,0.0,1.0,0.0,1.0,0.0,0.0,0
0.8593331626213205,0.8398934379936486,0.8242884116272383,0.979251289595125,0.3733881731130707,0.43855059372496197,-0.8827848966770597,-0.3167590448075343,0.0,0.0,1.0,0.0,1.0,0.0,1.0,0.0,0.0,1.0,0.0,0.0,0.0,1.0,1
-1.2084049515281983,-1.09779726845254,0.633763902516025,0.055231200764211334,-1.8742869256441694,-0.37925937126331366,0.6677345858408775,0.5622115963510766,1.0,0.0,0.0,0.0,1.0,0.0,0.0,1.0,0.0,1.0,0.0,0.0,0.0,1.0,0
0.6713569704259098,2.1153300017301944,0.633763902516025,1.9872732046833943,0.4282095169851983,-1.1970693362515892,0.6171741679326842,-2.074700327124756,1.0,0.0,0.0,0.0,0.0,1.0,1.0,0.0,0.0,1.0,0.0,0.0,1.0,0.0,1
0.10742839383967734,-0.8820701010549467,-0.06482596422509078,-2.128816281927039,0.04446010988030403,-0.37925937126331366,-1.203000876762286,-0.3167590448075343,0.0,0.0,0.0,1.0,1.0,0.0,1.0,0.0,0.0,1.0,0.0,0.0,1.0,0.0,0
1.6112379314029637,-0.5396813693139468,-0.7634158309662065,-1.372799845610837,0.20892414149668687,-1.6059743187457272,-0.7985175334967366,-1.6352150065454507,1.0,0.0,0.0,0.0,1.0,0.0,1.0,0.0,0.0,1.0,0.0,0.0,0.0,1.0,1
-1.9603097203098414,2.368139290399387,0.37973122370107376,-0.5327815830372792,-0.01036123399182359,0.8474555762190998,-0.7142501703164142,-0.7562443653868398,0.0,0.0,1.0,0.0,1.0,0.0,1.0,0.0,1.0,0.0,0.0,1.0,0.0,0.0,1
0.48338077823049896,-0.45678184647120346,-1.843054715929749,-1.6248053243829044,0.8667802679622212,0.8474555762190998,0.7182950037490715,0.5622115963510766,0.0,0.0,1.0,0.0,1.0,0.0,1.0,0.0,0.0,0.0,1.0,0.0,0.0,1.0,0
-0.2685239905511443,0.11015497296987178,0.44323939340481155,0.8952494633377692,-0.44893198496884645,-2.0148793012398647,1.105924874378556,-1.1957296859661453,0.0,1.0,0.0,0.0,1.0,0.0,1.0,0.0,0.0,1.0,0.0,1.0,0.0,0.0,1
0.2954045860350881,1.5872737436223894,1.6498946177758296,0.055231200764211334,-0.39411064109671884,-2.0148793012398647,-0.47830155341151054,-0.3167590448075343,0.0,0.0,0.0,1.0,1.0,0.0,1.0,0.0,0.0,1.0,0.0,0.0,1.0,0.0,1
-0.45650018274655507,-1.0633699872719793,0.887796581330976,-0.5327815830372792,2.018028489276905,-1.1970693362515892,1.3250200186473946,-0.3167590448075343,1.0,0.0,0.0,0.0,0.0,1.0,1.0,0.0,0.0,0.0,1.0,1.0,0.0,0.0,0
0.6713569704259098,-0.14402455574630818,-0.7634158309662065,-1.9608126294123274,-0.44893198496884645,-0.37925937126331366,-0.4445946081393814,0.12272627577177116,0.0,1.0,0.0,0.0,1.0,0.0,1.0,0.0,0.0,1.0,0.0,0.0,0.0,1.0,1
0.10742839383967734,-0.6025411314694981,0.887796581330976,2.07127503094075,0.15410279762455925,-0.37925937126331366,0.3643720783917163,1.4411822375096877,0.0,0.0,1.0,0.0,0.0,1.0,1.0,0.0,0.0,1.0,0.0,0.0,0.0,1.0,0
-1.7723335281144308,0.05543101109330878,0.9513047510347139,0.6432439845657019,-1.3808948307950188,0.8474555762190998,-0.8322244787688657,-0.7562443653868398,0.0,0.0,1.0,0.0,0.0,1.0,1.0,0.0,1.0,0.0,0.0,0.0,0.0,1.0,1
-0.8324525671373767,0.9048942002226178,0.1256985448861226,-0.7007852355519907,0.09928145375243164,0.43855059372496197,1.6452359987326208,0.12272627577177116,0.0,0.0,1.0,0.0,1.0,0.0,1.0,0.0,0.0,1.0,0.0,0.0,1.0,0.0,0
0.6713569704259098,-0.7710806572489597,-0.7634158309662065,-0.4487797567799234,-0.06518257786395218,0.8474555762190998,0.1284234614868126,0.12272627577177116,1.0,0.0,0.0,0.0,1.0,0.0,1.0,0.0,1.0,0.0,0.0,0.0,0.0,1.0,0
1.423261739207553,-0.04057143219875245,-0.44587498244751755,-1.2887980193534812,0.5378522047294545,0.43855059372496197,0.43178596893597454,-0.7562443653868398,0.0,0.0,0.0,1.0,1.0,0.0,1.0,0.0,1.0,0.0,0.0,1.0,0.0,0.0,0
-0.8324525671373767,-0.49172296766938456,0.06219037518238481,0.2232348532789229,1.2505296750671155,0.43855059372496197,-0.4277411355033172,-0.3167590448075343,0.0,0.0,1.0,0.0,1.0,0.0,1.0,0.0,1.0,0.0,0.0,0.0,0.0,1.0,1
-1.7723335281144308,-1.1597149905757873,0.7607802419235005,0.3072366795362787,1.6342790821720108,-0.37925937126331366,0.31381166048352227,2.320152878668299,0.0,0.0,0.0,1.0,0.0,1.0,1.0,0.0,0.0,1.0,0.0,1.0,0.0,0.0,0
0.48338077823049896,-0.6426206528438823,0.2527148842935982,-0.3647779305225676,-1.0519667675622522,1.2563605587132376,-0.1917925185984135,-0.3167590448075343,0.0,0.0,0.0,1.0,0.0,1.0,0.0,1.0,1.0,0.0,0.0,0.0,1.0,0.0,0
-0.45650018274655507,-0.6499856930964399,0.18920671458986038,-0.11277245175050024,0.4282095169851983,0.43855059372496197,0.24639776993926407,0.12272627577177116,1.0,0.0,0.0,0.0,1.0,0.0,1.0,0.0,0.0,0.0,1.0,0.0,0.0,1.0,0
0.10742839383967734,-0.2862726006241973,-0.890432170373682,0.2232348532789229,0.4282095169851983,-0.37925937126331366,0.6171741679326842,-0.7562443653868398,1.0,0.0,0.0,0.0,1.0,0.0,1.0,0.0,0.0,1.0,0.0,1.0,0.0,0.0,0
0.2954045860350881,-0.34724828271514074,-1.3984975280035845,-0.11277245175050024,0.7023162363458374,0.43855059372496197,-0.5794223892278978,1.0016969169303822,0.0,0.0,1.0,0.0,1.0,0.0,1.0,0.0,1.0,0.0,0.0,0.0,0.0,1.0,0
0.2954045860350881,0.00927104951041761,2.157959975405732,-0.02877062549314445,-0.44893198496884645,-0.7881643537574514,-2.433304379194997,0.12272627577177116,0.0,0.0,1.0,0.0,1.0,0.0,0.0,1.0,0.0,0.0,1.0,1.0,0.0,0.0,1
1.9871903157937854,-0.7298021758334614,-0.31885864304004197,0.47524033205099026,-0.1748252656082074,0.8474555762190998,0.1958373520310708,0.12272627577177116,1.0,0.0,0.0,0.0,0.0,1.0,1.0,0.0,0.0,1.0,0.0,0.0,0.0,1.0,0
1.6112379314029637,-0.5318881290467055,1.3323537692571406,1.315258594624548,1.0860656434507325,-0.37925937126331366,2.1676936504506217,-1.1957296859661453,1.0,0.0,0.0,0.0,1.0,0.0,1.0,0.0,0.0,1.0,0.0,0.0,0.0,1.0,0
1.0473093548167314,-0.4739098470585471,2.0309436359982564,1.9032713784260387,0.5926735486015822,0.43855059372496197,-0.3771807175951232,0.12272627577177116,0.0,0.0,0.0,1.0,0.0,1.0,1.0,0.0,0.0,1.0,0.0,0.0,0.0,1.0,1
-1.0204287593327874,-0.043226272289790715,-0.19184230363256635,-1.2887980193534812,0.8667802679622212,0.8474555762190998,0.6508811132048133,-0.7562443653868398,0.0,0.0,0.0,1.0,1.0,0.0,1.0,0.0,0.0,1.0,0.0,1.0,0.0,0.0,0
-0.2685239905511443,2.382591040894958,0.37973122370107376,-0.8687888880667023,0.5378522047294545,-0.37925937126331366,0.3643720783917163,-1.1957296859661453,0.0,0.0,1.0,0.0,1.0,0.0,1.0,0.0,0.0,1.0,0.0,0.0,1.0,0.0,0
0.10742839383967734,-0.91538406219733,-0.2553504733363042,-2.128816281927039,-1.4357161746671474,-0.7881643537574514,-1.236707822034415,-1.6352150065454507,0.0,0.0,1.0,0.0,1.0,0.0,1.0,0.0,0.0,1.0,0.0,0.0,1.0,0.0,1
0.8593331626213205,-0.591322291084788,-2.414628243263389,-0.3647779305225676,2.0728498331490326,0.43855059372496197,-0.5962758618639628,0.12272627577177116,0.0,0.0,0.0,1.0,1.0,0.0,1.0,0.0,0.0,0.0,1.0,0.0,0.0,1.0,1
-1.7723335281144308,-0.31170768149640266,1.4593701086646163,0.559242158308346,0.09928145375243164,2.0741705237015133,1.1564852922867492,0.5622115963510766,0.0,0.0,0.0,1.0,0.0,1.0,1.0,0.0,0.0,1.0,0.0,0.0,0.0,1.0,0
1.7992141235983745,0.2644782582618382,1.268845599553403,1.315258594624548,1.6342790821720108,0.029645611230824178,-0.2760598817787359,0.12272627577177116,0.0,0.0,0.0,1.0,1.0,0.0,1.0,0.0,0.0,1.0,0.0,1.0,0.0,0.0,0
0.6713569704259098,-0.6593204534165423,1.522878278368354,1.735267725911327,1.0860656434507325,0.029645611230824178,-0.8827848966770597,-1.1957296859661453,1.0,0.0,0.0,0.0,1.0,0.0,1.0,0.0,1.0,0.0,0.0,0.0,1.0,0.0,1
1.423261739207553,1.5810220234080088,-1.0174485097811576,-0.7007852355519907,1.6891004260441382,1.6652655412073754,0.22954429730319992,-0.3167590448075343,0.0,0.0,1.0,0.0,0.0,1.0,1.0,0.0,0.0,0.0,1.0,0.0,0.0,1.0,0
-1.396381143723609,0.057058171149106426,0.06219037518238481,1.6512658996539713,-0.39411064109671884,-0.7881643537574514,-2.214209234926158,0.5622115963510766,0.0,0.0,1.0,0.0,1.0,0.0,1.0,0.0,0.0,1.0,0.0,1.0,0.0,0.0,1
1.6112379314029637,-0.9248044625203691,0.44323939340481155,0.13923302702156712,1.0860656434507325,1.2563605587132376,1.2744596007392013,-0.3167590448075343,0.0,0.0,0.0,1.0,1.0,0.0,1.0,0.0,0.0,1.0,0.0,0.0,0.0,1.0,0
-1.9603097203098414,0.33393230064351676,-0.31885864304004197,-0.7007852355519907,-0.3392892972245912,0.43855059372496197,-0.14123210069022024,-0.3167590448075343,0.0,0.0,0.0,1.0,1.0,0.0,1.0,0.0,0.0,1.0,0.0,0.0,0.0,1.0,0
-0.8324525671373767,1.8653468331579137,1.840419126887043,-0.952790714324058,-0.28446795335246267,1.6652655412073754,1.5778221081883625,0.12272627577177116,1.0,0.0,0.0,0.0,0.0,1.0,1.0,0.0,0.0,1.0,0.0,1.0,0.0,0.0,1
0.6713569704259098,-0.44821784617753163,0.2527148842935982,1.8192695521686828,-0.28446795335246267,0.8474555762190998,0.7688554216572648,-0.7562443653868398,1.0,0.0,0.0,0.0,1.0,0.0,1.0,0.0,0.0,1.0,0.0,0.0,1.0,0.0,0
0.10742839383967734,-0.17279959673304554,-1.52551386741106,-0.3647779305225676,0.8667802679622212,-0.7881643537574514,1.089071401742491,1.4411822375096877,1.0,0.0,0.0,0.0,1.0,0.0,1.0,0.0,0.0,1.0,0.0,0.0,0.0,1.0,0
-0.08054779835573346,-0.3413391225125072,-0.06482596422509078,-2.128816281927039,-0.7230387043294855,0.43855059372496197,0.6845880584769425,-0.3167590448075343,1.0,0.0,0.0,0.0,0.0,1.0,1.0,0.0,0.0,1.0,0.0,0.0,0.0,1.0,0
1.7992141235983745,-0.4168736051026927,1.840419126887043,0.055231200764211334,-0.8875027359458694,1.2563605587132376,0.31381166048352227,-0.7562443653868398,0.0,0.0,0.0,1.0,1.0,0.0,1.0,0.0,0.0,1.0,0.0,1.0,0.0,0.0,1
0.2954045860350881,-1.2075021122144762,1.268845599553403,1.0632531158524807,-0.8326813920737407,-0.37925937126331366,0.6003206952966192,1.0016969169303822,1.0,0.0,0.0,0.0,0.0,1.0,1.0,0.0,0.0,0.0,1.0,1.0,0.0,0.0,1
0.6713569704259098,-1.103877708661047,-1.5890220371147978,-0.7007852355519907,1.3601723628113718,0.8474555762190998,0.17898387939500587,2.539895538957951,0.0,0.0,0.0,1.0,1.0,0.0,1.0,0.0,0.0,1.0,0.0,0.0,0.0,1.0,0
1.2352855470121422,1.4323509783098658,0.31622305399733597,0.39123850579363445,1.8535644576605212,-0.7881643537574514,-0.6299828071360919,1.4411822375096877,0.0,0.0,0.0,1.0,0.0,1.0,1.0,0.0,0.0,1.0,0.0,0.0,1.0,0.0,0
0.6713569704259098,0.7907360763079723,0.2527148842935982,1.5672640733966154,-0.8326813920737407,1.2563605587132376,0.836269312201523,-1.1957296859661453,0.0,0.0,0.0,1.0,1.0,0.0,1.0,0.0,0.0,0.0,1.0,0.0,0.0,1.0,1
-0.8324525671373767,-1.0105301054600242,-0.38236681274377976,0.3072366795362787,2.6210632718703115,1.2563605587132376,-0.14123210069022024,0.12272627577177116,0.0,1.0,0.0,0.0,1.0,0.0,1.0,0.0,0.0,1.0,0.0,0.0,0.0,1.0,0
0.48338077823049896,-0.23968443902662254,0.8242884116272383,-1.7928089768976159,1.1408869873228602,-0.7881643537574514,-0.2929133544148008,-0.3167590448075343,0.0,0.0,0.0,1.0,1.0,0.0,1.0,0.0,0.0,1.0,0.0,0.0,0.0,1.0,0
1.0473093548167314,-0.3764515237165617,1.9039272965907807,0.6432439845657019,-0.6133960165852302,-1.6059743187457272,0.7014415311130066,2.539895538957951,1.0,0.0,0.0,0.0,1.0,0.0,1.0,0.0,1.0,0.0,0.0,0.0,1.0,0.0,1
-0.08054779835573346,0.5596793483847062,0.6972720722197627,1.5672640733966154,-0.7778600482016131,0.029645611230824178,0.3475186057556514,-1.1957296859661453,0.0,0.0,1.0,0.0,1.0,0.0,1.0,0.0,0.0,1.0,0.0,0.0,0.0,1.0,0
-0.2685239905511443,0.07058929161310792,1.205337429849665,0.6432439845657019,0.7023162363458374,-0.37925937126331366,0.5329068047523619,0.12272627577177116,0.0,1.0,0.0,0.0,1.0,0.0,1.0,0.0,0.0,1.0,0.0,0.0,1.0,0.0,0
0.2954045860350881,-0.8381367795484101,1.268845599553403,0.8952494633377692,0.04446010988030403,-2.0148793012398647,-2.0962349264737066,-1.1957296859661453,0.0,0.0,0.0,1.0,0.0,1.0,1.0,0.0,0.0,1.0,0.0,0.0,0.0,1.0,1
0.10742839383967734,1.577938983302287,-0.6999076612624687,-1.372799845610837,0.9764229557064764,-0.7881643537574514,0.07786304357861931,0.12272627577177116,0.0,0.0,0.0,1.0,0.0,1.0,1.0,0.0,0.0,0.0,1.0,0.0,1.0,0.0,1
0.2954045860350881,-0.057185592768475804,-1.6525302068185357,0.979251289595125,-0.44893198496884645,-0.37925937126331366,-0.47830155341151054,-0.3167590448075343,0.0,0.0,0.0,1.0,1.0,0.0,1.0,0.0,0.0,1.0,0.0,0.0,0.0,1.0,0
0.10742839383967734,-0.3531574429177743,1.0783210904421894,-0.5327815830372792,-2.5321430521097033,-0.7881643537574514,0.43178596893597454,-1.6352150065454507,0.0,0.0,1.0,0.0,1.0,0.0,1.0,0.0,0.0,0.0,1.0,0.0,0.0,1.0,1
-0.6444763749419659,2.2449889661763858,0.887796581330976,0.8112476370804134,1.5794577382998822,0.43855059372496197,-0.20864599123447844,0.5622115963510766,0.0,0.0,1.0,0.0,0.0,1.0,1.0,0.0,0.0,1.0,0.0,1.0,0.0,0.0,0
-0.2685239905511443,-0.4765646871495854,-0.44587498244751755,0.47524033205099026,-0.9423240798179969,1.2563605587132376,0.6508811132048133,-1.1957296859661453,0.0,0.0,0.0,1.0,1.0,0.0,1.0,0.0,0.0,1.0,0.0,0.0,0.0,1.0,1
0.8593331626213205,-1.2821801947752947,-0.5728913218549931,-0.2807761042652118,0.48303086085732594,-1.6059743187457272,-1.0007592051295113,1.4411822375096877,0.0,0.0,1.0,0.0,0.0,1.0,0.0,1.0,0.0,1.0,0.0,0.0,0.0,1.0,1
-0.6444763749419659,-0.510735048321336,0.18920671458986038,0.2232348532789229,-0.6133960165852302,-0.7881643537574514,-1.3546821304868664,0.5622115963510766,0.0,0.0,1.0,0.0,1.0,0.0,1.0,0.0,0.0,0.0,1.0,0.0,0.0,1.0,1
0.6713569704259098,-0.6326864125032229,-0.38236681274377976,-0.7007852355519907,1.031244299578604,-0.7881643537574514,0.1621304067589417,-0.3167590448075343,0.0,1.0,0.0,0.0,0.0,1.0,1.0,0.0,0.0,1.0,0.0,0.0,0.0,1.0,0
0.2954045860350881,-0.9440734631811307,-1.0174485097811576,0.8112476370804134,-2.0387509572605533,-0.37925937126331366,-0.5120084986836396,0.12272627577177116,0.0,0.0,1.0,0.0,0.0,1.0,1.0,0.0,0.0,1.0,0.0,0.0,0.0,1.0,1
1.6112379314029637,-0.41781564513499664,0.7607802419235005,1.2312567683671922,0.3733881731130707,0.43855059372496197,-0.20864599123447844,-0.3167590448075343,0.0,0.0,0.0,1.0,0.0,1.0,1.0,0.0,1.0,0.0,0.0,0.0,1.0,0.0,0
-1.0204287593327874,-0.6283187723534502,-0.8269240006699443,-0.4487797567799234,2.456599240253928,0.43855059372496197,-0.5457154439557688,0.5622115963510766,0.0,0.0,0.0,1.0,0.0,1.0,1.0,0.0,0.0,1.0,0.0,1.0,0.0,0.0,0
0.48338077823049896,-0.5493586896457959,-0.2553504733363042,-0.952790714324058,-1.0519667675622522,-1.1970693362515892,-0.3434737723229941,-0.3167590448075343,0.0,0.0,1.0,0.0,0.0,1.0,1.0,0.0,0.0,1.0,0.0,0.0,0.0,1.0,1
0.2954045860350881,-1.2718177544199516,-2.0335792250409623,-0.4487797567799234,-0.06518257786395218,0.8474555762190998,0.2801047152113932,-0.3167590448075343,0.0,0.0,0.0,1.0,0.0,1.0,1.0,0.0,1.0,0.0,0.0,0.0,0.0,1.0,0
1.0473093548167314,-0.7882942978392401,-0.44587498244751755,-1.4568016718681929,0.48303086085732594,0.029645611230824178,0.7182950037490715,0.12272627577177116,0.0,0.0,1.0,0.0,0.0,1.0,1.0,0.0,1.0,0.0,0.0,1.0,0.0,0.0,0
-0.2685239905511443,-1.0725334675862082,-0.7634158309662065,0.6432439845657019,-1.3808948307950188,1.2563605587132376,0.0947165162146835,-0.3167590448075343,1.0,0.0,0.0,0.0,1.0,0.0,1.0,0.0,0.0,1.0,0.0,0.0,0.0,1.0,0
0.2954045860350881,1.4809088599749851,-0.5728913218549931,-0.2807761042652118,-0.1200039217360798,-0.7881643537574514,-1.4389494936671892,0.5622115963510766,0.0,0.0,0.0,1.0,0.0,1.0,1.0,0.0,0.0,1.0,0.0,0.0,0.0,1.0,0
-0.6444763749419659,-0.8099612185822298,-1.7795465462260112,-0.2807761042652118,-0.06518257786395218,0.43855059372496197,-0.49515502604757544,-0.7562443653868398,0.0,0.0,0.0,1.0,0.0,1.0,1.0,0.0,0.0,1.0,0.0,0.0,0.0,1.0,0
0.2954045860350881,-1.3050460755593984,1.1418292601459272,0.47524033205099026,-0.7778600482016131,-0.37925937126331366,0.027302625670425285,1.0016969169303822,0.0,0.0,1.0,0.0,1.0,0.0,1.0,0.0,0.0,1.0,0.0,0.0,1.0,0.0,0
0.10742839383967734,-0.04245551226336025,-0.44587498244751755,-0.7847870618093465,0.15410279762455925,1.6652655412073754,-0.1917925185984135,0.5622115963510766,1.0,0.0,0.0,0.0,1.0,0.0,0.0,1.0,1.0,0.0,0.0,1.0,0.0,0.0,0
-0.08054779835573346,1.8145623114164398,0.7607802419235005,-0.7847870618093465,-1.6001802062835302,2.0741705237015133,-0.9670522598573822,1.4411822375096877,0.0,1.0,0.0,0.0,1.0,0.0,1.0,0.0,0.0,1.0,0.0,0.0,0.0,1.0,1
0.48338077823049896,-0.4860707274755611,1.9674354662945186,0.47524033205099026,0.757137580217965,-1.1970693362515892,-0.25920640914267173,-0.7562443653868398,0.0,0.0,1.0,0.0,1.0,0.0,1.0,0.0,0.0,1.0,0.0,0.0,0.0,1.0,1
0.48338077823049896,-0.38886932414238584,2.0309436359982564,-0.8687888880667023,0.8667802679622212,0.8474555762190998,0.6340276405687484,-0.3167590448075343,0.0,1.0,0.0,0.0,1.0,0.0,1.0,0.0,0.0,1.0,0.0,0.0,0.0,1.0,0
-0.2685239905511443,-0.4246668453699341,1.6498946177758296,-0.5327815830372792,1.1957083311949879,1.6652655412073754,-1.4220960210311246,0.5622115963510766,0.0,0.0,1.0,0.0,0.0,1.0,1.0,0.0,0.0,1.0,0.0,0.0,0.0,1.0,1
-1.9603097203098414,-0.2169898382483922,-1.52551386741106,-0.7847870618093465,1.2505296750671155,1.2563605587132376,-0.8153710061328016,0.12272627577177116,0.0,0.0,0.0,1.0,1.0,0.0,1.0,0.0,0.0,1.0,0.0,0.0,0.0,1.0,1
0.2954045860350881,1.8546418327908238,0.6972720722197627,-0.2807761042652118,1.6891004260441382,-0.37925937126331366,0.1284234614868126,0.12272627577177116,0.0,0.0,0.0,1.0,1.0,0.0,0.0,1.0,0.0,0.0,1.0,0.0,0.0,1.0,1
-1.7723335281144308,-0.15935411627198076,0.5067475631085494,0.6432439845657019,1.0860656434507325,0.029645611230824178,0.549760277388426,-1.6352150065454507,0.0,0.0,1.0,0.0,0.0,1.0,1.0,0.0,0.0,1.0,0.0,0.0,0.0,1.0,0
1.423261739207553,1.4182203778253073,0.44323939340481155,1.9032713784260387,1.2505296750671155,2.0741705237015133,-1.2198543493983505,-0.7562443653868398,0.0,0.0,1.0,0.0,1.0,0.0,1.0,0.0,0.0,1.0,0.0,0.0,0.0,1.0,0
0.48338077823049896,-1.0618284672191183,1.4593701086646163,0.13923302702156712,0.04446010988030403,-0.7881643537574514,-0.3771807175951232,-0.7562443653868398,1.0,0.0,0.0,0.0,1.0,0.0,1.0,0.0,0.0,1.0,0.0,0.0,0.0,1.0,1
-1.396381143723609,-0.16218023636889245,-1.6525302068185357,0.2232348532789229,-0.3392892972245912,0.43855059372496197,0.853122784837588,-0.3167590448075343,1.0,0.0,0.0,0.0,1.0,0.0,0.0,1.0,0.0,1.0,0.0,0.0,1.0,0.0,1
1.7992141235983745,1.1684941292618367,0.887796581330976,-0.02877062549314445,1.305351018939243,0.029645611230824178,0.04415609830649021,-0.7562443653868398,0.0,0.0,0.0,1.0,1.0,0.0,1.0,0.0,0.0,1.0,0.0,0.0,0.0,1.0,0
0.8593331626213205,0.5011015863759909,-0.12833413392882856,0.979251289595125,2.292135208637544,0.029645611230824178,2.1171332325424284,-0.3167590448075343,0.0,0.0,0.0,1.0,1.0,0.0,1.0,0.0,0.0,1.0,0.0,0.0,1.0,0.0,0
-0.6444763749419659,0.9812850828421705,0.44323939340481155,0.979251289595125,2.456599240253928,-0.37925937126331366,1.105924874378556,1.880667558088993,0.0,0.0,1.0,0.0,1.0,0.0,1.0,0.0,0.0,1.0,0.0,1.0,0.0,0.0,0
-0.45650018274655507,-0.7143013353019154,0.6972720722197627,-0.11277245175050024,-1.0519667675622522,0.029645611230824178,1.0048040385621686,1.4411822375096877,0.0,0.0,0.0,1.0,1.0,0.0,1.0,0.0,0.0,1.0,0.0,0.0,0.0,1.0,1
0.48338077823049896,-0.47819184720538305,0.2527148842935982,0.7272458108230576,0.8667802679622212,0.43855059372496197,-0.4277411355033172,-1.1957296859661453,0.0,0.0,1.0,0.0,1.0,0.0,0.0,1.0,0.0,1.0,0.0,0.0,0.0,1.0,0
-1.7723335281144308,1.2620130124687332,0.1256985448861226,0.47524033205099026,1.031244299578604,-1.1970693362515892,-1.0850265683098343,-0.3167590448075343,0.0,0.0,0.0,1.0,1.0,0.0,1.0,0.0,0.0,1.0,0.0,0.0,0.0,1.0,1
0.48338077823049896,-0.515273968476982,-1.3984975280035845,-1.372799845610837,-0.44893198496884645,1.2563605587132376,0.263251242575329,-1.1957296859661453,0.0,0.0,1.0,0.0,0.0,1.0,1.0,0.0,0.0,1.0,0.0,0.0,0.0,1.0,0
1.7992141235983745,-1.1593724305640405,-0.12833413392882856,-1.4568016718681929,1.1957083311949879,-0.7881643537574514,-1.0850265683098343,-0.7562443653868398,0.0,1.0,0.0,0.0,0.0,1.0,1.0,0.0,0.0,1.0,0.0,0.0,0.0,1.0,1
-0.08054779835573346,-0.5244374487912109,0.31622305399733597,0.6432439845657019,-0.9971454236901246,0.43855059372496197,0.33066513311958723,-0.3167590448075343,0.0,0.0,1.0,0.0,0.0,1.0,1.0,0.0,0.0,1.0,0.0,0.0,1.0,0.0,0
0.2954045860350881,0.8110327570039745,0.6972720722197627,-1.1207943668387697,-0.7230387043294855,0.8474555762190998,0.4991998594802327,2.539895538957951,0.0,1.0,0.0,0.0,0.0,1.0,1.0,0.0,0.0,1.0,0.0,0.0,1.0,0.0,1
-0.6444763749419659,-0.13905743557597852,-0.44587498244751755,-0.3647779305225676,0.15410279762455925,-1.6059743187457272,-0.17493904596234933,-1.1957296859661453,1.0,0.0,0.0,0.0,0.0,1.0,1.0,0.0,0.0,1.0,0.0,0.0,0.0,1.0,0
-0.2685239905511443,-0.38604320404547415,-0.6999076612624687,0.2232348532789229,1.1408869873228602,-0.37925937126331366,-0.0569647375098971,0.5622115963510766,0.0,1.0,0.0,0.0,1.0,0.0,1.0,0.0,0.0,0.0,1.0,0.0,0.0,1.0,1
0.8593331626213205,-0.9149558621826465,-0.5093831521512553,0.559242158308346,-0.39411064109671884,-1.6059743187457272,0.7520019490212007,0.12272627577177116,0.0,0.0,0.0,1.0,1.0,0.0,1.0,0.0,0.0,1.0,0.0,0.0,0.0,1.0,0
-0.2685239905511443,1.765833149745447,2.2214681451094695,1.8192695521686828,-0.5037533288409741,-0.37925937126331366,0.2969581878474581,0.5622115963510766,0.0,0.0,0.0,1.0,1.0,0.0,1.0,0.0,0.0,1.0,0.0,0.0,1.0,0.0,1
1.6112379314029637,-1.037592346388027,0.18920671458986038,1.399260420881904,0.3185668292409431,1.2563605587132376,0.8194158395654588,-0.3167590448075343,1.0,0.0,0.0,0.0,1.0,0.0,0.0,1.0,0.0,1.0,0.0,1.0,0.0,0.0,0
-0.2685239905511443,-0.8106463386057235,0.5702557328122871,0.055231200764211334,0.3185668292409431,0.029645611230824178,0.2969581878474581,-1.6352150065454507,1.0,0.0,0.0,0.0,1.0,0.0,1.0,0.0,1.0,0.0,0.0,0.0,1.0,0.0,0
-0.8324525671373767,0.7252214740613827,1.0148129207384518,0.3072366795362787,-0.6133960165852302,1.2563605587132376,-0.14123210069022024,-1.1957296859661453,0.0,0.0,1.0,0.0,1.0,0.0,1.0,0.0,0.0,1.0,0.0,1.0,0.0,0.0,0
1.2352855470121422,0.19836417599469164,-0.2553504733363042,-0.6167834092946349,0.15410279762455925,-0.7881643537574514,0.2969581878474581,1.0016969169303822,1.0,0.0,0.0,0.0,1.0,0.0,1.0,0.0,0.0,1.0,0.0,1.0,0.0,0.0,0
1.6112379314029637,1.4284115381747768,-0.0013177945213529853,0.055231200764211334,-0.39411064109671884,0.43855059372496197,0.07786304357861931,-0.3167590448075343,0.0,0.0,0.0,1.0,1.0,0.0,1.0,0.0,0.0,1.0,0.0,0.0,0.0,1.0,0
0.6713569704259098,-0.8178400988524079,-0.06482596422509078,0.13923302702156712,-0.44893198496884645,0.43855059372496197,-1.0850265683098343,-1.6352150065454507,0.0,0.0,0.0,1.0,1.0,0.0,1.0,0.0,1.0,0.0,0.0,1.0,0.0,0.0,1
-1.7723335281144308,-1.1604001105992812,-0.7634158309662065,-0.6167834092946349,-0.3392892972245912,0.029645611230824178,1.5778221081883625,1.4411822375096877,0.0,0.0,0.0,1.0,1.0,0.0,1.0,0.0,0.0,1.0,0.0,0.0,0.0,1.0,0
-0.6444763749419659,-0.7897501778891642,0.1256985448861226,-0.11277245175050024,0.04446010988030403,-0.37925937126331366,-0.3771807175951232,0.5622115963510766,0.0,1.0,0.0,0.0,0.0,1.0,1.0,0.0,0.0,1.0,0.0,0.0,1.0,0.0,0
-0.08054779835573346,-1.1812962713158404,-0.19184230363256635,1.2312567683671922,-0.01036123399182359,-1.6059743187457272,-1.2535612946704795,1.0016969169303822,1.0,0.0,0.0,0.0,0.0,1.0,1.0,0.0,1.0,0.0,0.0,0.0,1.0,0.0,1
-0.45650018274655507,-1.037592346388027,0.44323939340481155,-0.952790714324058,0.04446010988030403,1.2563605587132376,0.2801047152113932,0.12272627577177116,1.0,0.0,0.0,0.0,0.0,1.0,1.0,0.0,1.0,0.0,0.0,0.0,0.0,1.0,0
0.6713569704259098,-0.9872360246612367,-0.0013177945213529853,0.39123850579363445,-0.39411064109671884,0.43855059372496197,1.6283825260965565,1.4411822375096877,1.0,0.0,0.0,0.0,1.0,0.0,1.0,0.0,1.0,0.0,0.0,1.0,0.0,0.0,0
-0.2685239905511443,-1.3050460755593984,-1.0809566794848955,0.055231200764211334,-0.8875027359458694,0.43855059372496197,-0.6299828071360919,-1.6352150065454507,0.0,0.0,0.0,1.0,1.0,0.0,0.0,1.0,1.0,0.0,0.0,0.0,0.0,1.0,1
0.10742839383967734,-0.02995207183459938,-0.6999076612624687,-1.5408034981255485,0.15410279762455925,-0.37925937126331366,0.33066513311958723,-0.3167590448075343,0.0,0.0,1.0,0.0,1.0,0.0,1.0,0.0,0.0,0.0,1.0,0.0,1.0,0.0,1
1.423261739207553,0.3133786999387044,0.7607802419235005,0.3072366795362787,-0.22964660948033502,0.43855059372496197,-0.14123210069022024,1.0016969169303822,1.0,0.0,0.0,0.0,1.0,0.0,1.0,0.0,1.0,0.0,0.0,0.0,0.0,1.0,0
-1.0204287593327874,-0.6805591741448485,0.2527148842935982,-0.952790714324058,0.20892414149668687,-2.8326892662281407,0.11156998885074842,0.12272627577177116,0.0,0.0,0.0,1.0,1.0,0.0,1.0,0.0,0.0,1.0,0.0,0.0,1.0,0.0,0
-1.2084049515281983,0.5823739491629366,0.9513047510347139,-0.4487797567799234,-0.9423240798179969,0.43855059372496197,-1.1524404588540922,-1.1957296859661453,0.0,0.0,0.0,1.0,1.0,0.0,1.0,0.0,1.0,0.0,0.0,0.0,0.0,1.0,1
1.2352855470121422,1.8788779536219151,-1.1444648491886333,-0.6167834092946349,1.6342790821720108,1.6652655412073754,-0.4277411355033172,0.12272627577177116,0.0,0.0,0.0,1.0,1.0,0.0,1.0,0.0,0.0,1.0,0.0,0.0,0.0,1.0,0
0.10742839383967734,-0.7242355756425748,0.8242884116272383,1.0632531158524807,0.5378522047294545,-0.37925937126331366,0.04415609830649021,0.12272627577177116,0.0,0.0,1.0,0.0,0.0,1.0,1.0,0.0,1.0,0.0,0.0,0.0,0.0,1.0,0
-1.9603097203098414,-0.045538552369082115,1.0148129207384518,0.7272458108230576,-0.9423240798179969,-1.1970693362515892,0.7182950037490715,-0.7562443653868398,0.0,1.0,0.0,0.0,1.0,0.0,1.0,0.0,0.0,1.0,0.0,0.0,1.0,0.0,1
1.0473093548167314,-0.5591216499805819,-0.06482596422509078,1.4832622471392596,0.5378522047294545,0.029645611230824178,-0.006404319601703819,-0.3167590448075343,0.0,0.0,0.0,1.0,0.0,1.0,1.0,0.0,1.0,0.0,0.0,0.0,0.0,1.0,0
-1.7723335281144308,0.8266192375384572,-0.7634158309662065,-0.4487797567799234,-0.22964660948033502,-1.1970693362515892,-1.489509911575383,1.0016969169303822,0.0,0.0,1.0,0.0,0.0,1.0,1.0,0.0,0.0,1.0,0.0,1.0,0.0,0.0,1
1.7992141235983745,0.7083503934828492,-0.06482596422509078,0.2232348532789229,0.15410279762455925,0.43855059372496197,0.010449153034361107,0.12272627577177116,1.0,0.0,0.0,0.0,1.0,0.0,1.0,0.0,0.0,0.0,1.0,0.0,1.0,0.0,1
1.2352855470121422,-0.8718789407054771,1.4593701086646163,0.6432439845657019,1.031244299578604,0.8474555762190998,1.6452359987326208,1.4411822375096877,0.0,0.0,0.0,1.0,0.0,1.0,1.0,0.0,0.0,1.0,0.0,0.0,0.0,1.0,0
-0.2685239905511443,-0.8620303403677545,-0.0013177945213529853,-0.7007852355519907,-1.1067881114343798,0.8474555762190998,0.7688554216572648,0.12272627577177116,1.0,0.0,0.0,0.0,1.0,0.0,1.0,0.0,0.0,0.0,1.0,0.0,0.0,1.0,1
1.0473093548167314,-0.02532751167601659,1.268845599553403,0.7272458108230576,-0.5585746727131017,-2.0148793012398647,1.2576061281031365,-1.6352150065454507,0.0,0.0,0.0,1.0,1.0,0.0,1.0,0.0,0.0,1.0,0.0,0.0,1.0,0.0,1
-1.9603097203098414,0.4011597029488406,-0.5093831521512553,-1.6248053243829044,-0.5037533288409741,0.029645611230824178,0.5329068047523619,1.0016969169303822,0.0,0.0,1.0,0.0,1.0,0.0,1.0,0.0,1.0,0.0,0.0,0.0,0.0,1.0,1
-0.2685239905511443,-0.5991155313520293,0.8242884116272383,0.13923302702156712,-1.2712521430507635,0.8474555762190998,-0.25920640914267173,0.12272627577177116,1.0,0.0,0.0,0.0,0.0,1.0,1.0,0.0,1.0,0.0,0.0,1.0,0.0,0.0,0
1.7992141235983745,2.382591040894958,-1.1444648491886333,-1.2047961930961255,-0.1748252656082074,0.8474555762190998,-0.49515502604757544,-1.6352150065454507,0.0,0.0,1.0,0.0,1.0,0.0,1.0,0.0,0.0,1.0,0.0,0.0,1.0,0.0,0
0.6713569704259098,-0.2521878794553834,0.44323939340481155,0.13923302702156712,2.2373138647654165,0.43855059372496197,-0.07381821014596203,-2.074700327124756,1.0,0.0,0.0,0.0,0.0,1.0,1.0,0.0,0.0,0.0,1.0,0.0,0.0,1.0,0
-1.7723335281144308,1.1834811297757624,-0.2553504733363042,0.8952494633377692,-0.6133960165852302,0.8474555762190998,0.212690824667135,0.12272627577177116,1.0,0.0,0.0,0.0,1.0,0.0,1.0,0.0,0.0,1.0,0.0,0.0,0.0,1.0,0
0.6713569704259098,0.09782281254698434,0.18920671458986038,0.6432439845657019,0.3185668292409431,-0.7881643537574514,-0.8659314240409949,1.880667558088993,0.0,0.0,1.0,0.0,1.0,0.0,1.0,0.0,1.0,0.0,0.0,0.0,0.0,1.0,1
1.0473093548167314,-0.38895496414532255,0.44323939340481155,1.1472549421098366,-0.5585746727131017,-0.7881643537574514,-1.1861474041262212,1.0016969169303822,0.0,0.0,0.0,1.0,0.0,1.0,1.0,0.0,0.0,1.0,0.0,0.0,0.0,1.0,1
1.6112379314029637,-0.6436483328791228,1.7134027874795674,0.055231200764211334,0.5378522047294545,0.43855059372496197,-1.1355869862180277,1.4411822375096877,0.0,0.0,0.0,1.0,0.0,1.0,0.0,1.0,0.0,1.0,0.0,0.0,0.0,1.0,1
-0.2685239905511443,-0.06172451292412187,-0.2553504733363042,-0.7007852355519907,2.182492520893289,0.029645611230824178,0.3475186057556514,-0.3167590448075343,0.0,1.0,0.0,0.0,1.0,0.0,1.0,0.0,0.0,1.0,0.0,1.0,0.0,0.0,0
-0.2685239905511443,0.21737625664664312,0.06219037518238481,1.2312567683671922,0.757137580217965,0.029645611230824178,1.4092873818277178,-1.1957296859661453,0.0,0.0,1.0,0.0,0.0,1.0,0.0,1.0,1.0,0.0,0.0,1.0,0.0,0.0,0
0.10742839383967734,-0.47074116694988855,-0.06482596422509078,-1.372799845610837,0.6474948924737097,2.0741705237015133,0.7182950037490715,1.0016969169303822,0.0,0.0,0.0,1.0,1.0,0.0,1.0,0.0,0.0,0.0,1.0,1.0,0.0,0.0,0
0.10742839383967734,0.017064289777658975,-0.6999076612624687,-0.6167834092946349,0.7023162363458374,0.43855059372496197,-0.12437862805415531,1.0016969169303822,0.0,0.0,0.0,1.0,1.0,0.0,1.0,0.0,0.0,1.0,0.0,0.0,0.0,1.0,0
0.10742839383967734,-0.5973170912903583,0.31622305399733597,-0.6167834092946349,-1.0519667675622522,-1.6059743187457272,-0.5794223892278978,0.12272627577177116,0.0,0.0,0.0,1.0,1.0,0.0,1.0,0.0,0.0,1.0,0.0,0.0,0.0,1.0,1
-0.45650018274655507,-0.5252082088176414,-0.6999076612624687,-0.4487797567799234,-0.7230387043294855,-1.1970693362515892,-1.4726564389393184,-1.1957296859661453,0.0,0.0,1.0,0.0,1.0,0.0,1.0,0.0,0.0,1.0,0.0,0.0,0.0,1.0,1
-0.08054779835573346,-0.5304322489967812,-0.7634158309662065,0.3072366795362787,0.09928145375243164,-1.6059743187457272,0.11156998885074842,-0.7562443653868398,0.0,0.0,1.0,0.0,1.0,0.0,1.0,0.0,1.0,0.0,0.0,0.0,0.0,1.0,1
1.7992141235983745,-0.7062511750258639,0.44323939340481155,-0.19677427800785602,-0.7778600482016131,0.43855059372496197,1.2576061281031365,-0.3167590448075343,0.0,0.0,0.0,1.0,0.0,1.0,1.0,0.0,0.0,1.0,0.0,0.0,0.0,1.0,0
-0.2685239905511443,0.004475209345961384,-0.31885864304004197,-0.7007852355519907,1.5246363944277546,0.029645611230824178,1.0385109838342976,1.4411822375096877,0.0,1.0,0.0,0.0,1.0,0.0,1.0,0.0,0.0,1.0,0.0,1.0,0.0,0.0,0
-0.6444763749419659,1.3372905750501085,-1.1444648491886333,-0.3647779305225676,-1.3808948307950188,0.029645611230824178,0.3475186057556514,-1.6352150065454507,0.0,1.0,0.0,0.0,1.0,0.0,1.0,0.0,0.0,1.0,0.0,1.0,0.0,0.0,0
0.48338077823049896,-0.6106769317484863,-0.44587498244751755,-0.3647779305225676,-0.8875027359458694,-2.0148793012398647,-0.5962758618639628,0.12272627577177116,0.0,0.0,0.0,1.0,0.0,1.0,1.0,0.0,1.0,0.0,0.0,1.0,0.0,0.0,1
-0.45650018274655507,-0.9902334247640219,1.6498946177758296,-0.3647779305225676,-0.01036123399182359,0.8474555762190998,0.6845880584769425,-0.7562443653868398,1.0,0.0,0.0,0.0,1.0,0.0,0.0,1.0,1.0,0.0,0.0,0.0,0.0,1.0,1
-1.9603097203098414,-0.007771311073989336,-0.5728913218549931,-2.128816281927039,1.2505296750671155,0.029645611230824178,0.24639776993926407,-0.7562443653868398,0.0,1.0,0.0,0.0,1.0,0.0,0.0,1.0,0.0,1.0,0.0,1.0,0.0,0.0,1
-1.396381143723609,-0.9814981444644766,-0.5093831521512553,0.13923302702156712,-0.9423240798179969,2.0741705237015133,-0.5120084986836396,1.4411822375096877,0.0,0.0,1.0,0.0,0.0,1.0,1.0,0.0,0.0,1.0,0.0,1.0,0.0,0.0,1
-1.0204287593327874,0.008585929486923863,-0.06482596422509078,0.3072366795362787,1.305351018939243,0.43855059372496197,-0.10752515541809113,0.12272627577177116,0.0,0.0,1.0,0.0,0.0,1.0,1.0,0.0,1.0,0.0,0.0,0.0,0.0,1.0,0
-1.396381143723609,0.22910893704897353,2.2849763148132074,2.6592878147422407,0.48303086085732594,1.2563605587132376,0.1452769341228775,0.5622115963510766,1.0,0.0,0.0,0.0,0.0,1.0,1.0,0.0,0.0,1.0,0.0,0.0,0.0,1.0,0
-1.396381143723609,0.00567416938707544,-1.1444648491886333,-1.372799845610837,0.09928145375243164,0.43855059372496197,-1.489509911575383,-1.1957296859661453,0.0,1.0,0.0,0.0,1.0,0.0,1.0,0.0,0.0,1.0,0.0,1.0,0.0,0.0,1
-0.8324525671373767,-0.8290589392371179,-1.3349893582998467,-0.7847870618093465,-0.5037533288409741,1.6652655412073754,0.6845880584769425,-0.7562443653868398,1.0,0.0,0.0,0.0,0.0,1.0,1.0,0.0,0.0,1.0,0.0,0.0,0.0,1.0,1
-0.08054779835573346,2.382591040894958,-0.31885864304004197,-0.11277245175050024,-1.1616094553065084,0.43855059372496197,0.5834672226605552,1.4411822375096877,0.0,0.0,0.0,1.0,0.0,1.0,1.0,0.0,0.0,1.0,0.0,0.0,0.0,1.0,0
-0.8324525671373767,1.5179909812465842,0.31622305399733597,1.315258594624548,0.6474948924737097,-0.37925937126331366,-0.2929133544148008,-0.7562443653868398,0.0,0.0,1.0,0.0,0.0,1.0,1.0,0.0,0.0,1.0,0.0,0.0,0.0,1.0,1
-0.08054779835573346,-0.6856119343181148,0.633763902516025,0.13923302702156712,-0.8875027359458694,0.029645611230824178,-1.1355869862180277,-0.3167590448075343,0.0,0.0,0.0,1.0,1.0,0.0,1.0,0.0,0.0,1.0,0.0,0.0,0.0,1.0,1
-1.2084049515281983,-0.7608894968994903,-0.7634158309662065,-0.7007852355519907,-0.28446795335246267,2.0741705237015133,0.2801047152113932,0.12272627577177116,0.0,0.0,0.0,1.0,0.0,1.0,1.0,0.0,1.0,0.0,0.0,1.0,0.0,0.0,0
1.0473093548167314,-0.11730487483005206,-0.6999076612624687,-0.7007852355519907,-2.36767902049332,1.6652655412073754,-1.6580446379360283,0.12272627577177116,1.0,0.0,0.0,0.0,1.0,0.0,1.0,0.0,0.0,1.0,0.0,0.0,1.0,0.0,1
2.175166507989196,-0.8397639396042078,-0.0013177945213529853,-0.02877062549314445,-1.2712521430507635,-0.7881643537574514,-0.36032724495905905,0.5622115963510766,0.0,1.0,0.0,0.0,0.0,1.0,1.0,0.0,0.0,1.0,0.0,0.0,0.0,1.0,1
-1.58435733591902,0.30618493969202,0.06219037518238481,-0.3647779305225676,-0.39411064109671884,-0.37925937126331366,-0.950198787221318,0.12272627577177116,0.0,1.0,0.0,0.0,1.0,0.0,1.0,0.0,1.0,0.0,0.0,0.0,0.0,1.0,1
1.2352855470121422,0.1570856945791934,-0.0013177945213529853,0.47524033205099026,1.6891004260441382,0.43855059372496197,1.3418734912834596,0.12272627577177116,1.0,0.0,0.0,0.0,0.0,1.0,1.0,0.0,0.0,1.0,0.0,0.0,1.0,0.0,0
0.48338077823049896,0.3042152196244755,1.1418292601459272,1.0632531158524807,-1.5453588624114027,-1.6059743187457272,-1.4220960210311246,-0.7562443653868398,0.0,1.0,0.0,0.0,0.0,1.0,1.0,0.0,0.0,1.0,0.0,0.0,0.0,1.0,1
-0.2685239905511443,1.0623861656232427,-0.06482596422509078,-0.8687888880667023,0.3185668292409431,0.43855059372496197,0.3980790236638454,-0.3167590448075343,0.0,0.0,0.0,1.0,1.0,0.0,1.0,0.0,0.0,1.0,0.0,1.0,0.0,0.0,0
-0.2685239905511443,-0.6710531338188727,-1.0809566794848955,0.6432439845657019,-0.8326813920737407,-0.37925937126331366,-0.0569647375098971,0.12272627577177116,0.0,0.0,1.0,0.0,1.0,0.0,1.0,0.0,0.0,1.0,0.0,0.0,0.0,1.0,0
0.48338077823049896,-0.6624891335252009,-0.12833413392882856,-0.11277245175050024,-1.2712521430507635,0.8474555762190998,1.8474776703653955,0.12272627577177116,1.0,0.0,0.0,0.0,1.0,0.0,1.0,0.0,1.0,0.0,0.0,0.0,0.0,1.0,0
-0.45650018274655507,2.382591040894958,0.2527148842935982,-0.3647779305225676,0.20892414149668687,-0.7881643537574514,-0.5288619713197046,0.12272627577177116,0.0,0.0,0.0,1.0,1.0,0.0,1.0,0.0,1.0,0.0,0.0,0.0,0.0,1.0,1
-0.6444763749419659,-1.218806592602123,-0.06482596422509078,-0.8687888880667023,0.2637454853688155,-0.37925937126331366,-1.0344661504016404,-0.3167590448075343,0.0,0.0,0.0,1.0,1.0,0.0,0.0,1.0,0.0,1.0,0.0,0.0,1.0,0.0,1
-0.8324525671373767,-0.5211831286796157,0.8242884116272383,0.2232348532789229,-1.1067881114343798,-0.37925937126331366,1.139631819650685,1.0016969169303822,0.0,1.0,0.0,0.0,0.0,1.0,1.0,0.0,1.0,0.0,0.0,0.0,0.0,1.0,1
-1.9603097203098414,1.0482555651386842,-1.3984975280035845,-0.5327815830372792,1.3601723628113718,-1.1970693362515892,0.5834672226605552,-0.7562443653868398,0.0,0.0,0.0,1.0,1.0,0.0,1.0,0.0,0.0,1.0,0.0,0.0,1.0,0.0,1
0.48338077823049896,2.382591040894958,0.37973122370107376,0.055231200764211334,0.6474948924737097,0.43855059372496197,2.639590884260428,1.0016969169303822,0.0,0.0,0.0,1.0,1.0,0.0,1.0,0.0,0.0,1.0,0.0,1.0,0.0,0.0,0
0.48338077823049896,1.1665244091942921,1.268845599553403,0.39123850579363445,-0.8326813920737407,0.029645611230824178,1.5441151629162335,-0.7562443653868398,0.0,1.0,0.0,0.0,1.0,0.0,1.0,0.0,0.0,1.0,0.0,0.0,0.0,1.0,0
1.423261739207553,-0.8423331396923093,-1.6525302068185357,-0.2807761042652118,1.305351018939243,-0.7881643537574514,1.9148915609096535,0.5622115963510766,0.0,0.0,1.0,0.0,0.0,1.0,0.0,1.0,0.0,0.0,1.0,1.0,0.0,0.0,1
1.2352855470121422,-0.28318956051847544,-1.3349893582998467,-1.6248053243829044,0.4282095169851983,-0.7881643537574514,-1.9108467274769962,1.0016969169303822,0.0,0.0,0.0,1.0,1.0,0.0,1.0,0.0,0.0,1.0,0.0,0.0,0.0,1.0,1
0.8593331626213205,1.2451419318901997,2.2849763148132074,0.47524033205099026,0.20892414149668687,-2.0148793012398647,-0.24235293650660755,-0.3167590448075343,0.0,0.0,0.0,1.0,1.0,0.0,1.0,0.0,1.0,0.0,0.0,0.0,0.0,1.0,1
-1.0204287593327874,-0.7328852159391833,1.7134027874795674,1.0632531158524807,-0.39411064109671884,-0.37925937126331366,-0.7985175334967366,-2.074700327124756,0.0,0.0,0.0,1.0,1.0,0.0,1.0,0.0,0.0,1.0,0.0,0.0,0.0,1.0,1
-0.6444763749419659,-0.9319982227670534,-1.3984975280035845,-1.8768108031549717,-0.39411064109671884,0.8474555762190998,-0.36032724495905905,-0.3167590448075343,0.0,0.0,0.0,1.0,1.0,0.0,0.0,1.0,0.0,1.0,0.0,0.0,0.0,1.0,1
-1.9603097203098414,-0.7246637756572584,0.5702557328122871,-1.0367925405814138,-0.28446795335246267,0.8474555762190998,0.1452769341228775,0.5622115963510766,0.0,0.0,0.0,1.0,1.0,0.0,1.0,0.0,0.0,1.0,0.0,0.0,0.0,1.0,0
0.48338077823049896,2.382591040894958,0.8242884116272383,-0.19677427800785602,-0.6133960165852302,-0.37925937126331366,0.43178596893597454,-2.074700327124756,0.0,0.0,0.0,1.0,1.0,0.0,1.0,0.0,0.0,1.0,0.0,0.0,1.0,0.0,0
0.6713569704259098,-0.5956899312345606,-0.19184230363256635,-0.4487797567799234,1.5246363944277546,1.2563605587132376,-0.17493904596234933,0.12272627577177116,0.0,0.0,0.0,1.0,0.0,1.0,1.0,0.0,0.0,1.0,0.0,0.0,0.0,1.0,0
-0.45650018274655507,-1.1685359108782694,-2.414628243263389,-1.1207943668387697,-0.7778600482016131,-0.37925937126331366,2.3699353220833954,0.12272627577177116,0.0,0.0,1.0,0.0,0.0,1.0,1.0,0.0,0.0,1.0,0.0,0.0,0.0,1.0,0
-0.45650018274655507,0.6802604725196056,-0.890432170373682,-2.128816281927039,1.9083858015326498,-2.0148793012398647,-0.7985175334967366,0.12272627577177116,1.0,0.0,0.0,0.0,1.0,0.0,0.0,1.0,0.0,0.0,1.0,0.0,1.0,0.0,1
1.0473093548167314,-0.37028544350511794,-0.31885864304004197,0.979251289595125,-1.2712521430507635,0.43855059372496197,0.836269312201523,0.12272627577177116,1.0,0.0,0.0,0.0,0.0,1.0,1.0,0.0,0.0,1.0,0.0,0.0,0.0,1.0,0
1.6112379314029637,-1.175644031122017,1.0783210904421894,1.8192695521686828,0.8119589240900935,-0.37925937126331366,-0.309766827050865,1.0016969169303822,1.0,0.0,0.0,0.0,0.0,1.0,1.0,0.0,0.0,1.0,0.0,0.0,0.0,1.0,0
-0.08054779835573346,0.8840836795089952,-0.31885864304004197,-0.8687888880667023,0.20892414149668687,1.6652655412073754,0.9373901480179103,0.12272627577177116,0.0,0.0,0.0,1.0,1.0,0.0,1.0,0.0,0.0,1.0,0.0,0.0,1.0,0.0,0
-1.0204287593327874,-1.1476397501617102,-0.7634158309662065,0.7272458108230576,-1.1067881114343798,-1.6059743187457272,-1.6243376926638993,1.4411822375096877,0.0,1.0,0.0,0.0,1.0,0.0,1.0,0.0,1.0,0.0,0.0,0.0,1.0,0.0,1
0.10742839383967734,-0.5268353688734391,-0.7634158309662065,0.055231200764211334,-0.5585746727131017,0.43855059372496197,0.4654929142081036,-0.7562443653868398,0.0,0.0,0.0,1.0,1.0,0.0,1.0,0.0,0.0,1.0,0.0,1.0,0.0,0.0,0
-0.2685239905511443,0.17215833509605585,1.3323537692571406,0.559242158308346,0.9216016118343487,-0.7881643537574514,-1.9445536727491255,0.5622115963510766,0.0,0.0,1.0,0.0,1.0,0.0,0.0,1.0,0.0,1.0,0.0,0.0,1.0,0.0,1
0.2954045860350881,-0.033634591960878264,-0.890432170373682,-0.19677427800785602,-0.6682173604573579,0.029645611230824178,-0.983905732493447,0.12272627577177116,0.0,1.0,0.0,0.0,1.0,0.0,1.0,0.0,0.0,1.0,0.0,0.0,1.0,0.0,0
-1.0204287593327874,1.9374557156306305,1.0148129207384518,0.8112476370804134,-0.01036123399182359,-0.7881643537574514,-1.8434328369327382,1.0016969169303822,0.0,0.0,0.0,1.0,1.0,0.0,1.0,0.0,1.0,0.0,0.0,0.0,0.0,1.0,1
-0.8324525671373767,2.382591040894958,-0.5728913218549931,-1.2047961930961255,0.3733881731130707,0.43855059372496197,2.336228376811267,-0.3167590448075343,0.0,0.0,0.0,1.0,0.0,1.0,1.0,0.0,0.0,1.0,0.0,0.0,0.0,1.0,0
-0.8324525671373767,0.6511428715211214,-0.38236681274377976,-0.5327815830372792,0.757137580217965,0.8474555762190998,1.139631819650685,-1.1957296859661453,1.0,0.0,0.0,0.0,1.0,0.0,1.0,0.0,0.0,1.0,0.0,0.0,0.0,1.0,0
1.423261739207553,-1.0602869471662575,-1.0174485097811576,0.13923302702156712,-0.22964660948033502,-2.423784283734003,-1.1187335135819632,-0.7562443653868398,0.0,0.0,1.0,0.0,1.0,0.0,0.0,1.0,0.0,1.0,0.0,0.0,0.0,1.0,1
1.423261739207553,-0.814757058746686,-0.5093831521512553,0.13923302702156712,-1.8742869256441694,0.029645611230824178,-1.6243376926638993,-0.3167590448075343,0.0,0.0,0.0,1.0,1.0,0.0,1.0,0.0,0.0,1.0,0.0,0.0,0.0,1.0,0
-1.2084049515281983,0.28725849904300527,-0.2553504733363042,1.9032713784260387,-2.4773217082375756,-0.7881643537574514,0.4823463868441678,-0.3167590448075343,0.0,0.0,0.0,1.0,1.0,0.0,1.0,0.0,0.0,1.0,0.0,0.0,0.0,1.0,1
-0.6444763749419659,-0.4540413663772285,-0.890432170373682,-0.3647779305225676,-0.9971454236901246,1.2563605587132376,1.3081665460113305,-1.1957296859661453,0.0,0.0,0.0,1.0,1.0,0.0,1.0,0.0,0.0,1.0,0.0,0.0,1.0,0.0,1
-1.0204287593327874,-0.3719126035609156,1.1418292601459272,0.055231200764211334,-0.22964660948033502,0.029645611230824178,1.089071401742491,-0.3167590448075343,0.0,0.0,1.0,0.0,0.0,1.0,1.0,0.0,0.0,1.0,0.0,0.0,0.0,1.0,0
-0.6444763749419659,1.4997496606210632,0.44323939340481155,0.055231200764211334,0.3733881731130707,-0.37925937126331366,0.3980790236638454,-0.7562443653868398,0.0,0.0,0.0,1.0,1.0,0.0,1.0,0.0,0.0,1.0,0.0,1.0,0.0,0.0,0
0.2954045860350881,-0.017791191417585377,-1.52551386741106,-2.128816281927039,-0.7230387043294855,0.8474555762190998,-0.24235293650660755,0.12272627577177116,0.0,1.0,0.0,0.0,0.0,1.0,1.0,0.0,0.0,0.0,1.0,0.0,0.0,1.0,1
1.2352855470121422,-0.8407916196394484,-0.31885864304004197,0.8952494633377692,-0.5585746727131017,0.029645611230824178,0.06100957094255439,0.5622115963510766,0.0,0.0,0.0,1.0,1.0,0.0,1.0,0.0,0.0,0.0,1.0,0.0,0.0,1.0,1
-1.9603097203098414,0.30918233979480514,1.522878278368354,1.735267725911327,-1.6001802062835302,0.43855059372496197,-0.20864599123447844,0.12272627577177116,0.0,0.0,0.0,1.0,1.0,0.0,1.0,0.0,0.0,1.0,0.0,0.0,0.0,1.0,1
-1.7723335281144308,-1.1810393513070303,0.18920671458986038,-0.7007852355519907,0.5378522047294545,-2.0148793012398647,0.2969581878474581,-0.3167590448075343,1.0,0.0,0.0,0.0,1.0,0.0,1.0,0.0,0.0,0.0,1.0,0.0,0.0,1.0,1
-0.2685239905511443,-0.9071626219154051,-0.8269240006699443,-1.2887980193534812,-0.28446795335246267,-0.37925937126331366,1.0048040385621686,0.5622115963510766,0.0,1.0,0.0,0.0,1.0,0.0,1.0,0.0,0.0,1.0,0.0,0.0,1.0,0.0,1
1.6112379314029637,-0.14256867569638396,-0.31885864304004197,-2.128816281927039,-0.5585746727131017,-1.1970693362515892,0.4823463868441678,1.0016969169303822,0.0,0.0,1.0,0.0,1.0,0.0,1.0,0.0,0.0,1.0,0.0,0.0,1.0,0.0,1
-0.6444763749419659,-1.1241743893570493,-1.3984975280035845,0.8952494633377692,0.15410279762455925,0.8474555762190998,-0.309766827050865,-1.1957296859661453,0.0,0.0,0.0,1.0,1.0,0.0,1.0,0.0,1.0,0.0,0.0,0.0,0.0,1.0,1
-1.9603097203098414,-0.028667471790548606,0.6972720722197627,-0.7007852355519907,2.292135208637544,1.2563605587132376,0.7351484763851357,-1.6352150065454507,0.0,0.0,1.0,0.0,0.0,1.0,1.0,0.0,0.0,1.0,0.0,1.0,0.0,0.0,1
-0.8324525671373767,-0.9678813839975384,-1.0174485097811576,-0.02877062549314445,0.20892414149668687,0.43855059372496197,-1.3209751852147373,-0.7562443653868398,0.0,0.0,0.0,1.0,1.0,0.0,1.0,0.0,1.0,0.0,0.0,0.0,1.0,0.0,1
0.6713569704259098,-0.91538406219733,0.5702557328122871,0.39123850579363445,-0.3392892972245912,-0.37925937126331366,1.0385109838342976,-1.1957296859661453,0.0,0.0,0.0,1.0,0.0,1.0,1.0,0.0,0.0,1.0,0.0,0.0,0.0,1.0,0
-1.9603097203098414,0.3930239026698524,-0.38236681274377976,-0.11277245175050024,-1.764644237899914,-0.37925937126331366,-0.6299828071360919,-0.3167590448075343,0.0,0.0,0.0,1.0,1.0,0.0,1.0,0.0,0.0,1.0,0.0,0.0,0.0,1.0,1
-0.45650018274655507,1.6204164247588992,0.7607802419235005,0.8952494633377692,0.2637454853688155,-2.0148793012398647,2.0834262872702993,-0.3167590448075343,0.0,1.0,0.0,0.0,1.0,0.0,1.0,0.0,1.0,0.0,0.0,1.0,0.0,0.0,0
-0.2685239905511443,-0.0880159938256944,0.06219037518238481,-0.952790714324058,-0.5585746727131017,1.6652655412073754,0.6845880584769425,-0.3167590448075343,0.0,1.0,0.0,0.0,1.0,0.0,1.0,0.0,0.0,1.0,0.0,0.0,0.0,1.0,0
-1.0204287593327874,-0.9729341441708047,-1.5890220371147978,0.055231200764211334,-1.1067881114343798,0.029645611230824178,0.7857088942933298,-1.1957296859661453,0.0,0.0,1.0,0.0,0.0,1.0,1.0,0.0,1.0,0.0,0.0,1.0,0.0,0.0,1
0.48338077823049896,-0.37114184353448515,0.37973122370107376,-1.0367925405814138,-1.490537518539275,0.43855059372496197,-0.7479571155885434,-0.7562443653868398,1.0,0.0,0.0,0.0,0.0,1.0,1.0,0.0,1.0,0.0,0.0,0.0,0.0,1.0,1
-0.45650018274655507,-0.5088509682567282,0.37973122370107376,0.979251289595125,1.6342790821720108,-0.37925937126331366,-0.15808557332628442,-0.3167590448075343,1.0,0.0,0.0,0.0,1.0,0.0,1.0,0.0,0.0,1.0,0.0,0.0,0.0,1.0,0
-1.9603097203098414,-0.6252357322477284,0.5702557328122871,0.39123850579363445,1.3601723628113718,0.029645611230824178,1.8306241977293312,0.12272627577177116,1.0,0.0,0.0,0.0,0.0,1.0,1.0,0.0,0.0,1.0,0.0,0.0,0.0,1.0,0
-0.6444763749419659,-0.3250675219545307,-1.843054715929749,-1.2887980193534812,-0.22964660948033502,2.0741705237015133,0.1452769341228775,-0.3167590448075343,1.0,0.0,0.0,0.0,0.0,1.0,1.0,0.0,0.0,1.0,0.0,0.0,0.0,1.0,0
-0.45650018274655507,-0.8092760985587361,-1.3349893582998467,0.2232348532789229,0.15410279762455925,0.8474555762190998,0.4486394415720387,-1.1957296859661453,0.0,0.0,1.0,0.0,1.0,0.0,1.0,0.0,0.0,1.0,0.0,0.0,1.0,0.0,0
-0.2685239905511443,0.016464809757101947,-1.0809566794848955,0.3072366795362787,0.8667802679622212,0.43855059372496197,0.4991998594802327,2.539895538957951,0.0,0.0,0.0,1.0,1.0,0.0,1.0,0.0,1.0,0.0,0.0,0.0,0.0,1.0,0
-0.45650018274655507,0.3496900611838729,-0.12833413392882856,-0.02877062549314445,0.9216016118343487,0.029645611230824178,0.3475186057556514,-1.6352150065454507,0.0,0.0,0.0,1.0,1.0,0.0,1.0,0.0,0.0,1.0,0.0,1.0,0.0,0.0,0
1.0473093548167314,-0.973790544200172,-2.0970873947447,-1.6248053243829044,-0.5585746727131017,1.2563605587132376,0.2801047152113932,1.4411822375096877,0.0,0.0,0.0,1.0,1.0,0.0,1.0,0.0,0.0,1.0,0.0,0.0,0.0,1.0,0
-0.8324525671373767,-0.45686748647414016,-0.7634158309662065,1.735267725911327,1.7987431137883936,0.43855059372496197,1.3755804365555886,-0.7562443653868398,0.0,0.0,0.0,1.0,1.0,0.0,1.0,0.0,0.0,1.0,0.0,0.0,0.0,1.0,0
-0.08054779835573346,0.9126018004869224,-1.843054715929749,-0.7007852355519907,-0.22964660948033502,-0.37925937126331366,1.12277834701462,0.12272627577177116,0.0,0.0,0.0,1.0,0.0,1.0,1.0,0.0,0.0,1.0,0.0,0.0,0.0,1.0,0
0.10742839383967734,1.6415695054842687,-1.3984975280035845,-0.3647779305225676,0.15410279762455925,0.43855059372496197,-1.2872682399426085,0.5622115963510766,1.0,0.0,0.0,0.0,0.0,1.0,1.0,0.0,0.0,0.0,1.0,0.0,0.0,1.0,1
-0.45650018274655507,0.5098368666755362,-0.31885864304004197,0.6432439845657019,-0.44893198496884645,0.43855059372496197,-1.0007592051295113,-1.6352150065454507,0.0,0.0,1.0,0.0,1.0,0.0,1.0,0.0,0.0,1.0,0.0,0.0,0.0,1.0,1
-1.0204287593327874,-0.9086185019653293,-0.12833413392882856,-1.372799845610837,-0.39411064109671884,1.6652655412073754,1.3755804365555886,0.12272627577177116,1.0,0.0,0.0,0.0,1.0,0.0,1.0,0.0,0.0,1.0,0.0,0.0,0.0,1.0,0
1.9871903157937854,-0.11576335477719113,0.7607802419235005,2.5752859884848847,-0.22964660948033502,0.43855059372496197,-1.5063633842114474,1.0016969169303822,0.0,0.0,0.0,1.0,1.0,0.0,1.0,0.0,1.0,0.0,0.0,0.0,1.0,0.0,1
0.8593331626213205,0.34138298089901126,1.522878278368354,1.1472549421098366,-0.9423240798179969,-0.37925937126331366,-0.07381821014596203,-0.7562443653868398,0.0,0.0,0.0,1.0,1.0,0.0,1.0,0.0,0.0,0.0,1.0,0.0,0.0,1.0,1
-0.08054779835573346,-0.13083599529405354,0.37973122370107376,1.735267725911327,0.3733881731130707,0.029645611230824178,0.3812255510277805,-0.3167590448075343,0.0,0.0,1.0,0.0,0.0,1.0,1.0,0.0,0.0,1.0,0.0,0.0,0.0,1.0,0
1.9871903157937854,-0.4340016056900364,-0.38236681274377976,-0.02877062549314445,-0.7230387043294855,-2.0148793012398647,1.2238991828310073,1.0016969169303822,1.0,0.0,0.0,0.0,0.0,1.0,1.0,0.0,0.0,1.0,0.0,1.0,0.0,0.0,0
-0.08054779835573346,-0.1871014772234775,-0.5728913218549931,-0.5327815830372792,-1.6550015501556579,-0.37925937126331366,0.6003206952966192,0.12272627577177116,0.0,0.0,1.0,0.0,1.0,0.0,1.0,0.0,0.0,1.0,0.0,1.0,0.0,0.0,0
1.9871903157937854,2.2308583656918275,1.7134027874795674,-0.3647779305225676,0.9216016118343487,0.8474555762190998,2.3025214315391374,0.5622115963510766,0.0,1.0,0.0,0.0,0.0,1.0,1.0,0.0,0.0,1.0,0.0,0.0,0.0,1.0,0
0.2954045860350881,0.9666406423399917,-0.19184230363256635,-0.11277245175050024,-0.22964660948033502,0.8474555762190998,-0.12437862805415531,0.5622115963510766,1.0,0.0,0.0,0.0,0.0,1.0,1.0,0.0,0.0,1.0,0.0,0.0,0.0,1.0,0
-1.2084049515281983,-0.8267466591578266,0.887796581330976,-0.952790714324058,-0.1748252656082074,0.8474555762190998,-0.10752515541809113,0.12272627577177116,0.0,0.0,0.0,1.0,0.0,1.0,1.0,0.0,1.0,0.0,0.0,0.0,0.0,1.0,0
0.10742839383967734,-0.19386703745547823,0.06219037518238481,0.6432439845657019,0.04446010988030403,0.8474555762190998,0.4991998594802327,1.4411822375096877,0.0,1.0,0.0,0.0,0.0,1.0,1.0,0.0,0.0,1.0,0.0,0.0,0.0,1.0,0
-0.6444763749419659,2.35135384982379,-0.31885864304004197,-1.9608126294123274,-0.39411064109671884,0.43855059372496197,0.9710970932900395,1.880667558088993,0.0,0.0,0.0,1.0,1.0,0.0,1.0,0.0,0.0,1.0,0.0,0.0,1.0,0.0,0
-0.45650018274655507,-0.7053091349935601,0.6972720722197627,-1.1207943668387697,-0.44893198496884645,-0.37925937126331366,-0.20864599123447844,1.0016969169303822,1.0,0.0,0.0,0.0,0.0,1.0,1.0,0.0,0.0,1.0,0.0,1.0,0.0,0.0,0
0.2954045860350881,-0.746673256411995,1.0783210904421894,-0.7007852355519907,0.2637454853688155,-0.37925937126331366,1.1564852922867492,1.0016969169303822,0.0,0.0,0.0,1.0,1.0,0.0,1.0,0.0,0.0,0.0,1.0,0.0,0.0,1.0,0
1.423261739207553,-0.4900958076135869,0.37973122370107376,-1.1207943668387697,0.48303086085732594,0.029645611230824178,-0.5288619713197046,-0.7562443653868398,0.0,0.0,0.0,1.0,0.0,1.0,1.0,0.0,0.0,1.0,0.0,0.0,0.0,1.0,0
-0.6444763749419659,-0.21082375803694847,-0.12833413392882856,1.6512658996539713,0.9764229557064764,1.6652655412073754,2.133986705178492,-0.3167590448075343,1.0,0.0,0.0,0.0,0.0,1.0,1.0,0.0,0.0,1.0,0.0,1.0,0.0,0.0,0
-0.2685239905511443,-0.6253213722506651,0.7607802419235005,0.3072366795362787,-0.1200039217360798,-0.37925937126331366,0.010449153034361107,0.5622115963510766,0.0,1.0,0.0,0.0,1.0,0.0,1.0,0.0,1.0,0.0,0.0,0.0,1.0,0.0,0
-0.8324525671373767,-0.8191246988964587,0.2527148842935982,1.735267725911327,1.469815050555627,-0.7881643537574514,-0.9164918419491889,-0.3167590448075343,0.0,0.0,0.0,1.0,1.0,0.0,1.0,0.0,0.0,1.0,0.0,0.0,0.0,1.0,0
-0.45650018274655507,0.668613432120212,0.1256985448861226,-0.3647779305225676,-0.22964660948033502,0.43855059372496197,0.22954429730319992,-0.7562443653868398,0.0,0.0,0.0,1.0,1.0,0.0,0.0,1.0,1.0,0.0,0.0,0.0,0.0,1.0,1
0.2954045860350881,-0.751212176567641,-1.0809566794848955,1.2312567683671922,-0.1200039217360798,0.029645611230824178,0.4486394415720387,-1.6352150065454507,0.0,0.0,0.0,1.0,1.0,0.0,1.0,0.0,1.0,0.0,0.0,0.0,0.0,1.0,0
-0.08054779835573346,-0.10968291456868413,0.1256985448861226,-0.19677427800785602,1.1957083311949879,-0.7881643537574514,-0.47830155341151054,1.4411822375096877,0.0,0.0,1.0,0.0,1.0,0.0,1.0,0.0,1.0,0.0,0.0,0.0,1.0,0.0,1
-1.2084049515281983,0.5026431064288518,-0.38236681274377976,0.6432439845657019,0.6474948924737097,-0.7881643537574514,1.1901922375588783,0.5622115963510766,0.0,0.0,0.0,1.0,1.0,0.0,1.0,0.0,0.0,1.0,0.0,1.0,0.0,0.0,0
-1.2084049515281983,-1.0131849455510624,-1.0174485097811576,-1.2047961930961255,-0.06518257786395218,0.43855059372496197,-0.20864599123447844,-0.3167590448075343,0.0,0.0,0.0,1.0,0.0,1.0,1.0,0.0,1.0,0.0,0.0,0.0,0.0,1.0,0
-0.45650018274655507,0.7497145149012842,-0.31885864304004197,-0.952790714324058,-0.44893198496884645,-2.0148793012398647,-2.045674508565513,-0.7562443653868398,1.0,0.0,0.0,0.0,1.0,0.0,1.0,0.0,0.0,1.0,0.0,0.0,1.0,0.0,1
0.48338077823049896,-0.557837049936531,-0.6363994915587309,-0.2807761042652118,1.305351018939243,0.8474555762190998,-0.4108876628672523,-1.6352150065454507,1.0,0.0,0.0,0.0,0.0,1.0,1.0,0.0,0.0,0.0,1.0,0.0,0.0,1.0,1
-0.08054779835573346,-0.7889794178627338,1.0783210904421894,1.6512658996539713,2.1276711770211603,-0.37925937126331366,0.3643720783917163,-0.7562443653868398,0.0,0.0,0.0,1.0,1.0,0.0,1.0,0.0,0.0,0.0,1.0,0.0,0.0,1.0,0
1.2352855470121422,-0.37251208358147264,-0.06482596422509078,0.13923302702156712,0.7023162363458374,-0.37925937126331366,-0.309766827050865,-1.1957296859661453,0.0,0.0,1.0,0.0,0.0,1.0,1.0,0.0,0.0,1.0,0.0,0.0,0.0,1.0,1
-0.8324525671373767,0.5997588697590904,-0.12833413392882856,-1.6248053243829044,-0.1200039217360798,0.43855059372496197,-1.4389494936671892,-0.7562443653868398,0.0,1.0,0.0,0.0,1.0,0.0,1.0,0.0,0.0,1.0,0.0,1.0,0.0,0.0,1
-0.2685239905511443,-0.1638073964246901,-1.2714811885961088,-0.19677427800785602,-1.2712521430507635,-0.7881643537574514,1.7295033619129438,-0.7562443653868398,0.0,0.0,0.0,1.0,0.0,1.0,1.0,0.0,0.0,1.0,0.0,0.0,0.0,1.0,1
-0.2685239905511443,-1.3050460755593984,0.887796581330976,0.979251289595125,-0.44893198496884645,0.43855059372496197,0.7014415311130066,-0.7562443653868398,1.0,0.0,0.0,0.0,1.0,0.0,1.0,0.0,0.0,1.0,0.0,0.0,1.0,0.0,1
-0.6444763749419659,-0.37242644357853594,-0.44587498244751755,-1.2887980193534812,-1.8194655817720418,0.43855059372496197,0.4991998594802327,1.4411822375096877,0.0,0.0,0.0,1.0,1.0,0.0,1.0,0.0,0.0,1.0,0.0,0.0,0.0,1.0,0
-1.58435733591902,0.10612989283184603,0.2527148842935982,0.3072366795362787,0.04446010988030403,0.029645611230824178,2.6058839389883,-0.7562443653868398,1.0,0.0,0.0,0.0,0.0,1.0,1.0,0.0,1.0,0.0,0.0,0.0,0.0,1.0,0
-0.08054779835573346,-0.18036259342135064,0.040094681758359674,-0.11589738485759699,1.4965654310818512,-0.7881643537574514,-0.6016230322899081,1.525809462648111,0.0,0.0,1.0,0.0,1.0,0.0,1.0,0.0,0.8074401551640625,0.19255984483593747,0.0,0.0,1.0,0.0,1
0.048831308510607185,-0.40315049444012063,-0.4326768797312104,0.36505294408227124,0.7585483909764217,-1.1970693362515892,-1.6545421930692514,1.8350012097248907,0.0,0.0,1.0,0.0,1.0,0.0,1.0,0.0,0.0,1.0,0.0,1.0,0.0,0.0,1
-1.0974957320730112,0.48473237433370686,2.4020193336525137,-0.017510586022882912,-1.6054377212216846,-0.11919296053042366,0.8133474181096112,0.42245373720773394,0.0,0.0,0.0,1.0,1.0,0.0,1.0,0.0,0.0,1.0,0.0,0.0,0.0,1.0,1
0.06605411040669851,2.37760765296982,-0.5665075285674644,0.8020030744369518,0.7998925352934511,-1.1970693362515892,0.01867147517317244,0.41711298035683,1.0,0.0,0.0,0.0,0.11005192452767676,0.8899480754723232,1.0,0.0,0.0,1.0,0.0,0.0,0.0,1.0,1
0.1931211616838298,1.412963124302346,2.2583646491619804,0.9366382729701429,0.44756350165353165,0.6610479289210776,-0.6657981595326203,0.5622115963510766,0.7720648374580583,0.0,0.0,0.22793516254194168,0.0,1.0,1.0,0.0,0.0,1.0,0.0,1.0,0.0,0.0,1
0.8064510675278332,-0.2020591180234203,0.5437815705485848,0.9678657708431054,-0.8007130001911826,2.0741705237015133,0.9005355413248217,-0.5685367619805113,0.0,0.0,1.0,0.0,1.0,0.0,1.0,0.0,0.0,0.4271077886262563,0.5728922113737437,1.0,0.0,0.0,1
-1.9603097203098414,-0.09041091828520335,-1.2135767419336845,-0.07478626117979426,-0.3392892972245912,-0.37925937126331366,0.7934849955112931,0.841737239051876,0.0,1.0,0.0,0.0,1.0,0.0,1.0,0.0,1.0,0.0,0.0,0.0,0.0,1.0,1
1.1829268777146456,-0.9815935646132272,0.08712966300961433,0.8952494633377692,0.6336018070702654,-0.8451123121729851,-0.4770317748900448,-0.5726237725934035,1.0,0.0,0.0,0.0,1.0,0.0,1.0,0.0,0.0,1.0,0.0,0.0,0.0,1.0,1
0.48599444828029637,-0.904330912364318,0.13099674991305132,-0.3618579722175699,0.2671756116152644,-1.1970693362515892,-0.3466372959480779,0.5591562370358671,0.9930478694688093,0.006952130531190703,0.0,0.0,1.0,0.0,1.0,0.0,0.0,1.0,0.0,0.0,0.0,1.0,1
1.3232129320651393,0.09929025210931698,-0.45679564670277295,-0.8222740097187449,-0.06282585158274155,0.6561869616890471,-0.49298147360874534,-0.5317784233785228,0.0,0.0,0.0,1.0,1.0,0.0,1.0,0.0,0.0,1.0,0.0,0.0,1.0,0.0,1
-0.3306230511324695,-0.6656690161452734,1.120848956035172,1.0493778627239496,-0.9141789084095688,0.029645611230824178,0.6488117904615425,-0.7562443653868398,0.0,1.0,0.0,0.0,1.0,0.0,1.0,0.0,0.0,1.0,0.0,0.0,0.0,1.0,1
-0.4357214725962265,1.1012165235889606,-1.574916376594897,-2.0355289733992192,-0.7960397464027497,-2.0148793012398647,-0.3286568077600599,0.6598247186389732,0.0,0.0,1.0,0.0,0.7778921895292698,0.22210781047073025,1.0,0.0,0.0,0.0,1.0,0.7778921895292698,0.0,0.22210781047073025,1
-0.7423252258274172,-0.808538874967646,-0.16639628437997056,0.27041158866117665,-0.8129678505108645,-1.1480557903203563,0.1972786599882213,-1.0376924777991459,0.0,0.0,0.0,1.0,1.0,0.0,1.0,0.0,0.0,1.0,0.0,0.0,1.0,0.0,1
-0.3319876048989992,-0.8301042558931684,2.1975794382201017,1.7898302145456588,-1.4485910252609595,0.8474555762190998,-0.9160588589046903,-1.0417073591984085,0.0,0.0,0.0,1.0,1.0,0.0,1.0,0.0,0.0,0.33761517140362796,0.662384828596372,0.0,0.0,1.0,1
-0.2577923740813111,-0.7259275663835507,1.9565583656574375,0.12964164875572398,0.2558706428002876,-0.8115088602796879,-0.4056422356875258,0.48694055511715484,0.0,0.0,0.0,1.0,0.0,1.0,1.0,0.0,0.0,1.0,0.0,0.0,0.0,1.0,1
-0.3957457262789013,1.8001189792722014,0.1853465351155033,0.339492149343613,-0.3038524590710115,-0.7881643537574514,-0.5300734447602384,0.5622115963510766,0.0,0.0,1.0,0.0,1.0,0.0,1.0,0.0,0.0,1.0,0.0,0.0,1.0,0.0,1
-0.08761217740433797,1.4111848795126987,1.682842060622215,0.9950357550246642,0.801657652728452,1.0442244886111436,-0.6880198996742182,-0.7232115557037689,0.0,1.0,0.0,0.0,1.0,0.0,0.0,1.0,1.0,0.0,0.0,0.0,0.0,1.0,1
0.5950315087527254,-0.8505068000400057,0.35202721317345587,-0.24004318143948805,0.410273583370005,-1.1970693362515892,-0.4786131422646262,0.43169278829514796,0.7030189588951778,0.29698104110482215,0.0,0.0,1.0,0.0,1.0,0.0,0.0,1.0,0.0,0.0,0.0,1.0,1
0.5004657101094611,1.2368079459993833,0.6510804478796737,-0.18150462643598664,-0.32932808139731123,-0.23056941506805817,-0.824566772106023,-0.8761099412185664,0.0,0.0,0.0,1.0,0.0,1.0,1.0,0.0,0.0,0.0,1.0,0.0,0.0,1.0,1
0.8222030861287282,1.471191857185345,-1.4655898342658087,-0.08432817273508064,-0.022736787163899375,-0.7881643537574514,-1.471913825397149,-0.3043576843860754,0.0,0.0,0.0,1.0,1.0,0.0,1.0,0.0,0.0,1.0,0.0,0.0,0.0,1.0,1
-0.09466582736257201,-0.7931994672258116,0.31860795756298677,-0.2650036252363793,-0.6743934297292793,0.8321000880147963,-1.0633445992926687,0.6117231842140356,0.0,0.0,0.0,1.0,0.0,1.0,1.0,0.0,0.0,1.0,0.0,0.03755270505788877,0.9624472949421112,0.0,1
-0.7837833731754353,0.3663124852731091,-0.6528424857133628,-0.13272489558500902,1.1121084054542578,-0.8911193890242558,-0.8823042906943055,0.23338089876877485,1.0,0.0,0.0,0.0,1.0,0.0,1.0,0.0,0.0,1.0,0.0,0.0,0.7482177041746358,0.25178229582536416,1
-1.5853917666894148,1.1022364805983382,0.662547367337565,0.47524033205099026,0.7041263236014654,-1.4003967278487512,-1.5040447726788988,-0.5352924638272301,0.0,0.49724850589238545,0.0,0.5027514941076145,1.0,0.0,1.0,0.0,0.0,1.0,0.0,0.0,0.0,1.0,1
-1.396381143723609,-0.1532023697457191,2.1680718892746995,0.22249705699263878,-1.4803436517567117,-0.37925937126331366,1.6157117435939994,1.4839727567534453,0.0,0.0,0.0,1.0,1.0,0.0,1.0,0.0,0.0,1.0,0.0,0.6991216901832303,0.0,0.30087830981676966,1
-0.9121925325226392,-0.46332545119268365,0.34316337657070206,-0.3769983916206573,-0.6914727100401005,0.5550232910920019,0.002784443638792239,-0.6310611494013906,0.7151595056225324,0.2848404943774676,0.0,0.0,1.0,0.0,1.0,0.0,0.0,1.0,0.0,0.0,0.0,1.0,1
-1.3617118041965208,-1.0755796153938773,2.6026458442657647,1.3245543074530672,-1.352584142440596,0.059812124355359014,-1.9528403159223242,-0.7238218216202422,0.0,0.0,0.0,1.0,1.0,0.0,1.0,0.0,0.0,1.0,0.0,0.0,0.0,1.0,1
-0.2685239905511443,-0.4622001947241556,-1.1553442430928853,-0.6167834092946349,-0.7951162726802765,0.27889950454592466,-0.08315301759063248,-1.367320429812585,0.39043566602010316,0.0,0.6095643339798968,0.0,1.0,0.0,1.0,0.0,0.0,0.6095643339798968,0.39043566602010316,0.0,0.0,1.0,1
-0.35999412372202755,2.1253546462739576,1.233858857326217,-0.6572090225166412,-0.03645009704485039,0.8430737124331037,1.4931032365612502,-0.3191138275726856,0.4973209767711385,0.0,0.5026790232288615,0.0,0.0,1.0,1.0,0.0,0.0,1.0,0.0,1.0,0.0,0.0,1
0.11710517347862508,-0.3505674698208813,-0.3286666068516044,0.1565302634953561,0.5757407426552819,0.3754008400888711,-1.96140714538519,0.5169632853588289,0.0,0.0,0.05147875124998935,0.9485212487500106,1.0,0.0,1.0,0.0,0.0,1.0,0.0,0.0,0.0,1.0,1
-1.8555519176780155,0.056523440258474805,-1.6452530687699325,-1.75977674377482,-0.11100989876795553,-0.1982342439306258,-0.9239097528208802,-1.5127539758821336,0.0,0.27864646423661144,0.0,0.7213535357633886,1.0,0.0,1.0,0.0,0.0,1.0,0.0,0.27864646423661144,0.0,0.7213535357633886,1
0.2781607565846801,-0.5214384573693319,0.171729117544905,-2.1211104488181376,0.6731373471652151,-0.8631854263432929,0.3444099861250509,1.042012713444386,0.0917341140333463,0.0,0.0,0.9082658859666537,0.0917341140333463,0.9082658859666537,1.0,0.0,0.0,0.0,1.0,0.0,0.0,1.0,1
-1.4492615399108875,-0.985771227071666,1.022072195318581,0.4314857784290158,-0.9337688244800515,0.7494975255096589,-0.007107993161769164,-0.9851618173294274,0.7604381093330276,0.0,0.0,0.23956189066697242,1.0,0.0,1.0,0.0,1.0,0.0,0.0,0.0,0.0,1.0,1
1.529527572429916,-0.05336565604723366,0.5150436840564625,-0.8432478094851596,-0.03497320620190513,-0.9066608240293552,0.07397866363349946,-0.38043821411884293,0.8551051279087769,0.0,0.0,0.1448948720912231,1.0,0.0,1.0,0.0,0.0,0.0,1.0,0.0,0.0,1.0,1
-1.0164634994103956,-1.0098969544166514,0.6715465103796806,0.8594504619997032,1.1385741318999578,-1.1970693362515892,-1.3080323801317313,-0.7562443653868398,0.0,0.0,0.489452760277563,0.510547239722437,1.0,0.0,1.0,0.0,0.0,0.0,1.0,0.0,0.489452760277563,0.510547239722437,1
1.423261739207553,-0.28326591386194505,2.0798707913737458,1.1472549421098366,0.7078228660731188,0.4326829929142583,-0.8102923728740757,-1.2083425155168854,0.014349545889399296,0.0,0.0,0.9856504541106007,1.0,0.0,1.0,0.0,0.0,1.0,0.0,0.0,0.0,1.0,1
0.3983532009885609,0.8432788122593649,-0.5514641726129834,-1.3091311042156673,0.9833916067854963,-1.296046942811613,-1.4366019448812928,1.667908080892708,0.0,0.0,0.0,1.0,0.7579447284884996,0.2420552715115004,1.0,0.0,1.0,0.0,0.0,0.0,0.0,1.0,1
-0.5828456635870901,2.382591040894958,1.9070531640454593,1.5121816478310666,0.027385574155994463,-0.654098945509002,-0.6631367346168915,1.0016969169303822,0.0,0.6721355474058786,0.0,0.32786445259412145,1.0,0.0,1.0,0.0,0.32786445259412145,0.0,0.6721355474058786,0.0,0.0,1.0,1
-0.50131001975114,0.18574242387755835,0.8756092414159834,0.49136044407522794,1.9439329203326108,-0.8856392807784079,-1.5743587584109435,0.5622115963510766,0.0,0.0,0.0,1.0,1.0,0.0,1.0,0.0,0.0,1.0,0.0,0.0,0.0,1.0,1
-0.303898801567537,-0.10583210072564683,1.1028344193630664,-0.44047200572660616,1.8041649254035677,-1.508803142979565,-0.3723422984939914,0.6666498085542553,0.23763754399239967,0.0,0.7623624560076003,0.0,1.0,0.0,1.0,0.0,1.0,0.0,0.0,0.7623624560076003,0.0,0.23763754399239967,1
-1.5332684800301124,0.4365296253086001,1.7324413429345393,-0.24243492413484868,-0.7761529387343304,-0.37925937126331366,0.6873501635970143,-0.07786919449047203,0.0,0.0,0.0,1.0,1.0,0.0,1.0,0.0,0.0,1.0,0.0,0.7282163486118596,0.0,0.2717836513881404,1
-0.030840551844851904,-0.7197743154761402,-0.5298434948971399,0.979251289595125,-0.2989645660462498,1.1059722032670323,-1.1191420578818454,-1.034094397979363,0.0,0.0,0.6322168672807468,0.3677831327192532,0.3677831327192532,0.6322168672807468,1.0,0.0,0.0,1.0,0.0,0.0,0.0,1.0,1
-0.5256179326040283,-1.1577993175472505,-0.07137254565056657,-1.1023159980981623,-0.9101072224670272,1.1481595320277576,0.23794403840596487,-0.6399514246409786,0.0,0.0,0.3676941694064205,0.6323058305935795,1.0,0.0,1.0,0.0,0.0,0.0,1.0,0.0,0.6323058305935795,0.3676941694064205,1
-1.9603097203098414,0.11049300860155048,0.15961945501209832,-0.4070262845895087,0.121080803207462,0.32934866564270016,-0.13265643050010884,-1.0346713734171062,0.3664702892391053,0.0,0.0,0.6335297107608947,1.0,0.0,0.6335297107608947,0.3664702892391053,1.0,0.0,0.0,0.0,1.0,0.0,1
0.7720698554129821,-0.8731340949578976,-0.08522012554037287,-0.3737223168945893,-1.22819809672411,-0.18943532658156714,0.33428269907429364,0.35819138456064253,0.0,0.0,0.0,1.0,1.0,0.0,1.0,0.0,0.0,0.0,1.0,0.0,0.0,1.0,1
-0.6444763749419659,1.0535052774319507,1.8809907444342735,1.8501798393875495,0.6429185579583806,-0.04419426245617093,-0.410313588977999,-0.7562443653868398,0.0902897700544083,0.0,0.0,0.9097102299455917,0.0,1.0,1.0,0.0,0.0,0.0,1.0,0.0,0.0,1.0,1
-1.9603097203098414,-0.11028925841857787,-0.09845591743779247,-1.753289262154334,1.6052491284183819,0.5732418540407836,-0.08136089324534346,-0.9010086364359905,0.0,0.0,1.0,0.0,0.0,1.0,1.0,0.0,0.0,1.0,0.0,0.16469750441076203,0.0,0.835302495589238,1
-1.5772781891603591,-0.20200624107254064,-1.657313617403205,0.595678746803781,0.36818994561219576,-0.37925937126331366,0.9997038089180608,1.0016969169303822,0.0,0.32078006497173583,0.0,0.6792199350282642,1.0,0.0,1.0,0.0,1.0,0.0,0.0,0.0,0.0,1.0,1
-0.7145984536598153,0.009159847047086438,1.9598709407300825,0.1492385737905475,-0.33559393033819995,-0.5593593090677963,-0.46311345861558967,0.3982673016769678,0.0,0.0,0.0,1.0,1.0,0.0,1.0,0.0,1.0,0.0,0.0,0.0,0.0,1.0,1
0.828674139238547,1.0213750691910233,0.6052788018109323,0.15978414516058131,0.16527953790760125,-0.8048375123010981,-1.9720417820461202,-0.35259919712325827,0.0,0.9592248584452361,0.0,0.040775141554763916,0.0,1.0,1.0,0.0,0.0,1.0,0.0,1.0,0.0,0.0,1
-1.9603097203098414,-0.4936116579610207,1.1533741490676694,0.29579138011292777,-0.742970197505775,0.8474555762190998,-0.26837961794636145,-0.7562443653868398,0.0,0.0,1.0,0.0,1.0,0.0,1.0,0.0,0.0,1.0,0.0,0.0,1.0,0.0,1
-1.335770920234624,1.7559761436321022,0.8180595775559049,-0.5111889583620611,-1.1562326186547836,0.3200734203136293,-0.38474308587039796,0.2644320055737086,0.0,0.3224356381577176,0.6775643618422824,0.0,0.0,1.0,1.0,0.0,0.0,1.0,0.0,0.0,0.0,1.0,1
1.0504274717353788,1.3325207135528627,0.4316513042045761,-1.5408034981255485,-0.34292676551957535,-0.801730045552173,-0.24059584000061918,-1.627924899231377,0.0,0.0,0.9834121710721438,0.016587828927856152,0.0,1.0,1.0,0.0,0.0,1.0,0.0,0.0,0.0,1.0,1
1.2261927188077584,-0.5128592710212597,0.7190420530884285,0.1063746647324757,-0.04241260988032186,-0.7881643537574514,-0.8305939985517996,0.33715421445798016,0.512093058299281,0.487906941700719,0.0,0.0,0.0,1.0,1.0,0.0,0.0,1.0,0.0,0.0,1.0,0.0,1
-1.3714782690687393,-0.45092541573690065,-0.3644542891739698,-0.017642157969488745,2.073786891400045,0.21487611321544217,0.3529924242330753,-1.1957296859661453,1.0,0.0,0.0,0.0,1.0,0.0,1.0,0.0,0.0,0.773504224802062,0.22649577519793795,0.0,1.0,0.0,1
0.9684892760275239,-0.6652424249401324,-2.0458645557093726,-0.4162503624414453,-1.1103230809787057,0.5572743483669644,1.0184033014085176,-0.6003030154296765,0.0,0.0,1.0,0.0,0.0,1.0,1.0,0.0,0.0,0.0,1.0,1.0,0.0,0.0,1
0.63858023305484,-0.14122873942025874,0.09541145347403604,-0.40483846135674484,-0.7300650383804251,-0.7881643537574514,0.30351403146834405,-0.6796128794373124,0.0,0.0,1.0,0.0,1.0,0.0,1.0,0.0,0.0,1.0,0.0,0.0,1.0,0.0,1
1.177189199869343,-0.8239202404336816,-1.44926403848857,-0.9726360657731905,0.28565674766363736,-1.040918551339071,-0.44887637531247415,-0.48458771088883384,1.0,0.0,0.0,0.0,0.690937738102466,0.30906226189753405,1.0,0.0,0.0,1.0,0.0,0.0,0.0,1.0,1
-0.8324525671373767,-0.2383668218406621,1.379725223739658,0.3206942793814711,1.6276214536010207,-0.37925937126331366,0.5814204986472955,-0.656688060104015,0.0,0.6132646536994626,0.0,0.3867353463005374,0.3867353463005374,0.6132646536994626,1.0,0.0,0.0,0.0,1.0,0.0,0.0,1.0,1
1.035416099019302,-0.853165234419348,0.1650977389150712,1.3301680664672129,0.9798915027507332,0.43855059372496197,0.20054603558837963,-0.37237152717371935,0.0,0.06327001126326548,0.0,0.9367299887367345,1.0,0.0,1.0,0.0,1.0,0.0,0.0,0.0,0.0,1.0,1
1.8509154504537377,-0.18268128144157547,0.38210346919431765,-0.24612007289451407,-1.5549457084716471,-1.1408363369929946,0.4100684148926982,-0.574929056713728,0.8624790558540067,0.13752094414599325,0.0,0.0,0.0,1.0,1.0,0.0,0.0,1.0,0.0,0.0,0.0,1.0,1
0.48338077823049896,-0.8380481055637107,1.0177595795473826,0.6849542746351572,-0.41280835681085687,-0.37925937126331366,1.256549790978139,-0.16686539017739752,0.0,0.0,0.0,1.0,0.0,1.0,0.0,1.0,0.0,1.0,0.0,0.0,0.0,1.0,1
-1.1870746310903872,-1.2769031162425446,-0.1427471252164846,0.16604295518254888,-0.3054614551027496,-2.1540789658891586,-1.4438493394282341,1.4411822375096877,0.0,0.0,0.0,1.0,0.0,1.0,1.0,0.0,0.0,1.0,0.0,0.8865264787594109,0.0,0.11347352124058907,1
0.8593331626213205,1.908191026864428,-1.0509265030721342,-1.12255983638148,0.44587528742427635,-0.7881643537574514,-0.3674404129224915,0.08963022645925778,0.0,0.0,0.0,1.0,1.0,0.0,1.0,0.0,0.0,1.0,0.0,0.0,0.0,1.0,1
0.19965751897435768,-0.501786735632451,0.8308898203765582,0.7288178904731674,-1.5500313399610868,0.43855059372496197,-0.169858300783099,-1.1957296859661453,0.0,0.0,0.0,1.0,1.0,0.0,1.0,0.0,0.0,0.877339353380981,0.12266064661901899,0.0,0.0,1.0,1
1.417290391456639,-0.6256021502433153,-0.37429708089325153,0.2692384337967754,-0.4119431575474894,0.8474555762190998,0.7302658881992039,-0.9829674832811258,0.7420583722848444,0.0,0.0,0.2579416277151556,0.2579416277151556,0.7420583722848444,0.0,1.0,0.0,1.0,0.0,0.0,0.0,1.0,1
1.2352855470121422,-0.7511272145866248,-0.41287302475928755,-0.904087077204237,0.31966587997192486,-0.7881643537574514,-1.7662474276960058,1.0016969169303822,0.0,0.0,0.0,1.0,1.0,0.0,1.0,0.0,0.0,1.0,0.0,0.0,0.0,1.0,1
-0.25035293380237156,1.0729697201794992,0.33943882105272993,0.262062378880761,0.14466135602990482,-0.04509314179621471,2.621108240376095,-0.3970872047468831,0.0,0.0,0.0,1.0,0.0,1.0,0.18277779979878417,0.8172222002012158,0.18277779979878417,0.0,0.8172222002012158,0.0,0.0,1.0,1
0.3997691205033567,-0.5445302508813277,-0.7984728560746337,-1.1578901187207142,0.7267007256071866,-1.3789499405979178,-0.37472817877143727,-0.7562443653868398,1.0,0.0,0.0,0.0,0.0,1.0,1.0,0.0,0.0,0.44479918840053767,0.5552008115994623,0.0,1.0,0.0,1
0.6825041760574173,-0.3361646138187996,-0.1019713784601673,-1.2788352084275159,0.06699432816018154,-1.0047411142281242,-0.4623790889289818,-1.4024413523216466,0.0,0.0,0.5296505783560065,0.4703494216439935,1.0,0.0,1.0,0.0,0.0,1.0,0.0,0.0,1.0,0.0,1
-0.5019626554637587,-0.6786547843868138,-1.7529669222960504,-1.8647078383649174,0.21071081494595323,-0.8870589605342677,-0.9040325194685114,1.2286011743112388,0.0,0.0,0.0,1.0,1.0,0.0,1.0,0.0,0.0,0.7581477090995483,0.24185229090045168,0.0,1.0,0.0,1
0.43087746690547973,1.031329172420612,0.22753125833176485,0.34634069216282914,-1.981283886447331,1.2182903730734107,0.6681412676499578,-1.1957296859661453,1.0,0.0,0.0,0.0,0.09310276780589921,0.9068972321941008,1.0,0.0,0.0,0.09310276780589921,0.9068972321941008,0.0,1.0,0.0,1
2.5511188923800177,-0.9854786629122141,-0.1966017215553726,-0.6835171074671934,-0.2029991169975909,-1.113011358862053,0.30121651913679914,-0.22641471367476806,0.10278424204667325,0.0,0.8972157579533268,0.0,1.0,0.0,0.8972157579533268,0.10278424204667325,0.0,1.0,0.0,0.0,0.0,1.0,1
-0.362905010617264,-0.19199230213272864,1.815387559639393,0.7105156807019859,-0.5913299683033235,0.5199896989096832,0.5599710009795398,0.03519667162880358,0.0,0.0,0.0,1.0,1.0,0.0,1.0,0.0,0.0,1.0,0.0,0.0,0.0,1.0,1
-1.8913415293260252,-0.6713794406177634,-0.6679326860480068,-1.1848646407567247,-2.2635566024079505,-1.3470959784423884,-0.2279185418960148,-0.4337513180461641,0.36689854272673206,0.0,0.0,0.6331014572732679,0.0,1.0,1.0,0.0,0.0,1.0,0.0,1.0,0.0,0.0,1
-0.13785253693585248,-0.5850396865376599,0.5680851031925008,-0.2266889381654626,-1.0333806988042757,-0.24761633031669614,0.6848295974121711,1.4411822375096877,0.0,0.0,0.0,1.0,0.6609702089512993,0.3390297910487007,1.0,0.0,0.0,1.0,0.0,0.0,0.0,1.0,1
0.990619334849055,-1.2360223143981113,0.12872335796239767,0.5245790729884972,-1.2085975872354977,-0.23646583626953824,0.1340390026083594,0.5622115963510766,0.0,0.0,0.0,1.0,1.0,0.0,1.0,0.0,0.0,0.0,1.0,0.0,0.0,1.0,1
-1.4813297199615225,0.1624442561878563,0.4945314764947893,-0.7007852355519907,0.0594835878451624,-1.902821212905682,0.2648721638081813,-0.9548527733168433,1.0,0.0,0.0,0.0,1.0,0.0,1.0,0.0,0.0,1.0,0.0,0.0,0.7259556788702394,0.2740443211297606,1
0.5746528626754587,2.2356266082098193,-0.017250369709840174,1.9378430826945512,-2.20885554269699,1.9900262689956776,-0.43890543833597295,0.5622115963510766,0.0,0.0,0.0,1.0,1.0,0.0,1.0,0.0,0.8971102599525771,0.0,0.1028897400474229,0.0,1.0,0.0,1
-1.7723335281144308,0.7325115862437682,-0.7203902237884459,-0.41083997049600973,-0.19869623966436728,-1.2432402599608119,-1.5180546994587036,0.8528253398415804,0.0,0.0,1.0,0.0,0.0,1.0,1.0,0.0,0.0,1.0,0.0,0.8870864242651173,0.1129135757348827,0.0,1
0.44200262153172176,-0.22815117847970065,1.184967392415703,1.0262714035487543,0.07307637258717825,-0.9681843258926913,-0.6980330818650984,0.3162092083639848,0.0,0.22012445414237614,0.7798755458576239,0.0,1.0,0.0,1.0,0.0,0.0,1.0,0.0,0.0,0.0,1.0,1
-0.2685239905511443,1.4853275479312489,-0.6966820080438574,-0.3523616102450041,-0.21749188510308093,-0.26310447569464834,-0.03178191595844951,-1.3530515227132742,0.0,0.0,0.0,1.0,0.6420316461542878,0.35796835384571224,1.0,0.0,1.0,0.0,0.0,0.0,0.0,1.0,1
-0.5970274442482926,1.850406766448403,0.12096970211587811,0.061486009092612134,-0.9474673933528401,2.0741705237015133,-1.6925170956631717,0.6361681553298378,0.9158600350049512,0.08413996499504883,0.0,0.0,1.0,0.0,1.0,0.0,0.0,1.0,0.0,0.0,0.9158600350049512,0.08413996499504883,1
0.20425753536024946,-0.5285095416706197,-0.20594646119914783,-0.18319717084828044,-1.9855867373706093,-0.6559827807426353,-1.1308252132082743,0.12272627577177116,0.0,0.16162871409461377,0.8383712859053862,0.0,1.0,0.0,1.0,0.0,1.0,0.0,0.0,0.0,0.0,1.0,1
-0.34480157997055694,-0.43081128303292704,-1.0938419551064067,-0.7446079107429062,-1.0853351418531163,0.3970688959605237,-0.2770385876635652,-1.1957296859661453,0.0,0.0,1.0,0.0,1.0,0.0,0.8985541885270792,0.10144581147292075,0.0,1.0,0.0,0.0,0.10144581147292075,0.8985541885270792,1
0.37542910353007986,-0.9978370645355484,1.343830509762198,1.1141942643594174,-0.538760833306488,-1.7669074372158238,-1.0025894056926274,0.5622115963510766,0.0,0.0,0.39357094034041007,0.6064290596595899,1.0,0.0,1.0,0.0,0.0,1.0,0.0,0.0,0.0,1.0,1
-0.6358322412303724,-0.21677084763029408,-0.6363994915587309,-1.1153863829149093,0.2028738047452673,-0.7806429132968602,-0.46470312818826653,0.11464233741553335,0.0,0.0,0.0,1.0,0.0,1.0,1.0,0.0,0.0,1.0,0.0,0.0,0.0,1.0,1
-1.9603097203098414,0.01950010951446028,-0.8140354567410721,-0.6253072042085331,0.1279022050507156,1.2563605587132376,-0.7362340865655742,-1.1957296859661453,0.0,0.0,0.0,1.0,1.0,0.0,1.0,0.0,0.1014715428660321,0.8985284571339679,0.0,0.0,0.0,1.0,1
1.168462338538045,-0.22273954347471434,-0.21200670927757626,-2.128816281927039,-0.7799420954501811,-1.0594735330394105,0.2668421652401506,1.1495829498082974,0.0,0.0,1.0,0.0,0.6635017691080558,0.3364982308919442,1.0,0.0,0.0,0.6635017691080558,0.3364982308919442,0.0,1.0,0.0,1
0.48433223548838894,0.707003979910775,-1.2028297880783654,0.7263954462493835,-0.3370694345960219,-1.1970693362515892,-1.3684646135884249,1.0016969169303822,0.0,0.0,0.9949384161537813,0.005061583846218687,1.0,0.0,1.0,0.0,0.0,1.0,0.0,1.0,0.0,0.0,1
-0.07394011723927404,-0.3339714029255787,1.2892708495917027,1.2747340846366781,-2.1326892810036124,-1.4087086783963612,0.005369266657247372,-1.5645422285164978,0.0,0.0,1.0,0.0,1.0,0.0,1.0,0.0,0.8391919485825013,0.16080805141749865,0.0,0.0,0.0,1.0,1
-1.9603097203098414,-0.7367487711224678,1.23009737997286,-0.0339279928567115,-0.4683277014297379,0.623075595684214,-0.30952115832331983,0.07989070568613432,0.0,0.0,0.0,1.0,1.0,0.0,1.0,0.0,0.0,0.0,1.0,0.0,0.5487337893665861,0.4512662106334139,1
0.7150462483698884,1.4319486323271438,-0.2893376058757654,-0.03512835353307425,-2.136093075041283,-1.0710837474577601,-1.2427138379937912,-0.89165190320089,0.0,0.0,0.30810480230730675,0.6918951976926933,1.0,0.0,1.0,0.0,0.0,1.0,0.0,1.0,0.0,0.0,1
-0.06396219969542782,0.194298806040274,-1.1472665896698475,-1.1096768373200137,0.5666061983981354,-1.6059743187457272,-1.8689611553558887,1.0016969169303822,0.0,0.0,0.0,1.0,0.0,1.0,1.0,0.0,1.0,0.0,0.0,0.34803874049739947,0.0,0.6519612595026005,1
-0.7709482473980366,-0.7370454335044055,-0.11526126143784353,-1.2236352246642885,-0.7957971572720348,1.3901510270305477,-0.8128333084978774,0.46364852698670306,0.0,0.7757306905394402,0.0,0.22426930946055978,0.0,1.0,1.0,0.0,0.7757306905394402,0.22426930946055978,0.0,0.0,0.0,1.0,1
-1.2881742357119923,-1.0268386328109913,1.6508310743528125,1.521386420866646,-0.3392892972245912,0.08547654235595703,-0.3210239839268951,0.24921928294723467,0.0,0.0,1.0,0.0,0.0,1.0,1.0,0.0,0.0,1.0,0.0,0.0,0.0,1.0,1
-0.8674622752893875,-0.14688643600585596,-1.4017366764641073,0.7343219682100814,-0.6375866849385815,-0.37925937126331366,-0.2192216991020857,-1.1957296859661453,0.0,0.0,1.0,0.0,1.0,0.0,0.23724908749680007,0.7627509125031999,0.0,1.0,0.0,0.0,1.0,0.0,1
1.790266116416644,-0.6420191163880229,-0.007364002309378226,1.3679276129120463,-0.2679339022298879,-2.433516592589901,0.7225757349279863,0.4192032056891416,0.0,0.0,0.3253996981592677,0.6746003018407323,0.6746003018407323,0.3253996981592677,1.0,0.0,0.0,0.0,1.0,0.0,0.0,1.0,1
0.5786879389399446,-0.9481015323784672,-0.5711087263415036,0.9579561046531029,0.948627591997347,-0.7881643537574514,-1.5364924178079664,-1.412388394362822,0.0,0.0,1.0,0.0,1.0,0.0,1.0,0.0,0.0,1.0,0.0,0.0,0.25350859488197586,0.7464914051180241,1
-0.7858035502848035,2.382591040894958,0.2749660575995143,-0.8062500756305072,0.420207690047632,-0.9314312070390719,-0.7296286511681955,-0.18523611959358233,0.0,0.0,0.35036710095278534,0.6496328990472147,1.0,0.0,1.0,0.0,1.0,0.0,0.0,0.0,0.0,1.0,1
0.8026483442862906,1.4600065387118295,-1.3758257906041431,-0.11277245175050024,-0.07648743608114628,-0.7881643537574514,-1.2125290169072727,-0.38302314258235487,0.0,0.0,0.0,1.0,1.0,0.0,1.0,0.0,0.0,1.0,0.0,0.0,0.0,1.0,1
-0.8375582492285103,-0.8117804066702773,0.39975063632448804,1.9918364061711533,0.7052942768130989,-1.1970693362515892,-0.6814587502755007,-1.0452555781765405,1.0,0.0,0.0,0.0,0.6576128923003434,0.34238710769965663,1.0,0.0,0.0,1.0,0.0,0.0,0.0,1.0,1
-1.447742708320364,-0.9914199521468234,0.43595008890099046,-0.5919966384537638,1.1294997673090856,-2.3679208272318224,0.5370496594974918,-0.3167590448075343,0.5683086033354716,0.0,0.4316913966645284,0.0,1.0,0.0,1.0,0.0,0.0,0.4316913966645284,0.5683086033354716,0.0,0.0,1.0,1
2.3926412569299917,0.29293696115394974,0.830237524679423,-0.46983077046293065,-0.21937585616184388,0.5151587523227391,-0.958133086449939,-0.797413050755961,0.0,0.0,0.0,1.0,0.0,1.0,1.0,0.0,0.0,1.0,0.0,0.0,0.0,1.0,1
-1.9603097203098414,-0.24891488191921238,-1.669332461275384,-1.9694772001570195,0.05576946905646912,-0.4214368608076823,-0.3493664449860444,-1.3120036113661468,0.0,0.0,0.0,1.0,1.0,0.0,1.0,0.0,0.0,1.0,0.0,0.0,0.0,1.0,1
0.2569835875537314,0.11563092925683702,0.12183664669960403,-0.3048986443120793,-0.21510785928595272,-0.07879695828347566,-0.029691391807922296,-1.0791771383871513,0.0,1.0,0.0,0.0,0.0,1.0,1.0,0.0,0.0,1.0,0.0,0.0,0.7347976323182746,0.26520236768172545,1
-0.2730432063564897,-0.6191207445521103,-0.46137031812519086,0.7927715851791494,-0.6895011004489053,-0.7881643537574514,-2.4583217398429777,-0.3167590448075343,0.0,0.0,1.0,0.0,1.0,0.0,1.0,0.0,0.0,1.0,0.0,0.0,0.0,1.0,1
-1.9603097203098414,-0.7601169335903352,-1.5838798863078236,-0.26037164005100444,-1.226787982790475,0.43855059372496197,-0.5411433499971445,-0.7443829003899607,0.0,0.0,1.0,0.0,1.0,0.0,1.0,0.0,0.026989445247554422,0.0,0.9730105547524456,1.0,0.0,0.0,1
-0.5368805133632262,-0.41559849479582217,1.5500349497426704,-0.1730162679565062,1.5556463402056528,-0.37925937126331366,0.5261682131159277,-0.6622804038958678,0.0,1.0,0.0,0.0,0.0,1.0,1.0,0.0,0.3930977246667604,0.0,0.6069022753332396,0.0,0.0,1.0,1
1.2758709019965093,2.2755045324260688,-0.7962540491173751,0.25950799934250357,0.7200706951082861,-0.7881643537574514,-1.4271716782320327,0.7045434592679567,0.0,0.0,0.0,1.0,1.0,0.0,1.0,0.0,0.0,1.0,0.0,0.0,0.10795344482288671,0.8920465551771133,1
-0.2977905922769568,2.2141964377434755,1.4760268568937147,0.360253476741607,-1.5363649146171472,0.5893798474043148,0.7626388265840087,0.35326028011871813,0.0,0.0,1.0,0.0,1.0,0.0,1.0,0.0,1.0,0.0,0.0,0.0,0.0,1.0,1
-1.4735223234071708,-0.35366987491528434,-0.28635565967650833,-0.07394140150679862,1.1296382672356433,-0.4525536324242625,0.0013466800279378077,-0.7562443653868398,0.0,0.0,0.0,1.0,0.0,1.0,1.0,0.0,0.0,1.0,0.0,0.0,0.0,1.0,1
-0.5480097252423666,-0.6406635920951887,-1.335324312212745,-0.48834394290328625,-2.4377236747068762,0.02748897021079616,-0.47821266505853666,-0.9771459893852253,0.0,0.0,0.0,1.0,0.4973629068948079,0.5026370931051921,1.0,0.0,1.0,0.0,0.0,0.0,0.0,1.0,1
-1.179492752734002,1.5356034616430865,-0.751213691216528,0.47524033205099026,0.5188598034843238,-0.033247151962920996,0.4090769303171012,-0.38435530158515313,0.0,0.0,1.0,0.0,1.0,0.0,0.0,1.0,0.0,0.0,1.0,0.0,0.5769038846263591,0.4230961153736409,1
2.5062345874683203,1.2485731621501446,0.9114724774804874,0.1404900817892314,0.12628193560838283,-0.7881643537574514,-0.8968862609066213,1.9987597975605422,0.0,0.0,0.0,1.0,0.4925176938188639,0.5074823061811361,1.0,0.0,0.0,1.0,0.0,0.0,0.0,1.0,1
1.3131586390101586,-0.5302015735522851,-2.1046401231998138,-1.6432040804843466,0.6367914095010115,-0.139751879740326,-0.44050236403739285,0.8300840627638122,0.0,0.0,1.0,0.0,1.0,0.0,1.0,0.0,0.0,0.0,1.0,0.0,0.8047570122019555,0.1952429877980445,1
-1.0411421452375087,0.8829334675518888,-1.4443791395424364,-0.8362180683645599,0.31588668734127456,-1.08357862330131,-0.11880729779469552,-0.6342661442864344,0.0,1.0,0.0,0.0,0.7224521152615053,0.2775478847384947,1.0,0.0,0.0,1.0,0.0,0.0,0.0,1.0,1
-1.0732072788981293,-0.8857971057755178,0.7873994508190453,-0.6536144531367425,0.15789571787683263,-0.19997282466660754,-1.0155381930921998,-1.3884243431111938,1.0,0.0,0.0,0.0,0.0,1.0,1.0,0.0,0.0,0.2807723624408558,0.7192276375591442,0.0,1.0,0.0,1
0.49709324656850734,-1.0673617366124613,2.1270747249529487,2.3991119936203544,-0.15332977066912598,1.6652655412073754,0.3804059340780366,-1.1850431756638222,0.0,0.0,1.0,0.0,1.0,0.0,1.0,0.0,0.0,0.9756840335685462,0.02431596643145384,0.0,0.0,1.0,1
0.04078562599652538,-0.14074700234277743,-1.5087493858127736,-1.6301464219334245,-0.815252833760343,-0.5242275158990801,1.0173711262266272,-0.7562443653868398,0.0,1.0,0.0,0.0,1.0,0.0,1.0,0.0,0.0,1.0,0.0,0.0,0.3545277040928322,0.6454722959071678,1
-0.953843577108629,-1.2330687275611611,0.8725689254458238,0.5741197788282192,1.8855315817311773,-1.124647896989125,-0.3108229343484498,0.12272627577177116,1.0,0.0,0.0,0.0,1.0,0.0,1.0,0.0,0.0,1.0,0.0,0.0,0.0,1.0,1
0.5505349897780796,0.10830516271081445,1.638550518787882,2.2292755081508546,-1.0069378449555912,-0.7394707907117559,-0.2899029155568387,-0.7562443653868398,0.0,0.0,0.9404585843529143,0.059541415647085705,1.0,0.0,1.0,0.0,0.0,1.0,0.0,0.0,0.0,1.0,1
0.6800173010899875,0.7871300158396499,0.49796982785791233,0.780286967719951,0.7993304374759964,-0.39809820567755067,-0.4998138068483241,-0.7359966512812771,1.0,0.0,0.0,0.0,0.046071422997412625,0.9539285770025874,1.0,0.0,0.0,1.0,0.0,0.0,0.0,1.0,1
0.40336343949752657,0.6037264318702017,-1.1322777243404176,0.6771849839159462,-0.325287551606127,-1.1970693362515892,-1.3930580631695462,1.039112767687063,0.0,0.0,1.0,0.0,1.0,0.0,1.0,0.0,0.0,1.0,0.0,1.0,0.0,0.0,1
-0.4357333059959032,0.8239148749023053,1.0548129888890516,0.01485699971554122,-1.858240833179555,-0.18272540636543022,-1.172365001670423,0.6763382868364161,0.0,0.0,0.0,1.0,1.0,0.0,1.0,0.0,0.0,1.0,0.0,0.0,0.0,1.0,1
2.154828176553948,-0.6615562750275351,0.44225777197925065,0.21025101311707795,-0.3469154696330491,-0.3855796587744688,0.4123275196627555,0.12951923184203185,0.0,0.9845433834711326,0.0,0.015456616528867428,1.0,0.0,1.0,0.0,0.0,1.0,0.0,0.0,1.0,0.0,1
-1.0069543556769345,-0.6421136374094703,-0.0013177945213529853,0.9313776932460698,-1.4199974837486407,0.4092396968147412,-0.4110666530046039,-0.7562443653868398,0.0,1.0,0.0,0.0,1.0,0.0,1.0,0.0,0.0,0.0,1.0,1.0,0.0,0.0,1
1.0737990992215285,-1.0178473066983114,-0.4095600042995662,-1.6610013005563424,-0.12817524187301155,-0.43799109041353396,-0.7604260934614928,-0.3167590448075343,0.0,0.0,0.0,1.0,0.0,1.0,1.0,0.0,0.0,0.0,1.0,0.0,0.0,1.0,1
0.4645764777977852,-1.0130893880386713,-0.710496118317351,0.9568428408174148,0.9910471767599589,-0.7472593218518148,-1.1945771355481032,-1.6205602890030828,0.0,0.0,1.0,0.0,1.0,0.0,1.0,0.0,0.0,1.0,0.0,0.033345180956330434,0.0,0.9666548190436696,1
0.2954045860350881,-0.8285164320068179,0.5679453041434456,-0.6885612820968419,-0.2037193867814776,-0.7881643537574514,-1.8130905104429085,1.4411822375096877,1.0,0.0,0.0,0.0,0.0,1.0,1.0,0.0,0.0,0.9636199770892528,0.036380022910747156,0.0,0.0,1.0,1
-0.10817852120570906,-0.07952141805427768,0.08835814309802772,-0.23381670055777085,1.1715336736316624,-0.9083746858352972,-0.44857393997101763,1.4411822375096877,0.0,0.0,0.8530094554673601,0.14699054453263993,1.0,0.0,1.0,0.0,0.8530094554673601,0.14699054453263993,0.0,0.0,1.0,0.0,1
-0.9985007117195713,0.7793526598303138,0.6898636331359235,0.6040476156158816,0.09592955374229035,-0.7881643537574514,-1.1671381085130945,0.38153820722261755,0.0,0.0,0.7055511079304143,0.2944488920695857,0.0,1.0,0.0,1.0,0.0,1.0,0.0,0.0,0.0,1.0,1
-0.4273087610048909,-0.2396424460797657,-0.9586724199820204,0.15227793823457517,0.13299122262049784,-1.1031011137024564,-0.4065919413923207,-0.4860038435165138,0.0,0.0,1.0,0.0,1.0,0.0,1.0,0.0,1.0,0.0,0.0,0.0,0.0,1.0,1
-1.076394282624379,0.8313758023879438,-0.9512702470853627,0.3037049656063057,-0.905070788589222,-1.849458145655402,0.21590826429590393,0.823904586914743,0.0,0.0,0.0,1.0,0.0,1.0,0.1488633284831431,0.8511366715168569,0.1488633284831431,0.8511366715168569,0.0,0.0,0.0,1.0,1
-0.3969263909943437,-0.7075092423083721,-1.1677187459197436,-1.0184420025962324,-0.5651524701537063,-0.39939139284614716,-1.0518911862339098,-1.4959324375107077,0.0,0.0,1.0,0.0,1.0,0.0,1.0,0.0,0.0,1.0,0.0,0.0,0.0,1.0,1
1.1715643447585562,-0.11704998288134767,1.2451635012795763,1.2867831941065337,-1.3911162279722593,-0.039660817385735805,-1.4769406438076476,0.12272627577177116,0.1694927466860925,0.0,0.0,0.8305072533139075,1.0,0.0,1.0,0.0,0.0,1.0,0.0,0.0,1.0,0.0,1
1.00460021470148,0.6660011684658986,0.9008019320164335,0.5134116102927886,0.8119589240900935,-0.37925937126331366,-0.5549105284115479,-0.9510237046356753,0.5568012624583502,0.0,0.44319873754164985,0.0,0.0,1.0,1.0,0.0,0.0,0.5568012624583502,0.44319873754164985,0.0,0.0,1.0,1
0.8593331626213205,0.18292698187652368,0.8959059682057172,0.13923302702156712,-0.09550335417380135,1.1780406658508773,-0.5457154439557688,-1.1396116068753306,0.0,0.0,0.0,1.0,0.0,1.0,1.0,0.0,0.0,0.936154774160781,0.06384522583921903,0.0,0.0,1.0,1
-0.3256631519130476,-0.9442930909105929,1.1723226432651754,0.2232348532789229,0.666811607441878,-0.37925937126331366,-1.589815252398437,-0.6226539231319836,0.303970203325027,0.696029796674973,0.0,0.0,0.0,1.0,0.696029796674973,0.303970203325027,0.303970203325027,0.696029796674973,0.0,0.0,1.0,0.0,1
1.368783139032309,-0.7789162275957942,0.623649212968421,-0.05311573991012067,-0.37874725110650753,-1.139772613193768,0.280530444508859,-0.7562443653868398,0.0,0.0,0.0,1.0,1.0,0.0,1.0,0.0,0.0,0.0,1.0,0.0,0.0,1.0,1
-1.0805368806386875,-0.33590877881190306,2.376256240176182,1.4016322176789484,0.42443005506308107,0.06938156371500198,-0.1250646717333474,-0.7562443653868398,0.0,0.0,0.0,1.0,0.0,1.0,1.0,0.0,0.0,1.0,0.0,0.9028235062292315,0.0,0.09717649377076854,1
0.686384198222406,0.06937422619135164,-0.09880696560652596,-0.8045208133646163,1.465432512464739,-0.7881643537574514,-0.39782804849895337,-0.4859577172023656,0.0,0.0,0.0,1.0,0.0,1.0,1.0,0.0,1.0,0.0,0.0,0.0,0.0,1.0,1
-1.9603097203098414,-0.1254108246838788,-0.24587554670414524,-1.948280208080258,1.4779939701101954,0.44668465422296255,-0.2326305609306918,-0.7649867391377552,0.0,0.0,1.0,0.0,0.0,1.0,1.0,0.0,0.0,1.0,0.0,0.009946149895736722,0.0,0.9900538501042633,1
0.6450245106543041,-0.4116292938032086,0.08244896164079447,-0.9511600798320212,0.29552804733013344,-0.7881643537574514,-0.7556941375677456,-1.6352150065454507,0.0,0.0,0.0,1.0,1.0,0.0,1.0,0.0,0.859915984763476,0.14008401523652403,0.0,0.0,1.0,0.0,1
0.39972929689959613,-0.8110647520566037,-0.16125230145362418,-0.8437249419434041,0.4302192293357763,0.6205178264352786,-0.6699540606644669,0.12272627577177116,0.0,0.0,0.48167034763626326,0.5183296523637367,1.0,0.0,1.0,0.0,0.0,0.0,1.0,1.0,0.0,0.0,1
