mother_age,education_level,family_income,residence_urban_rural,blood_pressure_systolic,blood_pressure_diastolic,hemoglobin_level,diabetes_status,pregnancy_complications,gestational_age,birth_weight,antenatal_care_visits,place_of_delivery,risk_label
26,Primary,7214,Urban,102,85,7.6,No,None,37,2.35,5,Hospital,HIGH-RISK
19,Secondary,8879,Rural,98,64,7.4,No,Mild,39,2.36,3,Hospital,HIGH-RISK
29,Secondary,15139,Rural,113,90,9.7,No,Mild,35,2.56,2,Clinic,HIGH-RISK
30,Secondary,18288,Urban,129,69,9.1,No,Mild,40,3.45,5,Hospital,LOW-RISK
14,No Education,9684,Urban,125,99,11.5,No,None,38,2.8,2,Hospital,LOW-RISK
17,Secondary,15830,Urban,153,75,11.2,No,None,37,4.08,1,Clinic,HIGH-RISK
25,Primary,22956,Rural,124,57,10.8,No,None,36,2.31,3,Clinic,HIGH-RISK
23,Higher,59208,Urban,112,74,9.8,Yes,None,43,3.17,5,Hospital,LOW-RISK
24,Higher,13731,Urban,99,83,11.8,No,None,38,2.99,6,Hospital,LOW-RISK
20,Primary,14572,Urban,136,89,8.3,No,None,38,2.61,6,Clinic,LOW-RISK
29,Primary,43696,Urban,117,87,10.5,Yes,Mild,40,3.52,5,Hospital,HIGH-RISK
29,Primary,10212,Rural,93,76,12.7,No,None,36,2.1,3,Clinic,HIGH-RISK
25,Secondary,5935,Urban,118,66,10.8,Yes,Mild,41,1.66,5,Clinic,HIGH-RISK
31,Higher,17871,Rural,102,79,12.3,No,None,38,2.73,4,Home,LOW-RISK
27,Secondary,31860,Rural,111,74,7.9,No,None,35,2.28,3,Clinic,HIGH-RISK
20,No Education,19313,Rural,118,68,7.6,No,None,37,3.38,8,Hospital,LOW-RISK
27,No Education,14015,Urban,103,72,11.6,No,None,35,1.76,7,Hospital,HIGH-RISK
19,Primary,5442,Rural,110,72,13.2,No,None,38,3.09,2,Hospital,LOW-RISK
29,Higher,14399,Rural,106,87,11.1,No,None,36,2.75,6,Home,HIGH-RISK
24,Secondary,35561,Rural,106,66,15.4,No,Mild,36,2.19,4,Hospital,HIGH-RISK
23,Secondary,6322,Rural,101,63,8.9,No,Severe,39,3.37,6,Hospital,LOW-RISK
21,Primary,12638,Urban,110,65,9.8,No,None,38,2.79,7,Hospital,LOW-RISK
31,Higher,11436,Rural,103,91,11.8,No,None,41,2.83,4,Clinic,LOW-RISK
24,Primary,9204,Rural,127,70,11.3,No,None,41,3.05,5,Hospital,LOW-RISK
22,Higher,17842,Urban,121,90,10.4,No,Severe,38,2.74,8,Hospital,LOW-RISK
23,Higher,20457,Urban,137,69,9.6,No,Severe,39,2.06,2,Hospital,HIGH-RISK
27,Secondary,20308,Rural,148,90,12.6,No,Severe,34,1.81,2,Clinic,HIGH-RISK
27,Higher,7570,Urban,128,81,11.7,No,None,40,2.66,2,Home,LOW-RISK
27,Primary,4739,Rural,125,91,10.6,No,Severe,39,2.49,9,Home,HIGH-RISK
27,Secondary,18024,Rural,129,90,12.4,No,None,40,2.63,7,Hospital,LOW-RISK
36,No Education,10526,Rural,125,78,10.7,No,None,37,2.9,5,Home,HIGH-RISK
22,Secondary,54318,Urban,118,70,11.2,No,Mild,37,2.65,5,Hospital,LOW-RISK
22,Primary,56103,Rural,117,92,10.3,Yes,None,37,3.27,6,Home,HIGH-RISK
20,No Education,60432,Rural,101,62,9.4,No,Mild,42,3.28,2,Home,HIGH-RISK
28,No Education,7767,Rural,131,54,9.7,No,None,39,1.49,2,Hospital,HIGH-RISK
31,Primary,22345,Urban,117,54,10.0,No,Mild,34,1.7,6,Clinic,HIGH-RISK
24,Secondary,27597,Urban,141,64,11.6,No,None,40,1.48,4,Clinic,HIGH-RISK
20,Secondary,25505,Urban,132,86,8.1,No,None,37,2.65,7,Clinic,LOW-RISK
20,Primary,11704,Urban,107,96,12.6,Yes,Mild,41,2.62,4,Hospital,LOW-RISK
28,Higher,36725,Rural,137,58,11.5,No,None,39,2.88,4,Clinic,LOW-RISK
29,Higher,15004,Urban,80,55,9.6,No,None,41,3.26,4,Hospital,LOW-RISK
27,No Education,16407,Urban,148,85,14.1,Yes,None,41,2.78,4,Clinic,LOW-RISK
21,Secondary,5111,Rural,96,86,11.6,No,Mild,40,2.47,2,Hospital,HIGH-RISK
26,Secondary,23556,Urban,125,69,9.1,No,Severe,41,2.8,4,Home,HIGH-RISK
25,Secondary,12500,Urban,124,83,14.3,No,Mild,40,2.53,6,Hospital,LOW-RISK
26,Primary,20767,Rural,135,78,13.3,No,Mild,36,1.38,2,Home,HIGH-RISK
29,Secondary,17683,Rural,112,102,9.9,No,Mild,35,2.66,5,Hospital,HIGH-RISK
26,No Education,17025,Rural,83,66,10.1,No,None,36,2.53,7,Home,HIGH-RISK
28,Primary,14527,Rural,112,77,9.9,No,None,40,3.6,4,Hospital,LOW-RISK
25,Secondary,26014,Urban,114,74,8.1,No,None,32,1.61,4,Clinic,HIGH-RISK
26,Secondary,13050,Rural,85,61,12.1,Yes,Severe,38,1.91,1,Hospital,HIGH-RISK
28,Higher,5416,Rural,118,86,13.0,No,None,37,2.29,6,Hospital,LOW-RISK
16,No Education,22338,Rural,100,57,11.9,No,Severe,41,3.02,1,Hospital,HIGH-RISK
23,Primary,8514,Rural,128,56,11.1,No,Mild,38,3.27,4,Clinic,LOW-RISK
22,No Education,5936,Rural,114,72,12.4,No,None,37,2.96,6,Clinic,LOW-RISK
21,Primary,7333,Rural,149,93,9.4,No,None,41,2.88,0,Clinic,HIGH-RISK
23,No Education,18290,Rural,113,67,14.1,No,None,38,3.27,8,Clinic,LOW-RISK
33,Secondary,14020,Urban,124,79,10.1,No,None,37,2.55,4,Hospital,LOW-RISK
20,Secondary,3370,Rural,114,60,10.3,No,None,37,3.38,2,Hospital,LOW-RISK
30,Secondary,11467,Urban,92,79,10.5,No,Mild,39,3.89,5,Home,HIGH-RISK
15,Primary,34005,Rural,114,81,10.0,No,None,37,2.22,9,Clinic,HIGH-RISK
23,No Education,10936,Rural,130,79,11.1,No,Mild,37,2.66,6,Home,LOW-RISK
25,Secondary,13359,Urban,127,79,11.1,No,None,42,2.04,5,Home,LOW-RISK
28,No Education,31129,Urban,113,58,11.2,No,Mild,38,2.27,2,Hospital,LOW-RISK
28,Higher,26177,Rural,94,53,10.0,No,Mild,37,3.02,3,Hospital,LOW-RISK
29,No Education,30669,Urban,128,77,11.6,No,None,36,1.5,4,Clinic,HIGH-RISK
23,Secondary,2999,Urban,124,82,9.5,No,None,38,2.37,3,Clinic,HIGH-RISK
22,Higher,50476,Urban,131,85,12.8,No,Severe,37,3.38,8,Hospital,LOW-RISK
29,Secondary,23418,Rural,113,70,12.8,No,Mild,37,2.92,3,Clinic,LOW-RISK
23,Secondary,84022,Urban,91,75,11.5,No,Mild,36,2.59,1,Hospital,HIGH-RISK
17,Secondary,8674,Rural,126,93,10.3,No,None,38,2.09,4,Hospital,HIGH-RISK
18,No Education,4365,Rural,117,74,11.1,No,Mild,35,2.64,4,Clinic,LOW-RISK
19,Secondary,15075,Urban,140,85,9.9,No,None,39,3.84,6,Hospital,LOW-RISK
27,Higher,12370,Rural,118,73,11.6,No,None,37,2.44,2,Hospital,LOW-RISK
25,Higher,23703,Urban,117,73,11.2,Yes,Mild,40,2.53,7,Hospital,LOW-RISK
28,Secondary,31832,Urban,124,78,16.2,No,None,39,3.12,2,Hospital,LOW-RISK
22,Primary,14110,Rural,108,91,9.1,No,None,38,2.31,6,Home,LOW-RISK
25,Secondary,12674,Urban,107,82,6.7,No,None,40,3.19,5,Hospital,LOW-RISK
28,Secondary,21627,Rural,116,84,10.4,No,None,42,1.81,4,Clinic,LOW-RISK
23,Primary,12536,Rural,103,66,7.5,No,None,41,1.47,13,Home,HIGH-RISK
27,Primary,11823,Urban,114,64,9.4,No,None,35,2.45,4,Hospital,HIGH-RISK
21,Primary,31001,Rural,149,89,8.4,No,None,36,1.82,6,Home,HIGH-RISK
23,Secondary,36230,Rural,134,93,9.9,No,None,37,2.49,2,Clinic,HIGH-RISK
22,Primary,32034,Urban,122,95,9.2,No,Severe,40,3.28,4,Clinic,LOW-RISK
18,No Education,13333,Rural,142,57,12.9,Yes,None,37,3.14,7,Hospital,LOW-RISK
27,No Education,3354,Rural,104,97,10.9,No,None,37,2.12,5,Clinic,HIGH-RISK
22,Higher,13521,Rural,157,91,13.4,No,Severe,36,2.38,4,Clinic,HIGH-RISK
25,No Education,8823,Rural,110,82,10.6,Yes,Severe,39,2.63,3,Hospital,HIGH-RISK
27,No Education,13697,Rural,150,65,12.9,No,None,40,3.03,4,Hospital,LOW-RISK
27,Secondary,9377,Urban,149,82,11.0,No,None,35,2.08,9,Hospital,HIGH-RISK
28,Primary,14783,Urban,89,76,14.3,No,None,37,1.97,4,Clinic,LOW-RISK
24,Higher,7246,Rural,141,69,12.3,No,None,33,1.86,2,Home,HIGH-RISK
22,Higher,6119,Rural,113,50,10.1,No,Mild,32,1.09,7,Clinic,HIGH-RISK
24,Secondary,35301,Rural,108,76,12.6,Yes,Severe,39,2.9,1,Hospital,HIGH-RISK
15,Secondary,7608,Urban,126,77,11.5,Yes,None,39,3.02,6,Clinic,LOW-RISK
17,Primary,15003,Rural,101,85,10.3,No,None,38,2.41,1,Home,HIGH-RISK
17,No Education,29259,Urban,126,76,11.2,No,Mild,42,2.74,6,Hospital,LOW-RISK
19,Primary,28447,Urban,102,70,12.7,No,Mild,34,1.7,3,Hospital,HIGH-RISK
27,No Education,26165,Rural,120,83,7.7,No,Mild,33,2.94,4,Hospital,LOW-RISK
20,No Education,18542,Urban,139,93,10.1,No,None,35,1.55,5,Home,HIGH-RISK
22,Secondary,24899,Rural,124,69,12.7,No,Mild,33,2.15,3,Hospital,HIGH-RISK
32,No Education,39220,Rural,112,84,11.6,Yes,None,36,1.8,6,Clinic,HIGH-RISK
23,No Education,20197,Rural,126,72,9.5,No,None,39,2.93,8,Hospital,LOW-RISK
29,Secondary,4145,Rural,95,69,7.2,No,None,39,3.37,9,Home,LOW-RISK
19,Secondary,10361,Rural,104,78,14.6,No,None,41,1.66,5,Home,LOW-RISK
23,No Education,24422,Rural,111,82,10.2,No,None,39,3.16,7,Hospital,LOW-RISK
19,No Education,9670,Rural,130,82,13.3,No,None,37,3.7,0,Home,LOW-RISK
23,Primary,46624,Rural,124,65,12.3,No,None,37,2.87,2,Home,LOW-RISK
29,Primary,14351,Urban,126,57,9.5,No,None,39,2.43,2,Hospital,HIGH-RISK
15,Higher,15922,Urban,117,72,7.0,No,None,34,2.24,5,Clinic,HIGH-RISK
27,Higher,32962,Rural,105,82,10.7,No,Severe,30,2.08,3,Hospital,HIGH-RISK
26,Secondary,13197,Urban,141,86,11.4,No,Mild,39,3.88,5,Home,HIGH-RISK
21,Secondary,16969,Rural,106,74,12.3,No,None,39,3.26,3,Clinic,LOW-RISK
17,Secondary,28146,Urban,124,76,9.5,No,None,42,3.3,3,Home,HIGH-RISK
25,Secondary,5351,Rural,116,78,11.8,No,None,40,3.99,3,Clinic,LOW-RISK
22,Primary,12284,Urban,127,67,11.6,No,None,39,3.54,6,Hospital,LOW-RISK
26,No Education,26801,Rural,108,81,12.9,No,None,37,2.73,2,Hospital,LOW-RISK
25,Secondary,15704,Urban,134,89,10.9,No,Severe,36,2.31,3,Home,HIGH-RISK
33,Secondary,41895,Rural,140,78,12.3,No,None,37,4.1,11,Hospital,LOW-RISK
23,No Education,4977,Rural,133,84,11.4,No,Mild,40,2.39,3,Home,HIGH-RISK
19,Primary,4595,Urban,120,57,12.8,No,Mild,39,2.71,5,Hospital,LOW-RISK
25,Primary,25708,Urban,111,74,9.3,No,None,40,2.24,7,Hospital,LOW-RISK
26,Primary,27498,Rural,163,87,5.4,No,Mild,38,1.8,3,Hospital,HIGH-RISK
32,Secondary,13102,Rural,102,84,11.1,No,None,36,1.66,5,Hospital,HIGH-RISK
29,Secondary,19852,Urban,132,77,11.1,No,None,41,2.33,2,Hospital,HIGH-RISK
26,Secondary,25271,Rural,123,86,9.4,No,Mild,41,2.46,2,Clinic,HIGH-RISK
33,Primary,8485,Urban,116,70,7.9,No,None,38,3.14,5,Hospital,LOW-RISK
18,No Education,9145,Urban,120,50,10.4,No,None,39,2.79,6,Clinic,LOW-RISK
21,Higher,17130,Rural,109,70,11.3,No,Mild,39,3.36,3,Hospital,HIGH-RISK
19,Secondary,28244,Urban,124,79,11.7,No,None,37,2.88,6,Hospital,LOW-RISK
22,No Education,6631,Rural,123,78,7.4,No,Severe,37,2.9,1,Hospital,HIGH-RISK
17,Primary,13059,Urban,160,89,8.3,No,None,36,2.06,6,Hospital,HIGH-RISK
28,Higher,12642,Rural,135,75,13.5,No,None,37,3.87,5,Hospital,LOW-RISK
23,Secondary,20098,Rural,126,74,11.2,No,None,41,2.57,4,Hospital,LOW-RISK
16,Higher,14908,Urban,127,65,11.5,No,None,40,3.3,5,Hospital,LOW-RISK
19,Secondary,10236,Rural,147,62,9.1,No,Severe,39,2.15,3,Clinic,HIGH-RISK
26,Secondary,35947,Rural,102,69,11.5,No,None,40,2.67,5,Hospital,LOW-RISK
29,Secondary,10283,Urban,115,66,10.8,No,None,37,3.9,2,Home,HIGH-RISK
35,Primary,12226,Rural,87,77,9.4,No,None,35,2.47,6,Home,HIGH-RISK
41,Secondary,4923,Urban,126,53,8.9,No,None,38,2.03,3,Clinic,HIGH-RISK
27,Secondary,9102,Urban,131,82,9.9,No,None,38,2.23,8,Hospital,LOW-RISK
19,Primary,21526,Rural,102,94,14.4,No,None,40,3.68,7,Clinic,LOW-RISK
14,Higher,18773,Urban,140,79,10.9,No,None,39,2.85,6,Clinic,HIGH-RISK
26,Primary,22821,Rural,106,71,12.1,No,None,41,2.65,2,Hospital,LOW-RISK
20,No Education,22059,Rural,112,78,10.5,No,Severe,33,1.98,5,Hospital,HIGH-RISK
22,Primary,64679,Rural,119,81,10.7,No,None,36,2.21,6,Home,HIGH-RISK
21,Higher,8886,Urban,143,78,10.4,No,Mild,38,3.58,2,Hospital,HIGH-RISK
24,Higher,4828,Urban,104,59,13.9,No,None,39,2.41,3,Hospital,LOW-RISK
30,Secondary,7189,Rural,122,84,12.2,Yes,None,43,2.47,4,Clinic,LOW-RISK
25,Higher,9165,Urban,130,58,10.1,No,None,36,2.7,7,Hospital,HIGH-RISK
24,Higher,7583,Rural,127,87,10.8,No,None,36,1.96,3,Clinic,HIGH-RISK
19,Higher,16016,Rural,127,73,13.4,No,Mild,37,2.29,2,Hospital,HIGH-RISK
15,Higher,36050,Rural,130,79,6.4,No,Mild,36,2.52,3,Hospital,HIGH-RISK
22,Primary,44071,Rural,109,67,11.4,No,None,36,2.1,7,Hospital,HIGH-RISK
24,Secondary,21350,Urban,145,99,12.5,No,Mild,38,2.35,2,Hospital,LOW-RISK
34,Secondary,67150,Urban,116,77,10.2,No,None,40,3.06,3,Hospital,LOW-RISK
25,Secondary,11688,Rural,114,70,11.8,No,None,38,2.92,6,Home,LOW-RISK
30,Primary,4784,Rural,139,78,11.7,Yes,None,36,0.95,8,Hospital,HIGH-RISK
22,Secondary,31351,Urban,107,70,9.3,No,Severe,38,3.23,3,Home,HIGH-RISK
18,Higher,4141,Urban,123,103,13.0,No,None,35,2.21,3,Hospital,HIGH-RISK
19,Primary,8842,Rural,106,57,11.1,No,None,40,3.24,11,Hospital,LOW-RISK
21,Higher,21587,Urban,158,99,11.2,No,Mild,42,3.94,6,Hospital,HIGH-RISK
36,Primary,13962,Rural,154,92,11.3,No,None,34,2.51,4,Home,HIGH-RISK
20,Primary,13123,Urban,116,91,12.2,No,None,39,2.45,4,Hospital,LOW-RISK
29,No Education,6563,Rural,126,84,15.3,No,None,36,3.19,4,Hospital,LOW-RISK
20,Secondary,14887,Rural,118,76,12.6,No,None,38,2.34,5,Clinic,LOW-RISK
30,Secondary,30283,Rural,112,85,13.0,No,None,38,3.84,6,Clinic,LOW-RISK
27,Primary,15211,Rural,119,78,11.6,No,None,35,1.87,1,Hospital,HIGH-RISK
24,Secondary,8388,Urban,117,83,14.9,No,None,41,2.46,9,Hospital,LOW-RISK
24,Primary,6263,Rural,93,83,8.1,No,None,38,4.1,6,Home,LOW-RISK
21,Secondary,8510,Rural,122,78,8.4,No,None,37,3.0,4,Hospital,LOW-RISK
27,Higher,19740,Rural,117,70,11.8,No,None,38,3.69,7,Hospital,LOW-RISK
22,Secondary,19078,Rural,122,69,12.7,No,Mild,36,2.16,4,Clinic,LOW-RISK
18,Secondary,8565,Rural,116,79,6.9,No,None,38,2.75,2,Home,HIGH-RISK
17,Secondary,3191,Urban,112,64,11.5,No,None,33,0.8,6,Hospital,HIGH-RISK
25,Higher,20126,Rural,131,75,11.2,No,None,32,2.56,7,Home,LOW-RISK
33,Primary,8001,Urban,126,67,12.3,No,None,36,2.62,8,Hospital,LOW-RISK
25,Primary,24297,Rural,140,87,11.9,No,None,37,2.74,3,Hospital,LOW-RISK
24,No Education,8835,Rural,125,69,7.7,No,Mild,34,2.78,6,Hospital,HIGH-RISK
26,Secondary,7512,Rural,114,59,9.6,No,Mild,37,2.82,4,Clinic,LOW-RISK
32,Secondary,16697,Urban,127,65,10.0,No,Mild,37,2.28,5,Clinic,HIGH-RISK
26,Secondary,78135,Rural,86,59,12.8,No,None,38,3.0,6,Home,LOW-RISK
22,Primary,25339,Rural,151,79,11.3,No,Mild,40,2.7,4,Hospital,LOW-RISK
31,No Education,16500,Urban,122,79,9.8,No,None,42,3.21,3,Hospital,LOW-RISK
27,Secondary,19283,Rural,152,84,11.8,No,None,39,2.65,3,Clinic,LOW-RISK
33,Higher,4402,Urban,104,75,9.6,No,None,36,2.27,3,Clinic,HIGH-RISK
26,Primary,6837,Rural,100,74,15.0,No,Mild,40,2.5,9,Home,LOW-RISK
18,Primary,2999,Rural,123,85,12.1,No,None,42,2.31,4,Clinic,LOW-RISK
17,Primary,50348,Rural,123,56,12.8,No,Mild,35,2.0,3,Hospital,HIGH-RISK
34,Secondary,43694,Urban,123,64,14.0,No,None,35,2.35,1,Hospital,HIGH-RISK
34,Primary,19747,Urban,120,82,13.0,No,Mild,34,1.75,6,Hospital,HIGH-RISK
24,Primary,16487,Rural,107,74,11.3,No,None,37,2.15,3,Home,HIGH-RISK
22,Secondary,5062,Rural,94,78,11.2,No,None,39,3.23,1,Home,LOW-RISK
33,Primary,12865,Urban,122,60,13.7,No,None,42,2.72,7,Hospital,LOW-RISK
18,Primary,52600,Urban,97,63,10.6,No,None,40,3.22,4,Clinic,LOW-RISK
20,No Education,16445,Rural,95,65,9.6,No,None,39,2.68,0,Hospital,LOW-RISK
28,Higher,10102,Rural,111,74,15.0,No,None,38,2.49,9,Hospital,LOW-RISK
22,Secondary,4381,Urban,124,77,9.8,No,None,39,1.84,9,Clinic,HIGH-RISK
24,Primary,39419,Rural,149,90,8.4,No,None,39,2.18,7,Home,HIGH-RISK
24,No Education,14281,Rural,133,78,13.2,No,None,41,2.32,5,Clinic,LOW-RISK
26,Secondary,4385,Rural,140,97,10.2,No,None,38,2.95,8,Hospital,LOW-RISK
32,Higher,7854,Rural,128,97,12.3,No,None,39,2.74,12,Home,LOW-RISK
25,No Education,6133,Rural,123,64,13.8,No,Severe,37,2.24,3,Home,HIGH-RISK
28,No Education,13678,Urban,158,88,8.9,No,None,38,1.27,3,Hospital,HIGH-RISK
14,No Education,17342,Rural,96,77,10.7,No,Mild,37,3.05,7,Hospital,HIGH-RISK
24,Secondary,10546,Urban,111,79,14.2,No,None,35,2.95,8,Home,LOW-RISK
20,Higher,25841,Rural,112,69,12.7,No,None,40,3.33,2,Hospital,LOW-RISK
18,Secondary,15850,Urban,132,82,11.2,No,None,42,2.27,3,Hospital,HIGH-RISK
20,Primary,31553,Urban,102,53,15.0,No,None,38,3.36,2,Hospital,LOW-RISK
23,Secondary,11681,Urban,130,78,11.3,No,None,39,3.11,4,Hospital,LOW-RISK
30,Secondary,120000,Urban,127,61,12.2,No,None,40,3.11,7,Hospital,LOW-RISK
17,Primary,10103,Rural,131,84,13.6,No,None,38,2.46,4,Hospital,HIGH-RISK
25,Primary,7970,Rural,130,66,12.4,No,None,38,2.73,5,Home,LOW-RISK
22,Primary,7312,Rural,142,84,13.2,No,Severe,37,3.81,6,Hospital,HIGH-RISK
23,Secondary,12940,Rural,117,78,9.9,No,None,37,3.72,3,Hospital,HIGH-RISK
30,Secondary,4501,Rural,126,78,13.7,No,None,39,2.77,7,Clinic,LOW-RISK
27,Secondary,18434,Urban,106,65,11.8,No,None,39,2.91,8,Hospital,LOW-RISK
32,Higher,3952,Rural,102,68,10.2,No,None,40,1.59,4,Home,LOW-RISK
24,Primary,16797,Urban,146,96,11.2,No,Mild,38,3.46,2,Hospital,HIGH-RISK
21,Primary,5825,Urban,105,67,11.3,No,Mild,35,2.77,6,Clinic,LOW-RISK
23,No Education,11486,Urban,128,79,14.8,No,None,41,2.99,2,Hospital,LOW-RISK
26,Higher,22902,Urban,126,71,12.2,No,Severe,36,1.79,8,Hospital,HIGH-RISK
25,Secondary,75254,Rural,136,92,10.1,No,None,36,2.43,7,Home,HIGH-RISK
19,Primary,7052,Urban,91,67,9.1,No,None,37,3.61,6,Home,LOW-RISK
25,No Education,13501,Urban,132,71,11.0,No,None,34,2.61,3,Hospital,LOW-RISK
26,Secondary,9037,Rural,117,75,9.1,No,None,37,4.25,5,Home,LOW-RISK
38,Secondary,8159,Urban,108,70,10.2,Yes,None,40,3.25,3,Hospital,HIGH-RISK
35,Secondary,9093,Rural,113,89,11.1,No,None,37,2.29,7,Hospital,LOW-RISK
20,Primary,26706,Rural,134,79,10.2,No,None,41,2.57,2,Clinic,LOW-RISK
23,Higher,10659,Rural,129,63,12.8,No,None,41,2.41,2,Clinic,LOW-RISK
16,Secondary,72426,Rural,115,80,10.2,No,Severe,40,3.27,2,Hospital,HIGH-RISK
21,Secondary,20070,Urban,99,89,7.1,No,Mild,33,2.76,2,Hospital,HIGH-RISK
26,Secondary,7396,Rural,100,83,8.5,No,None,42,3.74,8,Clinic,HIGH-RISK
31,Higher,11604,Rural,130,66,11.5,No,Mild,37,2.62,5,Hospital,LOW-RISK
20,Higher,8557,Urban,97,66,10.4,No,None,42,3.06,3,Hospital,HIGH-RISK
21,Secondary,26261,Rural,116,74,9.3,No,None,36,3.04,5,Home,HIGH-RISK
14,Secondary,4763,Rural,160,87,15.0,No,Severe,38,3.65,3,Hospital,HIGH-RISK
24,Primary,5867,Urban,125,82,12.3,No,None,38,2.12,11,Home,HIGH-RISK
19,Higher,9914,Rural,129,75,11.4,Yes,None,36,2.93,3,Home,HIGH-RISK
22,Secondary,24194,Urban,101,59,11.9,No,Mild,34,1.43,7,Hospital,HIGH-RISK
20,No Education,35558,Rural,98,80,10.4,Yes,None,32,1.72,7,Hospital,HIGH-RISK
24,No Education,39426,Rural,130,66,8.4,No,None,43,2.08,8,Hospital,HIGH-RISK
15,Higher,21734,Rural,113,65,13.4,No,Mild,34,1.77,6,Clinic,HIGH-RISK
16,Higher,14154,Rural,136,68,13.0,No,None,34,1.5,4,Home,HIGH-RISK
36,Higher,26161,Urban,120,82,7.9,No,None,39,2.15,4,Hospital,HIGH-RISK
17,Secondary,6732,Rural,174,93,11.9,No,Severe,34,1.63,1,Hospital,HIGH-RISK
18,Secondary,4123,Rural,110,82,12.1,No,Mild,34,2.33,4,Hospital,HIGH-RISK
35,Higher,20362,Rural,124,68,10.9,No,Mild,31,2.35,4,Hospital,HIGH-RISK
40,Primary,7419,Urban,105,58,14.6,No,None,39,1.9,6,Hospital,LOW-RISK
18,No Education,14329,Urban,136,76,14.3,No,Mild,35,3.9,2,Clinic,HIGH-RISK
22,Higher,16310,Urban,126,75,10.8,No,None,40,2.53,2,Home,LOW-RISK
26,No Education,17845,Rural,104,73,10.1,No,None,38,2.07,5,Home,LOW-RISK
34,Secondary,28919,Rural,114,55,10.9,No,None,38,3.12,6,Home,LOW-RISK
19,Secondary,26856,Rural,141,87,10.4,No,None,37,2.8,4,Clinic,LOW-RISK
23,Secondary,17193,Urban,139,72,9.8,No,None,37,2.35,7,Hospital,HIGH-RISK
29,Primary,11008,Urban,96,61,12.0,Yes,Severe,36,2.24,6,Clinic,HIGH-RISK
27,Secondary,16175,Rural,112,86,15.0,No,None,36,1.97,4,Hospital,LOW-RISK
22,Primary,9881,Rural,148,60,13.8,No,None,35,2.36,3,Hospital,HIGH-RISK
24,Higher,13073,Urban,116,78,12.9,Yes,None,42,3.61,7,Hospital,LOW-RISK
17,Primary,93763,Rural,122,80,7.2,No,None,37,2.87,3,Hospital,LOW-RISK
23,Secondary,17040,Urban,136,71,8.1,No,None,32,2.86,4,Hospital,HIGH-RISK
23,Secondary,20557,Rural,98,65,13.4,No,Mild,39,2.51,2,Clinic,LOW-RISK
26,Primary,9154,Rural,104,84,14.1,No,None,36,2.45,6,Clinic,HIGH-RISK
21,Primary,30633,Urban,114,95,12.0,No,None,38,2.38,4,Clinic,LOW-RISK
27,Secondary,25539,Rural,138,93,10.9,No,None,37,2.35,3,Hospital,HIGH-RISK
30,No Education,25666,Rural,135,101,13.5,No,None,42,2.57,8,Clinic,LOW-RISK
25,Primary,17434,Rural,131,71,12.5,No,None,37,2.42,3,Home,HIGH-RISK
26,Secondary,30937,Rural,117,57,13.5,No,None,40,3.37,2,Home,LOW-RISK
25,Higher,36533,Rural,137,80,8.2,No,None,40,3.12,5,Hospital,HIGH-RISK
25,Secondary,18287,Urban,117,83,12.1,No,None,35,1.09,2,Clinic,HIGH-RISK
21,Primary,13843,Rural,128,58,14.2,Yes,None,38,3.75,5,Home,LOW-RISK
26,Higher,28057,Rural,134,69,12.4,No,None,36,2.87,8,Home,LOW-RISK
24,Secondary,7965,Urban,146,75,13.2,No,None,35,2.96,3,Hospital,HIGH-RISK
36,Secondary,9074,Rural,118,79,11.6,No,None,35,2.38,3,Hospital,HIGH-RISK
33,Secondary,14450,Rural,113,76,11.7,No,None,40,1.98,6,Hospital,LOW-RISK
27,Primary,4433,Urban,140,73,13.2,No,None,43,2.07,3,Hospital,HIGH-RISK
20,Primary,26772,Rural,141,83,10.3,No,None,36,2.99,5,Hospital,HIGH-RISK
18,Secondary,7644,Urban,110,60,10.1,No,None,39,1.9,5,Hospital,HIGH-RISK
31,No Education,10783,Rural,101,65,10.0,No,Mild,39,2.0,9,Home,HIGH-RISK
26,Secondary,12919,Rural,139,68,11.5,Yes,None,37,2.56,5,Clinic,LOW-RISK
27,Primary,15418,Rural,93,66,8.0,No,Severe,42,2.04,3,Clinic,HIGH-RISK
15,Primary,11792,Rural,92,59,12.4,No,None,43,3.09,1,Hospital,HIGH-RISK
30,No Education,14309,Urban,115,82,10.4,No,Mild,37,3.14,3,Hospital,LOW-RISK
27,Secondary,14386,Rural,119,75,13.0,No,Severe,42,3.03,6,Hospital,HIGH-RISK
18,Secondary,10969,Rural,101,67,7.7,No,None,37,2.46,6,Clinic,LOW-RISK
22,Primary,8730,Urban,121,95,12.0,No,None,36,2.38,4,Hospital,HIGH-RISK
26,Primary,31979,Rural,122,81,13.2,No,None,38,3.78,5,Hospital,LOW-RISK
25,Primary,3438,Rural,110,68,11.6,No,None,40,2.01,7,Clinic,LOW-RISK
23,Higher,12988,Rural,150,78,11.6,No,Mild,38,3.41,4,Clinic,LOW-RISK
24,Primary,10802,Rural,124,64,12.9,No,None,40,3.24,5,Hospital,LOW-RISK
23,Secondary,20109,Rural,136,80,13.8,No,Mild,39,2.74,2,Home,LOW-RISK
25,Primary,5419,Rural,94,71,11.5,Yes,Mild,41,2.89,6,Hospital,LOW-RISK
33,Primary,10571,Rural,94,50,12.5,No,None,39,3.0,5,Hospital,LOW-RISK
14,Secondary,13962,Rural,125,62,14.5,No,None,42,2.26,9,Home,HIGH-RISK
23,Secondary,31724,Rural,147,78,12.9,No,Mild,36,1.45,4,Clinic,HIGH-RISK
25,No Education,18926,Rural,101,57,9.3,No,None,37,3.3,3,Hospital,HIGH-RISK
26,Higher,6550,Rural,120,76,13.8,No,Mild,38,2.12,4,Home,LOW-RISK
22,No Education,10663,Urban,98,72,10.4,No,None,36,1.58,4,Hospital,HIGH-RISK
15,Primary,27890,Urban,106,70,10.9,No,None,35,1.77,7,Clinic,HIGH-RISK
26,Primary,6472,Rural,121,82,11.4,No,None,39,2.96,5,Hospital,LOW-RISK
34,Secondary,14196,Urban,110,66,13.2,No,None,40,2.53,9,Hospital,LOW-RISK
16,Secondary,14904,Rural,97,68,14.6,No,None,38,2.4,5,Hospital,LOW-RISK
29,No Education,11450,Rural,96,57,11.0,Yes,Mild,41,3.32,10,Hospital,LOW-RISK
23,Higher,98995,Rural,87,69,14.6,No,None,35,2.4,4,Hospital,LOW-RISK
24,Secondary,11236,Rural,125,78,11.8,No,Severe,37,2.36,5,Hospital,HIGH-RISK
19,Higher,20550,Rural,127,64,14.0,No,Mild,35,2.41,7,Hospital,HIGH-RISK
23,Higher,8772,Rural,127,76,11.9,No,Mild,38,2.83,1,Home,LOW-RISK
32,Higher,21703,Rural,103,70,10.6,No,Severe,39,2.82,5,Hospital,HIGH-RISK
28,Secondary,27594,Rural,134,83,15.0,No,Mild,41,3.04,5,Hospital,LOW-RISK
34,Primary,9939,Urban,129,82,9.5,No,None,35,2.31,2,Clinic,HIGH-RISK
31,Secondary,14436,Urban,118,68,10.3,No,None,39,3.26,5,Clinic,LOW-RISK
27,Secondary,8015,Rural,115,83,9.2,No,None,42,2.01,2,Hospital,HIGH-RISK
34,Secondary,6732,Urban,107,77,13.8,No,None,35,2.91,6,Home,LOW-RISK
27,Secondary,30994,Rural,121,68,14.2,No,Mild,35,1.74,2,Hospital,HIGH-RISK
29,No Education,10178,Rural,143,70,12.1,No,None,34,1.65,6,Hospital,HIGH-RISK
23,Higher,2999,Urban,136,73,9.7,No,Mild,40,2.37,5,Clinic,LOW-RISK
25,Primary,51614,Rural,113,57,11.3,No,None,36,2.01,8,Clinic,HIGH-RISK
21,Higher,8555,Urban,126,80,11.0,No,Severe,39,2.4,3,Home,HIGH-RISK
30,Primary,12623,Rural,100,83,9.4,No,None,37,2.27,4,Home,LOW-RISK
18,No Education,47308,Rural,129,94,10.0,No,None,43,3.36,7,Clinic,LOW-RISK
29,Higher,13583,Urban,104,59,12.4,Yes,Severe,40,2.32,5,Clinic,HIGH-RISK
23,Higher,13379,Urban,129,87,10.4,No,None,36,1.25,4,Hospital,HIGH-RISK
31,Secondary,6349,Rural,165,90,12.0,No,Mild,37,2.61,8,Clinic,LOW-RISK
29,Higher,4776,Urban,108,50,8.3,Yes,None,40,3.92,6,Clinic,HIGH-RISK
35,Primary,13350,Rural,164,85,14.4,No,Mild,35,1.52,1,Home,HIGH-RISK
29,Higher,19336,Rural,125,73,10.8,No,None,41,2.31,3,Hospital,HIGH-RISK
16,Primary,18576,Urban,106,85,12.8,No,Mild,37,2.58,6,Hospital,LOW-RISK
24,Secondary,10709,Urban,105,62,11.8,No,None,40,3.65,2,Home,LOW-RISK
18,Secondary,15214,Urban,155,93,12.2,No,None,38,2.6,3,Clinic,HIGH-RISK
22,No Education,4145,Rural,125,76,8.7,No,None,37,2.24,0,Hospital,HIGH-RISK
33,Secondary,20700,Rural,108,57,10.1,No,None,36,2.68,5,Hospital,LOW-RISK
28,Secondary,16794,Urban,114,67,10.2,Yes,None,42,2.96,8,Home,LOW-RISK
21,Primary,59716,Rural,124,93,10.9,No,None,37,3.07,4,Clinic,LOW-RISK
19,Higher,15078,Rural,117,73,13.9,No,Mild,43,2.22,8,Clinic,LOW-RISK
25,Secondary,7753,Rural,123,86,12.3,No,None,38,2.49,3,Hospital,HIGH-RISK
18,Primary,14476,Urban,146,93,9.4,No,None,36,3.01,5,Hospital,HIGH-RISK
21,Secondary,11924,Urban,99,65,11.7,Yes,None,34,2.33,7,Home,HIGH-RISK
26,Primary,20335,Urban,128,64,11.3,No,None,41,3.24,3,Clinic,LOW-RISK
31,No Education,15285,Rural,116,62,10.7,No,Mild,38,2.77,7,Hospital,LOW-RISK
28,Secondary,6209,Rural,110,88,11.5,No,Severe,40,3.38,7,Hospital,LOW-RISK
14,No Education,4773,Urban,135,82,12.8,No,None,43,2.96,5,Hospital,LOW-RISK
26,No Education,18030,Urban,94,50,10.0,No,Severe,40,2.51,5,Hospital,HIGH-RISK
25,Secondary,39497,Rural,80,73,10.9,No,None,39,3.21,4,Hospital,LOW-RISK
27,No Education,15856,Urban,121,56,13.1,No,None,41,2.32,4,Hospital,LOW-RISK
33,Higher,26505,Rural,115,65,12.3,No,None,40,3.65,1,Home,LOW-RISK
14,Secondary,30478,Rural,96,69,13.8,No,None,35,3.0,3,Home,HIGH-RISK
21,No Education,18079,Urban,90,94,13.7,No,Severe,41,2.64,7,Hospital,LOW-RISK
28,Secondary,8481,Rural,148,93,9.1,No,None,38,2.7,4,Hospital,HIGH-RISK
16,No Education,17197,Urban,125,72,11.7,No,None,42,2.87,3,Hospital,LOW-RISK
33,Secondary,34917,Rural,118,76,10.6,No,None,39,2.7,4,Hospital,LOW-RISK
27,No Education,21736,Urban,153,96,9.3,No,None,41,3.53,5,Clinic,HIGH-RISK
29,Higher,25325,Rural,134,95,10.1,No,None,37,2.5,5,Hospital,LOW-RISK
21,Primary,10851,Rural,146,81,10.2,No,None,34,1.41,4,Home,HIGH-RISK
29,Secondary,13018,Urban,99,67,11.0,No,Mild,39,2.66,4,Hospital,LOW-RISK
30,No Education,13803,Rural,98,60,9.6,No,None,40,3.21,1,Clinic,LOW-RISK
26,Primary,14470,Rural,127,85,11.1,No,None,37,3.36,8,Home,LOW-RISK
26,Secondary,33974,Rural,124,88,15.9,No,None,37,2.86,4,Hospital,LOW-RISK
26,Secondary,2999,Urban,137,59,8.4,No,Severe,32,2.24,9,Home,HIGH-RISK
20,Higher,15324,Urban,91,62,13.5,No,Severe,38,2.78,5,Clinic,HIGH-RISK
24,No Education,14188,Urban,129,65,10.6,No,Severe,35,2.19,4,Hospital,HIGH-RISK
24,No Education,5743,Rural,133,81,9.7,No,None,39,1.53,3,Hospital,HIGH-RISK
27,Primary,24005,Rural,132,66,7.5,Yes,None,39,2.33,2,Hospital,HIGH-RISK
30,Primary,9033,Urban,111,58,12.2,No,Mild,38,3.08,5,Clinic,LOW-RISK
19,Higher,11682,Rural,126,90,8.9,No,None,41,2.65,2,Home,LOW-RISK
24,Higher,54718,Urban,105,70,13.0,Yes,None,39,2.63,6,Hospital,LOW-RISK
33,Higher,30417,Rural,113,73,14.6,No,Severe,38,3.41,9,Hospital,LOW-RISK
20,No Education,22425,Rural,101,74,8.3,No,None,39,2.27,2,Home,HIGH-RISK
20,Secondary,19581,Rural,105,82,13.6,No,None,37,2.32,0,Home,HIGH-RISK
26,Secondary,13366,Rural,114,69,11.5,No,None,40,2.98,9,Clinic,LOW-RISK
29,Primary,60801,Urban,110,68,6.9,No,None,36,1.66,3,Hospital,HIGH-RISK
25,Secondary,26299,Rural,105,67,9.3,No,Severe,39,2.41,8,Hospital,HIGH-RISK
32,Primary,8876,Rural,97,80,11.6,No,None,41,3.65,3,Clinic,LOW-RISK
29,Primary,5629,Urban,149,84,11.6,No,None,35,1.98,1,Hospital,HIGH-RISK
29,Higher,22305,Rural,109,69,8.7,No,None,35,2.05,4,Home,HIGH-RISK
28,Primary,14424,Rural,123,81,11.2,No,None,35,2.34,6,Clinic,HIGH-RISK
37,Higher,5516,Rural,89,87,13.0,No,Mild,43,2.77,2,Hospital,LOW-RISK
23,Primary,20248,Rural,139,82,13.0,Yes,None,36,1.5,6,Home,HIGH-RISK
14,No Education,12425,Urban,120,73,10.2,No,None,35,3.42,5,Clinic,LOW-RISK
33,Primary,21747,Rural,110,94,12.3,No,None,39,2.36,2,Clinic,LOW-RISK
22,Primary,20435,Rural,111,87,13.2,No,None,31,2.31,2,Clinic,HIGH-RISK
25,Secondary,9798,Urban,131,92,13.0,No,None,36,2.68,4,Home,HIGH-RISK
32,No Education,23360,Rural,80,58,13.0,No,Severe,42,3.99,9,Home,LOW-RISK
16,Secondary,10585,Urban,104,64,11.7,Yes,Mild,36,2.18,5,Home,HIGH-RISK
18,Higher,11078,Urban,116,54,11.3,No,None,37,2.29,3,Home,HIGH-RISK
16,Primary,10334,Rural,115,85,11.0,No,Mild,39,3.07,5,Clinic,LOW-RISK
20,Primary,33106,Urban,158,88,9.9,No,Mild,39,3.95,4,Home,HIGH-RISK
27,Secondary,12325,Rural,112,54,13.5,No,Mild,37,2.87,5,Hospital,LOW-RISK
27,Secondary,39203,Rural,133,93,8.7,No,Mild,39,2.64,5,Hospital,LOW-RISK
26,Secondary,52273,Rural,146,80,10.6,No,Severe,42,3.02,5,Hospital,HIGH-RISK
17,No Education,8943,Urban,128,76,10.6,No,None,35,1.27,10,Hospital,HIGH-RISK
14,Secondary,2999,Rural,107,55,12.3,No,None,37,2.46,6,Hospital,LOW-RISK
25,Secondary,31162,Rural,97,74,12.7,No,Severe,38,1.8,7,Hospital,HIGH-RISK
22,Primary,11806,Rural,129,84,13.3,No,None,40,2.6,5,Hospital,LOW-RISK
27,No Education,8180,Urban,144,82,11.1,No,None,38,2.52,5,Hospital,LOW-RISK
28,Higher,9933,Urban,126,73,10.2,No,None,38,1.35,5,Hospital,HIGH-RISK
25,Primary,11219,Rural,137,109,11.1,No,None,34,2.42,2,Hospital,HIGH-RISK
29,Primary,37191,Urban,159,74,10.1,No,Severe,35,2.7,9,Hospital,HIGH-RISK
26,No Education,16776,Rural,131,71,11.8,Yes,None,38,2.69,2,Hospital,LOW-RISK
27,Secondary,36839,Rural,100,77,9.6,No,None,37,1.96,2,Clinic,HIGH-RISK
21,Secondary,21200,Rural,118,64,11.2,No,None,37,3.5,3,Home,LOW-RISK
24,Primary,12080,Rural,139,70,13.8,No,Severe,38,3.84,6,Clinic,LOW-RISK
26,Secondary,11413,Rural,114,86,11.8,No,None,43,3.02,2,Home,HIGH-RISK
29,Secondary,22224,Rural,142,89,9.6,No,Severe,37,2.61,3,Hospital,HIGH-RISK
22,Primary,26638,Rural,116,80,10.3,No,None,41,2.61,4,Hospital,LOW-RISK
27,Higher,30138,Urban,123,79,7.5,No,Severe,41,3.04,2,Home,HIGH-RISK
23,Primary,12490,Rural,112,66,11.1,Yes,None,40,2.85,5,Clinic,LOW-RISK
24,Primary,16957,Rural,120,73,13.5,No,Mild,36,2.37,8,Home,HIGH-RISK
29,Higher,22575,Rural,121,75,9.4,No,None,38,3.05,3,Hospital,LOW-RISK
14,Higher,11464,Urban,92,77,8.9,Yes,None,37,2.39,9,Hospital,HIGH-RISK
17,Primary,6777,Urban,110,77,9.6,No,None,43,2.35,8,Clinic,HIGH-RISK
16,Higher,8530,Rural,98,59,13.2,No,Mild,39,2.65,7,Clinic,LOW-RISK
14,Secondary,12671,Urban,111,81,14.6,No,None,37,3.06,7,Hospital,LOW-RISK
21,Primary,23845,Rural,105,53,11.6,No,None,42,1.94,1,Home,LOW-RISK
29,Higher,36209,Rural,134,76,9.2,No,None,37,2.67,1,Home,HIGH-RISK
23,Secondary,5805,Urban,134,67,11.5,No,Mild,39,2.78,9,Hospital,LOW-RISK
26,Primary,9874,Urban,126,68,14.1,No,None,40,2.53,9,Hospital,LOW-RISK
30,Secondary,11676,Rural,97,90,10.9,No,None,39,3.57,6,Home,LOW-RISK
32,Primary,26163,Urban,116,58,11.7,No,None,38,3.48,4,Clinic,LOW-RISK
24,No Education,10364,Rural,96,59,11.3,No,None,40,3.03,6,Hospital,LOW-RISK
32,Higher,11103,Rural,115,80,8.7,No,None,36,3.07,6,Home,HIGH-RISK
25,Secondary,5582,Rural,128,73,13.3,No,None,41,3.28,5,Clinic,LOW-RISK
20,Secondary,21040,Rural,133,81,13.0,No,Severe,37,2.87,2,Hospital,HIGH-RISK
21,Secondary,13397,Urban,125,93,7.9,No,None,41,2.54,5,Clinic,LOW-RISK
16,Secondary,9489,Rural,138,89,9.1,No,None,41,2.58,3,Home,HIGH-RISK
20,Primary,12508,Urban,122,71,9.3,No,None,39,3.01,5,Hospital,LOW-RISK
23,Higher,33014,Urban,114,72,12.8,No,None,38,2.6,5,Hospital,LOW-RISK
29,Secondary,7423,Rural,131,84,10.1,No,None,41,1.97,6,Hospital,HIGH-RISK
34,Secondary,8321,Urban,132,86,12.2,No,None,39,2.59,8,Hospital,LOW-RISK
17,Secondary,36039,Urban,109,73,11.2,No,Mild,30,2.85,10,Hospital,HIGH-RISK
27,Primary,15817,Rural,124,80,11.2,Yes,None,36,1.16,4,Hospital,HIGH-RISK
19,No Education,23971,Urban,113,77,11.9,No,Mild,38,3.57,3,Clinic,LOW-RISK
27,Primary,19871,Urban,85,64,11.1,No,Severe,39,3.12,3,Home,HIGH-RISK
24,Primary,14633,Rural,125,71,10.6,No,Severe,40,2.67,4,Clinic,LOW-RISK
14,Secondary,11754,Rural,97,77,12.1,No,None,42,2.96,4,Hospital,LOW-RISK
30,Higher,26846,Rural,123,80,11.9,No,None,39,3.33,7,Hospital,LOW-RISK
21,Primary,33841,Rural,93,50,10.2,No,Severe,33,2.27,6,Clinic,HIGH-RISK
22,Primary,32039,Rural,106,62,10.1,No,Mild,38,3.32,5,Home,HIGH-RISK
19,Secondary,6541,Urban,111,67,14.9,Yes,None,41,3.27,4,Home,LOW-RISK
21,No Education,37393,Rural,137,78,10.0,No,Mild,38,2.9,0,Home,LOW-RISK
27,Higher,11675,Urban,109,86,14.0,No,Mild,39,2.19,6,Hospital,LOW-RISK
23,Primary,8842,Rural,100,105,10.0,No,Mild,37,2.75,4,Hospital,LOW-RISK
26,No Education,13323,Rural,123,51,12.8,No,None,40,1.68,3,Home,HIGH-RISK
26,Primary,26838,Urban,114,77,14.1,No,None,37,3.05,3,Hospital,LOW-RISK
32,Higher,21897,Rural,130,79,10.9,No,Mild,39,2.57,7,Hospital,LOW-RISK
23,Primary,12544,Rural,101,68,9.4,No,None,39,2.46,2,Hospital,HIGH-RISK
16,Secondary,26961,Urban,121,81,10.7,No,Mild,38,3.16,5,Clinic,HIGH-RISK
30,Primary,16542,Rural,157,88,10.8,No,None,39,2.1,0,Hospital,HIGH-RISK
23,Primary,10043,Rural,114,70,11.2,No,None,39,2.86,7,Clinic,LOW-RISK
31,Higher,9137,Urban,120,76,11.4,No,Mild,41,2.61,5,Hospital,LOW-RISK
27,No Education,19989,Urban,91,73,10.3,No,None,40,2.7,4,Home,LOW-RISK
24,No Education,14158,Rural,104,76,14.6,No,None,41,2.96,6,Hospital,LOW-RISK
26,Secondary,5727,Rural,125,80,11.1,Yes,Mild,36,3.39,3,Hospital,HIGH-RISK
35,Higher,27141,Rural,112,67,10.4,No,Mild,36,2.7,5,Clinic,HIGH-RISK
36,Primary,10717,Rural,127,109,12.1,No,Mild,38,3.55,6,Clinic,LOW-RISK
25,No Education,45719,Rural,124,80,12.4,No,None,40,3.57,8,Hospital,LOW-RISK
25,Higher,5617,Urban,96,77,14.0,No,None,39,3.22,4,Home,LOW-RISK
30,Secondary,13217,Urban,134,74,15.0,No,None,36,1.29,5,Clinic,HIGH-RISK
20,Higher,9189,Rural,98,72,12.1,No,None,40,2.67,2,Hospital,LOW-RISK
26,Secondary,7578,Rural,105,73,11.0,No,None,36,1.4,2,Clinic,HIGH-RISK
24,Secondary,10668,Rural,121,54,8.1,No,None,40,4.38,3,Clinic,LOW-RISK
26,Primary,51802,Rural,143,75,9.6,No,None,39,2.25,5,Hospital,HIGH-RISK
20,Primary,16583,Urban,101,61,11.9,No,None,37,1.98,8,Home,LOW-RISK
16,Secondary,8618,Rural,120,69,9.4,No,Mild,37,1.28,6,Clinic,HIGH-RISK
14,Secondary,4170,Rural,120,64,8.6,No,Severe,38,2.23,3,Hospital,HIGH-RISK
18,Higher,4495,Rural,128,79,11.6,No,None,38,2.87,5,Hospital,LOW-RISK
22,Secondary,10303,Urban,136,96,12.9,No,Mild,35,3.02,8,Clinic,HIGH-RISK
23,Primary,9626,Urban,111,74,10.8,No,None,40,2.21,5,Hospital,HIGH-RISK
35,Secondary,12822,Rural,134,67,13.1,No,None,41,3.44,7,Home,LOW-RISK
31,Secondary,3057,Rural,139,70,12.6,No,None,40,2.76,4,Home,LOW-RISK
19,Secondary,14067,Rural,146,79,13.6,No,Mild,39,2.53,6,Hospital,LOW-RISK
26,Secondary,30798,Rural,126,62,15.4,No,None,37,2.9,4,Hospital,LOW-RISK
22,Secondary,46713,Rural,120,79,16.2,No,None,38,3.58,3,Clinic,LOW-RISK
23,No Education,3982,Urban,110,87,12.8,No,None,38,2.83,10,Clinic,LOW-RISK
26,Secondary,8559,Rural,94,61,10.7,No,None,38,2.19,4,Clinic,LOW-RISK
28,Secondary,8248,Rural,113,74,11.6,No,None,40,3.03,5,Clinic,LOW-RISK
23,Higher,16610,Rural,119,71,14.3,No,None,38,3.02,0,Home,LOW-RISK
30,Secondary,6386,Urban,116,68,9.9,No,Mild,33,2.43,7,Hospital,HIGH-RISK
18,Secondary,48697,Rural,127,80,14.1,No,None,40,3.36,5,Home,LOW-RISK
25,Secondary,15464,Urban,94,60,11.2,No,None,39,1.54,5,Home,LOW-RISK
39,Secondary,13761,Rural,115,66,11.9,No,Mild,38,3.0,3,Home,HIGH-RISK
26,No Education,45738,Rural,149,67,9.0,No,None,35,2.96,11,Clinic,HIGH-RISK
32,Higher,14832,Rural,133,80,9.1,No,Mild,36,1.61,1,Hospital,HIGH-RISK
25,Higher,19851,Rural,127,89,11.0,No,None,36,1.44,2,Hospital,HIGH-RISK
28,Secondary,8868,Rural,124,84,13.8,No,None,37,3.35,1,Hospital,LOW-RISK
24,Secondary,5747,Urban,112,90,10.2,No,Mild,37,3.45,4,Clinic,LOW-RISK
24,No Education,9784,Urban,89,59,14.2,No,Severe,35,3.27,4,Hospital,HIGH-RISK
20,Secondary,69333,Rural,125,87,10.5,Yes,None,43,2.42,7,Home,HIGH-RISK
27,Secondary,23363,Rural,80,51,9.6,No,None,42,2.91,6,Hospital,LOW-RISK
20,Secondary,18178,Rural,112,81,12.0,No,Mild,39,2.98,4,Home,LOW-RISK
28,No Education,7572,Rural,117,93,12.5,No,None,38,1.86,7,Home,LOW-RISK
30,Secondary,28386,Urban,110,78,11.8,Yes,Mild,43,2.89,4,Home,LOW-RISK
27,Primary,5798,Rural,152,104,11.1,No,None,42,2.88,2,Hospital,HIGH-RISK
23,Secondary,5008,Rural,147,77,14.4,No,None,36,2.56,2,Hospital,HIGH-RISK
27,Secondary,10143,Rural,134,78,11.7,No,None,39,2.49,4,Hospital,LOW-RISK
23,Primary,58920,Rural,103,60,9.8,No,None,38,3.49,8,Home,LOW-RISK
30,Secondary,56632,Urban,148,85,9.5,Yes,Mild,37,2.84,4,Clinic,HIGH-RISK
14,Higher,10937,Urban,127,80,13.8,No,None,38,3.74,5,Hospital,LOW-RISK
23,Secondary,9356,Urban,102,71,10.7,No,None,38,3.21,6,Hospital,LOW-RISK
14,No Education,4757,Rural,118,70,10.7,Yes,None,39,2.95,7,Hospital,LOW-RISK
16,Secondary,15842,Urban,133,74,13.4,No,None,39,2.15,5,Clinic,LOW-RISK
32,Primary,16801,Urban,108,76,15.0,No,None,42,2.07,6,Hospital,LOW-RISK
29,Secondary,26068,Rural,120,74,12.0,No,None,36,2.92,4,Hospital,LOW-RISK
21,Secondary,28376,Rural,123,64,11.3,No,None,40,3.28,6,Clinic,LOW-RISK
16,No Education,13063,Rural,100,50,11.2,No,Mild,35,1.84,3,Hospital,HIGH-RISK
14,Secondary,22137,Rural,113,67,10.7,No,None,39,2.57,4,Hospital,LOW-RISK
22,Secondary,9185,Urban,101,54,10.9,No,Severe,41,2.92,2,Home,HIGH-RISK
38,Secondary,21845,Urban,131,69,10.9,No,None,39,2.06,3,Hospital,HIGH-RISK
27,No Education,10516,Rural,103,66,12.6,No,None,37,2.54,3,Hospital,LOW-RISK
21,Primary,20690,Rural,122,75,11.2,No,None,39,3.14,10,Hospital,LOW-RISK
27,Secondary,19550,Rural,95,61,13.9,No,Severe,42,3.21,6,Hospital,LOW-RISK
16,Primary,15740,Rural,99,94,11.3,No,None,37,2.6,2,Home,HIGH-RISK
23,Secondary,26159,Urban,99,56,10.8,No,None,39,3.68,4,Hospital,LOW-RISK
25,No Education,4996,Rural,113,87,13.8,No,None,40,3.37,6,Hospital,LOW-RISK
24,No Education,7117,Urban,120,74,10.5,No,None,37,2.38,5,Hospital,HIGH-RISK
29,Secondary,12416,Rural,123,69,11.3,Yes,None,42,2.1,5,Hospital,HIGH-RISK
26,Primary,5461,Rural,89,73,10.9,Yes,Mild,43,3.13,9,Hospital,LOW-RISK
28,Secondary,11282,Urban,115,70,14.1,No,None,41,2.55,5,Hospital,LOW-RISK
21,No Education,11539,Rural,105,63,11.2,No,Mild,41,2.45,7,Clinic,LOW-RISK
29,Secondary,37518,Rural,126,97,13.7,No,Mild,34,2.39,7,Hospital,HIGH-RISK
33,Primary,16573,Rural,113,50,10.3,No,None,35,2.94,7,Home,HIGH-RISK
19,Secondary,30835,Urban,116,72,13.5,No,None,38,3.24,2,Home,LOW-RISK
20,Secondary,18526,Rural,106,74,11.9,Yes,Severe,36,2.13,6,Hospital,HIGH-RISK
32,Primary,10309,Rural,145,99,12.2,No,None,40,1.54,4,Home,HIGH-RISK
23,Secondary,16471,Urban,97,64,13.2,No,None,31,2.6,3,Hospital,HIGH-RISK
32,Primary,24994,Rural,111,102,9.4,No,None,40,2.36,3,Hospital,HIGH-RISK
22,Secondary,34585,Urban,119,84,11.6,No,None,38,2.97,2,Hospital,LOW-RISK
33,No Education,13673,Rural,113,50,12.4,No,Mild,37,2.73,10,Clinic,LOW-RISK
25,Secondary,4734,Urban,105,56,13.5,No,Mild,43,4.03,8,Hospital,LOW-RISK
26,Primary,4506,Rural,89,69,12.8,No,None,37,3.93,3,Clinic,LOW-RISK
33,Higher,11936,Rural,106,59,11.7,No,None,34,2.18,1,Hospital,HIGH-RISK
23,Secondary,2999,Rural,102,77,14.3,No,None,39,2.06,8,Clinic,LOW-RISK
19,Secondary,52700,Rural,144,78,10.3,No,None,39,2.1,5,Hospital,HIGH-RISK
22,Primary,22780,Rural,154,72,8.3,No,None,38,2.95,5,Clinic,LOW-RISK
27,Primary,9612,Urban,117,64,10.2,No,None,43,2.5,6,Home,LOW-RISK
16,Primary,6898,Rural,95,78,12.7,No,Mild,39,2.19,5,Hospital,LOW-RISK
28,Higher,30806,Rural,129,56,9.5,No,None,41,2.51,3,Hospital,LOW-RISK
22,Secondary,6879,Urban,102,82,8.9,No,None,39,3.05,3,Hospital,LOW-RISK
31,No Education,7354,Rural,109,84,7.7,No,Mild,41,2.76,5,Hospital,LOW-RISK
14,Secondary,8774,Urban,107,68,12.8,No,None,37,2.53,3,Hospital,LOW-RISK
20,Secondary,16247,Rural,109,57,8.9,No,None,35,2.05,3,Clinic,HIGH-RISK
15,No Education,23164,Rural,112,80,12.5,No,Severe,40,2.71,7,Clinic,LOW-RISK
20,Secondary,34567,Rural,96,63,10.9,No,None,39,2.92,9,Hospital,LOW-RISK
26,No Education,31172,Rural,106,55,9.3,No,None,40,2.95,6,Hospital,LOW-RISK
24,Primary,15008,Rural,134,101,9.6,No,Mild,36,1.5,7,Clinic,HIGH-RISK
23,Secondary,30643,Rural,117,65,11.9,No,None,39,2.89,4,Clinic,LOW-RISK
24,Primary,9377,Rural,120,59,9.2,No,None,34,1.99,5,Hospital,HIGH-RISK
26,Higher,4193,Rural,82,68,11.5,Yes,None,37,2.24,3,Hospital,HIGH-RISK
19,Secondary,9376,Urban,133,79,12.2,No,None,36,1.94,3,Hospital,HIGH-RISK
28,Higher,8530,Urban,107,88,12.6,No,None,39,3.44,8,Hospital,LOW-RISK
28,Secondary,9637,Urban,135,76,13.2,No,Mild,37,3.24,6,Clinic,LOW-RISK
27,Higher,7663,Rural,120,71,11.8,No,None,35,2.45,6,Hospital,HIGH-RISK
28,Primary,10862,Rural,109,76,8.7,No,None,37,2.31,3,Hospital,HIGH-RISK
26,Secondary,23151,Urban,91,69,12.3,No,None,39,2.05,6,Hospital,LOW-RISK
36,Secondary,49835,Rural,152,88,12.7,No,None,38,2.28,9,Hospital,HIGH-RISK
24,Higher,4483,Urban,130,81,11.2,No,Mild,36,2.6,8,Clinic,LOW-RISK
23,Primary,6089,Rural,131,80,10.7,No,Mild,40,2.82,5,Hospital,HIGH-RISK
20,Secondary,8619,Rural,147,79,16.0,No,None,42,2.44,9,Hospital,LOW-RISK
19,Secondary,25637,Rural,121,85,9.2,No,None,40,3.28,4,Clinic,LOW-RISK
18,Primary,12995,Urban,139,78,11.8,No,None,32,2.57,9,Clinic,LOW-RISK
20,Higher,9035,Rural,110,81,13.4,No,None,39,1.34,6,Home,HIGH-RISK
24,Primary,24773,Rural,129,94,9.9,No,None,38,2.86,2,Hospital,LOW-RISK
26,Primary,29298,Urban,107,64,10.9,No,None,33,2.89,7,Hospital,LOW-RISK
25,Secondary,14804,Rural,109,99,10.8,No,None,35,2.46,5,Clinic,HIGH-RISK
20,Secondary,8471,Rural,119,68,11.5,No,None,40,3.12,4,Hospital,LOW-RISK
29,No Education,18124,Rural,97,61,12.3,No,None,38,2.66,12,Hospital,LOW-RISK
29,No Education,12740,Rural,123,82,10.8,No,None,38,2.76,5,Clinic,LOW-RISK
24,Primary,12671,Rural,113,78,16.5,No,None,36,1.99,9,Home,HIGH-RISK
21,Secondary,10478,Rural,86,66,10.7,No,Mild,41,2.9,2,Home,HIGH-RISK
28,Higher,28661,Rural,110,82,14.0,No,None,35,2.26,3,Clinic,HIGH-RISK
26,Secondary,17867,Urban,112,76,12.5,No,None,36,3.0,4,Hospital,LOW-RISK
17,No Education,30970,Rural,131,101,10.8,No,Mild,37,3.58,7,Clinic,LOW-RISK
24,Secondary,38224,Urban,122,76,14.1,No,None,34,2.01,8,Hospital,HIGH-RISK
26,Higher,20683,Rural,141,72,8.6,Yes,None,36,1.67,2,Home,HIGH-RISK
20,Secondary,10522,Rural,126,71,12.3,No,None,41,2.06,5,Home,HIGH-RISK
26,Primary,31071,Urban,109,78,9.7,No,None,36,2.69,2,Home,HIGH-RISK
16,No Education,20780,Rural,117,80,10.7,No,None,40,3.12,2,Clinic,HIGH-RISK
32,Higher,92796,Urban,112,76,10.6,No,Severe,40,3.03,4,Home,HIGH-RISK
31,Higher,18636,Rural,125,68,9.8,No,None,38,3.07,5,Clinic,LOW-RISK
23,No Education,24445,Rural,118,88,8.0,No,None,34,1.83,7,Clinic,HIGH-RISK
26,Higher,18381,Rural,107,93,12.2,No,None,38,1.71,5,Home,LOW-RISK
14,No Education,13994,Rural,118,76,11.1,No,Mild,33,2.15,4,Clinic,HIGH-RISK
18,No Education,12514,Rural,125,97,10.1,No,None,37,3.71,6,Hospital,LOW-RISK
23,Secondary,18430,Rural,101,79,12.9,No,Mild,39,2.95,11,Hospital,LOW-RISK
19,Secondary,21603,Urban,123,101,12.3,No,None,40,3.03,3,Hospital,LOW-RISK
28,Secondary,33653,Rural,92,73,11.0,No,Mild,38,3.3,4,Home,LOW-RISK
35,Higher,18620,Urban,135,82,17.0,No,Mild,36,2.04,0,Home,HIGH-RISK
18,Higher,10848,Urban,126,87,13.3,No,None,36,2.21,3,Clinic,HIGH-RISK
20,No Education,11932,Urban,144,78,15.1,No,Severe,37,3.08,4,Hospital,HIGH-RISK
26,Secondary,5941,Rural,100,74,10.8,No,Severe,40,2.29,3,Hospital,HIGH-RISK
33,Secondary,47985,Rural,136,95,11.9,No,None,39,3.0,3,Hospital,LOW-RISK
18,Secondary,10270,Urban,132,89,9.3,No,None,38,3.51,4,Home,LOW-RISK
26,Higher,29525,Urban,115,74,10.9,No,None,40,2.58,6,Hospital,LOW-RISK
35,Secondary,18203,Rural,111,75,10.4,No,Mild,38,1.85,5,Clinic,HIGH-RISK
15,No Education,18553,Rural,100,78,16.1,No,None,35,2.21,3,Hospital,HIGH-RISK
17,Primary,13816,Rural,96,76,9.6,No,None,35,1.9,4,Hospital,HIGH-RISK
22,Higher,8641,Rural,105,80,11.1,No,None,40,2.9,5,Hospital,LOW-RISK
22,Higher,7614,Rural,97,72,8.9,No,Mild,35,2.01,5,Hospital,HIGH-RISK
29,No Education,50298,Urban,143,73,11.5,No,None,37,2.83,5,Hospital,LOW-RISK
26,No Education,16245,Rural,93,60,9.6,No,None,38,3.47,4,Hospital,LOW-RISK
15,Secondary,32974,Rural,120,81,13.2,No,None,35,2.01,4,Hospital,HIGH-RISK
27,No Education,39546,Rural,124,86,8.2,No,Mild,34,1.52,4,Home,HIGH-RISK
21,No Education,11251,Rural,123,84,10.6,No,Mild,35,2.52,2,Hospital,HIGH-RISK
32,Higher,20176,Rural,125,70,8.2,No,None,33,2.07,2,Hospital,HIGH-RISK
21,Higher,15480,Rural,133,78,10.6,No,Mild,40,2.92,5,Hospital,LOW-RISK
21,Higher,6672,Rural,110,60,11.0,No,Mild,39,3.34,10,Hospital,LOW-RISK
27,Secondary,13173,Urban,119,60,10.4,No,None,36,1.85,5,Hospital,HIGH-RISK
29,Primary,22630,Rural,113,74,10.0,No,None,35,2.15,6,Hospital,HIGH-RISK
27,Higher,10577,Urban,138,96,13.2,No,None,41,2.23,7,Clinic,LOW-RISK
15,Primary,11949,Rural,151,86,15.0,No,None,39,2.91,4,Home,LOW-RISK
27,Primary,13285,Rural,98,90,12.1,No,Mild,36,2.42,3,Home,HIGH-RISK
19,Higher,65767,Urban,85,64,10.0,No,None,41,2.66,4,Clinic,LOW-RISK
26,Secondary,4154,Rural,127,78,11.6,No,None,38,3.21,9,Hospital,LOW-RISK
17,Higher,21310,Urban,135,70,10.9,No,None,39,2.23,4,Hospital,HIGH-RISK
27,Primary,12562,Rural,149,81,12.7,No,None,35,2.5,3,Hospital,HIGH-RISK
20,Higher,9579,Rural,129,65,12.0,Yes,None,34,2.45,9,Clinic,LOW-RISK
17,Secondary,12348,Rural,140,65,8.7,No,None,34,1.73,10,Home,HIGH-RISK
28,Secondary,23931,Rural,144,70,13.5,No,Mild,43,2.04,4,Home,HIGH-RISK
26,Higher,24908,Rural,141,82,13.2,Yes,None,36,1.15,4,Clinic,HIGH-RISK
21,Primary,17086,Rural,132,71,14.0,No,None,38,2.89,5,Clinic,LOW-RISK
32,Secondary,32232,Rural,97,63,10.6,No,Mild,39,3.73,4,Home,LOW-RISK
22,Secondary,36460,Urban,117,79,12.0,No,None,38,2.46,5,Hospital,LOW-RISK
25,Secondary,26562,Rural,122,59,9.4,No,None,38,3.05,1,Clinic,LOW-RISK
26,Higher,10233,Urban,116,75,11.4,No,None,38,1.47,4,Hospital,HIGH-RISK
21,Secondary,21203,Rural,117,84,12.2,No,Mild,39,3.01,4,Hospital,LOW-RISK
27,No Education,21274,Rural,143,93,10.2,No,None,35,1.73,3,Clinic,HIGH-RISK
22,Primary,8474,Rural,105,77,11.2,No,Mild,37,2.58,5,Hospital,LOW-RISK
22,Higher,5000,Rural,130,78,11.8,No,None,32,2.06,4,Hospital,HIGH-RISK
32,Higher,3640,Urban,123,70,10.7,No,None,33,1.68,5,Hospital,HIGH-RISK
19,Higher,15751,Rural,104,70,14.0,No,None,35,4.14,9,Hospital,LOW-RISK
14,No Education,18479,Urban,100,88,10.6,No,None,40,2.47,4,Home,LOW-RISK
33,Primary,6558,Urban,90,70,11.2,No,None,37,3.13,4,Home,LOW-RISK
39,Secondary,31195,Rural,125,76,8.9,No,None,40,3.62,5,Clinic,HIGH-RISK
22,Secondary,16686,Urban,116,81,12.4,No,None,39,2.96,7,Hospital,LOW-RISK
14,No Education,38577,Rural,104,71,10.5,No,None,39,2.12,4,Hospital,HIGH-RISK
23,Secondary,19441,Rural,87,68,13.2,No,None,36,2.18,4,Hospital,HIGH-RISK
23,No Education,7110,Rural,124,74,8.2,No,Mild,38,1.79,5,Hospital,HIGH-RISK
23,Secondary,20673,Urban,115,70,12.3,No,Severe,39,2.62,1,Clinic,HIGH-RISK
18,Primary,23977,Urban,106,82,7.2,No,None,43,3.72,5,Home,LOW-RISK
28,No Education,10223,Urban,102,50,12.0,No,None,37,2.02,6,Hospital,LOW-RISK
27,No Education,5466,Rural,114,79,11.1,No,None,40,2.35,3,Hospital,LOW-RISK
16,Higher,16090,Urban,125,72,12.2,No,Mild,38,3.82,2,Hospital,LOW-RISK
28,Secondary,7444,Urban,112,53,10.4,No,Severe,36,1.92,4,Hospital,HIGH-RISK
36,Higher,32873,Rural,98,59,9.8,No,None,40,2.31,2,Hospital,HIGH-RISK
25,Secondary,11279,Rural,117,74,10.7,No,None,43,3.01,4,Clinic,LOW-RISK
23,Secondary,50162,Rural,134,81,11.8,No,None,39,2.54,5,Clinic,LOW-RISK
24,Primary,3391,Urban,118,84,12.0,No,None,36,0.8,4,Clinic,HIGH-RISK
28,Secondary,16484,Rural,119,84,12.0,No,None,39,2.05,6,Home,LOW-RISK
15,Primary,40797,Urban,112,56,9.7,No,None,39,3.93,4,Clinic,LOW-RISK
25,Secondary,8043,Rural,103,75,14.8,No,None,43,2.98,2,Clinic,LOW-RISK
22,Higher,13418,Rural,103,79,12.1,Yes,None,40,3.61,4,Clinic,LOW-RISK
35,Higher,11312,Rural,91,69,10.4,No,Mild,36,1.72,4,Home,HIGH-RISK
24,Primary,9294,Rural,136,86,11.9,No,Mild,41,2.77,6,Hospital,LOW-RISK
34,Secondary,17801,Urban,125,56,12.0,No,None,40,2.71,6,Home,LOW-RISK
18,Primary,6057,Rural,119,65,10.3,Yes,Mild,40,2.5,3,Hospital,HIGH-RISK
28,No Education,13878,Rural,122,92,11.0,No,None,39,2.92,3,Hospital,LOW-RISK
26,Secondary,21525,Urban,123,73,13.3,No,None,41,2.19,5,Hospital,HIGH-RISK
20,Secondary,12903,Rural,106,96,14.6,No,None,39,3.47,3,Hospital,LOW-RISK
25,Secondary,7447,Urban,112,59,7.8,No,None,37,3.06,6,Hospital,LOW-RISK
31,No Education,30851,Urban,110,90,13.3,No,None,38,2.7,5,Clinic,LOW-RISK
23,Higher,25008,Rural,158,81,11.5,No,None,38,2.87,4,Home,HIGH-RISK
15,Higher,7237,Urban,134,89,11.9,No,Mild,39,2.63,2,Hospital,LOW-RISK
24,Secondary,6062,Rural,120,72,13.9,No,None,38,1.85,10,Hospital,LOW-RISK
20,Higher,7703,Urban,139,83,6.7,No,None,37,2.26,8,Home,HIGH-RISK
23,Primary,21971,Rural,137,87,12.7,No,None,38,2.7,3,Clinic,LOW-RISK
24,Secondary,18191,Rural,95,62,13.8,Yes,None,38,2.61,8,Hospital,LOW-RISK
15,Higher,26078,Rural,114,82,10.3,No,Mild,34,2.39,1,Home,HIGH-RISK
16,Higher,11938,Rural,117,72,9.0,No,None,41,3.11,1,Hospital,HIGH-RISK
27,Higher,7851,Rural,127,79,14.5,No,None,39,2.49,6,Clinic,LOW-RISK
22,Secondary,28538,Rural,114,50,8.3,No,None,36,1.71,4,Home,HIGH-RISK
14,Higher,10182,Urban,116,71,12.3,No,Mild,39,3.22,2,Hospital,LOW-RISK
29,Secondary,17092,Rural,110,86,13.3,No,None,37,2.9,1,Hospital,LOW-RISK
26,No Education,5068,Rural,134,87,12.0,No,None,37,2.46,8,Hospital,LOW-RISK
21,No Education,10066,Urban,94,77,12.1,No,None,39,2.17,6,Hospital,LOW-RISK
17,Secondary,30405,Rural,111,73,11.0,No,None,42,2.43,7,Hospital,HIGH-RISK
29,Secondary,9085,Urban,88,85,12.3,No,None,39,3.02,8,Home,LOW-RISK
26,Secondary,26528,Urban,101,73,10.2,No,None,36,3.09,7,Hospital,LOW-RISK
38,Higher,2999,Rural,123,69,10.5,Yes,None,37,2.68,6,Hospital,HIGH-RISK
27,Secondary,10139,Rural,123,86,11.6,No,None,40,2.34,4,Hospital,LOW-RISK
27,Primary,13304,Rural,112,84,7.8,No,None,39,3.99,6,Hospital,LOW-RISK
24,Secondary,50796,Urban,135,87,12.5,No,None,40,2.6,6,Hospital,LOW-RISK
29,Secondary,6617,Rural,139,77,7.0,No,Severe,39,2.36,2,Hospital,HIGH-RISK
28,Secondary,23992,Rural,116,78,12.2,No,Mild,40,2.58,6,Home,LOW-RISK
31,Secondary,31434,Urban,122,92,12.3,No,None,43,2.55,6,Clinic,LOW-RISK
22,Secondary,9052,Rural,110,78,10.1,No,None,35,2.97,4,Home,HIGH-RISK
22,Secondary,11548,Urban,128,62,9.3,Yes,None,43,1.88,7,Hospital,HIGH-RISK
22,Secondary,16563,Urban,98,63,10.8,No,Severe,40,3.13,3,Home,HIGH-RISK
29,Higher,5317,Urban,146,76,12.7,No,None,43,2.79,4,Hospital,LOW-RISK
33,No Education,10907,Urban,136,72,11.6,No,None,36,2.12,6,Home,HIGH-RISK
22,Secondary,36646,Urban,98,50,9.5,No,None,39,2.62,6,Hospital,LOW-RISK
22,Secondary,21626,Rural,105,92,11.7,No,None,38,2.66,2,Clinic,LOW-RISK
26,No Education,13441,Rural,124,67,11.4,No,None,40,2.85,0,Clinic,LOW-RISK
23,Secondary,16235,Urban,112,65,11.9,No,None,39,2.55,4,Hospital,LOW-RISK
30,Secondary,22526,Rural,126,56,9.7,No,None,39,2.76,2,Hospital,LOW-RISK
14,Secondary,25757,Urban,112,83,11.8,No,None,40,2.37,3,Hospital,HIGH-RISK
20,Secondary,10161,Rural,142,82,13.2,No,Severe,38,4.0,5,Hospital,HIGH-RISK
20,Primary,43919,Rural,118,72,11.7,No,None,37,3.36,4,Home,LOW-RISK
14,Primary,37693,Rural,156,83,12.1,No,Mild,39,3.07,6,Hospital,HIGH-RISK
19,Primary,24098,Rural,127,84,14.2,No,None,37,2.56,6,Clinic,LOW-RISK
19,Secondary,8314,Urban,96,63,11.8,No,Mild,38,3.25,2,Hospital,LOW-RISK
23,Secondary,7344,Urban,151,63,10.0,Yes,None,34,2.65,8,Hospital,HIGH-RISK
31,Higher,11934,Rural,135,66,10.0,No,None,38,2.87,6,Hospital,LOW-RISK
23,Secondary,15651,Rural,124,62,11.8,No,Mild,36,1.92,8,Home,HIGH-RISK
19,Primary,4349,Rural,128,82,8.9,No,None,38,2.95,3,Clinic,HIGH-RISK
24,Primary,21207,Rural,98,80,10.8,Yes,None,35,3.01,2,Clinic,HIGH-RISK
30,Primary,36939,Urban,89,83,12.0,No,Mild,38,2.84,5,Clinic,LOW-RISK
19,Secondary,22456,Rural,117,57,13.6,No,None,40,2.65,4,Hospital,LOW-RISK
19,Primary,9344,Rural,140,88,8.1,No,None,37,2.85,2,Hospital,HIGH-RISK
28,Secondary,8601,Urban,124,70,11.7,No,Severe,36,2.25,8,Home,HIGH-RISK
23,Secondary,18503,Urban,145,116,11.4,No,Mild,40,2.5,3,Clinic,HIGH-RISK
28,Secondary,13473,Rural,139,97,11.6,No,None,40,2.39,5,Home,LOW-RISK
24,Primary,20454,Urban,118,94,11.4,Yes,Mild,39,3.24,7,Clinic,LOW-RISK
28,Primary,22856,Rural,136,89,11.2,No,Mild,37,3.46,10,Hospital,LOW-RISK
19,Secondary,32213,Rural,142,87,14.0,No,None,36,3.5,6,Hospital,LOW-RISK
24,Secondary,6790,Rural,116,70,13.7,No,None,37,3.05,5,Hospital,LOW-RISK
23,No Education,17517,Rural,114,67,15.3,No,None,38,2.86,4,Clinic,LOW-RISK
18,Higher,11630,Rural,120,67,11.5,No,None,34,2.84,4,Hospital,HIGH-RISK
16,Secondary,13999,Rural,80,70,10.8,No,None,36,1.88,3,Hospital,HIGH-RISK
28,Secondary,27471,Rural,122,94,9.8,No,Severe,41,3.15,2,Hospital,HIGH-RISK
23,Primary,29643,Urban,129,75,10.1,No,Mild,39,3.37,1,Home,LOW-RISK
19,Primary,39923,Rural,120,68,12.8,No,Mild,41,3.36,3,Hospital,LOW-RISK
24,Primary,20205,Urban,123,60,12.9,No,None,41,3.72,8,Hospital,LOW-RISK
31,Primary,13888,Urban,117,77,12.6,No,None,37,2.47,2,Hospital,HIGH-RISK
14,Secondary,12566,Rural,86,79,10.3,Yes,None,37,2.53,5,Hospital,HIGH-RISK
16,Secondary,4453,Urban,144,97,10.3,No,None,40,2.68,2,Clinic,HIGH-RISK
19,Higher,38315,Urban,112,89,15.0,No,None,40,2.19,8,Hospital,LOW-RISK
33,Higher,11973,Urban,108,77,10.0,Yes,None,40,3.1,3,Hospital,HIGH-RISK
26,Primary,21374,Rural,139,82,13.4,No,Mild,38,3.17,4,Clinic,LOW-RISK
29,No Education,24127,Rural,133,94,12.0,No,None,38,3.11,5,Hospital,LOW-RISK
18,Secondary,6273,Urban,122,64,10.2,Yes,None,37,2.88,10,Hospital,LOW-RISK
18,Higher,7859,Rural,130,74,9.4,No,None,38,3.35,5,Clinic,LOW-RISK
27,Higher,44299,Urban,99,88,10.3,No,Severe,36,2.36,4,Hospital,HIGH-RISK
25,No Education,18381,Rural,116,63,11.9,No,None,38,2.47,8,Home,LOW-RISK
28,Primary,9990,Urban,138,81,9.7,No,None,38,1.18,4,Hospital,HIGH-RISK
23,No Education,13730,Rural,107,78,13.4,No,Severe,37,2.62,6,Hospital,HIGH-RISK
26,Higher,32085,Rural,102,71,11.1,No,Severe,40,2.82,3,Clinic,HIGH-RISK
25,Secondary,28848,Rural,119,88,12.8,No,None,34,2.59,3,Hospital,LOW-RISK
29,Secondary,5375,Rural,119,92,12.6,No,Mild,39,2.7,6,Hospital,LOW-RISK
29,Secondary,47089,Urban,128,84,14.4,No,Severe,36,1.96,6,Home,HIGH-RISK
16,Primary,29498,Rural,95,84,10.1,No,None,36,2.04,7,Hospital,HIGH-RISK
14,Secondary,13481,Rural,80,53,11.7,No,Mild,36,1.68,8,Hospital,HIGH-RISK
30,No Education,6513,Rural,132,78,8.6,No,None,39,3.04,4,Hospital,LOW-RISK
31,Secondary,31370,Rural,100,96,11.7,No,Mild,32,2.99,3,Clinic,HIGH-RISK
19,Secondary,20937,Urban,108,94,13.6,No,None,38,2.11,5,Hospital,LOW-RISK
14,Secondary,5406,Urban,83,50,11.9,No,None,38,2.77,7,Hospital,LOW-RISK
25,Primary,12750,Urban,134,79,14.9,No,Mild,36,2.97,3,Home,HIGH-RISK
30,Higher,120000,Rural,123,78,12.4,Yes,None,38,2.7,1,Clinic,HIGH-RISK
34,Secondary,15174,Rural,122,81,10.5,No,Mild,35,2.95,6,Hospital,LOW-RISK
27,No Education,8923,Urban,122,91,11.5,No,None,38,3.39,5,Clinic,LOW-RISK
22,Primary,7404,Rural,85,86,8.2,Yes,None,35,2.34,2,Hospital,HIGH-RISK
20,Secondary,51858,Rural,102,71,10.1,No,Severe,43,2.53,2,Clinic,HIGH-RISK
25,Primary,27152,Rural,110,85,8.8,No,Severe,40,3.52,6,Hospital,LOW-RISK
23,No Education,40175,Rural,106,79,11.0,No,Mild,39,2.65,3,Hospital,LOW-RISK
19,Primary,17846,Rural,113,73,10.6,No,Mild,36,2.42,3,Hospital,HIGH-RISK
36,Primary,36084,Urban,121,57,13.6,No,None,37,3.08,7,Hospital,LOW-RISK
34,Secondary,8283,Rural,134,91,11.3,No,None,37,2.63,6,Clinic,LOW-RISK
31,Secondary,16808,Urban,94,74,9.7,No,Mild,39,2.68,9,Hospital,HIGH-RISK
19,Primary,18338,Urban,117,79,13.7,No,Mild,39,2.59,5,Hospital,LOW-RISK
29,Secondary,39478,Rural,129,68,6.2,No,None,39,2.7,6,Home,LOW-RISK
28,Primary,18750,Rural,103,92,10.7,No,None,39,2.91,6,Hospital,LOW-RISK
27,Primary,9681,Rural,114,75,11.1,No,None,38,1.72,2,Hospital,LOW-RISK
31,Primary,15688,Urban,125,65,11.1,No,None,39,2.75,4,Hospital,LOW-RISK
28,Secondary,4639,Rural,118,61,12.4,No,Mild,36,1.05,9,Hospital,HIGH-RISK
29,Higher,2999,Rural,128,86,11.7,No,None,35,2.19,6,Hospital,HIGH-RISK
28,Secondary,26842,Rural,119,83,12.4,No,None,43,2.99,5,Home,LOW-RISK
26,No Education,11538,Rural,113,68,9.6,No,None,39,2.62,6,Home,LOW-RISK
15,Primary,12491,Rural,99,75,8.8,No,Mild,43,3.19,4,Clinic,LOW-RISK
25,Primary,26835,Rural,121,83,10.5,No,Severe,37,2.99,5,Clinic,HIGH-RISK
21,Higher,39883,Rural,119,77,9.7,No,None,43,1.61,6,Home,HIGH-RISK
17,No Education,21806,Rural,102,63,9.7,No,Severe,38,3.46,5,Hospital,HIGH-RISK
34,Higher,57841,Rural,127,88,13.6,No,None,41,2.94,6,Hospital,LOW-RISK
34,Secondary,21326,Rural,138,91,14.3,No,None,38,2.49,5,Clinic,LOW-RISK
32,Secondary,18533,Rural,107,78,13.6,No,Mild,38,2.54,4,Home,LOW-RISK
26,Higher,17748,Urban,106,62,13.2,No,None,38,1.65,4,Hospital,LOW-RISK
32,No Education,6099,Urban,105,57,10.8,No,None,37,2.92,4,Hospital,LOW-RISK
25,Secondary,29290,Urban,91,67,13.3,No,None,40,3.16,2,Hospital,LOW-RISK
26,No Education,2999,Rural,150,95,11.6,No,None,38,2.43,6,Hospital,HIGH-RISK
18,Higher,9951,Urban,110,84,15.0,No,Mild,40,2.3,4,Hospital,LOW-RISK
27,Secondary,15242,Urban,104,77,9.8,No,None,40,2.88,4,Clinic,LOW-RISK
25,No Education,8629,Rural,99,65,12.1,No,None,42,3.46,2,Clinic,LOW-RISK
17,Higher,10933,Urban,111,64,9.2,No,None,39,3.4,6,Home,HIGH-RISK
24,No Education,54359,Rural,106,71,12.3,No,None,34,2.47,6,Home,HIGH-RISK
24,No Education,32487,Rural,141,81,8.2,No,Mild,37,3.91,4,Hospital,LOW-RISK
34,Secondary,9281,Urban,98,82,9.3,No,None,38,3.31,7,Clinic,LOW-RISK
29,Secondary,10797,Urban,93,62,9.2,No,Mild,38,3.44,2,Clinic,HIGH-RISK
25,Higher,6135,Rural,126,73,12.0,Yes,None,41,2.85,6,Hospital,LOW-RISK
26,Secondary,24570,Rural,116,97,12.1,No,None,41,2.61,4,Hospital,LOW-RISK
25,Secondary,12594,Rural,114,91,15.9,No,None,38,3.42,3,Clinic,LOW-RISK
23,Primary,3786,Urban,126,68,10.8,No,None,43,2.26,7,Hospital,LOW-RISK
19,No Education,16096,Rural,120,92,11.9,No,None,37,3.03,4,Hospital,LOW-RISK
24,Higher,20395,Rural,117,62,11.8,No,None,37,2.47,8,Hospital,LOW-RISK
20,No Education,29436,Rural,95,64,12.7,No,None,35,2.55,3,Hospital,HIGH-RISK
18,Secondary,14249,Rural,91,63,11.8,No,None,34,2.27,6,Home,HIGH-RISK
27,Primary,11555,Rural,106,71,13.1,No,Severe,35,2.59,2,Hospital,HIGH-RISK
27,Primary,60245,Rural,100,76,9.5,No,None,41,2.79,5,Hospital,LOW-RISK
15,Secondary,15069,Rural,122,78,7.1,No,None,40,3.09,8,Hospital,LOW-RISK
24,Secondary,24822,Rural,89,73,12.3,No,None,36,2.86,3,Home,HIGH-RISK
30,Secondary,10281,Rural,110,68,8.3,No,Mild,38,2.03,4,Home,HIGH-RISK
30,Higher,24312,Rural,115,79,13.9,No,None,40,2.78,12,Hospital,LOW-RISK
30,Primary,5414,Rural,117,75,9.8,No,None,33,2.0,5,Home,HIGH-RISK
25,Secondary,10854,Rural,124,61,9.6,No,None,42,2.91,7,Home,LOW-RISK
20,No Education,6438,Rural,112,79,16.1,No,None,41,2.57,5,Hospital,LOW-RISK
19,Secondary,9821,Urban,107,73,11.5,No,None,40,3.5,5,Hospital,LOW-RISK
26,Primary,35994,Rural,137,73,10.1,No,Mild,41,2.76,7,Hospital,LOW-RISK
27,Secondary,9771,Rural,112,69,12.8,No,None,33,2.57,3,Hospital,HIGH-RISK
32,Primary,24799,Urban,140,77,12.8,No,Severe,37,2.28,2,Hospital,HIGH-RISK
31,Higher,43385,Rural,112,71,13.6,No,Severe,41,2.65,2,Clinic,HIGH-RISK
24,Higher,14713,Urban,117,94,9.1,No,Mild,38,2.46,6,Hospital,HIGH-RISK
18,Higher,30074,Rural,115,97,12.5,No,Mild,40,3.02,5,Hospital,LOW-RISK
23,No Education,21754,Urban,121,50,10.5,No,None,42,2.15,5,Home,HIGH-RISK
26,Higher,16273,Urban,111,78,9.8,No,Mild,40,1.86,3,Home,HIGH-RISK
23,Primary,25362,Urban,119,86,10.6,No,None,37,2.46,6,Hospital,HIGH-RISK
21,Primary,54380,Rural,142,80,8.0,No,Mild,39,3.11,7,Hospital,HIGH-RISK
26,Primary,9601,Rural,134,90,13.1,No,None,34,1.61,10,Clinic,HIGH-RISK
22,Primary,7664,Urban,134,98,10.3,No,Mild,39,2.95,3,Clinic,HIGH-RISK
21,Secondary,7355,Rural,96,53,10.6,Yes,None,40,2.44,4,Hospital,HIGH-RISK
26,Primary,30088,Rural,99,71,11.2,Yes,None,38,1.84,5,Hospital,LOW-RISK
22,Primary,33069,Urban,121,97,10.8,No,None,41,3.27,3,Hospital,LOW-RISK
26,Secondary,10299,Urban,130,65,13.6,No,None,39,3.16,5,Hospital,LOW-RISK
26,Higher,3363,Urban,109,71,9.5,No,None,38,2.78,5,Hospital,LOW-RISK
18,Secondary,9353,Urban,106,67,10.8,No,Mild,43,2.82,5,Clinic,LOW-RISK
22,Secondary,22011,Urban,140,93,11.1,No,None,36,2.03,5,Clinic,HIGH-RISK
32,No Education,14315,Rural,128,92,9.3,Yes,Severe,41,2.23,11,Clinic,HIGH-RISK
18,Higher,17018,Rural,134,81,11.8,No,Mild,41,3.52,4,Clinic,LOW-RISK
14,No Education,10398,Rural,110,73,9.7,No,Mild,40,2.74,7,Hospital,LOW-RISK
14,Primary,30505,Rural,109,54,8.9,No,Severe,37,3.0,3,Hospital,HIGH-RISK
25,No Education,19073,Rural,133,95,11.5,No,None,39,2.53,8,Hospital,LOW-RISK
25,Secondary,22614,Urban,113,70,14.3,No,Mild,36,2.36,4,Hospital,HIGH-RISK
24,Primary,16766,Urban,108,71,11.5,No,None,37,3.43,6,Clinic,LOW-RISK
31,Secondary,21652,Rural,103,81,11.3,No,None,38,2.89,2,Hospital,LOW-RISK
14,Primary,20677,Urban,109,75,10.4,No,None,36,2.2,7,Hospital,HIGH-RISK
27,Secondary,7833,Urban,132,91,10.6,Yes,None,37,3.28,4,Hospital,HIGH-RISK
33,Secondary,19476,Rural,93,74,13.6,No,None,35,2.53,4,Home,HIGH-RISK
18,No Education,26104,Urban,128,81,10.9,No,None,40,3.37,3,Hospital,LOW-RISK
22,Secondary,33671,Urban,106,75,7.6,No,Severe,42,2.98,5,Hospital,HIGH-RISK
20,Secondary,20071,Rural,114,61,13.7,No,None,43,2.98,5,Clinic,LOW-RISK
20,Secondary,7632,Urban,115,73,13.2,No,Severe,35,2.5,6,Clinic,HIGH-RISK
23,No Education,8500,Rural,114,85,11.8,No,Mild,36,2.88,4,Home,LOW-RISK
32,Secondary,11061,Urban,113,64,6.5,No,Mild,38,2.56,7,Hospital,HIGH-RISK
35,Primary,17127,Rural,110,65,10.8,No,Mild,40,3.09,0,Home,HIGH-RISK
23,No Education,13769,Rural,108,63,12.1,No,Severe,38,4.06,3,Clinic,HIGH-RISK
35,Primary,6830,Rural,139,83,11.4,No,None,41,3.0,6,Hospital,LOW-RISK
25,Secondary,6802,Rural,118,91,11.9,Yes,None,40,2.14,4,Hospital,HIGH-RISK
34,Primary,3452,Urban,115,81,12.7,No,None,34,2.14,5,Hospital,HIGH-RISK
24,Secondary,2999,Rural,107,50,11.8,No,None,38,3.14,3,Hospital,LOW-RISK
25,Primary,13678,Rural,111,80,12.9,No,None,35,1.67,9,Clinic,HIGH-RISK
27,Secondary,76112,Urban,107,67,11.8,No,None,37,2.26,4,Hospital,LOW-RISK
42,Primary,52762,Urban,130,84,10.7,No,Severe,37,2.04,2,Hospital,HIGH-RISK
29,Secondary,7563,Rural,105,70,13.1,No,None,40,2.69,5,Clinic,LOW-RISK
21,Secondary,16659,Rural,82,55,10.8,No,Severe,38,3.69,4,Hospital,HIGH-RISK
30,Primary,5380,Rural,118,75,8.6,No,None,37,2.51,4,Hospital,LOW-RISK
23,No Education,5986,Rural,113,69,10.9,No,None,43,3.28,3,Hospital,HIGH-RISK
22,Secondary,6487,Rural,108,76,12.6,No,None,36,2.44,8,Clinic,HIGH-RISK
29,Higher,12809,Rural,132,70,13.2,No,Severe,39,2.59,2,Home,HIGH-RISK
25,Higher,13201,Rural,80,51,13.2,No,None,40,3.08,5,Hospital,LOW-RISK
26,Primary,17902,Urban,143,91,10.5,No,None,39,1.96,5,Hospital,HIGH-RISK
25,Secondary,23862,Rural,134,92,11.2,No,Severe,36,2.97,2,Clinic,HIGH-RISK
26,Primary,11848,Urban,107,78,9.8,No,None,36,2.34,8,Home,HIGH-RISK
27,Primary,15384,Rural,110,65,11.7,No,Severe,40,3.38,4,Home,LOW-RISK
14,Secondary,6975,Rural,126,69,8.5,No,None,41,2.66,3,Home,HIGH-RISK
28,Secondary,5852,Rural,126,70,11.5,No,None,38,3.07,5,Home,LOW-RISK
19,Secondary,5252,Urban,107,81,16.6,No,None,35,3.04,2,Hospital,LOW-RISK
17,Higher,23630,Rural,92,58,8.8,Yes,None,38,2.75,5,Home,HIGH-RISK
24,Primary,11840,Urban,151,94,11.6,No,Mild,42,2.32,8,Hospital,HIGH-RISK
25,Secondary,4048,Urban,133,87,12.2,No,None,36,2.06,5,Hospital,LOW-RISK
21,Primary,14351,Rural,120,89,11.7,Yes,None,37,2.57,5,Hospital,LOW-RISK
29,No Education,6258,Rural,120,87,9.4,No,None,38,2.92,3,Clinic,LOW-RISK
17,Primary,47957,Rural,127,83,12.3,No,None,41,2.71,6,Hospital,LOW-RISK
22,Higher,10002,Urban,129,62,10.5,No,None,37,2.53,7,Clinic,LOW-RISK
21,Secondary,24169,Rural,84,71,8.9,No,None,39,3.17,5,Hospital,LOW-RISK
24,No Education,32147,Rural,112,75,13.1,No,None,42,2.55,1,Home,LOW-RISK
26,Secondary,7687,Urban,110,68,12.7,No,None,35,1.9,7,Hospital,HIGH-RISK
19,Higher,15820,Rural,115,89,9.8,Yes,None,35,3.08,8,Hospital,HIGH-RISK
28,Higher,22097,Urban,130,77,10.5,Yes,None,38,3.1,5,Hospital,HIGH-RISK
25,Secondary,16263,Urban,89,61,10.5,No,Severe,41,2.13,6,Home,HIGH-RISK
14,Primary,19313,Rural,96,81,8.4,No,Mild,39,2.07,4,Clinic,HIGH-RISK
14,Secondary,5913,Rural,107,67,12.9,No,Mild,41,2.19,2,Hospital,HIGH-RISK
24,Higher,22106,Rural,120,69,12.9,Yes,Mild,34,2.14,7,Home,HIGH-RISK
23,Higher,10673,Urban,131,66,10.9,No,None,39,3.45,4,Home,LOW-RISK
24,Higher,19156,Urban,144,73,11.4,No,Severe,31,3.18,2,Hospital,HIGH-RISK
24,Secondary,28561,Rural,113,65,11.7,No,None,42,3.21,5,Home,LOW-RISK
26,No Education,23955,Rural,131,85,11.1,No,None,41,3.85,4,Hospital,LOW-RISK
30,Secondary,19147,Rural,129,67,9.1,No,Mild,37,2.91,6,Clinic,LOW-RISK
18,Primary,23512,Urban,126,57,12.4,No,Mild,33,3.03,4,Clinic,LOW-RISK
18,No Education,24286,Rural,117,78,8.6,No,None,38,2.49,3,Home,HIGH-RISK
18,Secondary,42729,Rural,111,66,12.7,No,Mild,41,1.94,8,Home,HIGH-RISK
26,Secondary,14646,Urban,100,69,9.6,No,None,39,2.63,8,Home,LOW-RISK
31,Higher,16824,Urban,99,84,9.2,No,None,43,2.73,10,Clinic,LOW-RISK
22,Secondary,28803,Urban,123,77,11.4,Yes,Severe,38,4.22,4,Hospital,HIGH-RISK
14,Higher,10641,Urban,117,91,11.4,No,None,43,2.8,7,Hospital,LOW-RISK
15,Secondary,5890,Urban,111,72,11.7,No,Mild,33,1.89,6,Hospital,HIGH-RISK
20,Secondary,21185,Urban,128,90,9.9,No,Mild,36,2.63,8,Clinic,LOW-RISK
21,No Education,12985,Urban,114,67,11.9,No,None,35,1.62,2,Hospital,HIGH-RISK
22,Secondary,6441,Rural,103,72,12.0,No,Mild,40,2.88,7,Hospital,LOW-RISK
25,No Education,21294,Rural,113,63,13.5,No,None,35,3.02,4,Hospital,LOW-RISK
23,No Education,40847,Rural,131,70,10.9,No,Mild,41,2.29,6,Clinic,HIGH-RISK
30,Primary,4793,Rural,101,67,9.6,No,Mild,40,3.63,5,Hospital,LOW-RISK
21,Higher,30682,Urban,121,61,9.1,No,Mild,39,3.42,3,Hospital,LOW-RISK
20,Secondary,2999,Rural,117,76,8.7,No,Severe,38,2.99,3,Home,HIGH-RISK
27,Higher,11334,Rural,105,68,12.1,No,None,36,3.48,0,Hospital,HIGH-RISK
16,Higher,54402,Rural,113,76,12.9,No,None,40,2.59,3,Hospital,LOW-RISK
27,Higher,11920,Urban,92,53,9.9,No,None,37,3.24,3,Hospital,LOW-RISK
25,No Education,15974,Urban,119,83,11.4,No,None,40,2.95,8,Hospital,LOW-RISK
24,Higher,25586,Rural,96,87,11.2,No,None,42,2.45,6,Clinic,LOW-RISK
33,Higher,4510,Urban,135,97,12.8,No,None,37,2.47,7,Hospital,LOW-RISK
21,Higher,15776,Urban,116,95,13.1,No,None,42,3.92,4,Clinic,LOW-RISK
36,Primary,15689,Urban,108,73,7.2,No,Mild,39,3.38,5,Home,HIGH-RISK
23,No Education,55239,Rural,136,77,13.4,No,None,40,3.29,6,Hospital,LOW-RISK
17,Higher,6315,Rural,101,75,12.0,No,Mild,35,1.82,6,Hospital,HIGH-RISK
25,Primary,11484,Urban,106,69,10.1,No,None,37,3.19,5,Clinic,LOW-RISK
19,Primary,7831,Rural,88,50,9.8,No,Severe,37,2.6,9,Hospital,HIGH-RISK
20,Secondary,7271,Rural,138,91,11.6,No,Mild,42,3.73,5,Hospital,LOW-RISK
27,No Education,33023,Urban,147,81,10.1,No,None,37,3.47,8,Clinic,HIGH-RISK
28,No Education,15282,Rural,91,50,9.0,No,None,40,3.31,9,Home,LOW-RISK
21,Higher,10167,Urban,104,65,10.2,Yes,Severe,38,3.25,3,Hospital,HIGH-RISK
30,Higher,10439,Rural,119,73,9.6,No,Severe,37,2.75,5,Hospital,HIGH-RISK
31,Higher,10112,Rural,109,73,13.9,No,None,35,2.32,2,Hospital,HIGH-RISK
32,Primary,10765,Rural,117,75,10.9,No,Mild,33,2.89,3,Home,HIGH-RISK
27,Primary,6190,Rural,116,90,14.7,No,Severe,37,3.06,6,Hospital,LOW-RISK
32,Secondary,12515,Urban,124,62,12.2,No,None,38,2.34,3,Hospital,LOW-RISK
14,Secondary,11665,Rural,102,69,12.6,No,None,36,2.76,1,Clinic,HIGH-RISK
23,No Education,8825,Rural,121,66,8.8,No,Mild,39,2.43,2,Home,HIGH-RISK
20,Secondary,16719,Rural,100,83,11.1,No,None,43,2.78,6,Home,LOW-RISK
25,Higher,17742,Rural,111,66,11.6,Yes,Mild,42,2.54,6,Clinic,LOW-RISK
21,Secondary,10159,Urban,90,63,10.4,No,None,38,1.37,4,Home,HIGH-RISK
24,Primary,13560,Urban,111,84,10.5,No,None,38,2.9,1,Hospital,LOW-RISK
35,Primary,67971,Urban,108,87,12.1,No,None,40,4.0,9,Hospital,LOW-RISK
24,No Education,66178,Rural,133,96,12.0,Yes,Mild,39,2.98,2,Hospital,LOW-RISK
27,Primary,7172,Rural,117,56,8.8,No,None,40,4.43,1,Clinic,LOW-RISK
23,Secondary,7908,Rural,119,81,12.0,No,None,39,2.72,3,Hospital,LOW-RISK
25,Secondary,7145,Urban,117,77,12.5,No,None,38,2.92,8,Home,LOW-RISK
25,Secondary,31437,Urban,83,64,10.4,No,None,37,2.74,2,Hospital,HIGH-RISK
27,Higher,11348,Urban,86,66,10.3,No,Mild,39,2.83,2,Hospital,LOW-RISK
31,Primary,17740,Rural,112,88,12.2,No,None,32,2.56,2,Hospital,HIGH-RISK
34,No Education,60699,Rural,122,88,6.1,No,None,39,3.63,4,Home,LOW-RISK
26,No Education,14890,Rural,114,83,11.2,No,None,33,2.13,3,Hospital,HIGH-RISK
28,No Education,24592,Rural,104,73,13.9,No,None,39,2.8,8,Home,LOW-RISK
18,Secondary,21592,Rural,114,98,6.8,No,None,36,2.94,4,Hospital,HIGH-RISK
24,Higher,9937,Urban,112,69,13.0,No,None,41,3.5,8,Hospital,LOW-RISK
30,Higher,31483,Urban,130,61,12.5,Yes,Mild,38,1.61,4,Hospital,HIGH-RISK
29,Secondary,8275,Urban,129,76,8.9,No,None,38,2.03,6,Hospital,HIGH-RISK
26,Secondary,38319,Urban,109,73,12.4,No,None,39,2.82,5,Hospital,LOW-RISK
29,Primary,9942,Rural,117,89,12.4,No,None,36,3.22,5,Home,LOW-RISK
27,Secondary,10734,Urban,122,71,9.4,Yes,Mild,41,2.54,4,Home,LOW-RISK
31,Primary,7001,Rural,124,82,9.9,No,None,40,3.17,4,Hospital,LOW-RISK
26,Higher,7854,Rural,144,66,11.5,No,Mild,37,3.89,6,Hospital,HIGH-RISK
23,Secondary,11126,Rural,117,86,13.3,No,Severe,35,2.31,6,Clinic,HIGH-RISK
26,Primary,2999,Rural,136,81,9.9,No,None,37,2.67,7,Home,LOW-RISK
14,Primary,12739,Urban,99,66,10.9,No,None,38,3.06,11,Hospital,HIGH-RISK
27,No Education,10511,Rural,107,95,9.4,No,Mild,35,2.53,6,Hospital,HIGH-RISK
14,Higher,26077,Urban,83,76,11.5,No,Severe,37,2.94,4,Clinic,HIGH-RISK
15,No Education,20168,Rural,120,64,12.5,No,None,37,2.7,3,Clinic,LOW-RISK
27,No Education,9140,Rural,128,77,10.7,No,None,37,2.66,2,Home,HIGH-RISK
27,Primary,10881,Urban,80,94,10.7,No,Mild,38,2.25,5,Clinic,HIGH-RISK
18,Higher,12728,Urban,121,97,11.4,No,None,39,3.14,4,Hospital,LOW-RISK
21,Secondary,42445,Rural,127,88,10.1,No,None,38,2.23,6,Home,LOW-RISK
32,Secondary,8435,Rural,126,57,9.7,No,None,39,2.35,4,Hospital,LOW-RISK
22,Primary,9063,Rural,98,84,12.8,No,Severe,39,2.14,5,Hospital,HIGH-RISK
37,No Education,6807,Rural,130,72,13.6,No,None,38,2.62,5,Home,LOW-RISK
24,Higher,5315,Rural,118,90,8.3,Yes,None,40,2.81,3,Home,HIGH-RISK
27,Primary,18596,Rural,127,70,12.0,No,None,31,1.41,4,Clinic,HIGH-RISK
33,No Education,17289,Urban,115,80,12.4,No,None,37,2.65,5,Hospital,LOW-RISK
25,Secondary,36817,Rural,124,69,9.3,No,None,37,2.89,5,Hospital,LOW-RISK
19,No Education,31094,Rural,135,77,10.7,No,None,38,1.94,6,Clinic,LOW-RISK
24,No Education,80321,Rural,114,80,9.6,No,None,36,1.79,4,Hospital,HIGH-RISK
24,Higher,14244,Rural,122,62,14.9,No,None,39,3.79,4,Home,LOW-RISK
17,Secondary,12499,Rural,137,107,14.5,No,Mild,40,2.41,3,Home,HIGH-RISK
23,Primary,6036,Rural,115,63,9.6,No,Mild,35,2.5,4,Hospital,LOW-RISK
20,Primary,24426,Rural,99,58,8.4,No,None,39,2.52,5,Hospital,LOW-RISK
30,Secondary,16297,Urban,128,85,12.9,No,None,35,2.17,4,Clinic,LOW-RISK
25,No Education,23663,Rural,140,96,11.8,No,None,39,2.36,1,Hospital,HIGH-RISK
23,No Education,6757,Urban,138,78,12.9,No,None,37,1.75,3,Home,HIGH-RISK
24,Secondary,19185,Rural,129,67,9.6,No,None,36,2.13,7,Home,HIGH-RISK
26,Secondary,17317,Urban,80,53,12.8,No,None,34,2.77,8,Hospital,LOW-RISK
28,Higher,16533,Rural,107,60,10.2,Yes,Mild,38,3.17,6,Hospital,HIGH-RISK
19,Primary,9297,Rural,108,76,11.8,No,Severe,35,2.66,6,Clinic,HIGH-RISK
19,No Education,34486,Urban,118,75,10.8,No,None,34,1.69,3,Clinic,HIGH-RISK
31,Secondary,63008,Rural,145,88,14.9,No,None,38,3.31,0,Clinic,HIGH-RISK
22,Secondary,6895,Rural,100,74,12.3,No,None,40,2.4,2,Clinic,HIGH-RISK
17,No Education,24837,Urban,153,95,10.6,No,None,39,2.44,8,Home,HIGH-RISK
27,Secondary,2999,Rural,111,68,11.7,Yes,Mild,34,2.04,2,Hospital,HIGH-RISK
27,Primary,23952,Rural,105,63,10.5,No,None,38,2.57,4,Hospital,LOW-RISK
16,Higher,4050,Rural,131,80,9.4,No,Mild,40,2.64,2,Hospital,HIGH-RISK
26,Higher,10387,Rural,132,79,15.0,No,None,38,2.96,4,Hospital,LOW-RISK
29,Secondary,5983,Urban,128,81,14.4,No,None,39,2.06,2,Hospital,HIGH-RISK
27,Higher,12898,Urban,105,64,11.2,No,None,37,2.55,4,Clinic,LOW-RISK
28,Higher,26982,Urban,126,85,12.8,No,None,37,2.36,3,Hospital,HIGH-RISK
17,No Education,4087,Rural,101,57,14.9,No,None,36,2.5,5,Hospital,LOW-RISK
26,Primary,11662,Urban,105,67,12.9,No,Mild,40,2.97,6,Home,LOW-RISK
23,Secondary,10471,Rural,116,87,10.9,No,None,40,2.23,3,Hospital,HIGH-RISK
22,No Education,45366,Rural,104,58,11.0,No,None,37,3.07,1,Hospital,LOW-RISK
29,Primary,20293,Urban,134,91,8.0,No,None,40,2.77,10,Clinic,LOW-RISK
33,Primary,6579,Rural,108,57,12.5,No,Severe,34,2.73,8,Hospital,HIGH-RISK
34,Higher,10784,Rural,114,56,13.7,No,Severe,38,2.44,5,Hospital,HIGH-RISK
32,Secondary,44581,Urban,103,54,13.7,No,None,35,2.62,3,Clinic,HIGH-RISK
24,Secondary,24732,Urban,134,81,12.8,No,Mild,35,2.5,3,Home,LOW-RISK
26,Primary,7887,Urban,107,80,11.4,Yes,Mild,35,2.58,9,Clinic,HIGH-RISK
29,No Education,12442,Rural,136,95,9.0,No,Mild,36,3.38,6,Home,HIGH-RISK
25,Higher,12723,Urban,135,94,12.1,No,None,40,3.07,5,Home,LOW-RISK
25,No Education,10292,Rural,110,82,10.2,No,Severe,38,3.77,1,Clinic,HIGH-RISK
29,No Education,4530,Rural,118,66,12.1,No,Mild,37,4.19,5,Clinic,LOW-RISK
24,Primary,9334,Urban,110,63,9.4,No,None,38,1.88,2,Hospital,HIGH-RISK
20,Secondary,39665,Rural,126,86,12.4,No,None,33,3.12,4,Hospital,LOW-RISK
22,Primary,11487,Rural,114,89,13.8,No,None,39,3.08,5,Clinic,LOW-RISK
28,No Education,13954,Urban,111,61,11.3,No,None,32,2.66,5,Hospital,LOW-RISK
25,Primary,16550,Rural,118,90,11.2,Yes,Mild,36,1.87,3,Hospital,HIGH-RISK
26,Primary,70863,Urban,92,50,13.1,No,Mild,38,2.31,3,Clinic,HIGH-RISK
28,No Education,15093,Rural,116,79,13.9,No,Severe,39,2.22,7,Home,HIGH-RISK
22,Secondary,32259,Urban,128,77,11.3,No,None,39,4.02,1,Hospital,LOW-RISK
29,No Education,9868,Rural,120,73,12.4,No,Severe,38,3.07,7,Home,HIGH-RISK
27,Primary,12509,Rural,133,80,13.9,No,Mild,42,2.05,3,Home,LOW-RISK
18,Secondary,15132,Rural,111,63,12.7,No,None,43,2.22,4,Home,LOW-RISK
32,Secondary,8724,Rural,110,77,7.9,No,None,38,1.69,4,Hospital,LOW-RISK
22,Primary,13006,Urban,100,70,9.9,No,Mild,38,3.46,2,Clinic,LOW-RISK
15,Primary,27929,Rural,111,83,12.1,No,None,38,2.82,6,Home,LOW-RISK
19,Primary,8565,Urban,149,102,10.7,No,None,36,2.62,6,Hospital,HIGH-RISK
19,Higher,15000,Urban,122,78,14.1,No,Mild,39,2.8,1,Home,LOW-RISK
25,Primary,24634,Urban,108,63,14.5,No,None,41,3.32,3,Hospital,HIGH-RISK
23,Primary,8422,Rural,101,57,9.7,No,None,32,2.34,5,Home,HIGH-RISK
23,Secondary,32292,Rural,92,86,9.6,No,Severe,38,2.96,7,Hospital,HIGH-RISK
28,Primary,15785,Urban,104,88,10.8,No,None,42,2.95,1,Hospital,LOW-RISK
26,Primary,13362,Rural,130,88,10.4,No,None,39,2.16,2,Home,HIGH-RISK
26,No Education,3677,Rural,111,73,13.3,No,None,39,2.4,3,Home,HIGH-RISK
27,Secondary,11548,Urban,102,79,9.6,No,Mild,34,2.08,7,Hospital,HIGH-RISK
28,Secondary,19456,Rural,104,85,12.8,No,None,40,2.98,5,Hospital,LOW-RISK
14,Secondary,50896,Rural,128,72,14.0,No,None,41,3.56,5,Hospital,LOW-RISK
22,Secondary,22321,Rural,116,75,13.0,No,None,38,2.86,1,Clinic,LOW-RISK
14,Primary,32996,Rural,107,59,11.4,No,Mild,36,1.97,6,Hospital,HIGH-RISK
25,Higher,6434,Rural,113,72,11.2,No,None,39,2.97,4,Home,LOW-RISK
24,Secondary,13725,Urban,153,102,14.8,No,None,35,2.5,4,Hospital,HIGH-RISK
30,Higher,35253,Rural,137,92,11.1,No,None,35,2.41,4,Hospital,HIGH-RISK
31,Secondary,8057,Urban,141,83,13.2,No,None,40,3.63,8,Hospital,LOW-RISK
26,Primary,29479,Urban,89,50,10.5,No,None,41,2.68,6,Home,LOW-RISK
22,Primary,25062,Urban,115,67,7.8,No,None,36,2.33,2,Clinic,HIGH-RISK
27,Secondary,18180,Rural,107,73,11.0,No,Mild,35,1.75,3,Hospital,HIGH-RISK
22,No Education,11916,Rural,126,75,10.5,No,Mild,36,2.95,8,Home,HIGH-RISK
24,Secondary,7520,Rural,134,80,11.2,No,None,38,2.3,7,Home,HIGH-RISK
30,No Education,51977,Urban,123,79,9.9,No,Mild,35,2.34,9,Home,HIGH-RISK
21,No Education,23344,Rural,104,65,12.5,No,None,41,3.34,5,Clinic,LOW-RISK
29,Higher,19038,Urban,107,71,12.8,No,Mild,37,2.32,7,Clinic,LOW-RISK
28,Secondary,11235,Rural,127,76,10.9,No,Mild,39,3.28,7,Hospital,LOW-RISK
19,Secondary,15402,Urban,129,71,10.9,No,None,36,1.38,8,Hospital,HIGH-RISK
30,Primary,16833,Rural,120,96,9.1,No,None,39,2.2,4,Hospital,HIGH-RISK
28,Secondary,19845,Rural,120,70,12.0,No,None,40,2.75,7,Clinic,LOW-RISK
25,Higher,25080,Rural,118,51,14.0,No,Severe,34,3.83,8,Hospital,HIGH-RISK
20,Secondary,8673,Rural,122,96,14.0,No,None,36,2.11,4,Hospital,LOW-RISK
20,Secondary,5373,Rural,129,69,10.4,No,None,38,2.89,7,Hospital,LOW-RISK
22,Secondary,15911,Rural,128,88,15.1,No,None,37,3.43,8,Clinic,LOW-RISK
27,Primary,4414,Rural,118,68,10.1,No,None,40,2.2,6,Clinic,LOW-RISK
19,Secondary,11959,Rural,117,81,9.7,No,None,37,1.13,4,Hospital,HIGH-RISK
27,Higher,10502,Rural,116,74,9.0,No,Mild,40,3.75,5,Hospital,LOW-RISK
18,Secondary,21163,Rural,105,83,9.6,Yes,None,39,3.13,0,Hospital,HIGH-RISK
23,Primary,60091,Rural,105,69,11.5,No,None,38,2.56,0,Hospital,LOW-RISK
25,Secondary,3845,Rural,126,70,11.0,Yes,None,40,2.83,3,Hospital,LOW-RISK
38,Secondary,73698,Rural,106,74,10.4,No,None,34,3.18,0,Hospital,HIGH-RISK
17,Higher,12741,Urban,131,74,10.0,No,None,38,2.73,0,Hospital,HIGH-RISK
33,Secondary,19134,Rural,117,53,9.5,No,None,36,2.28,2,Home,HIGH-RISK
25,Primary,5571,Rural,131,72,9.4,No,None,38,3.92,5,Hospital,LOW-RISK
27,Primary,30140,Rural,128,110,12.3,No,Severe,37,2.12,5,Home,HIGH-RISK
25,Secondary,15441,Rural,131,58,14.7,No,None,38,3.08,6,Home,LOW-RISK
27,No Education,14368,Urban,110,75,14.9,No,None,38,2.13,3,Clinic,LOW-RISK
24,Secondary,3864,Rural,124,74,12.7,No,Mild,38,3.66,1,Hospital,LOW-RISK
32,Higher,15795,Rural,129,99,10.6,Yes,None,38,2.96,6,Hospital,LOW-RISK
22,Secondary,27116,Urban,93,55,10.3,Yes,Mild,39,2.42,7,Hospital,HIGH-RISK
31,Primary,12713,Rural,145,85,12.5,No,None,35,1.43,1,Clinic,HIGH-RISK
21,Secondary,34123,Urban,154,93,11.1,No,None,39,2.61,3,Hospital,HIGH-RISK
24,Secondary,33151,Rural,133,78,12.2,No,Severe,34,2.24,11,Hospital,HIGH-RISK
19,Primary,9576,Rural,130,70,14.8,No,None,31,3.16,4,Hospital,HIGH-RISK
27,Secondary,45815,Rural,127,77,11.9,Yes,Mild,43,2.2,10,Clinic,HIGH-RISK
32,Secondary,15483,Urban,112,70,15.6,No,None,36,1.78,4,Hospital,HIGH-RISK
24,Higher,15531,Urban,116,71,9.5,No,None,37,2.53,2,Clinic,LOW-RISK
23,No Education,16076,Urban,133,90,11.9,No,None,33,1.8,4,Hospital,HIGH-RISK
18,Primary,15745,Rural,102,75,11.7,No,None,37,2.52,6,Home,LOW-RISK
23,Secondary,2999,Rural,101,76,9.7,Yes,Mild,39,2.28,1,Hospital,HIGH-RISK
16,No Education,13173,Rural,111,76,12.9,Yes,None,39,3.03,5,Hospital,LOW-RISK
19,Secondary,5773,Rural,128,89,14.3,No,None,35,1.83,5,Clinic,HIGH-RISK
26,Secondary,46828,Urban,104,85,15.5,No,None,37,2.81,5,Clinic,LOW-RISK
32,No Education,45527,Urban,114,70,12.1,Yes,None,39,2.97,1,Hospital,LOW-RISK
40,Secondary,27232,Rural,116,84,8.1,No,None,39,2.04,7,Hospital,HIGH-RISK
21,Higher,12693,Rural,101,55,12.4,No,None,38,3.13,5,Clinic,LOW-RISK
32,Secondary,7407,Urban,80,50,12.8,No,None,40,2.92,7,Hospital,LOW-RISK
26,Secondary,9466,Rural,101,90,11.1,No,Mild,38,2.92,1,Hospital,LOW-RISK
24,Secondary,58434,Rural,122,73,11.9,No,Severe,41,2.73,2,Home,HIGH-RISK
27,Primary,9239,Urban,125,80,9.8,Yes,None,37,2.65,6,Hospital,HIGH-RISK
25,No Education,2999,Urban,125,64,10.9,Yes,None,40,2.83,7,Home,HIGH-RISK
25,Secondary,30850,Rural,127,64,13.3,No,None,40,2.85,8,Hospital,LOW-RISK
22,Primary,42879,Urban,107,64,13.1,Yes,None,34,1.35,4,Hospital,HIGH-RISK
17,Primary,47918,Rural,104,78,8.2,No,None,39,3.67,6,Hospital,LOW-RISK
16,No Education,31028,Rural,124,71,9.7,No,None,36,1.81,8,Hospital,HIGH-RISK
28,Higher,34782,Rural,114,70,8.6,No,None,35,2.25,4,Hospital,HIGH-RISK
23,No Education,15566,Rural,132,71,14.2,No,None,37,3.44,3,Clinic,LOW-RISK
21,Secondary,3506,Urban,124,89,13.1,No,None,38,2.61,7,Hospital,LOW-RISK
25,Primary,15295,Rural,138,91,7.3,No,Mild,34,2.62,1,Hospital,HIGH-RISK
29,Secondary,23176,Urban,110,67,11.4,Yes,Mild,38,1.59,6,Home,HIGH-RISK
25,Primary,13644,Rural,135,88,10.3,No,None,37,1.71,4,Home,HIGH-RISK
21,Primary,13216,Rural,150,82,10.1,No,None,41,2.79,8,Hospital,LOW-RISK
31,Secondary,7638,Rural,118,72,13.4,No,None,36,2.42,5,Hospital,HIGH-RISK
33,Secondary,7439,Rural,125,77,13.3,No,None,41,3.41,4,Hospital,LOW-RISK
27,Primary,54312,Urban,103,78,11.9,No,Mild,39,3.24,2,Clinic,HIGH-RISK
30,Secondary,55706,Rural,132,70,10.3,No,Mild,38,1.92,6,Clinic,LOW-RISK
31,Secondary,14972,Rural,136,86,10.4,No,None,41,3.5,6,Clinic,LOW-RISK
31,Primary,18267,Urban,110,100,11.6,No,None,43,2.15,5,Home,HIGH-RISK
28,Secondary,7549,Urban,127,80,10.7,No,None,37,3.27,2,Hospital,LOW-RISK
28,No Education,23520,Rural,122,77,10.7,No,Mild,36,1.9,3,Home,HIGH-RISK
27,Secondary,51408,Rural,124,76,12.5,No,None,39,4.29,7,Clinic,LOW-RISK
18,No Education,5142,Urban,130,84,8.6,Yes,Mild,34,1.71,3,Clinic,HIGH-RISK
28,Secondary,20754,Urban,126,60,10.1,No,Mild,35,2.44,5,Clinic,HIGH-RISK
17,Primary,21875,Rural,115,93,10.5,No,None,41,2.89,7,Hospital,HIGH-RISK
20,Secondary,21701,Rural,131,89,14.3,No,Mild,39,2.67,5,Home,LOW-RISK
32,Secondary,47371,Rural,135,73,13.0,No,Mild,36,2.02,5,Hospital,LOW-RISK
29,Higher,62381,Urban,109,73,11.5,No,None,43,4.01,6,Hospital,LOW-RISK
33,Secondary,12738,Rural,117,68,12.2,No,None,35,1.8,9,Home,HIGH-RISK
23,Higher,24029,Rural,89,70,11.3,No,None,40,2.44,7,Hospital,LOW-RISK
18,Primary,15911,Rural,127,78,12.8,No,None,36,2.45,6,Home,HIGH-RISK
23,Primary,9636,Rural,137,83,11.3,No,None,42,2.91,2,Home,LOW-RISK
25,No Education,18130,Rural,113,62,13.1,No,None,37,2.42,2,Clinic,LOW-RISK
25,Secondary,24001,Rural,120,70,9.1,No,Mild,37,3.32,4,Home,LOW-RISK
31,Secondary,17459,Urban,114,86,10.0,No,None,33,2.29,6,Clinic,HIGH-RISK
23,Higher,8094,Urban,111,67,12.0,No,None,43,2.81,9,Clinic,LOW-RISK
26,Secondary,10843,Urban,121,50,12.4,No,Severe,36,2.76,7,Hospital,HIGH-RISK
19,Secondary,10901,Urban,105,70,15.8,No,None,39,2.33,6,Clinic,LOW-RISK
27,Primary,8317,Rural,114,100,8.1,No,None,38,2.48,0,Hospital,LOW-RISK
25,No Education,18681,Urban,103,80,10.9,No,Severe,37,2.79,5,Clinic,HIGH-RISK
20,Secondary,20100,Rural,127,71,11.4,No,None,32,2.54,5,Home,LOW-RISK
23,Primary,29776,Urban,121,75,11.7,No,None,37,2.67,2,Home,LOW-RISK
23,No Education,8229,Rural,111,80,14.5,No,None,37,2.63,5,Clinic,LOW-RISK
23,Higher,10012,Rural,118,56,13.1,No,None,39,1.64,2,Hospital,HIGH-RISK
34,Higher,44533,Urban,114,64,8.6,No,Mild,43,2.42,10,Home,HIGH-RISK
24,Secondary,13368,Rural,136,85,14.3,No,None,40,1.89,6,Home,LOW-RISK
23,Primary,15319,Rural,110,90,13.6,No,None,40,2.03,1,Hospital,LOW-RISK
14,Higher,13269,Rural,128,74,12.0,No,Severe,37,3.0,5,Home,HIGH-RISK
20,Primary,33154,Rural,106,89,8.2,No,None,35,3.94,3,Home,HIGH-RISK
23,Secondary,34066,Rural,131,70,11.2,No,Mild,37,2.91,5,Home,LOW-RISK
21,Primary,32697,Rural,134,54,11.8,No,None,36,2.42,6,Hospital,LOW-RISK
32,Higher,15281,Rural,135,89,13.3,No,None,38,2.38,0,Hospital,HIGH-RISK
24,Higher,8144,Urban,141,87,8.3,No,Severe,37,2.22,3,Home,HIGH-RISK
32,Secondary,57725,Urban,122,85,10.1,No,None,34,3.66,8,Clinic,HIGH-RISK
25,No Education,27315,Rural,137,88,13.0,No,None,41,2.36,4,Home,HIGH-RISK
25,Secondary,10895,Rural,143,85,14.2,No,Mild,38,1.7,6,Clinic,HIGH-RISK
24,Primary,40638,Rural,100,67,12.2,Yes,None,37,2.94,2,Hospital,LOW-RISK
25,Higher,10310,Rural,108,70,13.6,No,None,35,2.01,3,Clinic,HIGH-RISK
34,No Education,40267,Rural,94,62,12.3,No,None,37,3.13,6,Hospital,LOW-RISK
14,No Education,42218,Urban,134,75,12.3,No,None,36,3.43,3,Clinic,HIGH-RISK
14,Secondary,7869,Rural,93,50,11.8,No,None,35,2.75,3,Hospital,HIGH-RISK
22,Secondary,22539,Rural,89,53,12.4,No,None,38,2.92,9,Home,LOW-RISK
25,Higher,25934,Rural,100,68,9.3,Yes,Mild,37,3.16,7,Home,HIGH-RISK
28,No Education,93549,Urban,90,50,12.4,No,None,40,4.29,3,Hospital,LOW-RISK
27,Higher,8921,Urban,122,54,9.2,Yes,None,37,4.05,9,Hospital,LOW-RISK
22,No Education,40887,Rural,100,66,12.7,No,None,38,2.63,4,Clinic,LOW-RISK
30,No Education,15183,Rural,90,65,10.3,No,Severe,38,3.32,3,Home,HIGH-RISK
30,Secondary,6290,Rural,117,71,12.2,No,Mild,39,3.78,6,Home,LOW-RISK
26,Primary,13791,Urban,118,50,9.1,No,Severe,36,2.56,8,Home,HIGH-RISK
30,Secondary,15025,Rural,88,84,10.6,No,Mild,40,2.76,10,Hospital,LOW-RISK
26,No Education,7147,Rural,106,56,11.6,No,None,35,2.24,4,Clinic,LOW-RISK
21,No Education,18663,Rural,116,66,12.6,Yes,None,38,2.85,2,Clinic,HIGH-RISK
28,Secondary,29327,Rural,112,60,13.5,No,Mild,35,1.92,9,Hospital,HIGH-RISK
25,Primary,17721,Rural,112,88,9.1,Yes,Mild,38,3.29,2,Hospital,HIGH-RISK
25,Secondary,10265,Rural,136,85,8.8,No,None,40,3.57,6,Clinic,LOW-RISK
33,Secondary,13519,Rural,152,80,9.7,No,None,39,2.58,4,Home,HIGH-RISK
14,No Education,14952,Rural,112,68,9.0,No,None,41,2.55,5,Hospital,HIGH-RISK
17,Secondary,17464,Urban,96,70,14.3,No,None,37,2.22,2,Clinic,HIGH-RISK
18,Primary,32620,Rural,114,60,13.5,No,Severe,40,3.06,2,Hospital,LOW-RISK
23,Primary,18145,Rural,121,80,9.1,Yes,None,36,2.32,11,Hospital,HIGH-RISK
23,No Education,5619,Rural,117,68,14.4,Yes,None,37,2.01,4,Hospital,LOW-RISK
16,Higher,10119,Rural,127,83,13.8,No,None,38,4.4,1,Clinic,LOW-RISK
19,Secondary,16848,Rural,153,91,8.6,No,None,40,1.82,5,Home,HIGH-RISK
20,Secondary,32948,Urban,90,60,9.6,No,Mild,37,2.01,4,Clinic,LOW-RISK
38,Higher,37208,Urban,109,50,8.5,No,None,40,3.32,3,Hospital,HIGH-RISK
34,Primary,51952,Urban,142,80,10.9,No,None,39,3.16,6,Hospital,LOW-RISK
22,Higher,16436,Urban,109,57,11.5,No,Severe,39,2.41,7,Clinic,HIGH-RISK
23,Secondary,25594,Urban,130,79,11.5,No,None,36,1.58,3,Hospital,HIGH-RISK
18,Higher,5419,Rural,128,76,7.9,Yes,None,37,3.05,6,Hospital,LOW-RISK
14,Higher,20266,Urban,137,74,8.9,No,None,38,3.01,8,Clinic,LOW-RISK
24,Higher,7066,Rural,148,70,12.0,No,None,39,2.41,9,Hospital,LOW-RISK
19,No Education,14357,Rural,123,90,11.8,No,None,36,2.7,6,Hospital,LOW-RISK
24,Secondary,120000,Urban,90,62,7.9,Yes,None,35,2.61,6,Hospital,HIGH-RISK
16,Higher,18551,Rural,106,97,9.2,No,None,33,3.24,6,Clinic,HIGH-RISK
20,Secondary,8193,Rural,152,86,13.3,No,Mild,40,2.77,5,Home,HIGH-RISK
25,Primary,19955,Rural,95,72,8.7,No,None,40,3.25,5,Hospital,LOW-RISK
27,Higher,10444,Rural,125,78,11.5,No,None,33,2.33,3,Clinic,HIGH-RISK
27,Primary,7656,Rural,80,67,8.7,No,None,38,3.1,3,Hospital,LOW-RISK
17,Secondary,65382,Urban,96,81,13.0,No,None,37,3.0,2,Hospital,LOW-RISK
29,Secondary,31652,Rural,132,92,7.9,No,Severe,41,3.27,6,Clinic,HIGH-RISK
20,Primary,19104,Urban,118,56,10.8,No,None,37,3.09,5,Home,LOW-RISK
28,Secondary,11401,Rural,111,82,13.2,No,None,39,1.76,5,Hospital,LOW-RISK
24,No Education,12067,Urban,104,76,12.0,No,Severe,37,2.46,7,Hospital,LOW-RISK
17,Secondary,44158,Rural,86,66,10.7,No,None,36,2.17,4,Hospital,HIGH-RISK
23,Higher,18590,Rural,129,97,10.2,No,None,40,3.06,6,Clinic,LOW-RISK
27,Primary,2999,Urban,113,93,10.7,No,None,41,3.25,2,Clinic,LOW-RISK
28,Secondary,81671,Urban,93,77,9.2,No,None,35,2.86,4,Hospital,LOW-RISK
24,Primary,17050,Urban,118,70,11.0,No,Severe,41,2.41,5,Clinic,HIGH-RISK
33,Higher,19075,Rural,127,64,11.4,No,Severe,36,2.76,4,Hospital,HIGH-RISK
30,Higher,32096,Rural,114,82,10.7,No,Severe,32,1.62,2,Clinic,HIGH-RISK
23,Primary,20776,Urban,119,90,12.7,Yes,Mild,38,3.49,2,Clinic,LOW-RISK
29,Secondary,25302,Rural,118,53,9.6,No,None,39,3.53,5,Hospital,LOW-RISK
35,Secondary,11150,Urban,106,83,8.4,No,None,34,2.32,7,Hospital,HIGH-RISK
35,Secondary,6341,Rural,118,73,10.6,No,None,33,1.68,7,Hospital,HIGH-RISK
18,Secondary,18250,Rural,129,59,11.7,No,Mild,37,2.42,1,Hospital,LOW-RISK
19,Secondary,40861,Rural,134,85,11.3,No,Mild,36,1.56,7,Hospital,HIGH-RISK
33,Secondary,9531,Rural,130,89,11.2,No,Mild,41,2.29,3,Hospital,LOW-RISK
19,Primary,9010,Urban,107,68,8.9,No,None,38,2.7,7,Hospital,LOW-RISK
17,Primary,35260,Urban,128,67,9.5,No,None,40,2.49,5,Hospital,HIGH-RISK
22,Higher,10891,Rural,125,96,10.6,No,Mild,39,1.91,4,Hospital,LOW-RISK
27,No Education,11253,Urban,106,64,9.7,No,Severe,42,2.53,5,Hospital,LOW-RISK
24,Secondary,11551,Urban,110,85,13.5,No,None,36,2.23,6,Hospital,LOW-RISK
21,Primary,14332,Urban,128,62,11.2,No,None,38,2.61,5,Hospital,LOW-RISK
21,Higher,4985,Rural,140,86,10.5,No,Severe,34,1.86,6,Clinic,HIGH-RISK
21,Secondary,10283,Rural,89,71,13.5,No,None,40,1.48,4,Home,HIGH-RISK
20,Secondary,17624,Rural,144,92,12.3,No,None,41,3.43,7,Hospital,LOW-RISK
37,Primary,17537,Rural,136,97,8.5,No,Severe,40,2.78,1,Hospital,HIGH-RISK
26,Secondary,33738,Urban,121,67,5.7,No,None,38,2.98,2,Hospital,HIGH-RISK
29,Higher,54359,Rural,114,79,9.1,No,None,34,2.6,2,Hospital,HIGH-RISK
22,Secondary,43240,Rural,124,61,12.6,No,Mild,38,3.07,7,Home,LOW-RISK
23,Secondary,28454,Urban,107,56,13.1,No,None,36,2.59,8,Hospital,LOW-RISK
21,Secondary,13516,Rural,115,68,8.5,No,None,40,2.85,5,Hospital,LOW-RISK
14,Primary,9697,Rural,94,72,12.1,No,None,37,3.22,4,Hospital,LOW-RISK
17,Secondary,15188,Rural,90,85,12.6,No,Mild,37,3.34,7,Hospital,HIGH-RISK
15,Primary,22600,Rural,155,107,13.7,No,None,43,3.56,11,Hospital,LOW-RISK
14,Primary,26666,Rural,119,72,12.8,No,Severe,40,2.34,3,Hospital,HIGH-RISK
18,Secondary,23201,Rural,121,79,13.9,No,None,41,2.94,2,Hospital,LOW-RISK
32,Higher,13780,Rural,117,85,12.4,No,None,37,1.92,2,Hospital,LOW-RISK
24,Higher,26019,Rural,104,79,12.3,No,None,35,2.25,6,Hospital,HIGH-RISK
32,Higher,36258,Rural,113,72,10.9,No,None,41,2.69,0,Hospital,LOW-RISK
27,Secondary,27775,Rural,119,76,13.0,No,None,42,3.21,6,Hospital,LOW-RISK
29,Primary,14667,Urban,114,72,8.2,No,Mild,35,2.11,1,Hospital,HIGH-RISK
20,Secondary,8367,Rural,105,69,11.3,No,None,37,3.17,6,Hospital,LOW-RISK
27,Higher,8229,Rural,125,74,12.5,No,None,36,2.06,4,Clinic,HIGH-RISK
29,Secondary,9311,Rural,121,74,14.0,No,Mild,39,2.48,7,Home,LOW-RISK
21,Secondary,17957,Rural,124,72,10.6,No,None,41,2.36,7,Hospital,HIGH-RISK
28,Secondary,21583,Rural,129,66,13.2,No,Mild,37,3.18,1,Clinic,LOW-RISK
28,Secondary,5572,Rural,115,84,11.1,Yes,Mild,37,2.59,3,Hospital,HIGH-RISK
21,Higher,10540,Rural,115,80,13.3,Yes,None,33,0.91,3,Home,HIGH-RISK
18,Secondary,17784,Urban,141,102,10.1,No,None,36,2.76,2,Hospital,HIGH-RISK
18,Secondary,7990,Rural,102,75,12.8,No,None,42,2.29,6,Hospital,LOW-RISK
25,Primary,20323,Rural,88,62,10.5,No,None,39,2.91,6,Home,HIGH-RISK
26,Secondary,12095,Urban,126,71,9.4,No,None,40,2.18,5,Hospital,HIGH-RISK
20,Primary,9039,Urban,107,72,10.3,No,None,37,2.81,6,Home,LOW-RISK
25,Higher,15569,Rural,100,76,13.9,No,Mild,37,1.22,5,Hospital,HIGH-RISK
28,Secondary,19739,Rural,132,77,9.7,No,None,38,2.78,6,Hospital,LOW-RISK
28,Secondary,8281,Rural,115,58,8.8,No,None,39,2.32,5,Hospital,LOW-RISK
33,Primary,12657,Urban,97,60,11.3,No,Mild,41,2.1,4,Hospital,LOW-RISK
32,Secondary,20809,Rural,148,85,8.5,No,None,36,2.87,5,Clinic,HIGH-RISK
19,Secondary,8798,Urban,92,76,14.3,No,None,38,2.73,8,Hospital,LOW-RISK
34,No Education,4700,Urban,116,58,13.5,No,None,36,2.01,3,Hospital,HIGH-RISK
22,Higher,5116,Rural,87,68,13.4,No,Mild,33,2.06,3,Hospital,HIGH-RISK
30,Primary,11194,Rural,122,79,11.0,No,None,40,3.29,6,Home,LOW-RISK
25,Secondary,5960,Rural,107,67,14.5,No,None,42,2.56,1,Home,LOW-RISK
22,Primary,11759,Urban,131,72,13.6,No,Mild,40,3.62,6,Hospital,LOW-RISK
15,Secondary,48110,Urban,117,66,10.5,No,None,39,3.48,5,Hospital,LOW-RISK
24,Secondary,5714,Rural,139,83,14.1,Yes,None,43,3.58,1,Clinic,LOW-RISK
16,Higher,12307,Urban,111,85,9.9,No,None,39,3.33,6,Hospital,HIGH-RISK
30,No Education,66730,Urban,92,81,10.1,Yes,None,40,2.47,3,Hospital,HIGH-RISK
33,Higher,19960,Urban,121,63,8.3,No,None,38,2.83,5,Hospital,LOW-RISK
20,Secondary,11595,Urban,113,71,11.8,Yes,None,39,2.69,2,Hospital,LOW-RISK
26,Primary,13439,Rural,88,50,10.2,No,None,38,3.26,7,Home,LOW-RISK
21,Primary,20259,Urban,101,71,10.7,No,Mild,40,2.79,4,Clinic,LOW-RISK
21,Primary,49160,Rural,106,78,11.0,No,None,35,2.4,5,Home,HIGH-RISK
29,Higher,10344,Rural,142,100,10.5,No,None,39,3.71,3,Clinic,HIGH-RISK
24,Primary,8826,Rural,129,59,10.9,No,None,36,2.13,3,Hospital,HIGH-RISK
34,Secondary,5713,Rural,112,62,13.8,No,None,39,2.46,2,Home,HIGH-RISK
22,Secondary,16122,Rural,125,79,9.6,No,None,43,2.58,5,Hospital,LOW-RISK
30,Higher,5607,Rural,85,50,13.1,No,Mild,40,3.39,9,Clinic,LOW-RISK
25,Secondary,10841,Urban,108,74,11.9,No,None,41,2.9,6,Hospital,LOW-RISK
29,Secondary,7940,Rural,124,83,12.2,Yes,None,40,3.05,1,Hospital,HIGH-RISK
22,Primary,31814,Urban,120,61,10.6,No,None,32,2.3,9,Hospital,HIGH-RISK
24,Higher,10508,Rural,109,74,10.2,No,Severe,38,1.59,7,Hospital,HIGH-RISK
24,Primary,19804,Rural,117,61,12.2,No,None,39,2.21,8,Hospital,LOW-RISK
20,No Education,4880,Urban,123,92,11.8,No,None,33,2.44,2,Hospital,HIGH-RISK
28,Higher,16446,Urban,117,77,10.1,No,None,37,2.97,4,Clinic,LOW-RISK
28,Primary,6461,Urban,131,71,8.5,No,None,38,2.26,5,Clinic,HIGH-RISK
28,No Education,11135,Urban,123,63,11.3,Yes,None,35,1.88,7,Hospital,HIGH-RISK
33,Secondary,70519,Rural,126,82,12.9,No,None,36,2.03,9,Home,HIGH-RISK
32,Primary,28805,Urban,145,98,12.8,No,Mild,41,3.53,9,Clinic,LOW-RISK
22,No Education,13710,Rural,131,70,13.6,No,Mild,29,1.17,8,Hospital,HIGH-RISK
27,Secondary,120000,Rural,145,79,12.2,No,None,39,1.34,3,Hospital,HIGH-RISK
21,Secondary,7904,Urban,107,63,11.0,No,None,41,3.75,5,Home,LOW-RISK
25,Secondary,33909,Urban,92,85,11.5,No,None,38,1.96,8,Hospital,LOW-RISK
21,Primary,5130,Rural,115,54,8.9,No,Severe,42,2.58,2,Hospital,HIGH-RISK
33,Secondary,12645,Rural,114,88,10.3,No,None,37,1.97,1,Hospital,HIGH-RISK
27,Higher,5839,Rural,141,77,11.4,No,None,36,2.43,3,Hospital,HIGH-RISK
23,Primary,17959,Urban,99,69,10.8,No,None,38,2.73,5,Clinic,LOW-RISK
31,Primary,15599,Rural,116,71,11.1,No,None,37,3.69,4,Clinic,LOW-RISK
14,No Education,12093,Rural,124,79,8.4,Yes,None,37,3.2,3,Hospital,HIGH-RISK
14,Secondary,32216,Urban,119,67,9.4,No,Severe,38,2.09,7,Hospital,HIGH-RISK
29,Primary,10085,Rural,115,86,12.9,No,None,36,1.13,3,Home,HIGH-RISK
25,Secondary,18856,Rural,123,89,10.0,No,None,36,2.75,4,Clinic,HIGH-RISK
26,Higher,26640,Rural,135,70,10.3,Yes,None,35,2.15,2,Clinic,HIGH-RISK
17,Primary,5311,Urban,142,90,10.7,No,None,39,2.4,5,Hospital,HIGH-RISK
24,Secondary,8883,Rural,118,72,9.8,Yes,None,36,2.95,2,Home,HIGH-RISK
36,Primary,15576,Urban,104,71,13.1,No,None,35,1.08,4,Clinic,HIGH-RISK
29,No Education,23316,Rural,142,99,9.0,No,Mild,35,2.14,1,Hospital,HIGH-RISK
25,Secondary,40565,Urban,100,62,11.5,No,Mild,39,3.15,2,Home,LOW-RISK
22,Secondary,12896,Rural,146,94,10.2,No,None,40,2.15,5,Hospital,HIGH-RISK
22,Higher,12019,Rural,139,87,11.8,No,None,40,3.51,4,Hospital,LOW-RISK
14,Secondary,8143,Rural,141,79,10.6,No,Severe,39,2.24,4,Home,HIGH-RISK
26,Primary,18897,Rural,128,83,11.0,No,None,39,2.76,5,Clinic,LOW-RISK
29,Secondary,12183,Urban,84,67,13.7,No,None,38,2.42,7,Hospital,LOW-RISK
16,Primary,12381,Urban,101,57,9.7,No,Mild,39,1.29,5,Hospital,HIGH-RISK
21,Higher,14045,Rural,122,70,10.2,No,None,39,2.57,3,Hospital,HIGH-RISK
18,Secondary,22069,Urban,107,60,10.9,No,Severe,36,3.0,3,Home,HIGH-RISK
19,Primary,10109,Urban,112,70,13.3,No,None,35,1.76,4,Hospital,LOW-RISK
25,Secondary,8736,Rural,127,92,11.3,No,Mild,41,2.45,8,Home,HIGH-RISK
14,Secondary,20292,Rural,115,81,13.7,Yes,None,38,2.52,8,Clinic,HIGH-RISK
28,Secondary,2999,Urban,98,54,11.2,No,Mild,41,3.09,3,Hospital,LOW-RISK
29,No Education,9830,Rural,132,76,12.7,No,None,35,2.18,5,Hospital,HIGH-RISK
23,No Education,6700,Rural,126,80,11.5,No,None,37,2.81,5,Home,LOW-RISK
14,No Education,34824,Rural,114,82,11.7,No,None,35,2.55,2,Hospital,HIGH-RISK
19,Primary,11016,Urban,129,71,8.5,No,Mild,40,2.51,4,Hospital,LOW-RISK
31,Secondary,10130,Rural,119,62,8.6,No,None,36,3.44,5,Hospital,LOW-RISK
14,No Education,14498,Rural,139,81,13.1,No,None,37,2.24,5,Clinic,LOW-RISK
23,Secondary,9887,Urban,120,82,13.4,No,None,43,3.19,3,Hospital,LOW-RISK
18,Secondary,11315,Rural,139,84,15.9,No,None,40,3.5,4,Clinic,LOW-RISK
29,No Education,16055,Rural,88,57,8.4,No,None,40,2.72,5,Hospital,LOW-RISK
21,Higher,11163,Rural,125,97,12.4,No,None,35,2.27,2,Hospital,HIGH-RISK
27,Secondary,11107,Urban,111,71,9.7,No,Mild,33,2.3,5,Clinic,HIGH-RISK
28,Primary,7396,Rural,104,73,9.8,No,None,40,2.6,1,Home,HIGH-RISK
35,Secondary,6688,Urban,136,73,10.6,No,None,32,1.03,6,Hospital,HIGH-RISK
23,Primary,15650,Urban,132,92,11.6,No,None,37,2.66,6,Home,LOW-RISK
27,Higher,18590,Urban,85,72,10.3,Yes,None,36,3.01,4,Hospital,HIGH-RISK
16,Secondary,5519,Rural,129,82,11.6,No,None,36,2.76,2,Clinic,HIGH-RISK
31,Secondary,25533,Urban,127,65,13.0,No,Mild,37,2.84,5,Clinic,LOW-RISK
20,Higher,25607,Rural,106,84,13.5,No,None,35,2.67,5,Hospital,LOW-RISK
21,Higher,29675,Rural,104,79,12.7,No,None,35,2.43,2,Hospital,HIGH-RISK
24,Higher,18503,Urban,92,79,12.3,No,None,39,2.82,5,Hospital,LOW-RISK
16,Primary,23429,Rural,112,74,10.7,No,None,41,2.56,6,Hospital,HIGH-RISK
26,Primary,69239,Rural,115,74,10.1,No,Mild,34,2.6,3,Hospital,HIGH-RISK
30,Secondary,12145,Urban,130,76,12.5,No,Mild,38,2.51,6,Hospital,LOW-RISK
26,Secondary,7214,Rural,122,102,9.6,No,None,39,2.63,3,Hospital,HIGH-RISK
16,Secondary,5125,Rural,101,64,11.7,No,None,39,3.28,4,Hospital,LOW-RISK
24,Secondary,51265,Rural,121,62,9.6,No,None,37,2.69,6,Home,LOW-RISK
29,Primary,51738,Rural,113,69,10.6,No,None,37,3.11,5,Clinic,LOW-RISK
14,Primary,7852,Rural,103,65,8.6,No,None,40,3.16,9,Hospital,LOW-RISK
19,Secondary,9015,Rural,92,81,10.8,No,None,39,2.76,4,Hospital,LOW-RISK
29,Primary,11956,Urban,127,63,9.8,No,Mild,33,1.97,8,Hospital,HIGH-RISK
26,Secondary,35340,Urban,125,71,10.1,No,Severe,37,2.07,2,Hospital,HIGH-RISK
27,Secondary,6091,Rural,126,80,11.3,Yes,Mild,38,2.2,5,Hospital,HIGH-RISK
35,Secondary,3786,Rural,106,85,7.1,No,None,35,2.81,9,Home,HIGH-RISK
27,Secondary,68395,Urban,120,83,8.3,No,Mild,37,3.12,4,Hospital,LOW-RISK
28,Secondary,18666,Urban,95,86,12.9,No,None,39,2.26,10,Hospital,LOW-RISK
39,Secondary,20617,Rural,102,74,11.8,Yes,Severe,36,2.31,7,Clinic,HIGH-RISK
23,Primary,12993,Rural,118,73,9.8,No,None,39,2.92,3,Home,LOW-RISK
20,Secondary,20782,Urban,122,86,13.3,No,None,36,2.67,4,Home,HIGH-RISK
27,Secondary,5197,Urban,91,51,10.3,No,None,35,3.39,3,Hospital,HIGH-RISK
27,Primary,8326,Urban,101,51,9.7,No,None,40,3.12,8,Clinic,LOW-RISK
22,Secondary,16145,Urban,112,84,10.1,No,None,41,2.42,2,Hospital,HIGH-RISK
19,Higher,3060,Rural,133,82,14.9,No,None,35,2.48,5,Hospital,HIGH-RISK
37,Primary,12137,Urban,104,81,11.7,No,None,40,2.23,5,Hospital,HIGH-RISK
26,Secondary,11624,Rural,120,66,11.9,No,None,38,4.02,13,Home,LOW-RISK
20,Higher,12135,Urban,121,90,12.3,No,None,32,1.77,6,Hospital,HIGH-RISK
30,Higher,10199,Urban,114,81,8.2,No,Mild,34,2.27,5,Home,HIGH-RISK
24,Secondary,7470,Rural,122,76,10.4,No,None,40,2.8,5,Hospital,LOW-RISK
23,Secondary,4189,Rural,96,71,12.3,No,None,34,2.13,2,Clinic,HIGH-RISK
28,Higher,16599,Urban,107,75,11.5,No,None,36,2.1,2,Clinic,HIGH-RISK
17,Secondary,12157,Urban,140,72,15.5,Yes,Mild,38,3.55,5,Home,HIGH-RISK
26,No Education,5727,Rural,142,78,9.9,No,Severe,39,3.11,5,Hospital,LOW-RISK
35,No Education,15671,Rural,131,82,12.9,No,None,38,2.72,3,Hospital,LOW-RISK
27,Secondary,12201,Rural,135,76,13.0,No,Severe,42,3.75,5,Clinic,LOW-RISK
22,Secondary,10862,Rural,88,50,11.8,No,None,36,2.04,8,Home,HIGH-RISK
22,Primary,3314,Rural,102,74,11.9,No,None,38,3.2,4,Hospital,LOW-RISK
22,Primary,24191,Rural,113,83,10.5,No,None,39,2.06,1,Hospital,HIGH-RISK
23,Secondary,6327,Rural,156,98,7.9,No,Severe,40,2.09,1,Hospital,HIGH-RISK
22,Secondary,15679,Rural,112,79,12.1,No,Mild,41,3.19,1,Home,LOW-RISK
30,Higher,8518,Rural,129,88,12.3,No,None,37,2.97,3,Clinic,LOW-RISK
15,Secondary,11426,Rural,124,87,12.6,No,None,40,3.98,9,Home,LOW-RISK
29,Higher,33604,Rural,123,77,11.6,No,None,36,1.69,5,Hospital,LOW-RISK
22,Higher,21762,Urban,117,51,13.2,No,None,38,3.17,5,Hospital,LOW-RISK
27,Primary,33084,Rural,98,82,9.8,No,None,39,2.66,1,Home,LOW-RISK
18,Secondary,18902,Urban,80,54,14.1,No,Severe,40,3.27,3,Clinic,HIGH-RISK
32,No Education,19793,Rural,138,69,9.2,No,Mild,39,3.22,3,Home,LOW-RISK
31,Higher,4311,Urban,108,60,11.3,No,None,38,2.78,9,Hospital,LOW-RISK
30,Primary,12010,Urban,88,94,11.8,No,None,38,2.39,6,Hospital,LOW-RISK
16,Secondary,12814,Urban,125,82,10.6,No,None,39,2.61,5,Clinic,LOW-RISK
29,Higher,35325,Urban,124,65,12.8,No,Severe,43,2.19,6,Hospital,HIGH-RISK
27,Primary,10524,Urban,130,71,10.2,No,Mild,40,3.0,3,Hospital,HIGH-RISK
16,Higher,18055,Urban,135,80,11.7,No,Mild,39,1.26,5,Clinic,HIGH-RISK
24,No Education,17568,Rural,103,76,10.6,No,Mild,35,1.85,6,Clinic,HIGH-RISK
27,Secondary,33731,Rural,104,74,10.5,No,None,36,2.86,3,Hospital,HIGH-RISK
28,Secondary,13659,Rural,112,63,15.6,No,None,37,3.28,6,Clinic,LOW-RISK
25,Primary,26775,Rural,131,82,9.9,No,Mild,40,1.91,8,Hospital,HIGH-RISK
26,Secondary,4547,Urban,84,58,7.4,No,None,36,2.39,3,Hospital,HIGH-RISK
33,Higher,4846,Rural,120,87,10.1,No,Mild,40,2.17,5,Home,HIGH-RISK
31,Primary,3033,Rural,132,80,11.6,No,Mild,38,2.59,9,Hospital,LOW-RISK
14,Secondary,26003,Rural,132,71,10.8,No,None,39,3.22,3,Hospital,HIGH-RISK
23,Higher,24037,Rural,129,86,13.3,No,None,37,2.26,6,Hospital,LOW-RISK
24,Secondary,28101,Rural,135,85,13.3,No,Mild,37,3.58,5,Hospital,LOW-RISK
15,No Education,9336,Rural,80,58,10.1,No,None,36,2.27,4,Clinic,HIGH-RISK
25,Higher,10110,Rural,143,91,8.5,No,None,40,3.05,9,Hospital,LOW-RISK
31,No Education,13781,Rural,123,83,8.4,No,None,38,3.39,2,Clinic,HIGH-RISK
19,Secondary,41208,Urban,139,95,11.4,Yes,None,35,2.83,4,Hospital,LOW-RISK
26,Secondary,49093,Rural,99,77,8.7,No,None,39,3.24,9,Home,LOW-RISK
19,Secondary,26146,Rural,89,64,10.8,No,None,43,2.44,3,Home,HIGH-RISK
21,No Education,18911,Urban,146,65,14.0,Yes,None,37,2.19,5,Hospital,HIGH-RISK
33,Primary,38199,Rural,103,73,11.6,No,Severe,42,2.64,8,Clinic,LOW-RISK
22,Secondary,12540,Rural,113,77,11.6,No,None,32,2.63,5,Clinic,LOW-RISK
27,No Education,11408,Rural,126,78,8.6,No,Severe,37,2.09,8,Home,HIGH-RISK
14,Secondary,13704,Urban,130,53,11.8,No,Mild,40,3.12,2,Hospital,HIGH-RISK
35,Secondary,7560,Rural,135,88,11.0,No,Mild,38,3.01,1,Hospital,LOW-RISK
28,Secondary,13270,Rural,121,65,11.9,No,Mild,36,2.19,1,Home,HIGH-RISK
23,Primary,6861,Urban,101,77,12.0,No,None,38,2.83,4,Hospital,LOW-RISK
28,Primary,30739,Rural,129,97,12.7,No,None,40,2.84,5,Home,LOW-RISK
17,Higher,21947,Rural,129,76,11.7,No,None,43,3.04,9,Clinic,LOW-RISK
31,Secondary,40802,Urban,88,71,12.4,No,None,41,3.21,6,Hospital,LOW-RISK
23,No Education,4794,Rural,140,82,10.2,No,None,37,4.38,2,Clinic,HIGH-RISK
23,Primary,56783,Urban,80,69,13.0,No,None,37,2.89,3,Hospital,LOW-RISK
22,Primary,4989,Rural,134,81,9.9,No,Severe,37,2.45,3,Hospital,HIGH-RISK
21,Higher,6483,Rural,107,66,11.1,No,Severe,36,1.02,3,Hospital,HIGH-RISK
28,Primary,9713,Urban,129,69,13.1,No,None,38,2.03,7,Home,HIGH-RISK
26,No Education,37466,Rural,126,95,10.2,No,None,37,2.38,5,Hospital,LOW-RISK
28,Secondary,17565,Rural,117,79,9.1,No,Mild,35,2.48,6,Hospital,HIGH-RISK
24,No Education,12646,Rural,125,87,10.7,No,Severe,40,2.58,2,Home,HIGH-RISK
27,Primary,8612,Rural,116,79,14.0,No,None,39,3.02,4,Clinic,LOW-RISK
22,Higher,5725,Rural,129,89,7.4,No,None,36,2.17,8,Clinic,LOW-RISK
37,Secondary,33144,Rural,152,76,11.7,No,Severe,38,3.05,4,Hospital,HIGH-RISK
16,No Education,26235,Urban,96,69,9.8,No,None,36,2.67,4,Hospital,HIGH-RISK
31,Secondary,38658,Rural,80,69,11.2,No,Mild,37,2.58,1,Hospital,LOW-RISK
32,Primary,19802,Rural,111,87,10.3,No,None,40,3.04,5,Clinic,LOW-RISK
20,No Education,2999,Rural,110,102,12.4,No,None,39,2.56,3,Home,LOW-RISK
37,Secondary,6276,Rural,111,77,11.6,No,None,37,2.12,4,Clinic,HIGH-RISK
30,Secondary,20768,Rural,103,63,13.3,No,Mild,39,3.1,5,Home,LOW-RISK
30,Secondary,11579,Rural,131,65,13.8,No,None,38,3.03,4,Home,LOW-RISK
25,Higher,10143,Rural,95,59,11.6,No,Severe,36,2.63,6,Hospital,HIGH-RISK
23,Primary,6929,Urban,125,69,10.8,No,None,38,3.33,3,Clinic,LOW-RISK
23,Higher,29118,Rural,128,53,12.2,No,Severe,39,2.66,7,Home,LOW-RISK
27,Secondary,20643,Rural,123,69,12.5,No,None,39,2.7,2,Home,LOW-RISK
32,Primary,21303,Rural,125,85,9.3,No,None,34,2.35,2,Hospital,HIGH-RISK
25,Higher,9626,Rural,133,80,11.9,No,Severe,38,2.99,4,Home,LOW-RISK
19,No Education,16970,Rural,118,73,10.2,No,None,38,2.72,1,Home,LOW-RISK
29,Secondary,5880,Rural,112,56,10.7,No,None,33,2.66,4,Hospital,HIGH-RISK
30,Secondary,13696,Urban,125,89,10.3,No,None,36,1.95,7,Hospital,HIGH-RISK
28,Primary,2999,Rural,127,83,10.3,No,Mild,39,2.23,5,Hospital,HIGH-RISK
29,Higher,5004,Rural,132,79,13.8,No,Mild,41,2.3,9,Hospital,LOW-RISK
23,Primary,11970,Urban,90,50,10.7,No,Severe,34,2.69,11,Hospital,HIGH-RISK
19,Higher,79093,Rural,115,69,13.6,No,None,40,2.78,3,Home,LOW-RISK
20,No Education,4252,Rural,100,74,10.8,No,None,33,2.18,6,Home,HIGH-RISK
16,Primary,6281,Urban,126,77,9.4,No,None,41,3.16,7,Hospital,LOW-RISK
26,Primary,17457,Rural,129,81,11.3,No,Severe,37,3.6,2,Hospital,LOW-RISK
24,Higher,51761,Rural,113,81,9.4,No,None,36,1.96,4,Hospital,HIGH-RISK
22,No Education,17280,Urban,106,73,11.7,No,None,39,2.2,7,Hospital,LOW-RISK
14,Higher,24521,Urban,127,85,11.1,No,None,36,2.82,7,Hospital,HIGH-RISK
18,Primary,11842,Rural,115,65,12.7,No,None,39,2.81,1,Hospital,LOW-RISK
31,Secondary,10492,Rural,140,68,14.1,No,Mild,38,2.7,4,Hospital,HIGH-RISK
21,Primary,15888,Rural,146,89,8.0,No,None,28,3.03,4,Hospital,HIGH-RISK
26,No Education,9461,Urban,134,87,9.7,No,None,36,1.92,3,Clinic,HIGH-RISK
17,Higher,24904,Urban,121,81,9.3,No,None,38,3.02,3,Clinic,HIGH-RISK
32,Secondary,4872,Rural,147,85,15.4,No,None,41,2.89,5,Clinic,LOW-RISK
24,Secondary,27967,Rural,121,72,10.7,No,None,39,4.58,5,Hospital,LOW-RISK
26,Secondary,15418,Rural,110,75,9.1,No,Mild,41,2.73,9,Hospital,LOW-RISK
37,Secondary,12906,Urban,107,76,15.5,No,None,36,2.82,9,Home,LOW-RISK
33,Secondary,4749,Rural,106,76,10.2,No,None,40,2.66,2,Home,LOW-RISK
23,Higher,7554,Rural,117,103,8.6,No,Mild,40,3.05,3,Home,HIGH-RISK
21,Secondary,34712,Rural,125,67,9.4,Yes,None,34,2.43,5,Home,HIGH-RISK
23,Secondary,12962,Urban,95,104,11.8,No,None,41,3.24,6,Clinic,LOW-RISK
27,Secondary,18227,Rural,110,59,11.6,No,Mild,39,2.75,5,Home,LOW-RISK
24,Secondary,8104,Rural,121,80,10.0,No,None,37,3.08,5,Home,LOW-RISK
22,Secondary,14698,Rural,128,65,10.6,No,None,37,2.38,7,Hospital,LOW-RISK
33,Secondary,5740,Urban,117,78,11.6,No,None,35,2.04,6,Hospital,HIGH-RISK
24,Secondary,16086,Urban,121,86,13.9,No,None,40,1.76,4,Hospital,LOW-RISK
37,Secondary,19443,Rural,98,70,12.1,No,None,39,3.0,7,Clinic,LOW-RISK
25,Higher,18774,Urban,103,81,10.5,No,Mild,39,2.44,5,Clinic,LOW-RISK
34,Higher,7968,Rural,117,70,11.1,No,None,38,4.01,7,Hospital,LOW-RISK
26,Higher,11806,Rural,126,55,12.9,No,Severe,39,2.54,6,Hospital,LOW-RISK
30,Secondary,21847,Urban,121,82,14.5,No,Severe,37,3.49,2,Hospital,HIGH-RISK
21,Secondary,12936,Rural,104,71,9.5,No,None,41,3.43,2,Home,HIGH-RISK
20,Primary,12267,Rural,114,68,13.2,No,None,40,2.66,4,Hospital,LOW-RISK
27,Secondary,56853,Urban,142,78,10.9,No,None,38,2.39,6,Clinic,HIGH-RISK
30,Primary,7708,Rural,126,82,7.8,No,Severe,38,2.73,5,Clinic,HIGH-RISK
25,No Education,31955,Rural,115,66,7.6,No,None,34,2.64,2,Hospital,HIGH-RISK
17,Higher,6684,Rural,101,74,13.9,No,Mild,33,3.57,6,Hospital,HIGH-RISK
17,Higher,23721,Urban,106,85,14.1,No,Severe,37,2.12,4,Clinic,HIGH-RISK
17,Secondary,24624,Rural,118,98,10.5,Yes,None,41,2.81,4,Clinic,LOW-RISK
15,Primary,10493,Rural,122,92,10.4,No,Mild,36,1.83,6,Home,HIGH-RISK
25,Secondary,6396,Urban,127,79,8.3,Yes,None,36,1.8,6,Home,HIGH-RISK
31,Secondary,3776,Rural,124,79,12.9,No,None,36,3.34,6,Clinic,HIGH-RISK
24,Higher,9751,Rural,112,69,11.4,No,None,35,2.16,5,Clinic,LOW-RISK
14,Higher,21680,Rural,109,67,8.7,No,Mild,36,1.36,3,Hospital,HIGH-RISK
23,Primary,7054,Rural,150,94,11.5,No,None,39,2.91,10,Clinic,LOW-RISK
24,Primary,16053,Rural,109,69,8.3,No,None,37,3.01,5,Clinic,LOW-RISK
36,Primary,5336,Rural,97,73,11.9,No,Mild,37,2.57,5,Hospital,LOW-RISK
16,No Education,12734,Rural,91,56,8.7,No,None,36,2.22,8,Home,HIGH-RISK
22,Primary,6720,Rural,112,89,11.8,No,None,39,2.89,4,Hospital,LOW-RISK
34,No Education,14203,Rural,133,76,10.2,No,None,39,2.06,1,Clinic,HIGH-RISK
27,No Education,10562,Rural,108,84,6.9,No,None,33,2.59,5,Clinic,HIGH-RISK
28,Primary,6519,Rural,141,74,12.6,No,None,36,2.29,3,Home,HIGH-RISK
25,Primary,9457,Rural,117,66,12.9,Yes,Mild,38,3.56,6,Hospital,LOW-RISK
26,Secondary,7800,Rural,135,95,10.6,No,None,39,2.98,4,Home,LOW-RISK
29,No Education,5979,Urban,105,65,11.5,Yes,None,38,2.72,3,Clinic,LOW-RISK
20,Higher,32007,Rural,106,54,12.3,No,Mild,40,2.67,9,Hospital,LOW-RISK
29,Primary,11657,Urban,119,64,12.1,No,None,34,1.02,4,Home,HIGH-RISK
17,No Education,3210,Rural,125,87,14.4,No,None,39,2.73,2,Home,LOW-RISK
26,No Education,9696,Rural,115,83,12.1,No,None,43,2.69,6,Home,LOW-RISK
25,Secondary,28455,Rural,122,68,10.9,No,Severe,38,2.83,4,Hospital,LOW-RISK
21,Primary,8803,Urban,127,71,11.9,No,Mild,38,2.7,3,Home,LOW-RISK
24,Secondary,42797,Rural,95,76,10.7,No,None,39,3.59,4,Hospital,LOW-RISK
21,No Education,8234,Urban,112,88,9.1,No,None,37,2.65,5,Clinic,LOW-RISK
19,Higher,21336,Rural,109,72,13.7,No,None,36,2.09,5,Home,HIGH-RISK
23,No Education,30991,Rural,110,79,11.6,No,None,38,1.88,1,Hospital,HIGH-RISK
18,Secondary,20556,Rural,124,86,8.1,No,None,34,1.82,6,Clinic,HIGH-RISK
26,Higher,5731,Urban,109,96,10.3,No,Mild,39,2.22,7,Hospital,HIGH-RISK
18,Primary,7754,Rural,85,53,12.6,No,Mild,39,2.09,12,Hospital,LOW-RISK
28,Primary,34025,Rural,114,66,8.6,No,None,34,2.18,8,Home,HIGH-RISK
18,Higher,8540,Rural,100,64,10.1,No,None,38,3.43,2,Hospital,LOW-RISK
21,Primary,29696,Rural,125,87,15.8,No,None,37,3.31,9,Clinic,LOW-RISK
21,No Education,11098,Rural,130,76,10.4,No,None,42,2.09,10,Clinic,LOW-RISK
32,Secondary,16561,Urban,83,68,13.4,No,None,41,2.82,3,Home,LOW-RISK
26,No Education,5684,Urban,105,73,13.6,No,Severe,40,3.03,8,Clinic,LOW-RISK
23,Higher,9798,Rural,123,77,9.9,No,Severe,41,3.12,2,Clinic,HIGH-RISK
27,Secondary,8128,Rural,95,70,12.0,No,Severe,37,3.68,3,Hospital,HIGH-RISK
14,Secondary,17566,Urban,130,90,15.2,No,Mild,39,2.16,6,Hospital,HIGH-RISK
24,Primary,16011,Rural,134,69,11.4,No,None,37,2.31,2,Hospital,LOW-RISK
35,Secondary,20736,Rural,115,73,15.8,No,None,36,1.96,2,Hospital,HIGH-RISK
25,Secondary,10640,Urban,105,58,10.4,No,Severe,38,3.0,6,Clinic,LOW-RISK
25,No Education,7821,Rural,81,66,14.3,Yes,None,38,1.3,9,Hospital,HIGH-RISK
28,Higher,17046,Rural,131,76,11.5,No,None,37,2.67,3,Clinic,LOW-RISK
29,Secondary,7296,Rural,150,96,10.9,No,None,38,1.82,3,Home,HIGH-RISK
14,Secondary,31910,Urban,146,83,12.7,No,Mild,38,2.8,4,Hospital,HIGH-RISK
15,Primary,13844,Rural,114,69,11.3,Yes,None,40,3.94,3,Hospital,HIGH-RISK
26,No Education,11938,Rural,100,67,10.4,No,Mild,37,3.3,6,Hospital,LOW-RISK
21,Secondary,20729,Rural,131,97,12.4,No,None,35,1.92,4,Clinic,HIGH-RISK
32,Secondary,14219,Rural,115,57,8.2,No,None,40,2.57,9,Hospital,LOW-RISK
23,Primary,4699,Rural,125,71,9.7,Yes,Mild,40,2.31,3,Hospital,HIGH-RISK
14,No Education,7135,Urban,122,77,12.8,No,Mild,39,3.51,3,Clinic,HIGH-RISK
18,Higher,31451,Rural,119,68,13.3,No,None,35,0.96,2,Hospital,HIGH-RISK
14,Primary,15907,Rural,134,85,11.8,No,None,38,2.56,6,Hospital,LOW-RISK
23,Primary,4622,Urban,135,80,11.5,No,None,39,2.42,6,Hospital,HIGH-RISK
23,Secondary,19192,Urban,109,75,12.2,No,None,35,1.53,5,Hospital,HIGH-RISK
22,No Education,10140,Rural,103,72,12.3,No,None,36,3.11,8,Clinic,LOW-RISK
30,No Education,8132,Rural,80,62,8.9,No,Severe,38,1.94,5,Hospital,HIGH-RISK
31,No Education,6730,Urban,112,59,9.7,No,None,41,2.14,6,Clinic,HIGH-RISK
24,Higher,30204,Urban,100,71,11.4,No,None,39,3.68,5,Hospital,LOW-RISK
14,Primary,3789,Rural,124,57,11.8,Yes,None,37,2.75,1,Hospital,HIGH-RISK
28,Secondary,8345,Urban,112,66,7.7,No,None,37,2.7,5,Clinic,LOW-RISK
28,Higher,16315,Rural,114,79,9.2,No,None,36,2.15,2,Hospital,HIGH-RISK
26,Secondary,45281,Rural,130,92,11.5,No,None,37,2.8,7,Hospital,LOW-RISK
30,Secondary,22103,Rural,124,102,13.3,No,Mild,40,2.56,3,Hospital,LOW-RISK
18,Secondary,8296,Rural,116,70,10.7,No,Mild,33,1.94,2,Hospital,HIGH-RISK
36,Primary,43754,Rural,144,73,9.6,Yes,None,41,2.03,4,Home,HIGH-RISK
19,Secondary,5809,Rural,129,84,12.5,Yes,Mild,43,2.82,3,Clinic,HIGH-RISK
29,Higher,18061,Rural,111,93,10.9,No,None,38,2.47,5,Home,HIGH-RISK
15,Secondary,21104,Rural,112,90,13.1,No,None,36,1.84,7,Hospital,HIGH-RISK
19,Secondary,8095,Rural,130,67,11.1,No,Mild,41,3.16,5,Hospital,LOW-RISK
33,Primary,24443,Rural,121,74,9.3,No,None,39,2.52,6,Hospital,LOW-RISK
23,Higher,10468,Rural,100,79,14.1,No,Severe,37,2.74,4,Hospital,LOW-RISK
29,No Education,24401,Rural,132,90,13.4,No,None,36,3.52,11,Hospital,LOW-RISK
26,Higher,4138,Urban,138,88,9.8,No,Severe,37,3.01,7,Clinic,HIGH-RISK
24,Primary,18963,Rural,136,76,11.3,No,None,38,2.5,7,Home,LOW-RISK
32,Secondary,11241,Urban,142,89,10.9,No,None,40,2.2,10,Hospital,HIGH-RISK
23,Higher,33543,Rural,151,95,12.6,No,None,39,2.73,8,Hospital,LOW-RISK
15,Secondary,14545,Rural,145,73,9.9,No,Mild,39,3.23,3,Hospital,HIGH-RISK
20,Primary,35963,Urban,123,91,12.5,No,None,37,2.48,3,Hospital,HIGH-RISK
28,Higher,21399,Rural,114,84,13.7,No,None,40,2.78,3,Hospital,LOW-RISK
27,Primary,13719,Rural,88,58,9.0,No,Severe,37,2.46,7,Hospital,HIGH-RISK
16,Primary,26034,Rural,118,86,11.3,No,None,43,2.58,2,Hospital,LOW-RISK
21,Secondary,26151,Rural,126,86,13.7,No,None,36,1.45,5,Hospital,HIGH-RISK
21,Secondary,20871,Rural,118,85,9.7,No,None,39,2.92,8,Clinic,LOW-RISK
22,Secondary,3014,Rural,87,83,10.3,No,Mild,43,2.85,7,Hospital,LOW-RISK
17,No Education,7540,Rural,113,73,12.2,No,Severe,41,3.58,6,Hospital,HIGH-RISK
21,Secondary,39524,Rural,128,82,11.2,No,Mild,40,2.82,6,Clinic,LOW-RISK
20,Higher,6226,Rural,101,50,8.7,No,None,39,2.37,8,Home,HIGH-RISK
29,No Education,27820,Urban,120,88,10.7,No,None,38,3.56,9,Hospital,LOW-RISK
29,Secondary,24595,Rural,124,88,14.6,No,None,38,2.96,6,Clinic,LOW-RISK
24,Secondary,9025,Rural,135,95,15.2,No,Severe,37,2.87,3,Hospital,LOW-RISK
22,Higher,3711,Urban,145,73,10.4,No,Mild,34,2.11,5,Hospital,HIGH-RISK
25,Secondary,10072,Rural,111,83,9.9,No,Mild,40,2.85,2,Hospital,HIGH-RISK
20,Higher,64242,Rural,120,87,10.7,No,None,34,1.53,8,Home,HIGH-RISK
18,Primary,8196,Rural,121,68,13.8,Yes,None,40,2.72,10,Home,LOW-RISK
19,Primary,8602,Urban,128,90,12.4,No,Mild,37,2.64,3,Hospital,LOW-RISK
21,Higher,7461,Rural,126,83,14.1,No,None,36,2.42,5,Hospital,HIGH-RISK
18,Higher,35106,Rural,140,63,13.3,No,None,42,3.37,5,Clinic,LOW-RISK
25,Secondary,12654,Urban,80,70,9.1,No,Mild,34,2.9,6,Hospital,LOW-RISK
29,Secondary,9678,Rural,124,68,9.8,No,None,36,2.8,6,Home,HIGH-RISK
16,Secondary,40345,Rural,125,59,10.2,No,Mild,37,1.81,7,Home,HIGH-RISK
25,No Education,22504,Urban,114,78,10.1,No,Mild,38,2.52,8,Clinic,LOW-RISK
23,Higher,7881,Rural,81,63,10.3,No,None,36,1.04,8,Hospital,HIGH-RISK
26,Higher,6369,Urban,117,90,10.5,No,Mild,42,3.36,4,Home,HIGH-RISK
24,Secondary,33742,Rural,106,73,12.7,No,None,35,2.16,4,Hospital,LOW-RISK
17,Primary,15177,Rural,144,91,11.4,No,None,43,2.68,4,Hospital,LOW-RISK
18,Primary,5071,Rural,124,82,13.6,No,Severe,35,1.99,3,Home,HIGH-RISK
25,No Education,4305,Rural,105,83,11.5,No,Severe,43,3.46,6,Home,HIGH-RISK
30,Secondary,6867,Rural,85,56,10.3,No,None,41,2.82,8,Hospital,LOW-RISK
14,Secondary,6299,Urban,127,80,11.8,No,Mild,38,2.7,6,Clinic,LOW-RISK
26,Primary,3581,Rural,129,77,8.6,No,None,39,2.83,5,Home,LOW-RISK
31,Secondary,6947,Urban,114,81,7.3,No,Mild,37,2.87,2,Clinic,LOW-RISK
24,Higher,7882,Rural,127,80,12.7,No,None,39,2.69,6,Hospital,LOW-RISK
28,No Education,10850,Urban,112,67,13.2,No,None,36,2.75,4,Hospital,LOW-RISK
21,Secondary,49062,Rural,135,77,11.6,No,None,40,3.45,5,Home,LOW-RISK
24,Secondary,12444,Rural,133,98,10.8,No,Severe,38,2.81,5,Hospital,LOW-RISK
16,Primary,13339,Urban,91,50,8.4,No,Severe,36,1.71,1,Home,HIGH-RISK
14,Secondary,21424,Urban,95,76,13.6,No,None,39,2.94,6,Hospital,LOW-RISK
30,Secondary,12704,Urban,150,98,12.4,No,None,39,2.43,5,Hospital,HIGH-RISK
19,Primary,19849,Urban,132,86,11.3,No,None,36,3.3,5,Hospital,LOW-RISK
22,Primary,18255,Rural,97,90,11.5,No,None,37,3.63,6,Hospital,LOW-RISK
17,Higher,16344,Rural,92,78,10.7,Yes,None,39,3.16,4,Home,HIGH-RISK
17,Primary,104019,Rural,121,80,8.7,No,Mild,41,2.12,6,Hospital,HIGH-RISK
24,Secondary,28384,Urban,99,64,12.0,No,None,38,2.51,4,Clinic,LOW-RISK
20,Secondary,7034,Rural,112,78,10.5,No,None,40,2.65,7,Clinic,LOW-RISK
27,Higher,19437,Rural,117,82,10.7,No,Severe,41,2.3,3,Hospital,HIGH-RISK
27,Secondary,8617,Rural,116,75,14.6,Yes,None,41,2.59,0,Hospital,HIGH-RISK
26,Higher,20500,Urban,136,72,11.4,No,None,39,2.89,6,Hospital,LOW-RISK
26,Secondary,5728,Rural,147,70,7.1,No,Severe,36,2.46,8,Hospital,HIGH-RISK
33,Secondary,6907,Urban,110,75,10.5,No,Mild,40,3.47,9,Clinic,LOW-RISK
19,Primary,19082,Rural,99,53,8.8,Yes,None,38,2.75,2,Home,HIGH-RISK
24,Primary,30157,Rural,124,71,10.3,No,None,39,2.6,1,Hospital,LOW-RISK
31,Secondary,21325,Rural,144,57,8.9,Yes,Mild,36,1.35,3,Home,HIGH-RISK
31,No Education,27273,Urban,111,82,12.1,No,None,36,2.6,10,Hospital,HIGH-RISK
17,Secondary,19486,Urban,131,91,11.0,Yes,None,36,2.18,7,Hospital,HIGH-RISK
23,Primary,16925,Rural,104,71,9.8,No,None,35,1.88,3,Clinic,HIGH-RISK
32,No Education,10543,Rural,118,96,11.1,No,Mild,37,2.45,9,Clinic,LOW-RISK
27,Primary,26500,Rural,99,84,10.7,No,None,35,1.84,7,Clinic,HIGH-RISK
26,Secondary,30736,Rural,118,81,11.3,No,None,39,3.16,4,Hospital,LOW-RISK
23,Secondary,14351,Urban,116,73,11.1,No,Mild,35,2.0,3,Clinic,HIGH-RISK
22,Higher,13821,Rural,127,74,11.5,No,None,36,3.2,6,Hospital,LOW-RISK
26,Secondary,45697,Rural,146,90,12.1,No,None,38,2.15,1,Clinic,HIGH-RISK
23,Higher,14787,Rural,111,71,11.9,No,Severe,43,3.45,4,Hospital,HIGH-RISK
24,Secondary,15816,Rural,86,72,13.5,No,None,36,1.74,0,Clinic,HIGH-RISK
25,No Education,21052,Rural,114,80,10.4,No,None,35,2.18,5,Home,HIGH-RISK
21,Higher,14007,Rural,122,74,11.9,No,Severe,35,2.49,7,Home,HIGH-RISK
27,No Education,8447,Urban,121,88,15.5,No,None,36,2.97,9,Hospital,LOW-RISK
41,Secondary,19543,Rural,115,72,11.4,No,None,36,3.14,6,Hospital,LOW-RISK
15,Secondary,14598,Urban,141,82,11.5,No,None,43,3.34,6,Hospital,LOW-RISK
26,Primary,54468,Urban,120,65,9.2,No,Mild,40,2.65,8,Hospital,LOW-RISK
20,Secondary,26048,Rural,116,72,10.2,No,None,37,3.76,6,Hospital,LOW-RISK
28,Primary,9886,Urban,105,95,10.3,No,None,43,3.1,7,Hospital,LOW-RISK
25,No Education,24987,Urban,90,57,12.3,No,None,36,0.8,11,Hospital,HIGH-RISK
29,No Education,18607,Rural,123,81,11.7,No,None,37,2.8,3,Hospital,LOW-RISK
31,No Education,37511,Urban,121,71,11.3,No,Mild,37,2.57,5,Home,LOW-RISK
26,No Education,10390,Rural,101,50,12.7,No,None,41,2.61,4,Hospital,LOW-RISK
31,Secondary,17117,Urban,117,81,9.7,No,None,38,3.13,4,Hospital,LOW-RISK
14,Secondary,13994,Rural,115,68,12.4,No,None,42,2.95,3,Home,LOW-RISK
33,Secondary,15626,Rural,108,76,11.5,No,Severe,39,2.41,7,Hospital,HIGH-RISK
27,Secondary,8072,Urban,105,82,11.7,No,None,40,3.6,6,Hospital,LOW-RISK
30,No Education,22447,Rural,124,79,10.4,No,None,33,1.28,7,Hospital,HIGH-RISK
18,Primary,20098,Urban,114,77,9.2,No,None,34,1.59,5,Clinic,HIGH-RISK
20,Secondary,36881,Urban,108,63,9.3,No,Severe,34,1.42,10,Home,HIGH-RISK
25,Higher,14895,Rural,104,78,12.1,No,None,37,3.02,3,Clinic,LOW-RISK
24,Secondary,11243,Urban,115,72,12.4,No,None,34,2.74,8,Hospital,LOW-RISK
26,No Education,26064,Urban,132,58,11.3,No,None,41,2.33,7,Hospital,LOW-RISK
30,Secondary,8602,Rural,121,85,11.5,No,None,38,2.45,5,Hospital,LOW-RISK
15,Higher,32057,Rural,114,86,10.2,No,None,40,2.78,5,Hospital,LOW-RISK
30,Secondary,32009,Rural,122,93,12.4,No,None,37,2.19,6,Hospital,LOW-RISK
25,Primary,36166,Rural,139,105,11.0,No,None,40,3.22,7,Clinic,LOW-RISK
23,No Education,19524,Rural,125,86,10.5,No,None,33,3.31,2,Clinic,HIGH-RISK
16,Secondary,10670,Urban,122,82,13.1,No,Mild,38,2.68,5,Hospital,HIGH-RISK
27,Higher,16191,Urban,128,91,12.7,No,None,39,2.97,7,Hospital,LOW-RISK
14,Secondary,19571,Rural,115,65,8.7,No,None,39,2.84,5,Home,LOW-RISK
28,Primary,10134,Rural,120,57,11.5,No,None,37,3.53,0,Hospital,LOW-RISK
16,Secondary,38138,Urban,110,67,9.8,Yes,Mild,34,3.48,5,Clinic,HIGH-RISK
25,Higher,22513,Urban,93,82,11.8,No,Mild,41,2.58,5,Clinic,LOW-RISK
24,Secondary,8032,Rural,123,69,5.8,No,Mild,37,2.8,6,Hospital,LOW-RISK
31,Higher,56039,Rural,123,82,11.9,No,Mild,37,3.25,4,Clinic,LOW-RISK
24,Primary,16058,Rural,113,80,12.1,No,None,43,2.97,2,Hospital,LOW-RISK
21,Primary,6973,Rural,134,82,10.7,No,None,38,2.28,7,Clinic,LOW-RISK
22,Secondary,8388,Rural,106,57,9.4,Yes,None,37,1.78,7,Hospital,HIGH-RISK
32,Secondary,42499,Rural,89,70,15.0,No,None,37,2.45,7,Home,LOW-RISK
27,Higher,53814,Rural,106,67,13.6,No,Mild,40,2.96,6,Clinic,LOW-RISK
22,Secondary,30407,Rural,93,86,10.5,No,None,36,2.14,5,Hospital,HIGH-RISK
23,Primary,37771,Rural,123,89,10.2,No,None,39,2.2,5,Clinic,HIGH-RISK
16,Primary,35151,Rural,105,67,7.0,No,None,41,2.46,4,Hospital,HIGH-RISK
27,Secondary,22151,Urban,133,99,12.4,No,Mild,38,3.79,3,Clinic,LOW-RISK
15,Primary,18885,Urban,133,83,8.8,No,Mild,40,2.16,3,Hospital,HIGH-RISK
29,Secondary,21888,Urban,103,52,12.7,No,Mild,38,2.61,5,Hospital,LOW-RISK
25,Primary,25109,Urban,105,71,12.6,No,None,36,1.96,6,Hospital,HIGH-RISK
38,Primary,8925,Urban,126,95,11.1,No,Severe,34,3.15,5,Hospital,HIGH-RISK
18,Secondary,25038,Rural,133,70,9.6,No,Mild,39,1.97,2,Hospital,HIGH-RISK
24,No Education,41640,Rural,85,65,13.1,No,None,39,2.35,9,Home,HIGH-RISK
34,Secondary,12982,Rural,122,62,11.5,Yes,None,40,2.81,8,Hospital,LOW-RISK
31,Secondary,12046,Rural,82,51,11.7,Yes,None,40,2.87,5,Home,LOW-RISK
21,Secondary,20939,Rural,109,63,9.8,No,Mild,43,3.4,3,Clinic,HIGH-RISK
26,Secondary,9519,Rural,135,67,11.8,No,Severe,37,3.34,7,Hospital,LOW-RISK
25,Secondary,5967,Urban,166,83,11.1,No,None,39,2.39,3,Hospital,HIGH-RISK
26,Higher,33496,Urban,114,93,9.1,No,None,36,2.41,4,Hospital,HIGH-RISK
21,Primary,10939,Urban,98,69,13.7,No,None,40,2.68,2,Home,LOW-RISK
24,Primary,15194,Rural,109,81,14.5,Yes,Severe,36,2.26,3,Clinic,HIGH-RISK
16,Secondary,9786,Urban,119,88,13.3,No,None,40,3.34,4,Home,LOW-RISK
25,Secondary,36663,Urban,107,59,13.1,No,Severe,36,2.7,5,Home,HIGH-RISK
27,Secondary,27255,Rural,103,61,14.7,No,None,40,3.66,3,Hospital,LOW-RISK
23,Secondary,12673,Rural,111,81,9.6,No,None,41,3.04,2,Hospital,HIGH-RISK
16,Secondary,6567,Rural,124,70,9.6,No,None,34,2.67,4,Home,LOW-RISK
30,Primary,11765,Rural,115,82,10.0,No,None,35,0.8,4,Clinic,HIGH-RISK
27,Secondary,22357,Rural,103,89,12.0,No,None,39,2.83,2,Clinic,LOW-RISK
21,Primary,17117,Rural,107,55,10.8,No,None,38,3.02,3,Hospital,LOW-RISK
23,Secondary,16190,Urban,111,69,9.7,No,None,37,3.07,9,Clinic,LOW-RISK
16,Secondary,17395,Rural,102,68,11.5,No,None,37,3.63,6,Hospital,LOW-RISK
19,Secondary,25513,Rural,106,66,11.3,No,None,36,2.92,8,Hospital,LOW-RISK
22,Primary,14566,Urban,128,72,12.6,No,Mild,39,2.11,3,Hospital,HIGH-RISK
31,Higher,20554,Rural,114,68,11.6,No,None,36,2.83,7,Clinic,LOW-RISK
21,Secondary,7517,Rural,89,66,8.1,No,Severe,39,3.24,2,Clinic,HIGH-RISK
28,Secondary,89634,Rural,134,81,12.2,No,None,37,2.45,8,Clinic,LOW-RISK
22,Higher,12296,Rural,124,87,14.3,No,None,37,2.56,4,Hospital,LOW-RISK
26,Secondary,17297,Rural,95,68,11.6,Yes,None,41,3.22,9,Hospital,LOW-RISK
24,Secondary,22299,Urban,112,86,13.3,No,None,40,2.78,3,Hospital,LOW-RISK
29,Primary,11251,Urban,105,65,9.7,No,Mild,36,2.66,6,Hospital,LOW-RISK
22,Primary,15082,Rural,128,65,12.2,No,Severe,36,2.34,3,Hospital,HIGH-RISK
16,Primary,14954,Rural,112,70,9.7,No,None,40,1.58,1,Home,HIGH-RISK
17,No Education,7910,Rural,116,80,10.9,No,None,34,2.34,1,Hospital,HIGH-RISK
22,Secondary,20390,Rural,114,83,11.1,No,Mild,42,2.57,2,Home,LOW-RISK
18,Primary,4728,Rural,94,84,12.2,No,Severe,38,3.12,3,Hospital,HIGH-RISK
27,Secondary,51159,Urban,140,85,10.0,No,None,37,3.02,6,Hospital,LOW-RISK
22,Primary,26131,Urban,128,87,8.7,No,None,38,2.27,3,Clinic,HIGH-RISK
38,No Education,23463,Rural,106,87,12.0,No,None,41,2.89,5,Home,HIGH-RISK
15,Higher,4447,Rural,121,67,12.3,No,Severe,33,2.83,4,Hospital,HIGH-RISK
26,Secondary,8613,Urban,133,77,11.7,No,None,41,3.03,3,Clinic,LOW-RISK
18,Higher,39669,Rural,118,106,13.2,No,None,41,3.32,5,Hospital,LOW-RISK
22,Secondary,120000,Rural,142,92,11.1,No,Mild,37,2.22,7,Hospital,HIGH-RISK
25,No Education,34616,Urban,164,94,11.9,No,None,38,2.7,8,Home,HIGH-RISK
14,Secondary,30997,Rural,115,84,10.9,No,None,38,1.56,6,Home,HIGH-RISK
26,Secondary,21661,Rural,108,58,11.0,No,None,40,3.43,3,Hospital,LOW-RISK
35,No Education,8287,Rural,102,63,11.5,No,Severe,36,2.48,5,Clinic,HIGH-RISK
22,Higher,30104,Rural,82,53,15.6,No,Mild,38,2.74,6,Clinic,LOW-RISK
26,Secondary,6939,Rural,137,85,12.8,No,None,38,2.73,1,Hospital,LOW-RISK
30,Secondary,6427,Urban,112,69,12.5,No,Mild,40,3.06,1,Hospital,LOW-RISK
24,Secondary,6150,Rural,132,81,12.9,No,None,43,3.37,0,Home,LOW-RISK
21,Secondary,29697,Rural,135,77,7.3,No,None,36,2.01,7,Hospital,HIGH-RISK
14,Primary,14409,Rural,100,52,11.7,No,None,38,3.03,4,Hospital,LOW-RISK
28,Higher,16097,Rural,103,80,13.1,No,Severe,36,2.48,11,Hospital,HIGH-RISK
24,Secondary,14839,Urban,145,64,11.7,No,None,37,1.59,5,Hospital,LOW-RISK
19,Primary,6821,Rural,116,66,11.4,No,None,35,1.88,7,Hospital,HIGH-RISK
25,No Education,9379,Urban,107,57,9.8,No,None,34,2.36,2,Clinic,HIGH-RISK
21,Secondary,9715,Urban,101,60,10.7,No,Mild,41,3.48,6,Hospital,HIGH-RISK
22,Higher,5608,Rural,115,77,10.0,No,None,39,3.55,4,Clinic,LOW-RISK
28,Higher,10539,Rural,142,96,13.3,No,Mild,38,2.13,2,Home,HIGH-RISK
17,Secondary,7036,Rural,128,61,14.2,No,Mild,36,2.71,6,Hospital,HIGH-RISK
30,Higher,22475,Rural,120,69,15.0,No,Mild,38,3.37,1,Clinic,LOW-RISK
17,Secondary,23824,Urban,143,63,10.0,No,Mild,35,2.66,4,Hospital,HIGH-RISK
21,Primary,6064,Urban,140,75,9.5,No,None,38,1.69,3,Hospital,HIGH-RISK
35,Secondary,12187,Urban,123,77,10.2,No,Mild,39,2.5,6,Hospital,LOW-RISK
31,No Education,54997,Rural,162,97,8.9,No,None,37,2.86,5,Clinic,HIGH-RISK
25,Primary,7549,Rural,114,50,8.7,No,None,36,1.92,1,Home,HIGH-RISK
19,Secondary,20220,Urban,135,87,10.6,No,None,37,1.61,6,Clinic,HIGH-RISK
22,Primary,16149,Rural,111,62,13.0,No,None,40,2.66,2,Hospital,LOW-RISK
25,Higher,32235,Rural,132,66,10.2,No,None,39,2.29,6,Clinic,HIGH-RISK
25,Higher,18446,Rural,114,74,13.4,No,None,34,2.56,4,Hospital,LOW-RISK
24,Primary,11091,Rural,125,84,13.5,No,None,40,3.06,6,Home,LOW-RISK
24,Secondary,15717,Urban,156,85,12.0,No,None,39,3.09,4,Hospital,LOW-RISK
23,Secondary,15879,Rural,133,67,13.7,No,None,38,2.6,2,Clinic,LOW-RISK
17,No Education,14067,Rural,125,76,8.9,No,None,42,2.81,9,Home,HIGH-RISK
22,Primary,5957,Urban,105,64,9.9,Yes,None,38,2.75,3,Clinic,LOW-RISK
30,Primary,35809,Urban,121,82,11.2,No,None,39,3.3,4,Hospital,LOW-RISK
17,Primary,31644,Rural,101,81,11.4,Yes,Severe,39,2.51,5,Hospital,HIGH-RISK
23,Primary,7221,Rural,132,91,13.9,No,None,40,2.38,3,Hospital,LOW-RISK
20,No Education,12152,Urban,131,78,9.3,No,Mild,37,3.33,7,Hospital,HIGH-RISK
25,Primary,12813,Rural,115,87,10.0,No,None,36,2.97,3,Hospital,HIGH-RISK
22,Higher,6675,Rural,144,71,11.3,Yes,Mild,40,3.06,3,Hospital,HIGH-RISK
33,No Education,4060,Urban,142,102,9.7,No,Mild,40,3.67,6,Clinic,LOW-RISK
27,Primary,9380,Urban,120,64,9.4,No,None,41,3.95,1,Hospital,HIGH-RISK
17,Secondary,11688,Rural,127,55,10.6,Yes,Severe,39,3.48,8,Hospital,HIGH-RISK
28,Primary,5469,Rural,108,88,10.6,No,None,34,1.88,3,Clinic,HIGH-RISK
20,Secondary,16978,Urban,113,66,14.1,No,Mild,38,3.26,11,Hospital,LOW-RISK
21,No Education,33853,Rural,100,71,8.8,No,None,38,2.86,1,Clinic,LOW-RISK
26,Secondary,27045,Rural,110,61,13.0,No,None,41,2.49,4,Hospital,LOW-RISK
22,Secondary,13727,Rural,116,100,13.8,No,None,41,2.39,2,Hospital,HIGH-RISK
29,Secondary,4136,Urban,91,87,10.6,No,None,40,2.95,5,Clinic,LOW-RISK
20,Secondary,24755,Urban,127,95,12.0,No,Mild,33,2.8,3,Hospital,HIGH-RISK
21,Secondary,16618,Urban,134,80,12.5,No,Mild,36,2.88,3,Hospital,LOW-RISK
21,Primary,20188,Rural,117,85,11.8,No,None,37,3.17,2,Home,LOW-RISK
21,Primary,58167,Rural,80,63,11.2,No,None,37,3.12,3,Home,LOW-RISK
31,Secondary,8420,Rural,113,86,10.3,No,Severe,38,2.69,6,Hospital,HIGH-RISK
28,No Education,2999,Urban,95,64,12.5,No,Mild,42,2.92,7,Clinic,LOW-RISK
34,Primary,7175,Rural,108,90,10.2,No,Mild,40,1.98,5,Clinic,HIGH-RISK
37,Secondary,21079,Rural,141,76,11.6,No,None,36,2.35,8,Hospital,HIGH-RISK
19,No Education,15285,Rural,80,60,11.4,No,None,36,2.71,3,Hospital,LOW-RISK
25,No Education,6405,Rural,104,65,12.2,No,None,36,3.22,5,Home,LOW-RISK
18,Secondary,5552,Rural,131,81,15.0,No,Mild,38,2.78,3,Home,LOW-RISK
20,Primary,11702,Urban,106,67,9.6,No,None,40,3.46,6,Hospital,LOW-RISK
21,Higher,6270,Urban,105,77,11.6,No,None,40,2.54,9,Home,LOW-RISK
19,Higher,21595,Rural,150,79,8.8,No,None,37,3.73,9,Clinic,HIGH-RISK
19,Higher,11246,Urban,124,85,14.2,No,None,38,3.6,7,Hospital,LOW-RISK
24,Secondary,9670,Urban,132,96,11.6,No,None,42,3.42,2,Hospital,LOW-RISK
18,Primary,8822,Rural,125,78,10.4,No,Mild,34,2.31,5,Hospital,HIGH-RISK
29,Secondary,18033,Urban,120,100,11.6,No,Severe,40,2.68,8,Hospital,LOW-RISK
19,Secondary,15454,Rural,138,94,11.7,No,None,39,2.6,6,Hospital,LOW-RISK
40,Secondary,17277,Rural,148,108,10.2,No,None,37,2.26,2,Clinic,HIGH-RISK
22,Primary,17015,Rural,91,66,12.9,No,None,38,3.06,7,Hospital,LOW-RISK
25,No Education,14260,Urban,117,56,12.7,No,Mild,39,2.66,2,Hospital,LOW-RISK
17,Primary,7278,Rural,117,67,12.7,No,Severe,37,3.01,4,Hospital,HIGH-RISK
34,Primary,8996,Rural,111,66,9.9,No,None,36,2.15,3,Hospital,HIGH-RISK
31,No Education,11379,Rural,133,69,9.4,No,None,36,1.97,2,Hospital,HIGH-RISK
26,Higher,63668,Rural,122,52,11.3,No,Severe,43,3.38,3,Hospital,HIGH-RISK
17,No Education,5834,Rural,148,96,12.8,No,None,37,2.85,5,Clinic,HIGH-RISK
26,Secondary,11187,Urban,135,60,12.4,No,None,39,3.27,6,Hospital,LOW-RISK
18,Higher,16068,Urban,139,92,10.1,No,None,40,2.16,7,Home,LOW-RISK
33,Primary,12130,Rural,98,94,12.4,No,None,37,2.38,0,Home,HIGH-RISK
29,Secondary,31811,Rural,105,63,9.8,No,None,38,2.58,5,Hospital,LOW-RISK
25,Secondary,12086,Rural,106,76,10.3,No,None,39,2.93,3,Clinic,LOW-RISK
14,Primary,12728,Urban,139,77,11.1,No,Mild,36,2.11,8,Clinic,HIGH-RISK
19,Secondary,26530,Urban,102,80,9.4,Yes,None,34,2.77,6,Hospital,HIGH-RISK
28,Higher,53279,Rural,102,57,9.8,No,None,36,2.82,3,Hospital,HIGH-RISK
31,Secondary,40177,Rural,100,68,14.3,No,None,42,2.4,5,Hospital,LOW-RISK
31,Higher,13631,Urban,162,101,14.0,No,None,37,4.42,3,Home,HIGH-RISK
16,Higher,14489,Rural,115,74,15.6,No,None,38,2.75,2,Home,HIGH-RISK
26,Primary,15498,Rural,126,60,11.7,No,None,35,3.13,2,Home,HIGH-RISK
30,Secondary,16625,Urban,99,83,12.7,No,Severe,41,2.64,5,Clinic,LOW-RISK
15,Secondary,8288,Rural,133,65,11.2,No,None,37,3.14,6,Home,LOW-RISK
24,Secondary,28894,Urban,89,67,10.9,No,None,37,3.32,5,Hospital,LOW-RISK
26,Secondary,17334,Rural,102,77,13.1,No,Mild,38,1.97,7,Hospital,HIGH-RISK
23,Secondary,14536,Urban,106,73,14.0,No,None,43,3.76,5,Clinic,LOW-RISK
14,Higher,6161,Rural,121,103,12.9,Yes,None,39,2.37,6,Hospital,HIGH-RISK
23,Primary,15668,Urban,105,80,9.2,Yes,None,38,2.61,2,Hospital,LOW-RISK
23,Secondary,3986,Rural,142,80,12.2,No,None,31,1.87,1,Hospital,HIGH-RISK
24,Primary,9983,Rural,126,84,9.7,No,None,41,2.49,5,Home,HIGH-RISK
21,Secondary,10113,Rural,106,74,10.9,No,None,36,2.3,10,Hospital,HIGH-RISK
22,Secondary,18337,Rural,133,80,14.4,No,None,36,1.61,6,Hospital,HIGH-RISK
24,Secondary,55921,Rural,111,75,9.3,No,None,36,2.79,5,Hospital,LOW-RISK
27,Secondary,22384,Urban,108,68,15.4,No,Mild,42,2.86,3,Hospital,LOW-RISK
23,Secondary,41344,Rural,132,82,12.5,No,None,38,2.72,4,Hospital,LOW-RISK
22,Primary,23563,Rural,80,58,10.5,No,None,34,3.09,1,Clinic,HIGH-RISK
25,Primary,32969,Rural,129,58,11.1,No,None,37,3.77,9,Hospital,LOW-RISK
14,Primary,55038,Urban,106,84,10.0,No,None,36,1.19,5,Home,HIGH-RISK
27,Higher,8986,Urban,106,65,10.5,No,None,39,3.69,9,Hospital,LOW-RISK
24,Primary,8585,Urban,149,86,11.2,No,None,37,2.79,4,Home,LOW-RISK
25,Higher,23955,Urban,109,64,10.9,No,None,34,1.57,10,Hospital,HIGH-RISK
30,Primary,14961,Urban,133,71,9.3,No,None,38,3.03,7,Hospital,LOW-RISK
14,Secondary,17501,Rural,122,65,11.1,No,Mild,38,2.74,2,Home,HIGH-RISK
14,Secondary,12603,Urban,124,87,9.1,No,None,35,2.54,5,Hospital,HIGH-RISK
26,Secondary,9881,Urban,113,87,9.2,No,None,33,2.53,9,Clinic,LOW-RISK
24,Secondary,46645,Urban,113,74,9.2,No,None,39,3.0,8,Hospital,LOW-RISK
25,Secondary,6945,Rural,142,77,14.5,No,None,37,2.56,10,Clinic,HIGH-RISK
22,Higher,24252,Rural,132,61,12.2,No,None,37,2.23,6,Hospital,LOW-RISK
28,Secondary,21650,Urban,110,81,12.6,No,None,40,3.21,3,Home,LOW-RISK
30,No Education,4966,Rural,101,62,11.1,No,None,33,2.12,4,Clinic,HIGH-RISK
27,Primary,8385,Rural,108,60,12.3,No,Severe,38,3.02,5,Home,LOW-RISK
23,Secondary,9432,Urban,133,80,13.6,No,Mild,40,3.62,8,Hospital,LOW-RISK
14,Secondary,22270,Rural,136,77,12.2,No,None,38,2.71,3,Hospital,HIGH-RISK
29,Secondary,11601,Rural,126,61,14.5,No,Mild,34,2.4,0,Hospital,HIGH-RISK
31,Secondary,14127,Rural,92,52,11.4,No,None,36,2.25,2,Home,HIGH-RISK
28,Primary,5407,Rural,130,82,12.6,No,Mild,37,2.6,8,Hospital,LOW-RISK
20,Secondary,76415,Rural,138,74,12.8,No,None,34,1.51,7,Hospital,HIGH-RISK
28,Secondary,15766,Rural,120,81,9.8,No,None,39,2.78,3,Home,LOW-RISK
29,Secondary,21271,Rural,149,86,11.6,No,None,38,2.71,5,Hospital,LOW-RISK
33,Secondary,10273,Urban,96,80,8.2,Yes,Mild,36,1.67,7,Hospital,HIGH-RISK
20,Higher,9499,Rural,128,69,11.3,No,None,40,1.68,10,Hospital,LOW-RISK
23,Secondary,57221,Rural,101,72,11.0,No,None,37,1.88,4,Hospital,LOW-RISK
29,Higher,3920,Urban,134,87,10.9,No,None,42,3.78,5,Hospital,LOW-RISK
25,No Education,18230,Rural,127,71,10.3,No,None,37,2.82,5,Clinic,LOW-RISK
18,Secondary,6423,Rural,146,96,12.4,No,None,36,1.78,5,Home,HIGH-RISK
27,Secondary,11297,Urban,125,59,9.9,No,None,36,1.81,5,Hospital,HIGH-RISK
28,Secondary,9596,Rural,111,63,14.8,No,None,38,2.81,1,Hospital,LOW-RISK
25,Primary,7522,Rural,110,54,12.2,No,None,35,2.76,2,Hospital,LOW-RISK
26,Secondary,15376,Urban,113,65,10.1,No,None,38,2.67,3,Clinic,HIGH-RISK
23,Primary,2999,Rural,109,71,11.9,No,None,37,3.91,7,Hospital,LOW-RISK
33,Higher,12027,Rural,139,91,13.3,No,None,37,3.94,2,Hospital,LOW-RISK
20,Primary,14081,Rural,138,80,11.6,No,None,38,3.01,6,Hospital,LOW-RISK
21,Primary,5792,Urban,94,61,8.9,No,Severe,41,2.6,2,Hospital,HIGH-RISK
25,Secondary,43263,Rural,118,58,15.5,No,None,37,3.01,6,Clinic,LOW-RISK
29,Primary,9894,Rural,118,62,12.4,No,Mild,38,2.07,5,Hospital,LOW-RISK
16,No Education,12702,Rural,105,75,8.7,No,None,39,3.35,3,Hospital,HIGH-RISK
17,Secondary,9909,Urban,125,87,11.9,No,None,35,2.68,4,Hospital,HIGH-RISK
14,Secondary,14167,Rural,141,77,11.1,No,None,39,2.14,5,Clinic,HIGH-RISK
25,Primary,37477,Rural,132,93,10.5,No,None,40,2.48,3,Home,HIGH-RISK
18,Secondary,84703,Urban,139,71,9.4,No,Severe,40,3.12,5,Clinic,HIGH-RISK
22,Secondary,25279,Rural,106,67,11.6,No,None,35,1.08,4,Clinic,HIGH-RISK
28,Secondary,32125,Rural,118,72,10.0,No,None,35,1.99,4,Hospital,HIGH-RISK
21,Primary,49876,Rural,105,88,10.7,No,None,38,2.54,2,Home,LOW-RISK
26,Primary,17854,Rural,121,77,11.3,No,Mild,38,3.34,2,Hospital,LOW-RISK
23,Higher,45025,Urban,123,57,10.6,No,None,38,3.74,6,Hospital,LOW-RISK
28,Secondary,26120,Rural,133,90,11.0,No,None,37,3.01,6,Clinic,LOW-RISK
27,No Education,16590,Urban,139,102,12.8,No,Severe,38,1.06,6,Clinic,HIGH-RISK
21,Higher,19168,Rural,129,76,9.9,No,None,32,1.45,6,Home,HIGH-RISK
24,Primary,4191,Rural,104,61,10.1,No,None,40,4.72,3,Clinic,LOW-RISK
30,Secondary,18403,Urban,96,78,9.2,No,Mild,42,2.89,4,Hospital,LOW-RISK
27,Secondary,5090,Rural,126,99,10.0,No,Severe,37,1.37,4,Hospital,HIGH-RISK
17,Higher,4808,Rural,142,92,11.7,No,Severe,39,4.11,3,Home,HIGH-RISK
28,Higher,17168,Urban,117,57,12.7,No,None,42,2.07,4,Hospital,LOW-RISK
19,Primary,6877,Urban,93,76,9.3,No,Mild,38,3.12,2,Clinic,HIGH-RISK
32,Secondary,14925,Rural,151,89,12.6,No,None,39,2.17,2,Hospital,HIGH-RISK
30,Primary,16526,Rural,125,67,10.7,No,Mild,43,4.01,5,Hospital,LOW-RISK
26,Secondary,17050,Urban,120,90,9.0,No,Mild,43,2.02,8,Hospital,HIGH-RISK
25,Secondary,7965,Rural,99,74,11.8,No,None,35,1.98,9,Home,HIGH-RISK
23,No Education,28138,Urban,118,90,12.8,No,None,37,3.38,4,Hospital,LOW-RISK
28,No Education,14091,Rural,128,67,8.0,Yes,Mild,40,2.5,9,Home,HIGH-RISK
22,No Education,20425,Rural,126,82,14.9,No,None,39,3.07,4,Hospital,LOW-RISK
26,No Education,6491,Urban,107,62,9.7,No,Severe,40,3.26,6,Hospital,HIGH-RISK
29,Primary,13239,Rural,117,77,7.6,No,Mild,31,2.6,2,Hospital,HIGH-RISK
21,Higher,32335,Urban,108,89,11.7,No,Mild,33,1.68,8,Hospital,HIGH-RISK
21,Secondary,29582,Rural,144,67,13.0,No,None,42,2.37,2,Clinic,HIGH-RISK
18,Secondary,8584,Urban,132,64,11.0,No,Mild,40,2.59,5,Hospital,LOW-RISK
19,Higher,10238,Urban,109,83,12.1,No,Mild,39,3.12,7,Hospital,LOW-RISK
14,Secondary,7508,Rural,99,69,15.3,No,None,35,2.93,4,Home,HIGH-RISK
29,Primary,9474,Rural,122,89,11.4,Yes,None,37,2.91,3,Hospital,LOW-RISK
34,Higher,5633,Urban,110,64,16.9,No,Mild,39,3.19,4,Clinic,LOW-RISK
32,Secondary,13617,Rural,111,73,13.8,No,None,35,1.67,7,Clinic,HIGH-RISK
16,Secondary,23365,Urban,99,77,11.6,No,None,36,2.58,3,Hospital,LOW-RISK
28,Higher,8658,Rural,101,72,12.0,Yes,None,39,2.76,2,Hospital,LOW-RISK
32,Secondary,14078,Urban,120,56,10.9,No,None,39,3.07,2,Clinic,LOW-RISK
22,Secondary,12854,Rural,113,105,11.9,No,None,37,3.21,2,Home,LOW-RISK
25,Higher,31394,Urban,157,89,12.5,No,None,40,2.22,6,Clinic,HIGH-RISK
14,Secondary,9776,Rural,127,63,10.8,No,None,40,2.74,6,Hospital,LOW-RISK
26,Higher,10028,Rural,99,73,9.0,No,Mild,34,3.04,5,Hospital,LOW-RISK
19,No Education,8296,Rural,93,72,13.2,No,None,42,2.97,8,Home,LOW-RISK
26,No Education,6765,Rural,124,87,12.9,No,None,41,2.74,2,Home,LOW-RISK
16,Secondary,21725,Urban,111,83,8.9,No,None,39,2.13,5,Hospital,HIGH-RISK
27,No Education,13646,Urban,139,79,11.3,No,None,38,3.1,4,Home,LOW-RISK
30,Higher,15586,Rural,122,58,13.3,No,None,40,2.04,9,Home,LOW-RISK
20,No Education,36609,Urban,86,71,12.4,No,Mild,39,2.7,6,Clinic,LOW-RISK
18,Secondary,38111,Rural,101,51,10.3,No,Mild,37,2.53,4,Hospital,LOW-RISK
14,Primary,4738,Rural,107,85,12.5,No,None,42,3.02,5,Clinic,LOW-RISK
23,Higher,23606,Rural,125,69,11.5,No,None,33,1.87,4,Hospital,HIGH-RISK
21,Primary,17566,Rural,101,76,11.6,No,Mild,36,2.22,4,Hospital,HIGH-RISK
16,No Education,10858,Rural,120,68,9.6,No,Severe,39,2.3,4,Clinic,HIGH-RISK
27,No Education,18867,Rural,96,63,5.0,No,Severe,38,2.66,6,Home,HIGH-RISK
22,Secondary,4479,Rural,118,67,10.1,No,Severe,40,2.92,4,Home,HIGH-RISK
19,Higher,41758,Rural,123,84,12.5,No,None,35,2.23,8,Hospital,HIGH-RISK
21,Higher,21509,Rural,141,75,11.1,No,Mild,37,2.63,4,Hospital,LOW-RISK
30,Primary,8185,Rural,121,84,12.0,Yes,None,41,2.89,3,Hospital,HIGH-RISK
28,Secondary,9956,Rural,104,64,13.5,No,None,34,2.88,3,Clinic,HIGH-RISK
24,No Education,4553,Urban,141,79,10.9,No,None,37,3.21,3,Home,HIGH-RISK
28,Secondary,12040,Rural,115,75,10.7,No,None,37,2.09,5,Clinic,LOW-RISK
18,Secondary,10698,Rural,130,80,7.6,No,None,39,3.22,6,Home,LOW-RISK
25,Primary,5932,Urban,108,62,8.1,No,None,39,3.55,3,Clinic,HIGH-RISK
25,Secondary,25835,Urban,119,83,9.1,No,None,38,3.19,5,Hospital,LOW-RISK
22,Higher,36664,Rural,105,69,12.5,No,None,37,1.47,3,Hospital,HIGH-RISK
27,No Education,14715,Urban,123,82,10.3,No,None,38,2.95,4,Clinic,LOW-RISK
20,Primary,12110,Rural,130,78,9.9,No,None,38,3.56,1,Clinic,HIGH-RISK
27,Primary,20338,Rural,110,79,9.8,No,None,38,2.55,9,Hospital,LOW-RISK
28,No Education,14795,Rural,109,68,9.7,No,None,42,4.4,8,Hospital,LOW-RISK
14,Primary,7032,Urban,123,68,12.5,No,None,35,1.13,5,Hospital,HIGH-RISK
31,Secondary,9498,Rural,104,75,11.7,No,Mild,39,2.88,6,Hospital,LOW-RISK
14,No Education,12189,Rural,93,62,12.9,No,None,36,2.5,11,Home,LOW-RISK
21,Secondary,17846,Rural,123,93,7.6,No,Mild,43,2.89,2,Clinic,LOW-RISK
30,Higher,15098,Rural,116,75,12.5,No,Severe,38,2.88,7,Hospital,LOW-RISK
23,Higher,17379,Rural,115,59,10.6,No,Severe,35,1.97,1,Home,HIGH-RISK
16,Secondary,5158,Urban,126,71,11.0,No,None,37,2.48,6,Hospital,HIGH-RISK
18,Primary,23895,Rural,128,68,13.0,No,Mild,34,2.87,3,Home,HIGH-RISK
30,No Education,15035,Urban,115,86,10.8,No,None,36,1.13,4,Hospital,HIGH-RISK
14,Primary,89563,Rural,100,78,11.5,No,Severe,40,3.3,3,Clinic,HIGH-RISK
31,Higher,11435,Urban,107,71,9.7,No,None,41,2.74,8,Hospital,LOW-RISK
24,Higher,18811,Rural,127,81,11.6,No,None,41,3.1,3,Hospital,LOW-RISK
18,Primary,108690,Rural,120,75,7.7,No,None,38,3.27,2,Hospital,LOW-RISK
21,Primary,17182,Urban,109,82,10.7,No,Mild,39,4.85,5,Hospital,LOW-RISK
19,Secondary,14306,Rural,105,77,12.2,No,Mild,40,3.57,3,Hospital,LOW-RISK
29,Primary,7517,Urban,127,85,12.7,No,None,43,2.14,1,Hospital,LOW-RISK
29,Higher,43721,Urban,114,71,10.0,Yes,None,36,3.44,8,Home,HIGH-RISK
15,Primary,6663,Rural,130,72,10.0,No,Mild,42,1.31,5,Home,HIGH-RISK
22,Primary,20227,Rural,132,87,10.1,No,Severe,35,2.18,3,Home,HIGH-RISK
20,Secondary,10767,Urban,112,91,11.0,No,None,41,2.9,3,Hospital,LOW-RISK
32,No Education,13138,Urban,133,92,9.4,No,Mild,36,2.29,3,Hospital,HIGH-RISK
17,Primary,5536,Urban,120,93,6.8,No,None,36,2.23,6,Home,HIGH-RISK
33,Higher,38406,Rural,122,78,9.6,No,None,37,2.71,9,Clinic,LOW-RISK
24,No Education,12349,Rural,82,54,10.8,No,None,36,3.18,3,Home,HIGH-RISK
18,Secondary,6407,Urban,102,61,11.2,No,Mild,39,2.53,4,Hospital,LOW-RISK
21,Secondary,36050,Rural,103,86,12.5,No,None,41,2.74,4,Clinic,LOW-RISK
20,Primary,10539,Rural,112,53,12.1,No,Mild,33,3.18,3,Home,HIGH-RISK
17,No Education,18958,Rural,119,92,9.9,No,None,38,3.33,3,Hospital,LOW-RISK
25,Primary,27032,Urban,120,67,8.4,No,None,35,2.09,5,Clinic,HIGH-RISK
18,No Education,20902,Rural,122,98,11.4,No,None,40,3.06,6,Hospital,LOW-RISK
14,Primary,3223,Urban,107,71,11.5,No,Mild,42,3.83,5,Home,LOW-RISK
22,Higher,24405,Urban,129,86,11.0,No,None,38,2.04,3,Clinic,LOW-RISK
15,Secondary,13979,Rural,146,110,13.7,No,None,36,1.65,3,Hospital,HIGH-RISK
20,Higher,11914,Rural,112,70,12.3,No,None,34,2.04,3,Hospital,HIGH-RISK
19,Secondary,13897,Urban,107,68,11.7,No,None,43,2.92,4,Hospital,LOW-RISK
20,Secondary,4859,Rural,107,64,11.8,No,None,41,3.33,1,Clinic,LOW-RISK
36,Secondary,17159,Rural,119,64,13.0,No,None,33,1.69,5,Hospital,HIGH-RISK
25,Primary,5771,Rural,109,69,9.3,No,None,40,2.28,7,Hospital,HIGH-RISK
26,Primary,12279,Rural,90,60,9.6,No,None,35,1.62,5,Hospital,HIGH-RISK
15,Secondary,16733,Rural,94,54,11.1,No,None,37,2.28,6,Clinic,LOW-RISK
21,Secondary,31813,Rural,134,77,9.4,No,None,35,2.19,7,Clinic,HIGH-RISK
26,Secondary,8451,Urban,138,86,11.4,No,None,33,1.41,2,Hospital,HIGH-RISK
19,Primary,41436,Rural,143,73,11.4,No,None,38,2.49,2,Hospital,HIGH-RISK
29,Higher,29103,Urban,121,74,11.4,No,None,43,2.22,5,Hospital,LOW-RISK
18,No Education,11105,Rural,102,86,10.5,No,None,36,1.96,5,Home,HIGH-RISK
23,Higher,6902,Urban,110,57,14.5,Yes,Mild,40,3.73,5,Home,HIGH-RISK
21,Higher,5459,Rural,94,89,13.2,No,Mild,41,1.92,2,Hospital,HIGH-RISK
25,Higher,18142,Rural,93,60,11.3,No,None,40,3.36,3,Clinic,LOW-RISK
21,Secondary,8952,Urban,122,79,11.7,No,None,43,3.72,5,Hospital,LOW-RISK
23,Primary,34729,Urban,126,92,13.1,No,None,40,3.33,3,Hospital,LOW-RISK
23,Secondary,9322,Urban,149,102,10.4,No,None,43,2.99,5,Clinic,LOW-RISK
20,Secondary,7985,Rural,116,80,9.8,No,None,35,2.82,2,Home,HIGH-RISK
27,Secondary,17665,Urban,96,61,11.9,Yes,Severe,40,3.15,4,Hospital,HIGH-RISK
26,Primary,9279,Rural,116,66,11.5,No,None,42,3.41,4,Clinic,LOW-RISK
24,Primary,15090,Rural,113,67,12.1,No,Severe,36,2.14,8,Hospital,HIGH-RISK
22,Primary,29911,Rural,110,93,12.7,No,None,29,1.87,2,Hospital,HIGH-RISK
29,Secondary,16282,Rural,123,72,10.2,No,None,35,3.08,2,Clinic,HIGH-RISK
23,Secondary,16325,Urban,98,73,9.0,No,None,36,3.68,3,Hospital,HIGH-RISK
23,Higher,17316,Rural,120,64,10.4,No,None,39,2.61,3,Clinic,HIGH-RISK
25,Secondary,4585,Rural,128,66,12.5,No,None,37,2.81,12,Home,LOW-RISK
34,Secondary,19733,Rural,140,82,9.8,No,Severe,38,2.86,3,Clinic,HIGH-RISK
17,Primary,16776,Rural,122,73,7.2,No,None,36,1.25,7,Clinic,HIGH-RISK
29,Secondary,28024,Urban,134,77,11.8,No,Severe,38,2.33,4,Hospital,HIGH-RISK
14,Primary,22922,Rural,110,56,10.4,No,Mild,38,2.97,7,Hospital,HIGH-RISK
26,Primary,13022,Rural,113,73,7.6,No,Mild,36,2.02,5,Hospital,HIGH-RISK
33,No Education,30899,Urban,139,99,10.9,No,Severe,40,2.81,4,Hospital,HIGH-RISK
27,Primary,12221,Urban,96,59,10.5,No,None,41,2.81,2,Hospital,LOW-RISK
25,Primary,17833,Urban,111,82,13.9,No,Mild,35,2.35,1,Hospital,HIGH-RISK
21,Secondary,12064,Rural,136,55,11.7,No,None,39,2.38,3,Hospital,LOW-RISK
25,No Education,20723,Urban,114,65,11.8,No,None,34,2.32,7,Home,HIGH-RISK
23,Primary,11524,Rural,113,52,11.4,No,None,34,2.55,6,Home,LOW-RISK
20,No Education,47528,Rural,113,87,9.5,No,Severe,41,2.32,3,Hospital,HIGH-RISK
23,Secondary,61571,Urban,119,85,10.6,No,Severe,43,3.03,3,Home,HIGH-RISK
26,Secondary,27655,Urban,135,69,13.4,No,None,37,2.46,6,Home,HIGH-RISK
20,Primary,44121,Urban,132,83,12.6,No,None,43,3.16,1,Clinic,LOW-RISK
20,No Education,5106,Rural,118,89,8.1,Yes,None,36,2.47,5,Hospital,HIGH-RISK
17,Higher,5546,Rural,135,95,9.3,No,Mild,37,3.02,1,Home,HIGH-RISK
27,Secondary,11976,Rural,123,72,9.4,No,None,42,2.9,3,Hospital,LOW-RISK
27,Secondary,15439,Rural,131,54,13.4,No,None,36,2.48,4,Hospital,LOW-RISK
26,Secondary,13056,Rural,101,60,8.4,No,None,40,2.98,6,Clinic,LOW-RISK
30,Higher,4751,Urban,145,92,12.9,No,Severe,37,3.26,6,Hospital,HIGH-RISK
25,Higher,33587,Rural,121,99,12.2,No,Mild,36,2.32,5,Hospital,HIGH-RISK
27,Primary,67761,Rural,80,63,11.1,No,None,37,2.86,2,Hospital,LOW-RISK
26,Secondary,36772,Rural,144,76,10.6,No,None,33,2.37,4,Home,HIGH-RISK
24,Primary,32069,Urban,118,102,13.4,No,Mild,41,1.8,7,Home,HIGH-RISK
22,Secondary,17572,Urban,111,77,11.7,No,None,39,2.82,5,Home,LOW-RISK
37,Primary,8314,Rural,108,59,8.8,No,None,38,2.1,0,Hospital,HIGH-RISK
22,No Education,15781,Rural,125,76,8.5,No,Severe,36,1.95,2,Home,HIGH-RISK
21,Higher,65494,Urban,103,81,8.5,No,None,39,2.32,1,Hospital,HIGH-RISK
27,Higher,11724,Urban,108,72,13.7,No,Severe,40,2.41,1,Hospital,HIGH-RISK
26,Primary,10908,Rural,109,81,13.7,No,None,37,2.44,1,Hospital,LOW-RISK
17,Higher,32562,Rural,113,56,13.5,No,None,40,3.07,2,Hospital,HIGH-RISK
31,Primary,34111,Rural,109,57,10.5,No,Severe,39,2.98,3,Hospital,LOW-RISK
24,Secondary,8285,Urban,131,70,8.9,Yes,Mild,38,2.86,6,Hospital,LOW-RISK
18,Higher,12491,Urban,122,73,9.6,No,Severe,40,3.47,3,Home,HIGH-RISK
31,Primary,10556,Rural,124,80,9.6,No,Mild,37,4.48,4,Home,HIGH-RISK
28,Secondary,15749,Rural,127,85,11.4,No,None,35,2.87,0,Home,HIGH-RISK
18,Secondary,32480,Urban,116,102,14.0,No,None,38,3.3,2,Hospital,LOW-RISK
34,No Education,8544,Rural,101,61,13.2,No,Mild,38,2.95,6,Clinic,LOW-RISK
28,Secondary,32162,Rural,146,80,10.6,No,Mild,37,3.16,4,Hospital,LOW-RISK
24,Primary,16106,Rural,132,72,6.7,No,Mild,41,1.91,4,Hospital,HIGH-RISK
33,Secondary,76430,Urban,143,94,9.4,No,None,39,1.31,0,Clinic,HIGH-RISK
25,No Education,18750,Rural,134,92,13.2,No,None,38,1.64,0,Hospital,LOW-RISK
24,Primary,14016,Rural,110,68,11.6,Yes,None,38,2.46,3,Hospital,HIGH-RISK
21,Secondary,22428,Rural,80,86,10.9,No,None,38,3.55,5,Hospital,LOW-RISK
28,Primary,11846,Urban,98,62,10.7,No,None,39,2.94,3,Hospital,LOW-RISK
27,Secondary,4268,Urban,128,90,10.1,No,Severe,38,2.59,3,Hospital,HIGH-RISK
25,Secondary,12675,Urban,116,90,9.3,No,None,38,3.11,1,Clinic,LOW-RISK
20,Secondary,12536,Rural,111,58,15.2,No,None,35,2.65,6,Clinic,LOW-RISK
25,No Education,4920,Rural,80,70,14.3,No,None,36,1.32,0,Hospital,HIGH-RISK
24,Higher,14252,Urban,117,50,10.0,No,None,39,3.06,4,Hospital,LOW-RISK
17,Secondary,3529,Rural,100,79,8.3,No,None,38,3.26,5,Hospital,LOW-RISK
16,Primary,11759,Urban,106,59,11.4,No,Severe,34,3.22,3,Clinic,HIGH-RISK
28,Secondary,17788,Rural,131,85,11.2,No,None,37,2.76,7,Hospital,LOW-RISK
14,Secondary,16053,Rural,101,78,12.6,No,Mild,36,3.12,3,Hospital,HIGH-RISK
26,Secondary,11249,Rural,103,83,13.0,Yes,Mild,41,2.58,2,Home,LOW-RISK
22,Secondary,14128,Rural,120,85,9.4,No,None,39,4.08,1,Hospital,HIGH-RISK
32,Secondary,8664,Rural,131,79,13.8,No,None,39,2.47,3,Home,LOW-RISK
22,Higher,15114,Urban,111,68,10.9,No,None,38,3.15,8,Hospital,LOW-RISK
28,Secondary,15622,Rural,141,81,12.6,No,None,36,2.7,4,Hospital,HIGH-RISK
22,Higher,7987,Urban,97,56,11.0,No,None,37,3.62,4,Hospital,LOW-RISK
25,Secondary,18091,Urban,94,65,13.2,No,Mild,39,3.55,2,Clinic,LOW-RISK
29,Higher,18012,Rural,93,64,7.2,No,None,37,2.23,7,Clinic,HIGH-RISK
22,Higher,13352,Rural,91,58,12.8,No,None,39,2.62,10,Hospital,LOW-RISK
30,Primary,81677,Rural,123,57,9.8,No,None,38,3.97,4,Hospital,LOW-RISK
19,Primary,13593,Urban,102,56,11.6,No,Severe,39,2.85,10,Clinic,LOW-RISK
26,Secondary,12336,Urban,95,50,13.7,No,None,39,3.25,3,Clinic,LOW-RISK
30,Secondary,11160,Urban,124,73,10.1,Yes,Mild,37,2.21,10,Hospital,HIGH-RISK
28,Secondary,7601,Rural,131,82,9.8,Yes,None,37,2.66,2,Hospital,HIGH-RISK
35,Secondary,24244,Rural,134,54,10.8,No,None,40,2.41,6,Hospital,LOW-RISK
20,Higher,9278,Rural,132,82,10.7,No,None,43,3.31,2,Home,LOW-RISK
17,Secondary,10079,Rural,103,69,9.6,No,None,40,3.21,2,Hospital,HIGH-RISK
19,Secondary,10291,Rural,122,64,11.7,No,None,31,2.72,5,Home,LOW-RISK
28,Primary,7527,Urban,125,73,11.7,No,None,36,1.84,0,Hospital,HIGH-RISK
27,Secondary,4403,Rural,110,84,12.3,No,None,38,3.1,2,Home,LOW-RISK
25,No Education,10848,Rural,120,65,9.4,Yes,None,35,2.56,5,Hospital,HIGH-RISK
18,Secondary,27643,Rural,97,69,9.8,Yes,None,35,1.05,7,Hospital,HIGH-RISK
29,Secondary,17217,Rural,107,75,11.3,No,None,37,3.05,5,Clinic,LOW-RISK
18,Secondary,44721,Urban,123,67,11.1,No,Mild,39,3.51,5,Clinic,LOW-RISK
31,Secondary,25373,Urban,142,94,11.1,No,None,40,3.66,5,Hospital,LOW-RISK
40,Primary,21646,Rural,136,85,9.9,No,None,37,2.78,5,Home,LOW-RISK
27,No Education,56030,Rural,128,76,11.3,No,Mild,37,3.26,8,Clinic,LOW-RISK
28,No Education,14013,Rural,119,101,9.6,No,None,36,2.8,3,Home,HIGH-RISK
22,Higher,15677,Rural,116,86,11.3,No,None,39,2.38,8,Hospital,LOW-RISK
15,Higher,14880,Urban,94,50,10.9,No,None,39,2.31,7,Home,HIGH-RISK
21,Primary,44198,Rural,104,66,11.2,No,Severe,40,2.77,5,Clinic,LOW-RISK
18,Primary,15026,Rural,105,99,13.2,No,Mild,38,2.67,2,Hospital,LOW-RISK
17,Secondary,9528,Urban,127,67,9.1,No,None,35,2.23,6,Hospital,HIGH-RISK
34,Secondary,22633,Rural,133,80,7.2,No,None,37,2.57,2,Home,HIGH-RISK
26,Primary,8471,Rural,129,92,9.8,No,None,40,2.92,5,Hospital,LOW-RISK
27,No Education,21790,Urban,136,88,8.5,No,None,34,1.81,3,Hospital,HIGH-RISK
23,Secondary,20040,Urban,119,84,6.1,No,Severe,38,3.64,5,Hospital,HIGH-RISK
24,Primary,13137,Rural,102,79,13.9,No,None,39,1.8,2,Clinic,HIGH-RISK
30,Primary,22289,Rural,117,75,11.9,No,None,43,2.76,3,Clinic,LOW-RISK
24,Primary,5294,Rural,106,63,12.4,No,None,36,2.13,5,Home,HIGH-RISK
27,Secondary,16812,Urban,128,83,11.0,No,Mild,38,2.73,1,Hospital,LOW-RISK
23,Secondary,10849,Urban,112,69,12.3,No,None,42,2.34,7,Hospital,LOW-RISK
23,Primary,111233,Rural,116,69,9.7,No,None,37,1.97,4,Hospital,HIGH-RISK
17,Secondary,16728,Urban,129,95,13.0,No,None,41,2.93,3,Home,LOW-RISK
14,Secondary,9880,Urban,106,67,11.8,No,None,39,2.69,7,Clinic,LOW-RISK
23,Secondary,5715,Rural,133,98,11.4,Yes,None,37,3.01,5,Hospital,LOW-RISK
25,Higher,37406,Urban,96,71,11.6,No,Severe,39,1.89,6,Hospital,HIGH-RISK
17,No Education,11740,Rural,122,75,13.8,No,None,38,3.74,7,Home,LOW-RISK
24,Higher,8620,Rural,116,55,11.8,No,None,43,2.76,5,Hospital,LOW-RISK
25,Secondary,18981,Rural,131,102,9.6,No,None,33,0.8,5,Clinic,HIGH-RISK
14,Secondary,23637,Rural,96,68,12.1,No,None,37,2.9,4,Home,LOW-RISK
19,Primary,23378,Urban,93,50,12.2,No,Mild,37,2.54,4,Hospital,LOW-RISK
27,Primary,15208,Rural,130,89,10.6,Yes,None,38,2.18,5,Home,HIGH-RISK
27,No Education,16768,Rural,111,72,10.6,Yes,None,41,3.48,4,Hospital,LOW-RISK
18,Higher,17645,Urban,116,64,9.6,No,None,37,3.31,10,Hospital,LOW-RISK
25,Secondary,18982,Rural,107,82,11.7,Yes,None,39,2.99,4,Home,LOW-RISK
30,Secondary,20195,Urban,132,54,9.3,No,None,39,2.84,9,Clinic,LOW-RISK
29,Secondary,32270,Urban,122,69,11.0,No,Mild,40,3.08,4,Clinic,LOW-RISK
24,No Education,15604,Rural,121,72,9.3,No,Severe,38,1.93,9,Hospital,HIGH-RISK
22,Primary,8467,Rural,99,79,12.9,No,None,39,2.91,1,Home,LOW-RISK
21,Secondary,13558,Urban,126,102,14.3,No,None,38,3.48,5,Hospital,LOW-RISK
27,Secondary,25424,Urban,102,68,9.4,No,None,36,2.9,4,Hospital,LOW-RISK
26,Secondary,4295,Urban,107,77,11.5,No,Mild,42,2.22,2,Hospital,HIGH-RISK
28,Secondary,4312,Rural,96,99,10.9,No,None,36,2.51,6,Hospital,HIGH-RISK
25,Secondary,28526,Rural,115,75,12.3,No,Severe,37,2.18,1,Hospital,HIGH-RISK
29,Higher,43472,Urban,135,86,11.7,No,Mild,36,2.33,11,Hospital,HIGH-RISK
25,No Education,6186,Rural,121,62,10.4,No,None,39,2.39,5,Hospital,LOW-RISK
29,Secondary,16092,Rural,110,94,11.7,No,None,37,2.32,7,Hospital,LOW-RISK
29,Secondary,11340,Rural,119,68,11.1,No,None,42,3.0,4,Hospital,LOW-RISK
20,Primary,12496,Rural,119,78,13.6,No,Mild,39,2.4,4,Hospital,HIGH-RISK
15,Primary,18576,Rural,119,78,9.2,No,None,37,2.36,2,Home,HIGH-RISK
33,Primary,6068,Rural,120,76,11.4,No,Severe,36,2.42,6,Hospital,HIGH-RISK
26,Primary,6910,Rural,101,65,12.4,No,Mild,38,1.99,5,Clinic,LOW-RISK
15,Secondary,12148,Urban,119,78,12.3,No,Mild,39,2.62,5,Clinic,HIGH-RISK
21,No Education,13548,Urban,89,86,10.5,No,None,38,1.95,4,Hospital,HIGH-RISK
29,Secondary,6820,Urban,127,103,14.0,No,None,38,2.05,2,Hospital,LOW-RISK
23,No Education,26070,Rural,100,68,7.3,No,Severe,35,2.9,2,Hospital,HIGH-RISK
22,No Education,11198,Urban,136,76,9.0,No,None,43,2.57,4,Home,LOW-RISK
32,Primary,11164,Rural,80,55,12.5,No,Severe,37,2.41,7,Home,HIGH-RISK
19,Primary,18281,Urban,144,112,9.2,No,None,35,3.01,1,Clinic,HIGH-RISK
20,Higher,13705,Rural,91,68,9.8,No,None,35,3.48,1,Home,HIGH-RISK
26,Primary,26958,Urban,98,82,9.7,No,None,37,2.94,6,Clinic,LOW-RISK
27,Primary,7804,Rural,122,84,9.4,No,None,43,3.36,4,Clinic,HIGH-RISK
27,Primary,5639,Rural,127,102,12.3,No,None,38,2.5,7,Hospital,LOW-RISK
30,Primary,12075,Rural,113,71,12.7,No,Severe,37,2.83,4,Hospital,HIGH-RISK
26,Secondary,15646,Rural,132,67,11.7,No,None,40,2.8,5,Hospital,LOW-RISK
27,Secondary,6293,Rural,105,92,13.4,No,None,40,2.98,3,Clinic,LOW-RISK
23,Primary,5678,Rural,111,82,8.4,No,Mild,40,3.33,3,Hospital,HIGH-RISK
25,Secondary,17041,Rural,113,79,11.6,No,Mild,38,1.99,7,Clinic,LOW-RISK
25,Secondary,8825,Rural,109,89,13.9,No,Mild,35,1.59,5,Hospital,HIGH-RISK
26,Higher,5426,Rural,87,71,13.3,No,None,36,2.21,3,Hospital,HIGH-RISK
29,Secondary,29482,Rural,117,92,14.1,No,None,34,2.05,3,Home,HIGH-RISK
28,Primary,9638,Rural,116,77,9.6,No,None,37,2.93,7,Hospital,LOW-RISK
25,Secondary,33546,Rural,135,90,13.2,No,Severe,37,2.92,2,Hospital,HIGH-RISK
20,Higher,15301,Rural,97,74,10.7,No,Severe,37,2.83,5,Hospital,LOW-RISK
25,Secondary,18437,Rural,107,68,12.6,No,None,39,2.58,7,Hospital,LOW-RISK
24,Higher,12935,Urban,137,78,13.9,No,None,36,2.99,6,Hospital,LOW-RISK
26,Higher,2999,Urban,122,72,10.1,No,Severe,37,2.92,3,Hospital,HIGH-RISK
37,Primary,6768,Rural,126,80,7.3,No,None,37,2.72,4,Home,LOW-RISK
22,Secondary,13736,Rural,125,72,14.8,No,None,38,2.84,3,Clinic,LOW-RISK
27,Secondary,19362,Rural,125,82,12.4,No,None,39,3.21,2,Clinic,LOW-RISK
30,Secondary,4285,Rural,147,88,11.3,No,None,35,2.63,2,Hospital,HIGH-RISK
25,Secondary,14447,Rural,119,78,11.2,No,None,39,2.32,2,Hospital,HIGH-RISK
37,Higher,6837,Urban,101,72,7.7,No,None,39,3.77,3,Hospital,LOW-RISK
22,Secondary,17677,Rural,128,72,11.9,No,Mild,39,3.05,5,Hospital,LOW-RISK
26,Secondary,14797,Urban,108,69,10.5,No,None,38,2.17,3,Hospital,HIGH-RISK
20,No Education,25241,Rural,116,56,11.1,No,None,39,1.8,3,Clinic,HIGH-RISK
23,Secondary,31652,Rural,123,75,11.6,No,None,37,3.18,1,Home,LOW-RISK
26,Higher,20683,Urban,104,60,5.4,No,Mild,39,3.51,6,Clinic,LOW-RISK
29,Secondary,27394,Rural,109,74,12.4,No,None,41,3.05,5,Home,LOW-RISK
26,No Education,11737,Rural,125,70,10.9,No,None,37,3.14,3,Home,LOW-RISK
31,Higher,108227,Urban,109,50,12.1,No,Severe,37,3.15,4,Hospital,LOW-RISK
24,Higher,6390,Rural,133,104,11.2,No,None,40,2.8,1,Home,LOW-RISK
23,Secondary,10366,Rural,102,68,11.6,No,None,37,1.88,6,Hospital,LOW-RISK
39,No Education,28190,Rural,102,86,10.9,Yes,None,36,1.64,2,Hospital,HIGH-RISK
27,Secondary,25405,Urban,148,79,12.0,No,None,39,3.24,5,Clinic,HIGH-RISK
21,No Education,21098,Urban,93,86,11.7,No,None,37,3.12,3,Hospital,LOW-RISK
21,Primary,24065,Rural,117,62,11.1,No,None,41,2.69,4,Hospital,LOW-RISK
19,Secondary,3488,Urban,147,85,14.8,No,Mild,37,2.5,5,Hospital,LOW-RISK
30,Higher,45629,Urban,117,62,10.2,No,None,36,2.29,5,Hospital,HIGH-RISK
22,Primary,13004,Rural,139,110,10.2,No,None,38,2.61,5,Hospital,LOW-RISK
25,Higher,35879,Rural,128,76,14.5,No,None,39,2.76,3,Hospital,LOW-RISK
24,Higher,3613,Rural,117,84,11.2,Yes,Mild,39,2.87,1,Home,HIGH-RISK
29,No Education,17951,Rural,115,79,13.2,No,Mild,39,2.37,2,Hospital,HIGH-RISK
20,Primary,10110,Urban,84,64,11.2,No,Mild,37,3.24,5,Hospital,LOW-RISK
19,Secondary,22388,Urban,112,79,11.1,No,None,41,2.71,7,Clinic,LOW-RISK
26,Secondary,18727,Rural,121,90,13.3,No,None,34,2.27,4,Home,LOW-RISK
28,Primary,19380,Rural,121,83,11.9,No,Mild,36,2.14,9,Hospital,HIGH-RISK
26,Secondary,7147,Urban,157,88,8.7,No,None,38,3.65,5,Home,HIGH-RISK
20,Secondary,14413,Rural,122,82,11.8,Yes,Severe,36,2.71,0,Hospital,HIGH-RISK
28,Secondary,13222,Urban,128,100,9.7,No,None,37,3.02,10,Clinic,LOW-RISK
20,Secondary,21216,Rural,136,76,13.8,No,None,36,2.39,4,Clinic,HIGH-RISK
22,No Education,29980,Rural,126,57,14.6,No,Mild,37,3.95,7,Clinic,LOW-RISK
19,Primary,16666,Rural,116,62,14.6,No,Mild,39,2.78,3,Hospital,LOW-RISK
32,No Education,6139,Urban,116,63,11.7,No,None,37,2.89,8,Hospital,LOW-RISK
28,Higher,16173,Urban,112,64,10.7,No,None,36,2.4,3,Hospital,HIGH-RISK
28,Higher,93298,Rural,125,68,12.1,No,None,37,1.72,2,Hospital,LOW-RISK
31,Secondary,47477,Rural,115,74,9.8,No,None,41,2.85,4,Clinic,LOW-RISK
40,No Education,2999,Rural,127,80,15.0,No,None,41,3.36,1,Hospital,HIGH-RISK
15,Secondary,15680,Urban,101,72,13.6,No,Mild,37,3.08,4,Clinic,LOW-RISK
20,Primary,28804,Rural,120,67,11.5,No,None,39,3.63,5,Home,LOW-RISK
21,Primary,13202,Urban,142,93,13.3,No,None,38,3.23,5,Hospital,LOW-RISK
20,Primary,10869,Urban,114,79,9.6,No,None,41,3.08,5,Hospital,LOW-RISK
19,Higher,12443,Urban,147,101,9.5,No,Mild,38,3.29,2,Hospital,HIGH-RISK
23,No Education,22078,Urban,120,85,7.2,No,None,37,3.0,6,Clinic,LOW-RISK
18,Secondary,6713,Urban,117,71,11.6,No,None,42,2.65,3,Hospital,LOW-RISK
26,Higher,34471,Urban,119,90,11.1,No,None,36,2.39,2,Hospital,HIGH-RISK
25,Secondary,14423,Rural,113,77,12.4,No,None,39,1.49,6,Hospital,HIGH-RISK
27,No Education,7795,Rural,86,74,11.1,No,None,41,3.68,4,Hospital,LOW-RISK
27,Higher,32953,Rural,132,87,12.4,No,None,40,2.69,3,Home,LOW-RISK
28,Secondary,5085,Urban,153,84,13.0,No,None,36,1.7,4,Home,HIGH-RISK
22,Secondary,10169,Rural,125,79,8.9,No,Severe,36,1.84,6,Home,HIGH-RISK
36,Secondary,10053,Urban,126,76,13.1,No,None,34,3.56,5,Hospital,HIGH-RISK
26,Higher,67276,Urban,115,65,10.8,No,None,42,2.84,3,Hospital,LOW-RISK
14,Secondary,9286,Rural,136,57,12.4,No,None,35,2.19,3,Hospital,HIGH-RISK
19,Secondary,3318,Rural,117,67,13.3,No,Mild,40,3.95,4,Clinic,LOW-RISK
15,Secondary,9981,Rural,122,79,13.4,No,None,34,2.91,3,Hospital,HIGH-RISK
25,No Education,20633,Rural,92,79,11.1,No,None,43,2.64,5,Clinic,LOW-RISK
24,Secondary,25969,Urban,109,81,11.8,No,Mild,35,1.62,4,Hospital,LOW-RISK
22,No Education,73819,Urban,123,73,12.1,No,None,38,3.15,3,Clinic,LOW-RISK
36,Primary,40160,Rural,132,72,8.4,No,Mild,41,2.43,7,Hospital,HIGH-RISK
28,Primary,17108,Urban,132,78,9.4,Yes,None,36,2.36,2,Hospital,HIGH-RISK
28,Primary,8037,Urban,92,57,10.5,No,None,39,2.77,3,Hospital,HIGH-RISK
19,Secondary,46752,Urban,94,50,9.1,No,None,37,3.02,8,Hospital,LOW-RISK
19,Secondary,11588,Rural,127,61,11.0,No,None,39,3.29,4,Home,LOW-RISK
25,Primary,9462,Urban,106,87,10.7,No,None,41,1.85,2,Hospital,HIGH-RISK
25,Primary,11202,Urban,132,100,11.6,No,None,37,2.87,8,Hospital,LOW-RISK
14,Higher,6242,Rural,91,75,11.4,No,None,42,2.79,10,Hospital,LOW-RISK
24,Higher,10832,Rural,116,74,13.4,No,Severe,39,2.96,5,Clinic,HIGH-RISK
25,Secondary,12741,Rural,117,59,12.5,No,Severe,43,3.08,7,Clinic,LOW-RISK
23,Primary,25015,Rural,125,76,10.9,No,None,36,2.61,6,Home,HIGH-RISK
20,No Education,11431,Urban,101,76,9.9,Yes,None,36,1.66,3,Hospital,HIGH-RISK
22,No Education,6176,Rural,86,75,10.9,No,Severe,37,2.18,8,Home,HIGH-RISK
24,Primary,4881,Urban,120,83,11.0,No,None,35,1.37,12,Hospital,HIGH-RISK
25,Higher,17370,Rural,126,91,16.0,No,None,40,2.87,8,Clinic,LOW-RISK
28,Secondary,15782,Urban,134,101,8.9,No,Mild,38,3.09,5,Home,LOW-RISK
30,Primary,10175,Rural,112,69,9.7,No,None,35,1.9,5,Hospital,LOW-RISK
23,Higher,10813,Rural,130,109,9.6,No,None,36,2.68,7,Clinic,HIGH-RISK
22,Secondary,19687,Urban,125,55,12.0,No,Mild,36,2.52,5,Clinic,LOW-RISK
27,Primary,39703,Rural,139,73,11.3,No,None,40,2.75,5,Clinic,LOW-RISK
28,Secondary,8688,Rural,117,77,10.5,No,Mild,39,2.01,1,Clinic,HIGH-RISK
22,Primary,15963,Urban,90,73,12.6,No,Severe,38,2.56,9,Hospital,LOW-RISK
29,Higher,29336,Rural,116,73,12.2,No,None,37,3.31,2,Hospital,LOW-RISK
30,Primary,8712,Urban,119,70,12.8,No,Mild,37,3.57,4,Hospital,LOW-RISK
32,Secondary,14836,Rural,126,102,13.7,No,None,42,2.7,7,Home,LOW-RISK
34,Primary,14606,Rural,93,62,6.9,No,Severe,37,3.28,4,Hospital,HIGH-RISK
20,Higher,5990,Rural,113,62,12.7,No,None,40,3.58,6,Hospital,LOW-RISK
25,Secondary,16877,Rural,131,97,9.2,No,None,37,2.28,4,Hospital,HIGH-RISK
25,Secondary,15334,Rural,116,84,11.9,Yes,Mild,42,2.97,8,Home,LOW-RISK
24,No Education,22122,Rural,113,86,11.2,No,Severe,35,2.24,4,Hospital,HIGH-RISK
21,Higher,6535,Rural,148,87,11.4,No,Mild,40,3.39,6,Hospital,HIGH-RISK
16,Secondary,15105,Rural,100,54,9.3,No,Mild,36,1.7,2,Clinic,HIGH-RISK
25,Primary,39459,Rural,137,81,12.6,No,Severe,43,2.97,8,Hospital,LOW-RISK
20,Higher,64219,Urban,134,63,9.2,No,None,40,2.66,10,Hospital,LOW-RISK
25,No Education,36750,Urban,114,76,12.1,No,Mild,34,2.73,5,Hospital,HIGH-RISK
20,Primary,6580,Rural,117,82,8.8,Yes,None,36,3.22,3,Home,HIGH-RISK
18,Secondary,20569,Rural,117,86,11.5,No,None,40,3.61,5,Home,LOW-RISK
26,Primary,10695,Urban,120,74,13.7,No,None,40,3.48,4,Clinic,LOW-RISK
25,Secondary,18297,Rural,108,81,15.8,No,Severe,39,2.26,9,Home,HIGH-RISK
28,Primary,8736,Urban,111,63,8.4,Yes,None,38,2.54,6,Clinic,HIGH-RISK
37,No Education,4520,Rural,112,84,9.7,No,None,37,3.35,2,Home,LOW-RISK
26,No Education,11785,Rural,112,81,10.2,No,None,41,3.13,3,Hospital,LOW-RISK
27,Primary,24875,Rural,113,65,15.0,No,None,36,2.23,3,Hospital,HIGH-RISK
19,Higher,18350,Rural,82,70,11.4,Yes,None,38,2.3,2,Hospital,HIGH-RISK
17,Secondary,19887,Rural,119,87,13.4,No,None,36,0.8,6,Home,HIGH-RISK
33,Secondary,17452,Urban,109,73,12.0,No,Mild,36,1.72,7,Hospital,HIGH-RISK
19,Primary,19909,Rural,88,57,8.8,No,Mild,37,2.63,6,Home,LOW-RISK
19,Secondary,21730,Urban,112,75,8.2,No,None,36,1.94,7,Hospital,HIGH-RISK
24,No Education,12376,Rural,111,79,9.4,No,None,39,3.03,7,Hospital,LOW-RISK
24,Primary,15896,Rural,138,72,14.8,No,Mild,34,2.44,6,Clinic,HIGH-RISK
20,Secondary,50822,Urban,109,61,12.0,No,None,39,4.04,4,Hospital,LOW-RISK
23,Secondary,16567,Urban,128,84,13.4,No,None,36,1.9,7,Hospital,HIGH-RISK
31,Secondary,15453,Rural,140,91,8.9,No,None,38,1.73,5,Home,HIGH-RISK
20,Higher,16120,Rural,107,95,10.9,No,None,38,2.29,4,Hospital,HIGH-RISK
17,Higher,12877,Urban,117,82,12.9,No,None,37,3.72,9,Hospital,LOW-RISK
30,Primary,11059,Rural,145,70,9.2,No,None,41,2.81,5,Hospital,HIGH-RISK
27,No Education,17359,Urban,121,98,11.1,No,Mild,37,3.36,2,Hospital,HIGH-RISK
21,Primary,10528,Rural,123,88,9.0,No,None,40,2.49,6,Hospital,HIGH-RISK
16,Secondary,13547,Rural,111,50,13.0,No,None,40,2.52,4,Hospital,LOW-RISK
20,Higher,8625,Urban,128,67,12.2,No,None,37,1.86,7,Hospital,LOW-RISK
24,Higher,16178,Rural,117,69,12.7,Yes,Mild,35,2.15,6,Home,HIGH-RISK
31,Primary,22578,Urban,88,76,12.5,Yes,None,36,2.39,8,Hospital,HIGH-RISK
19,Higher,12932,Rural,112,50,11.1,No,None,41,3.28,7,Hospital,LOW-RISK
24,Secondary,3677,Urban,99,68,13.3,No,Mild,39,3.11,4,Clinic,LOW-RISK
28,Higher,22676,Rural,119,84,10.4,No,None,38,3.89,5,Home,LOW-RISK
14,Secondary,16316,Urban,103,50,12.6,Yes,None,37,2.72,3,Hospital,HIGH-RISK
30,No Education,7484,Rural,125,86,7.2,No,None,42,2.93,2,Hospital,LOW-RISK
18,No Education,25773,Urban,118,85,9.6,No,None,36,2.5,8,Clinic,HIGH-RISK
26,Higher,5635,Rural,98,60,15.7,No,None,38,2.42,6,Home,HIGH-RISK
26,Secondary,31181,Urban,110,60,12.6,No,Mild,39,3.03,10,Hospital,LOW-RISK
30,Primary,14409,Rural,127,68,11.7,No,None,35,2.06,6,Home,HIGH-RISK
28,Primary,3064,Rural,136,55,9.5,No,None,36,3.31,2,Hospital,HIGH-RISK
14,Primary,16994,Rural,103,67,9.0,No,Mild,37,2.37,0,Clinic,HIGH-RISK
20,Higher,11287,Rural,100,72,11.0,No,None,40,2.61,3,Hospital,LOW-RISK
25,No Education,10157,Rural,149,71,11.2,No,Severe,37,2.12,5,Clinic,HIGH-RISK
23,No Education,8949,Rural,117,85,14.6,No,None,34,2.61,4,Hospital,LOW-RISK
27,Secondary,13721,Rural,119,77,13.3,No,None,34,1.82,5,Hospital,LOW-RISK
29,Secondary,10680,Rural,106,74,11.7,No,None,36,2.27,7,Hospital,LOW-RISK
28,No Education,4089,Rural,121,71,10.6,No,Severe,34,1.37,3,Clinic,HIGH-RISK
23,No Education,36543,Rural,145,92,12.3,Yes,Mild,40,2.26,5,Hospital,HIGH-RISK
14,Primary,12641,Rural,122,91,8.6,No,None,40,2.38,8,Home,HIGH-RISK
22,Primary,8986,Rural,135,76,7.2,No,Mild,38,3.2,5,Hospital,LOW-RISK
27,No Education,6808,Rural,118,84,11.9,No,None,37,2.75,5,Hospital,LOW-RISK
19,Primary,25727,Rural,101,78,11.0,No,Mild,40,2.73,5,Hospital,LOW-RISK
28,Secondary,6044,Urban,107,76,9.1,No,None,40,3.11,5,Home,LOW-RISK
29,Higher,16474,Urban,100,88,7.7,No,None,36,1.69,8,Clinic,HIGH-RISK
25,Higher,9969,Urban,121,68,13.1,No,None,36,1.41,10,Clinic,HIGH-RISK
14,Primary,10383,Rural,137,76,9.8,No,None,40,2.2,3,Home,HIGH-RISK
17,Primary,6927,Rural,120,67,12.0,No,None,39,2.64,2,Hospital,HIGH-RISK
35,Higher,9716,Urban,113,81,11.0,No,None,40,2.77,5,Hospital,LOW-RISK
21,Secondary,15092,Rural,105,69,11.4,No,None,36,2.63,2,Hospital,LOW-RISK
14,Secondary,17685,Rural,123,69,10.4,No,None,36,2.24,6,Hospital,HIGH-RISK
31,Primary,8654,Rural,98,88,11.2,No,None,39,3.36,4,Home,LOW-RISK
25,Primary,14074,Urban,99,89,12.5,No,None,36,2.58,6,Hospital,LOW-RISK
31,Secondary,27937,Urban,132,76,11.0,No,None,34,1.68,5,Home,LOW-RISK
26,Secondary,4684,Urban,113,58,10.9,No,None,36,0.8,5,Hospital,HIGH-RISK
27,No Education,14934,Rural,113,94,12.4,No,None,37,2.25,4,Home,LOW-RISK
26,Higher,7709,Urban,115,80,12.7,No,Severe,42,2.88,7,Clinic,LOW-RISK
28,Secondary,7179,Urban,129,83,9.5,No,Mild,36,2.57,3,Clinic,HIGH-RISK
37,Secondary,18006,Rural,120,77,11.4,No,None,38,2.74,6,Clinic,LOW-RISK
30,Primary,10240,Rural,106,63,9.8,No,None,43,2.87,4,Clinic,LOW-RISK
16,Secondary,6399,Urban,106,67,11.5,No,None,35,2.86,4,Hospital,LOW-RISK
27,Secondary,37903,Rural,114,81,14.1,No,None,40,2.81,6,Home,LOW-RISK
31,No Education,28563,Urban,122,72,11.5,No,None,36,2.75,1,Home,HIGH-RISK
31,Secondary,3878,Rural,117,79,15.4,No,None,39,3.68,4,Clinic,LOW-RISK
22,Secondary,5343,Rural,116,75,11.9,No,Severe,43,1.8,9,Clinic,LOW-RISK
31,Higher,22725,Urban,118,64,11.2,No,Mild,40,3.74,6,Clinic,LOW-RISK
30,Primary,12288,Urban,117,92,10.7,No,None,38,1.39,5,Hospital,HIGH-RISK
39,Higher,42882,Rural,105,78,11.8,No,Mild,36,1.61,4,Hospital,HIGH-RISK
20,Secondary,23091,Rural,135,84,12.1,No,Mild,38,2.49,1,Hospital,LOW-RISK
22,No Education,18498,Urban,110,79,9.2,No,None,37,1.9,8,Hospital,HIGH-RISK
23,No Education,7335,Rural,120,56,10.7,No,Mild,34,2.06,4,Home,HIGH-RISK
22,Primary,21158,Urban,85,60,10.1,No,None,33,2.37,7,Clinic,HIGH-RISK
20,Primary,6141,Rural,114,57,13.0,No,Mild,36,2.58,3,Home,HIGH-RISK
14,Secondary,37401,Rural,100,71,8.0,No,None,38,3.19,1,Clinic,HIGH-RISK
22,Secondary,20156,Rural,102,74,11.8,No,None,41,2.9,2,Hospital,LOW-RISK
27,Primary,8420,Rural,156,88,7.9,No,None,36,2.87,3,Hospital,HIGH-RISK
22,Higher,26346,Rural,121,88,12.3,No,None,38,3.15,3,Hospital,LOW-RISK
35,Primary,72032,Urban,137,64,10.4,No,None,34,2.26,2,Hospital,HIGH-RISK
25,Secondary,12880,Rural,131,70,8.2,No,Severe,36,2.46,5,Home,HIGH-RISK
32,Higher,22050,Urban,133,84,13.2,No,Mild,32,1.91,9,Hospital,LOW-RISK
26,Higher,11086,Rural,114,76,7.0,No,None,43,2.13,6,Hospital,LOW-RISK
29,Secondary,15923,Rural,143,68,11.4,No,None,38,3.04,5,Home,LOW-RISK
26,Secondary,5222,Urban,131,92,12.7,No,None,38,1.98,4,Hospital,LOW-RISK
32,No Education,14994,Rural,118,92,13.4,No,None,39,2.7,5,Hospital,LOW-RISK
25,No Education,15464,Rural,122,81,7.7,No,None,43,1.54,4,Clinic,HIGH-RISK
27,Secondary,52844,Rural,115,58,10.6,No,None,37,2.84,8,Clinic,LOW-RISK
27,No Education,4269,Rural,118,77,12.9,No,None,36,1.9,0,Hospital,HIGH-RISK
23,Primary,12322,Rural,117,78,13.0,No,None,43,3.11,2,Clinic,LOW-RISK
27,Primary,36956,Urban,124,74,12.9,No,None,35,2.35,6,Hospital,HIGH-RISK
37,Higher,12664,Rural,145,98,16.1,No,Mild,41,2.73,2,Hospital,HIGH-RISK
23,Higher,13304,Rural,98,68,10.6,No,Severe,38,2.83,1,Hospital,HIGH-RISK
27,Higher,8370,Urban,136,104,12.2,No,Mild,39,2.46,4,Hospital,LOW-RISK
31,Secondary,7808,Rural,112,82,10.9,No,None,34,1.78,6,Home,HIGH-RISK
31,Primary,4178,Rural,138,85,7.6,No,None,43,2.49,2,Hospital,HIGH-RISK
25,No Education,9656,Urban,112,84,10.3,Yes,None,37,2.73,3,Home,HIGH-RISK
14,Secondary,7504,Urban,124,93,7.9,No,Mild,36,1.72,2,Hospital,HIGH-RISK
27,Secondary,16292,Rural,115,84,10.6,No,None,39,3.05,4,Clinic,LOW-RISK
14,Primary,8642,Rural,90,66,8.0,No,Mild,36,1.22,6,Hospital,HIGH-RISK
33,Secondary,10722,Urban,145,76,12.3,Yes,None,39,1.98,8,Hospital,HIGH-RISK
25,Secondary,10929,Rural,102,58,10.1,No,Severe,35,3.28,6,Clinic,HIGH-RISK
30,Primary,14502,Urban,119,50,7.7,No,Mild,38,2.56,8,Home,LOW-RISK
20,Primary,10361,Rural,101,71,12.7,No,None,36,1.61,4,Hospital,HIGH-RISK
16,Secondary,7133,Rural,96,64,10.4,No,None,36,2.46,9,Clinic,HIGH-RISK
26,Secondary,15928,Urban,114,70,10.7,No,None,36,2.85,1,Home,HIGH-RISK
24,Higher,31667,Rural,108,84,9.7,No,None,40,3.15,2,Home,HIGH-RISK
22,Secondary,16411,Rural,99,68,13.6,No,None,37,2.39,8,Hospital,LOW-RISK
25,Secondary,9788,Urban,117,95,12.0,No,None,38,2.52,11,Hospital,LOW-RISK
40,Higher,13761,Urban,94,61,10.4,No,None,39,2.62,10,Hospital,HIGH-RISK
29,No Education,3570,Rural,120,65,8.0,No,Mild,41,2.97,6,Hospital,LOW-RISK
30,Secondary,13605,Urban,115,61,16.0,No,None,36,2.62,4,Clinic,LOW-RISK
29,Secondary,11333,Rural,80,71,15.1,No,Severe,39,2.3,5,Hospital,HIGH-RISK
33,Secondary,7803,Rural,109,85,14.1,No,None,36,2.28,8,Hospital,LOW-RISK
23,No Education,8860,Urban,125,71,9.8,Yes,Severe,37,2.65,4,Home,HIGH-RISK
14,Higher,11255,Urban,100,58,10.6,No,None,41,3.62,7,Hospital,LOW-RISK
23,Higher,30047,Urban,126,94,12.2,No,None,32,2.33,3,Hospital,HIGH-RISK
29,No Education,32216,Urban,124,61,9.5,No,Severe,36,4.34,4,Clinic,HIGH-RISK
19,Primary,7833,Rural,101,81,9.4,No,None,37,2.65,4,Clinic,LOW-RISK
24,Primary,10437,Rural,117,68,13.6,No,Mild,39,1.87,5,Clinic,LOW-RISK
21,Secondary,10625,Urban,131,83,11.4,No,None,41,2.99,6,Clinic,LOW-RISK
33,Secondary,26436,Rural,103,82,9.5,No,None,34,2.95,9,Hospital,HIGH-RISK
29,Primary,16608,Rural,114,79,12.2,Yes,None,42,3.06,3,Hospital,HIGH-RISK
28,Higher,16006,Urban,136,77,10.5,No,None,39,2.91,6,Hospital,LOW-RISK
28,Primary,21833,Rural,104,86,7.5,No,None,37,2.59,2,Home,LOW-RISK
24,Secondary,9880,Urban,125,81,9.5,No,None,34,2.26,7,Hospital,HIGH-RISK
26,Primary,38969,Rural,100,110,10.3,No,Mild,37,1.52,5,Home,HIGH-RISK
18,Secondary,14981,Urban,115,56,11.9,No,None,41,3.27,5,Hospital,LOW-RISK
14,Secondary,8239,Rural,125,59,11.8,No,None,38,2.59,3,Home,HIGH-RISK
25,Primary,12772,Rural,80,74,13.4,No,None,38,3.43,5,Hospital,LOW-RISK
26,Secondary,35530,Urban,109,72,11.1,No,None,36,1.8,6,Hospital,LOW-RISK
31,Higher,11138,Rural,124,85,10.7,No,None,40,2.77,4,Hospital,LOW-RISK
33,Secondary,29158,Urban,121,63,13.7,No,None,38,3.49,5,Hospital,LOW-RISK
33,Higher,9682,Urban,109,73,13.3,No,Severe,37,3.53,7,Hospital,LOW-RISK
19,Secondary,8776,Urban,100,75,11.1,No,None,38,3.26,6,Home,LOW-RISK
23,Secondary,23801,Rural,128,73,12.0,No,None,36,0.98,4,Hospital,HIGH-RISK
27,Primary,8135,Rural,112,76,10.6,Yes,Severe,36,1.74,3,Home,HIGH-RISK
38,Secondary,26677,Rural,126,63,9.4,No,Severe,34,2.88,9,Hospital,HIGH-RISK
33,Primary,19186,Rural,124,81,15.4,No,None,36,2.07,4,Clinic,LOW-RISK
31,No Education,8137,Rural,110,88,10.3,No,Mild,33,2.6,8,Hospital,HIGH-RISK
22,Primary,14268,Rural,135,67,11.1,No,None,39,2.91,5,Hospital,LOW-RISK
20,No Education,10215,Rural,108,58,8.0,No,Mild,36,2.42,7,Home,HIGH-RISK
29,Higher,19150,Rural,137,94,12.8,Yes,None,37,2.22,3,Hospital,HIGH-RISK
18,Higher,56233,Rural,139,67,9.3,No,None,38,3.36,8,Hospital,LOW-RISK
23,Secondary,11571,Rural,134,89,14.5,Yes,None,36,1.8,6,Hospital,HIGH-RISK
24,No Education,21795,Urban,115,75,14.0,No,None,35,2.73,7,Hospital,HIGH-RISK
33,Higher,15258,Rural,158,83,12.5,No,None,39,2.69,1,Hospital,HIGH-RISK
23,Secondary,15254,Rural,120,92,11.7,No,None,43,3.86,3,Hospital,LOW-RISK
14,Primary,13361,Rural,121,86,11.0,No,Severe,40,3.6,4,Home,HIGH-RISK
27,Secondary,8230,Urban,117,78,11.4,No,None,41,3.97,4,Hospital,LOW-RISK
21,Secondary,18966,Urban,99,50,12.2,No,None,35,3.05,8,Hospital,LOW-RISK
25,No Education,12254,Rural,138,89,10.7,No,None,38,2.73,3,Hospital,HIGH-RISK
24,Secondary,7962,Rural,108,61,13.3,No,Severe,38,2.51,4,Clinic,LOW-RISK
23,Secondary,30507,Rural,132,77,9.8,No,None,42,2.18,1,Hospital,HIGH-RISK
29,Primary,16076,Rural,136,81,13.3,No,None,40,2.95,1,Clinic,LOW-RISK
16,Secondary,12786,Rural,127,98,10.7,Yes,None,38,2.81,4,Hospital,HIGH-RISK
22,Secondary,38324,Rural,106,69,10.2,No,None,32,2.03,0,Home,HIGH-RISK
28,Secondary,4148,Urban,112,58,12.2,Yes,None,35,2.13,8,Clinic,HIGH-RISK
21,Higher,36562,Urban,80,80,12.3,No,None,40,3.0,5,Home,LOW-RISK
16,Higher,8100,Rural,116,82,8.4,No,None,37,2.59,1,Hospital,HIGH-RISK
28,Secondary,17393,Urban,130,87,10.6,No,None,38,2.53,2,Clinic,LOW-RISK
31,Secondary,9938,Rural,114,90,7.6,No,Mild,40,2.89,5,Hospital,LOW-RISK
24,Secondary,7861,Rural,108,91,10.3,No,None,41,2.76,6,Hospital,LOW-RISK
14,Secondary,37628,Urban,113,64,10.4,No,None,36,1.47,5,Home,HIGH-RISK
28,No Education,55003,Rural,137,65,11.3,No,None,39,2.37,3,Hospital,HIGH-RISK
15,Secondary,12848,Urban,117,84,10.1,No,None,42,3.09,8,Hospital,LOW-RISK
26,Secondary,18970,Rural,147,81,10.5,No,None,42,2.77,4,Hospital,HIGH-RISK
20,Secondary,15610,Urban,108,71,13.8,No,None,37,1.73,11,Hospital,LOW-RISK
18,Higher,50370,Rural,121,63,15.2,No,None,39,3.18,7,Hospital,LOW-RISK
22,Secondary,3417,Rural,111,79,9.8,No,Severe,40,2.77,5,Home,HIGH-RISK
23,Primary,19531,Rural,151,89,12.4,Yes,None,38,2.22,10,Home,HIGH-RISK
21,No Education,9016,Urban,120,74,11.4,No,None,37,2.43,6,Home,LOW-RISK
28,No Education,2999,Urban,152,70,8.3,No,None,34,2.53,9,Clinic,HIGH-RISK
22,Primary,11654,Rural,111,86,9.5,No,None,36,1.02,4,Hospital,HIGH-RISK
30,Secondary,54690,Urban,142,85,6.0,No,None,36,2.8,4,Hospital,HIGH-RISK
26,Primary,9476,Urban,119,88,11.8,Yes,Mild,35,3.13,3,Hospital,HIGH-RISK
21,Primary,26090,Rural,131,55,9.3,No,None,38,3.29,9,Home,LOW-RISK
20,Primary,34713,Urban,98,70,11.0,No,None,40,3.43,2,Hospital,LOW-RISK
15,Secondary,14867,Urban,123,69,16.1,Yes,None,37,2.37,5,Hospital,HIGH-RISK
26,Secondary,16319,Urban,100,70,14.4,No,Mild,32,3.12,0,Home,HIGH-RISK
23,Primary,4511,Rural,122,87,9.5,No,None,38,2.95,4,Hospital,LOW-RISK
14,Primary,9086,Rural,93,72,9.1,No,Severe,39,2.34,3,Clinic,HIGH-RISK
22,No Education,28302,Rural,116,75,12.8,No,None,39,3.06,2,Home,LOW-RISK
20,No Education,15650,Rural,135,81,9.4,No,None,36,2.38,4,Hospital,HIGH-RISK
33,Primary,19398,Rural,126,60,12.4,No,None,35,3.23,5,Home,LOW-RISK
15,No Education,16465,Rural,98,60,15.7,No,None,40,3.46,6,Clinic,LOW-RISK
17,Primary,69578,Urban,87,78,12.7,No,Mild,39,2.42,8,Hospital,HIGH-RISK
31,Higher,11097,Rural,125,72,13.6,No,None,36,2.27,1,Clinic,HIGH-RISK
32,Secondary,46147,Urban,143,95,13.4,No,None,34,2.64,2,Clinic,HIGH-RISK
20,Higher,16469,Rural,102,80,10.5,No,Mild,39,2.94,6,Home,LOW-RISK
21,No Education,49106,Rural,151,94,11.5,No,Severe,36,2.28,7,Hospital,HIGH-RISK
28,Primary,6363,Rural,117,78,9.6,No,None,39,3.77,1,Clinic,LOW-RISK
14,Higher,17069,Rural,86,61,13.8,No,None,38,2.46,7,Hospital,LOW-RISK
14,Primary,11386,Rural,93,66,9.4,No,None,43,3.72,4,Clinic,LOW-RISK
23,Secondary,16538,Rural,130,86,12.8,No,Mild,38,2.02,3,Home,HIGH-RISK
33,Higher,35294,Rural,120,52,13.5,No,None,43,2.59,3,Clinic,LOW-RISK
22,Secondary,19554,Rural,141,95,10.6,Yes,None,38,3.22,0,Hospital,HIGH-RISK
25,Primary,35244,Rural,98,64,9.5,No,None,36,1.93,5,Hospital,HIGH-RISK
31,Secondary,9382,Rural,119,75,11.2,No,Mild,35,1.67,4,Home,HIGH-RISK
36,No Education,8432,Urban,118,75,9.0,No,None,36,2.44,6,Hospital,HIGH-RISK
21,No Education,15170,Urban,115,74,11.1,No,None,39,1.85,4,Hospital,LOW-RISK
24,No Education,14599,Rural,111,58,9.5,Yes,Mild,38,3.41,2,Hospital,HIGH-RISK
35,Higher,13170,Urban,112,75,10.0,No,None,33,3.38,7,Clinic,LOW-RISK
16,Secondary,7667,Urban,120,82,12.5,No,None,41,3.64,5,Hospital,LOW-RISK
30,Primary,34712,Urban,122,54,12.6,No,None,42,2.98,9,Hospital,LOW-RISK
19,Primary,11635,Rural,122,62,10.5,No,Mild,33,1.89,6,Hospital,HIGH-RISK
25,Secondary,40703,Rural,137,90,8.5,No,None,41,2.6,3,Home,LOW-RISK
23,Higher,15134,Rural,98,77,13.6,No,Mild,42,2.96,4,Clinic,LOW-RISK
19,Primary,23616,Rural,89,70,10.5,No,None,34,2.19,2,Home,HIGH-RISK
19,Primary,22163,Rural,134,72,14.4,No,None,37,2.59,4,Hospital,LOW-RISK
26,Higher,8423,Rural,102,78,11.3,No,None,36,3.42,4,Home,LOW-RISK
30,Higher,19396,Rural,111,59,11.7,No,None,40,2.66,4,Hospital,LOW-RISK
24,Higher,57851,Rural,108,71,10.7,No,None,37,3.59,3,Hospital,LOW-RISK
25,Primary,17888,Rural,107,57,11.6,No,Severe,37,2.85,4,Home,HIGH-RISK
28,No Education,28189,Rural,94,66,16.1,No,None,39,2.82,6,Hospital,LOW-RISK
19,Secondary,24369,Urban,108,61,10.9,No,None,42,3.08,6,Hospital,LOW-RISK
29,Primary,18596,Urban,128,87,13.7,No,None,38,3.08,6,Clinic,LOW-RISK
29,Higher,17091,Rural,117,79,11.7,No,None,37,2.72,2,Clinic,HIGH-RISK
39,No Education,22002,Rural,126,71,13.5,No,Mild,37,3.11,4,Hospital,LOW-RISK
22,Secondary,25593,Rural,110,84,8.0,No,Mild,40,3.18,3,Clinic,HIGH-RISK
22,Higher,5821,Urban,132,69,15.0,No,Severe,35,3.44,4,Clinic,LOW-RISK
29,Higher,17834,Rural,109,72,12.1,No,Severe,38,2.84,3,Home,LOW-RISK
29,Secondary,13186,Rural,84,58,11.0,No,None,36,1.77,7,Home,LOW-RISK
22,Higher,11404,Rural,123,85,13.1,No,Mild,35,2.11,11,Clinic,HIGH-RISK
22,No Education,37159,Rural,130,86,11.8,No,Mild,33,3.89,4,Clinic,LOW-RISK
27,Primary,8978,Rural,109,87,8.4,Yes,None,37,1.77,1,Hospital,HIGH-RISK
20,No Education,5650,Rural,137,81,6.6,No,None,41,2.15,0,Clinic,HIGH-RISK
22,Higher,26181,Rural,104,50,14.8,Yes,Severe,33,2.18,5,Home,HIGH-RISK
25,Higher,5549,Rural,128,74,11.1,No,Severe,39,2.46,4,Hospital,HIGH-RISK
30,No Education,3890,Rural,145,101,9.7,Yes,None,36,2.63,1,Home,HIGH-RISK
21,No Education,28327,Rural,118,72,10.4,No,None,35,2.95,3,Clinic,HIGH-RISK
14,Primary,16762,Urban,114,52,14.0,No,None,39,2.51,3,Hospital,HIGH-RISK
14,Primary,20883,Rural,116,79,10.3,No,None,41,3.63,7,Hospital,LOW-RISK
18,Higher,11005,Rural,144,88,12.7,Yes,Mild,42,2.19,6,Home,HIGH-RISK
17,Primary,5691,Urban,124,69,10.8,No,None,39,2.39,4,Hospital,HIGH-RISK
24,Secondary,6540,Rural,152,83,9.2,No,None,38,3.66,5,Clinic,LOW-RISK
18,Secondary,12397,Urban,122,67,13.1,No,None,39,2.08,6,Hospital,LOW-RISK
21,Primary,6155,Urban,107,77,13.5,No,None,43,2.99,7,Hospital,LOW-RISK
20,No Education,18596,Rural,108,73,10.2,No,Mild,37,3.66,1,Hospital,HIGH-RISK
22,Higher,10851,Urban,118,63,11.4,No,Mild,41,1.37,7,Clinic,LOW-RISK
32,Secondary,17074,Rural,85,65,11.7,No,None,37,2.61,4,Hospital,LOW-RISK
28,Secondary,16720,Rural,110,64,12.3,No,None,36,3.02,2,Hospital,HIGH-RISK
25,Primary,19664,Rural,110,89,14.6,No,None,42,2.65,3,Clinic,LOW-RISK
22,Higher,21278,Rural,121,85,10.9,No,Mild,38,2.83,5,Home,LOW-RISK
22,Higher,11790,Urban,149,83,10.9,No,Mild,39,2.9,5,Clinic,HIGH-RISK
26,Higher,17061,Rural,118,76,11.2,No,None,39,2.97,4,Hospital,LOW-RISK
28,Secondary,17694,Urban,87,77,9.8,No,None,36,2.04,0,Hospital,HIGH-RISK
20,Higher,2999,Rural,103,69,8.4,No,None,37,3.22,5,Clinic,LOW-RISK
25,Primary,23585,Rural,122,85,11.3,No,Mild,36,2.34,3,Hospital,HIGH-RISK
14,Secondary,16659,Urban,119,92,12.4,No,Mild,39,2.17,9,Hospital,HIGH-RISK
26,Secondary,22262,Rural,143,77,11.5,No,None,39,2.54,10,Home,LOW-RISK
29,Secondary,6093,Rural,133,98,11.4,No,Severe,36,1.64,2,Home,HIGH-RISK
23,Higher,12025,Rural,132,94,9.9,Yes,None,43,2.92,4,Home,LOW-RISK
34,Higher,6986,Urban,114,76,12.0,No,None,38,3.07,7,Hospital,LOW-RISK
20,Secondary,25261,Rural,135,76,11.8,No,None,38,2.92,4,Home,LOW-RISK
26,Secondary,5609,Urban,103,73,12.4,No,None,41,3.1,6,Hospital,LOW-RISK
24,Higher,7830,Rural,133,77,12.1,Yes,None,36,2.5,6,Hospital,LOW-RISK
24,Higher,21803,Rural,113,65,12.2,No,None,37,3.22,3,Hospital,LOW-RISK
24,Secondary,9655,Rural,94,73,13.9,No,Severe,39,2.73,6,Clinic,HIGH-RISK
25,No Education,7831,Rural,127,66,12.0,No,Mild,34,2.71,8,Hospital,LOW-RISK
29,Primary,28296,Rural,140,78,11.8,No,Severe,37,2.09,5,Hospital,HIGH-RISK
32,Higher,29120,Rural,111,69,8.4,No,None,43,2.03,4,Hospital,LOW-RISK
24,Secondary,24865,Rural,143,67,13.4,No,None,43,2.85,8,Home,LOW-RISK
29,Secondary,27170,Rural,91,74,11.0,No,None,40,3.18,2,Home,LOW-RISK
21,Secondary,12755,Urban,98,67,11.6,No,None,41,2.65,4,Home,LOW-RISK
29,Secondary,12998,Rural,115,89,9.2,No,Mild,39,3.15,5,Hospital,LOW-RISK
20,Secondary,9529,Urban,112,71,15.3,No,None,37,2.97,6,Clinic,LOW-RISK
30,Higher,16868,Rural,107,67,7.0,No,None,42,1.67,5,Home,HIGH-RISK
37,Primary,10365,Rural,120,66,13.9,No,Mild,36,3.71,6,Hospital,LOW-RISK
24,Secondary,11077,Rural,109,73,12.3,Yes,Mild,40,2.11,8,Hospital,HIGH-RISK
14,Secondary,22827,Rural,112,74,8.1,No,None,37,2.28,4,Hospital,HIGH-RISK
21,Higher,34371,Urban,122,85,15.2,No,None,37,3.43,4,Hospital,LOW-RISK
31,Primary,19822,Urban,107,72,11.9,No,None,39,2.81,2,Hospital,LOW-RISK
28,Secondary,52671,Rural,116,98,7.3,No,Mild,43,2.38,6,Home,HIGH-RISK
26,No Education,9153,Rural,107,77,9.7,No,None,42,2.54,6,Hospital,LOW-RISK
30,No Education,4143,Rural,98,59,11.9,No,Mild,39,2.32,0,Clinic,HIGH-RISK
27,Secondary,24736,Rural,130,67,14.6,No,None,38,2.36,3,Hospital,HIGH-RISK
31,No Education,8738,Urban,145,89,10.0,No,None,40,3.23,7,Home,HIGH-RISK
30,Higher,12384,Urban,135,69,6.7,No,None,41,2.53,8,Hospital,LOW-RISK
33,Higher,4345,Rural,123,83,14.1,Yes,None,34,1.63,3,Hospital,HIGH-RISK
26,No Education,7993,Rural,107,81,11.5,No,None,38,2.38,4,Home,HIGH-RISK
29,Higher,5240,Urban,113,84,7.5,No,Mild,35,2.49,5,Hospital,HIGH-RISK
23,Secondary,11067,Rural,134,70,12.1,No,None,37,2.39,2,Clinic,HIGH-RISK
21,Secondary,11380,Rural,81,74,12.3,No,None,35,2.07,2,Clinic,HIGH-RISK
34,Higher,15974,Rural,112,77,10.9,No,Mild,33,2.7,6,Hospital,LOW-RISK
26,Secondary,35725,Rural,129,72,10.0,No,None,35,2.32,12,Hospital,HIGH-RISK
29,No Education,24092,Urban,99,68,10.2,No,None,37,2.33,9,Clinic,LOW-RISK
25,No Education,4818,Rural,124,82,10.7,No,Mild,39,2.42,6,Home,HIGH-RISK
21,Secondary,22957,Urban,124,69,12.1,No,None,36,3.16,9,Hospital,LOW-RISK
25,Higher,16220,Rural,94,71,12.9,No,None,36,3.3,8,Hospital,LOW-RISK
32,Secondary,14007,Urban,119,91,7.6,No,None,39,2.83,3,Hospital,LOW-RISK
28,Primary,14763,Urban,108,83,11.8,No,None,39,3.2,1,Home,HIGH-RISK
15,No Education,17309,Urban,124,77,12.0,No,None,42,2.28,8,Hospital,LOW-RISK
23,Higher,9241,Urban,128,81,11.8,No,Mild,40,2.48,6,Hospital,LOW-RISK
34,Primary,13202,Rural,124,71,9.9,No,None,35,2.72,6,Home,HIGH-RISK
23,Secondary,34357,Urban,119,70,14.1,No,Mild,36,1.19,6,Hospital,HIGH-RISK
15,Secondary,9164,Rural,122,60,13.9,No,Mild,40,3.22,2,Home,HIGH-RISK
35,Primary,7294,Rural,99,72,9.9,No,None,36,1.97,0,Hospital,HIGH-RISK
28,No Education,14365,Urban,117,82,11.0,No,None,37,2.21,3,Hospital,HIGH-RISK
24,Primary,6798,Rural,105,71,12.4,Yes,None,34,2.47,6,Hospital,HIGH-RISK
22,Primary,4491,Urban,134,70,12.9,No,None,35,3.03,5,Clinic,LOW-RISK
30,Secondary,11786,Rural,128,79,10.0,No,Severe,41,2.63,4,Home,HIGH-RISK
22,Higher,41350,Urban,128,93,9.6,No,None,38,2.96,5,Home,LOW-RISK
31,Primary,14600,Rural,145,93,11.4,No,None,36,2.48,6,Home,HIGH-RISK
27,Secondary,16997,Urban,112,73,9.5,No,None,37,2.93,1,Hospital,LOW-RISK
26,No Education,3376,Urban,109,95,7.6,No,None,42,2.25,6,Hospital,HIGH-RISK
25,Primary,20383,Urban,112,103,9.9,No,None,36,2.37,4,Hospital,HIGH-RISK
24,Secondary,16013,Rural,92,62,12.3,No,None,39,2.9,3,Hospital,LOW-RISK
30,Secondary,9417,Rural,93,65,14.3,No,None,40,1.3,4,Hospital,LOW-RISK
20,Secondary,17014,Rural,127,85,10.2,No,Severe,42,3.27,5,Clinic,LOW-RISK
16,No Education,16896,Rural,95,58,10.9,No,None,36,1.68,2,Clinic,HIGH-RISK
28,Secondary,7144,Urban,100,79,11.8,No,None,35,2.36,7,Hospital,HIGH-RISK
28,Secondary,18922,Rural,116,76,10.3,No,Mild,35,3.3,4,Hospital,HIGH-RISK
27,Higher,34675,Rural,111,77,10.2,No,Mild,40,2.67,1,Home,HIGH-RISK
27,Secondary,12787,Rural,132,73,12.1,Yes,None,43,2.22,1,Hospital,HIGH-RISK
23,Higher,8172,Rural,118,67,9.3,No,Severe,40,3.11,5,Hospital,HIGH-RISK
29,No Education,13246,Rural,105,50,9.9,No,None,36,3.07,6,Hospital,LOW-RISK
24,Secondary,27283,Urban,133,96,11.1,No,Mild,41,2.19,3,Clinic,HIGH-RISK
22,Secondary,6357,Rural,129,89,12.1,No,Mild,37,1.5,6,Home,HIGH-RISK
23,Primary,22489,Urban,95,76,8.7,No,None,36,3.17,8,Hospital,LOW-RISK
36,Secondary,9331,Rural,122,80,11.3,Yes,None,37,3.27,5,Hospital,LOW-RISK
15,Secondary,17769,Urban,106,50,9.2,No,None,37,3.01,7,Home,LOW-RISK
27,Higher,10104,Rural,106,63,10.3,No,None,36,1.27,6,Clinic,HIGH-RISK
15,Primary,10085,Rural,147,81,12.8,No,None,41,3.13,5,Hospital,HIGH-RISK
24,Higher,43563,Rural,119,64,11.4,No,Severe,37,3.37,4,Clinic,LOW-RISK
22,Secondary,5593,Rural,114,55,14.5,No,None,34,3.32,7,Hospital,LOW-RISK
14,Secondary,21069,Rural,119,65,11.4,No,None,39,2.65,6,Clinic,LOW-RISK
27,Secondary,50399,Rural,131,79,13.2,No,None,36,2.15,4,Hospital,HIGH-RISK
22,Primary,24237,Rural,106,72,12.3,No,None,36,0.9,3,Hospital,HIGH-RISK
14,Higher,5907,Rural,109,82,11.5,No,None,40,3.33,5,Hospital,LOW-RISK
29,Higher,6116,Urban,128,101,9.1,Yes,Severe,36,3.01,4,Hospital,HIGH-RISK
32,Higher,8863,Rural,93,75,11.3,No,None,37,3.02,3,Hospital,LOW-RISK
33,Higher,16753,Rural,133,78,10.5,No,None,38,3.45,7,Home,LOW-RISK
26,Secondary,17570,Rural,92,87,10.5,No,None,37,2.37,4,Hospital,LOW-RISK
25,Secondary,6158,Urban,114,56,11.8,No,None,37,2.68,7,Hospital,LOW-RISK
32,Higher,8142,Rural,92,50,8.9,No,None,32,2.23,4,Hospital,HIGH-RISK
34,No Education,8499,Rural,101,60,9.5,No,None,38,3.4,3,Hospital,LOW-RISK
31,Higher,13217,Rural,138,90,9.7,No,None,42,3.42,5,Clinic,LOW-RISK
19,Secondary,60179,Rural,134,81,11.0,No,None,40,2.97,10,Hospital,LOW-RISK
26,Secondary,7805,Urban,136,68,10.1,No,None,37,2.95,6,Hospital,LOW-RISK
27,Primary,7569,Rural,94,60,9.4,No,Mild,39,3.1,5,Home,LOW-RISK
15,Primary,6785,Rural,101,56,11.1,No,Mild,40,2.61,3,Clinic,LOW-RISK
27,No Education,23404,Rural,123,63,10.6,No,None,36,3.35,6,Hospital,HIGH-RISK
37,Secondary,14572,Rural,129,96,11.5,No,None,41,2.55,4,Hospital,LOW-RISK
28,Secondary,8010,Urban,105,70,9.5,No,None,38,3.04,7,Hospital,LOW-RISK
33,Primary,11635,Rural,108,92,9.5,No,None,37,2.47,9,Clinic,LOW-RISK
26,Primary,8619,Urban,99,60,14.6,No,None,42,3.32,6,Home,LOW-RISK
24,Secondary,18452,Rural,144,88,10.2,No,Mild,33,2.32,6,Clinic,HIGH-RISK
27,Primary,98210,Rural,110,75,6.9,No,None,35,3.42,5,Hospital,HIGH-RISK
20,Higher,22057,Urban,118,85,12.1,No,None,40,2.73,5,Hospital,LOW-RISK
19,No Education,14054,Rural,119,78,9.2,No,None,40,3.32,7,Hospital,LOW-RISK
31,Secondary,9417,Rural,135,91,11.9,Yes,None,42,2.45,6,Home,LOW-RISK
32,Primary,5857,Rural,102,77,10.9,Yes,None,32,1.99,3,Hospital,HIGH-RISK
19,Secondary,25069,Urban,136,68,12.5,No,Mild,40,2.78,6,Home,LOW-RISK
30,Secondary,24133,Rural,97,77,11.3,No,None,35,2.62,5,Home,LOW-RISK
24,Secondary,10824,Rural,136,79,11.1,No,Mild,39,2.39,9,Hospital,LOW-RISK
26,Secondary,35071,Rural,90,58,13.6,No,Severe,38,2.49,5,Home,HIGH-RISK
27,Secondary,15223,Rural,116,82,7.5,No,None,40,2.85,7,Hospital,HIGH-RISK
30,Primary,25800,Rural,144,93,8.9,No,None,37,3.02,0,Hospital,HIGH-RISK
25,Secondary,18455,Rural,129,73,10.0,No,None,41,2.78,4,Hospital,HIGH-RISK
32,Primary,13250,Urban,124,73,8.0,No,None,36,2.26,7,Clinic,HIGH-RISK
26,Secondary,7687,Urban,101,54,10.6,No,Mild,38,2.07,4,Hospital,LOW-RISK
28,Secondary,13547,Rural,106,52,10.5,No,Mild,38,3.08,3,Clinic,LOW-RISK
20,Secondary,27044,Rural,139,79,13.3,Yes,None,42,3.26,3,Hospital,HIGH-RISK
36,Secondary,10510,Rural,125,86,11.3,No,Mild,40,3.33,4,Hospital,LOW-RISK
27,Primary,20406,Urban,132,73,10.9,No,None,39,2.88,12,Hospital,LOW-RISK
28,Primary,7029,Urban,119,91,10.5,No,Mild,40,2.47,3,Clinic,HIGH-RISK
16,No Education,25896,Rural,113,71,9.5,No,Mild,41,2.62,5,Hospital,LOW-RISK
20,Secondary,18673,Urban,130,76,13.1,No,Mild,39,2.88,3,Hospital,LOW-RISK
31,Higher,6466,Rural,122,73,13.7,No,None,35,2.07,1,Hospital,HIGH-RISK
26,Secondary,12822,Rural,115,85,9.3,No,None,40,2.34,8,Hospital,LOW-RISK
14,Secondary,28790,Urban,95,58,14.4,No,Mild,38,1.87,7,Hospital,LOW-RISK
30,Primary,6213,Rural,133,78,9.7,No,None,37,2.49,1,Clinic,LOW-RISK
22,Higher,7087,Rural,125,71,10.1,No,None,36,2.06,4,Hospital,HIGH-RISK
32,No Education,14287,Rural,108,66,11.7,No,None,39,2.97,5,Hospital,LOW-RISK
24,Primary,66778,Urban,136,81,12.1,No,Mild,39,2.57,5,Hospital,LOW-RISK
26,Higher,9367,Rural,121,74,11.4,No,Mild,36,2.12,5,Clinic,HIGH-RISK
31,Primary,21215,Rural,122,88,10.9,No,None,35,2.36,5,Clinic,HIGH-RISK
20,No Education,17995,Rural,132,79,13.0,No,None,43,3.66,5,Hospital,LOW-RISK
19,Primary,9928,Urban,128,85,10.2,No,Mild,40,2.71,6,Hospital,LOW-RISK
23,Secondary,16791,Urban,122,78,11.4,No,None,38,1.95,8,Clinic,LOW-RISK
29,Primary,10963,Rural,114,89,14.4,No,None,40,2.42,1,Hospital,HIGH-RISK
17,Secondary,11676,Rural,149,81,9.1,No,None,37,3.79,9,Clinic,HIGH-RISK
15,Secondary,4688,Rural,106,68,10.7,No,None,38,3.59,8,Hospital,LOW-RISK
29,Primary,14745,Rural,129,87,12.8,No,None,38,3.32,2,Hospital,LOW-RISK
21,Primary,28146,Urban,116,71,12.2,No,None,40,3.19,8,Home,LOW-RISK
22,Higher,15615,Rural,125,83,13.1,No,Mild,34,2.68,5,Clinic,LOW-RISK
14,Primary,32181,Urban,137,106,8.7,Yes,None,35,2.29,7,Hospital,HIGH-RISK
21,Secondary,22517,Urban,113,63,12.1,No,None,35,3.04,4,Clinic,LOW-RISK
24,Secondary,14387,Urban,127,94,11.0,No,None,40,3.3,7,Hospital,LOW-RISK
30,No Education,9664,Rural,122,71,14.8,No,None,38,3.26,3,Hospital,LOW-RISK
20,Secondary,10672,Urban,107,86,13.0,No,None,36,1.92,3,Clinic,HIGH-RISK
34,Secondary,5358,Rural,138,89,11.5,No,None,37,2.62,5,Hospital,LOW-RISK
21,Secondary,12442,Rural,129,85,12.0,No,None,36,1.73,7,Home,LOW-RISK
21,Higher,16614,Urban,111,71,11.6,No,None,34,2.55,2,Hospital,LOW-RISK
33,Higher,49841,Rural,135,78,12.8,No,None,41,2.97,3,Clinic,LOW-RISK
26,Secondary,21712,Urban,104,63,10.0,No,None,38,3.02,7,Hospital,LOW-RISK
21,Secondary,8187,Rural,117,75,14.0,No,None,41,3.12,7,Hospital,LOW-RISK
24,Secondary,5476,Rural,111,70,9.1,No,None,34,1.76,3,Home,HIGH-RISK
32,Secondary,12980,Rural,130,81,11.9,No,None,39,3.29,3,Clinic,LOW-RISK
33,Primary,26477,Rural,110,57,9.1,No,None,34,2.18,3,Hospital,HIGH-RISK
20,Higher,12853,Rural,130,79,11.6,No,None,43,2.55,4,Home,LOW-RISK
24,Higher,21920,Rural,127,91,13.3,No,None,34,1.72,3,Home,HIGH-RISK
25,Primary,13213,Urban,111,83,7.6,No,None,42,2.84,4,Hospital,LOW-RISK
19,Higher,24777,Rural,147,84,11.2,No,Severe,38,2.76,3,Home,HIGH-RISK
24,Higher,4903,Rural,106,100,8.9,No,None,38,2.03,2,Hospital,HIGH-RISK
25,Secondary,46107,Urban,95,62,11.0,No,Mild,39,1.82,5,Hospital,LOW-RISK
31,Higher,6884,Urban,131,78,8.9,Yes,None,36,2.16,5,Clinic,HIGH-RISK
31,No Education,26145,Rural,83,50,11.2,No,None,40,3.25,5,Hospital,LOW-RISK
23,No Education,12397,Rural,141,77,10.6,No,None,40,3.19,1,Clinic,LOW-RISK
23,Primary,13831,Urban,119,95,12.4,No,None,38,3.35,0,Hospital,LOW-RISK
28,Secondary,12670,Rural,95,64,13.7,No,None,39,2.69,5,Clinic,LOW-RISK
21,Primary,17938,Rural,102,54,11.0,No,None,43,2.61,5,Hospital,LOW-RISK
28,Higher,20662,Rural,91,76,13.1,No,Mild,40,2.74,2,Hospital,HIGH-RISK
24,Primary,31465,Rural,124,81,13.4,No,None,36,2.52,3,Hospital,HIGH-RISK
19,Primary,40189,Rural,96,78,9.6,No,Mild,40,3.69,1,Clinic,LOW-RISK
19,Secondary,18922,Urban,126,74,14.1,No,None,37,2.55,7,Hospital,LOW-RISK
32,No Education,49780,Rural,113,62,11.1,No,None,36,2.23,5,Clinic,LOW-RISK
24,Secondary,16008,Urban,110,70,9.7,No,Mild,39,2.82,5,Home,LOW-RISK
34,Primary,31888,Rural,126,84,11.2,No,None,35,2.1,5,Hospital,HIGH-RISK
22,Higher,20249,Rural,127,77,11.4,No,None,38,2.48,3,Home,HIGH-RISK
26,Secondary,10212,Rural,136,85,9.0,No,None,40,2.73,2,Hospital,LOW-RISK
38,No Education,17028,Rural,107,66,8.5,No,None,43,2.37,4,Hospital,HIGH-RISK
19,No Education,21333,Rural,117,79,14.2,No,None,40,3.2,1,Hospital,LOW-RISK
14,No Education,14665,Rural,107,71,11.2,No,None,34,2.87,6,Hospital,LOW-RISK
32,Higher,20026,Urban,120,68,14.2,No,Mild,35,2.04,2,Hospital,HIGH-RISK
20,Secondary,27489,Rural,105,73,10.8,No,Mild,42,3.71,4,Hospital,LOW-RISK
24,Secondary,14756,Rural,111,68,10.1,No,None,36,2.41,5,Home,HIGH-RISK
21,Primary,2999,Rural,111,79,8.2,No,None,34,1.76,5,Home,HIGH-RISK
26,Higher,48561,Rural,122,86,13.2,No,Mild,35,2.89,3,Home,HIGH-RISK
19,Primary,12179,Rural,118,81,12.1,No,None,40,2.29,2,Hospital,HIGH-RISK
24,Secondary,8429,Rural,126,60,10.8,No,Severe,38,3.14,0,Home,HIGH-RISK
27,Secondary,6828,Urban,116,64,10.1,No,None,40,2.94,7,Hospital,LOW-RISK
19,Primary,11852,Urban,108,65,13.4,No,None,38,2.58,6,Home,LOW-RISK
21,Secondary,10116,Rural,121,67,11.2,No,None,35,2.26,6,Clinic,LOW-RISK
23,Primary,8954,Rural,103,65,10.4,No,None,34,1.92,5,Hospital,HIGH-RISK
17,Primary,9305,Rural,127,88,9.9,No,None,36,2.88,4,Clinic,HIGH-RISK
22,Higher,21733,Rural,113,81,10.8,No,Severe,38,2.68,4,Home,HIGH-RISK
25,Secondary,62134,Rural,121,71,12.5,No,Mild,35,2.36,5,Home,HIGH-RISK
22,Higher,26640,Rural,121,82,9.0,No,Severe,40,2.79,7,Hospital,LOW-RISK
23,Secondary,32913,Rural,143,86,11.6,No,Mild,35,2.01,1,Home,HIGH-RISK
24,Primary,11517,Rural,124,76,12.6,No,None,34,2.4,8,Clinic,HIGH-RISK
21,Secondary,16140,Rural,119,88,11.3,No,None,38,3.08,4,Hospital,LOW-RISK
28,Secondary,20218,Rural,106,64,13.4,No,None,40,2.88,4,Hospital,LOW-RISK
32,Primary,9453,Rural,130,79,13.0,No,None,42,2.7,7,Hospital,LOW-RISK
22,Secondary,11134,Urban,113,62,13.1,No,Mild,34,1.55,3,Clinic,HIGH-RISK
27,Secondary,27282,Rural,93,56,10.5,Yes,None,42,2.47,9,Home,HIGH-RISK
23,Secondary,32177,Urban,114,59,11.4,No,Severe,38,2.63,3,Hospital,HIGH-RISK
27,Primary,15724,Rural,121,65,11.5,No,None,36,2.01,7,Hospital,HIGH-RISK
33,Higher,6497,Urban,104,71,10.7,No,None,40,1.84,8,Clinic,LOW-RISK
27,Primary,12196,Rural,116,71,10.6,No,None,41,3.14,2,Hospital,LOW-RISK
15,Primary,5469,Rural,116,72,9.9,No,None,34,2.76,4,Clinic,HIGH-RISK
27,Primary,15810,Rural,117,71,16.0,No,None,37,2.48,6,Hospital,LOW-RISK
31,Higher,17936,Rural,137,100,11.0,No,None,37,2.3,8,Hospital,LOW-RISK
23,Primary,12410,Urban,97,56,12.9,No,None,40,2.42,8,Hospital,LOW-RISK
30,Secondary,17765,Urban,150,71,9.9,No,None,42,2.07,4,Hospital,HIGH-RISK
21,Primary,20083,Urban,117,65,13.8,No,None,38,2.61,6,Hospital,LOW-RISK
16,Secondary,17954,Rural,127,77,10.8,No,Severe,37,2.7,2,Hospital,HIGH-RISK
25,Secondary,6468,Rural,120,81,11.6,No,None,39,3.31,6,Hospital,LOW-RISK
15,Primary,12563,Urban,90,73,7.4,No,None,37,3.06,5,Home,LOW-RISK
23,Higher,19984,Rural,101,80,13.5,No,Severe,33,2.77,2,Hospital,HIGH-RISK
32,No Education,45292,Urban,109,71,13.5,No,None,39,2.86,4,Hospital,LOW-RISK
14,No Education,12400,Rural,133,75,8.8,Yes,Severe,40,2.3,5,Clinic,HIGH-RISK
17,Secondary,22057,Rural,95,86,13.6,No,Severe,41,3.76,5,Clinic,HIGH-RISK
19,Secondary,27736,Rural,104,50,9.1,No,None,35,2.09,3,Home,HIGH-RISK
24,Primary,13071,Urban,120,76,11.8,No,None,40,1.95,3,Home,LOW-RISK
22,Secondary,33513,Rural,125,82,11.0,No,Mild,42,2.92,6,Clinic,LOW-RISK
32,Primary,34798,Rural,125,98,13.6,No,None,43,1.93,3,Hospital,LOW-RISK
30,Secondary,39421,Urban,102,52,11.9,No,None,39,2.75,5,Clinic,LOW-RISK
27,Secondary,20675,Rural,92,63,13.2,No,None,40,2.54,3,Hospital,LOW-RISK
25,Higher,78268,Rural,126,63,13.7,No,None,36,2.66,5,Clinic,LOW-RISK
27,Secondary,9750,Rural,140,62,11.0,No,None,35,3.02,5,Hospital,HIGH-RISK
20,Secondary,66347,Rural,112,71,11.4,No,Mild,40,2.62,5,Clinic,LOW-RISK
29,Secondary,25683,Rural,99,79,9.5,No,None,33,1.79,1,Hospital,HIGH-RISK
18,Primary,38333,Rural,111,86,10.4,No,None,38,3.22,6,Hospital,LOW-RISK
29,Primary,11989,Rural,124,71,14.8,No,None,42,2.38,2,Clinic,HIGH-RISK
31,Higher,27090,Rural,114,81,12.9,No,None,40,2.84,1,Home,LOW-RISK
26,Primary,40728,Rural,140,79,9.4,No,Mild,40,3.1,3,Hospital,HIGH-RISK
24,Secondary,7006,Rural,132,86,14.4,No,Mild,38,2.37,4,Clinic,HIGH-RISK
27,No Education,13379,Rural,120,88,11.9,No,None,37,2.63,3,Clinic,LOW-RISK
14,Higher,3350,Rural,86,63,13.0,No,None,43,2.86,8,Hospital,LOW-RISK
26,Primary,13239,Urban,106,83,11.9,No,Mild,41,3.53,1,Clinic,LOW-RISK
24,Higher,8472,Urban,109,59,12.3,No,None,40,2.13,5,Home,LOW-RISK
24,Secondary,12879,Rural,106,79,7.9,No,None,38,2.72,2,Hospital,HIGH-RISK
28,No Education,116117,Rural,121,87,13.4,No,None,37,3.54,4,Home,LOW-RISK
24,Secondary,49924,Urban,121,86,7.4,No,None,41,3.33,3,Hospital,LOW-RISK
18,Secondary,5476,Rural,91,53,13.3,No,Severe,37,2.65,4,Hospital,LOW-RISK
24,Primary,22132,Rural,130,76,10.9,No,Mild,38,2.76,9,Hospital,LOW-RISK
25,Primary,26240,Rural,118,79,12.7,No,None,40,3.05,9,Hospital,LOW-RISK
25,Secondary,11840,Rural,123,81,11.8,No,None,39,3.06,8,Home,LOW-RISK
25,Secondary,16994,Rural,129,80,13.4,No,Mild,42,3.56,9,Hospital,LOW-RISK
30,Primary,18196,Rural,105,87,10.7,No,Severe,35,2.85,6,Hospital,HIGH-RISK
19,Higher,5844,Urban,138,67,12.0,No,Severe,38,2.04,1,Home,HIGH-RISK
25,Primary,7287,Rural,115,72,12.1,No,Mild,43,1.92,4,Hospital,LOW-RISK
32,No Education,16922,Rural,142,64,14.2,No,None,40,2.5,9,Clinic,LOW-RISK
15,Secondary,16080,Rural,103,77,12.6,No,None,38,1.78,4,Home,HIGH-RISK
25,No Education,9134,Rural,141,88,8.2,No,None,40,3.52,8,Home,HIGH-RISK
21,Primary,8601,Rural,103,107,9.6,No,None,38,1.98,11,Home,LOW-RISK
22,Secondary,14086,Urban,158,99,12.6,No,None,42,2.64,3,Home,LOW-RISK
20,Primary,27892,Urban,102,74,12.9,No,Severe,40,2.32,3,Hospital,HIGH-RISK
24,Primary,14218,Urban,134,82,10.0,Yes,Mild,36,1.36,2,Home,HIGH-RISK
35,Secondary,46710,Rural,112,70,15.5,Yes,None,39,3.45,5,Hospital,LOW-RISK
18,Secondary,9216,Rural,129,80,11.8,No,None,39,2.48,3,Hospital,LOW-RISK
18,Higher,17171,Urban,117,78,12.3,No,None,39,3.85,12,Home,LOW-RISK
17,Secondary,11705,Urban,100,50,9.2,No,None,39,3.57,4,Hospital,LOW-RISK
34,Secondary,22637,Rural,80,66,13.5,No,Mild,39,2.8,6,Hospital,LOW-RISK
22,Primary,8679,Urban,158,89,10.2,No,Mild,39,1.65,4,Hospital,HIGH-RISK
24,Secondary,57813,Urban,119,95,10.2,No,Mild,36,2.32,7,Hospital,HIGH-RISK
22,Primary,4593,Urban,80,62,9.9,No,None,37,4.06,5,Hospital,LOW-RISK
19,Primary,49843,Rural,122,68,13.9,No,None,37,3.04,4,Hospital,LOW-RISK
23,Higher,15975,Rural,129,81,12.3,No,Severe,38,2.71,1,Clinic,HIGH-RISK
38,Secondary,22081,Rural,106,72,9.9,No,None,37,2.46,4,Home,HIGH-RISK
32,Secondary,38176,Urban,106,70,10.5,No,None,41,3.29,5,Hospital,LOW-RISK
20,No Education,27341,Urban,117,60,13.1,No,None,36,2.31,10,Hospital,LOW-RISK
28,No Education,8998,Rural,137,79,10.5,No,None,34,2.47,3,Home,HIGH-RISK
20,Secondary,22830,Rural,119,69,12.5,No,None,43,3.42,4,Hospital,LOW-RISK
15,Secondary,55438,Rural,141,79,12.9,No,None,36,3.13,3,Hospital,HIGH-RISK
30,Secondary,8060,Rural,136,89,5.3,No,Mild,41,3.04,1,Hospital,HIGH-RISK
31,No Education,66085,Rural,114,66,13.5,No,None,40,1.93,5,Hospital,LOW-RISK
30,Primary,19649,Rural,92,65,9.8,No,None,36,2.02,5,Hospital,HIGH-RISK
22,Secondary,11076,Rural,114,79,10.9,No,None,38,2.46,6,Home,HIGH-RISK
24,Secondary,8026,Urban,126,75,14.3,Yes,Mild,37,2.78,4,Hospital,LOW-RISK
29,No Education,12829,Urban,118,104,13.1,No,None,39,3.62,12,Hospital,LOW-RISK
27,No Education,3816,Rural,128,81,12.4,No,None,36,3.14,3,Hospital,LOW-RISK
22,Primary,11216,Rural,131,65,12.2,No,None,38,3.02,2,Hospital,HIGH-RISK
16,No Education,12478,Rural,126,68,13.0,No,None,38,3.1,4,Home,LOW-RISK
25,Secondary,7070,Urban,113,63,14.1,No,None,41,1.97,2,Hospital,HIGH-RISK
30,No Education,25318,Urban,126,68,13.6,No,Mild,37,2.57,7,Clinic,LOW-RISK
18,Secondary,12870,Rural,153,91,11.7,No,None,36,2.29,3,Hospital,HIGH-RISK
28,Secondary,9611,Rural,94,55,10.2,No,None,37,2.45,4,Hospital,LOW-RISK
26,Higher,11945,Rural,125,74,11.0,No,None,39,3.12,2,Home,LOW-RISK
29,Higher,19232,Rural,147,96,11.7,No,None,34,1.83,2,Home,HIGH-RISK
29,Primary,15788,Rural,99,64,10.5,No,None,41,1.76,3,Clinic,HIGH-RISK
21,No Education,9183,Rural,134,87,8.9,No,None,38,3.26,3,Hospital,HIGH-RISK
16,Primary,16379,Rural,136,62,11.5,No,None,39,3.46,3,Home,LOW-RISK
22,Secondary,14477,Urban,94,63,8.7,No,None,39,2.96,6,Hospital,LOW-RISK
29,No Education,6755,Rural,129,69,10.8,No,None,36,2.43,7,Hospital,HIGH-RISK
22,Primary,12256,Rural,113,77,11.0,No,None,35,1.69,8,Clinic,HIGH-RISK
21,Primary,22501,Rural,117,63,11.1,No,Mild,36,2.01,6,Clinic,HIGH-RISK
14,Primary,22388,Rural,112,96,12.8,No,None,34,2.87,5,Hospital,LOW-RISK
34,Secondary,12769,Urban,139,63,12.8,No,Severe,39,2.39,4,Hospital,HIGH-RISK
29,Secondary,24089,Rural,116,87,15.5,No,None,38,3.91,4,Home,LOW-RISK
29,Secondary,7554,Rural,110,82,10.6,No,None,34,3.1,5,Hospital,LOW-RISK
30,Higher,7719,Urban,110,76,12.0,No,None,36,2.28,4,Clinic,HIGH-RISK
28,No Education,12580,Rural,112,74,11.6,No,None,40,4.29,2,Hospital,LOW-RISK
23,No Education,42791,Urban,100,90,11.6,No,None,41,3.5,5,Clinic,LOW-RISK
24,Primary,16815,Rural,110,100,8.5,No,None,35,2.21,3,Hospital,HIGH-RISK
22,Secondary,12370,Rural,119,73,9.4,No,Mild,43,2.24,5,Home,HIGH-RISK
39,Secondary,44209,Urban,124,78,11.5,No,None,36,1.9,11,Hospital,HIGH-RISK
28,No Education,12270,Rural,137,74,8.6,No,None,34,2.01,4,Clinic,HIGH-RISK
22,Higher,71690,Rural,121,63,10.9,No,Mild,42,2.38,3,Hospital,HIGH-RISK
27,Primary,10487,Rural,110,78,10.2,No,None,35,1.7,0,Hospital,HIGH-RISK
19,Primary,7387,Rural,101,72,10.5,No,Mild,42,2.93,4,Hospital,LOW-RISK
33,Secondary,13351,Urban,122,59,13.5,No,Mild,36,2.51,3,Hospital,HIGH-RISK
21,Higher,12599,Rural,116,80,9.6,No,None,37,3.82,3,Hospital,LOW-RISK
27,Secondary,8521,Rural,116,78,13.1,No,None,35,2.25,2,Clinic,HIGH-RISK
30,Higher,92705,Urban,122,70,10.5,No,Severe,41,3.13,3,Clinic,HIGH-RISK
27,Primary,18748,Rural,126,70,10.4,No,Mild,41,1.78,2,Hospital,HIGH-RISK
25,Secondary,20759,Urban,122,81,12.3,No,Severe,36,2.95,6,Clinic,LOW-RISK
25,Higher,10856,Urban,115,92,11.0,No,None,38,2.25,8,Hospital,LOW-RISK
24,Secondary,10010,Rural,105,76,9.9,Yes,None,40,2.97,6,Hospital,HIGH-RISK
21,Primary,30751,Rural,108,81,9.9,No,None,37,2.78,2,Clinic,LOW-RISK
22,Higher,4641,Rural,131,69,8.3,No,None,41,2.67,1,Clinic,HIGH-RISK
33,No Education,6739,Rural,111,68,11.4,No,None,38,1.98,5,Home,HIGH-RISK
24,Secondary,12615,Urban,96,75,5.9,No,Mild,37,2.38,2,Hospital,HIGH-RISK
20,Higher,38620,Rural,136,66,13.1,No,None,34,1.82,6,Hospital,HIGH-RISK
22,Higher,11540,Urban,102,73,12.6,No,Mild,35,2.1,3,Home,HIGH-RISK
31,Higher,20072,Urban,118,81,14.4,No,None,39,3.45,5,Home,LOW-RISK
28,Higher,15293,Urban,125,77,15.4,No,Severe,39,2.61,0,Hospital,LOW-RISK
28,No Education,37167,Urban,118,79,12.8,No,None,40,2.43,4,Hospital,LOW-RISK
23,Higher,4946,Rural,80,64,10.4,Yes,Severe,37,3.16,7,Clinic,HIGH-RISK
28,Secondary,25108,Rural,124,70,15.4,No,None,34,2.34,5,Hospital,LOW-RISK
21,Secondary,13050,Rural,139,69,9.4,No,None,37,3.92,9,Clinic,HIGH-RISK
23,Primary,28659,Rural,130,78,7.2,No,Mild,43,3.36,5,Hospital,LOW-RISK
30,Higher,8453,Urban,84,79,14.8,No,None,36,1.02,5,Hospital,HIGH-RISK
29,Secondary,15258,Rural,152,97,12.6,No,None,38,3.24,3,Hospital,LOW-RISK
19,Higher,13961,Rural,96,65,8.1,No,None,32,2.91,8,Clinic,HIGH-RISK
20,Primary,7436,Rural,100,65,8.5,No,Severe,37,3.71,2,Clinic,HIGH-RISK
25,Primary,6121,Rural,130,74,12.0,No,Severe,37,2.69,7,Home,HIGH-RISK
34,Secondary,9991,Urban,125,73,9.9,No,None,39,3.4,4,Hospital,LOW-RISK
14,No Education,16428,Rural,119,79,9.4,No,None,37,2.6,6,Hospital,LOW-RISK
26,Secondary,8830,Rural,108,84,15.0,No,None,34,2.63,1,Home,HIGH-RISK
17,Primary,11905,Urban,139,106,14.4,No,None,36,2.0,6,Hospital,HIGH-RISK
21,Secondary,4006,Rural,117,65,11.8,Yes,None,37,2.04,4,Home,HIGH-RISK
22,No Education,11572,Rural,92,75,10.5,No,None,36,2.66,1,Clinic,HIGH-RISK
22,Primary,30709,Rural,137,86,12.4,No,None,36,2.22,5,Hospital,HIGH-RISK
22,Secondary,24573,Rural,121,72,10.5,No,Mild,41,2.1,4,Hospital,LOW-RISK
25,Primary,14114,Rural,135,69,6.7,No,Severe,36,2.91,1,Hospital,HIGH-RISK
22,Primary,17789,Rural,127,81,6.1,No,None,39,1.3,5,Clinic,HIGH-RISK
16,Primary,8400,Rural,156,110,10.6,No,None,38,2.35,5,Clinic,HIGH-RISK
29,Primary,46766,Rural,113,76,12.6,No,None,35,1.31,1,Hospital,HIGH-RISK
29,Secondary,63782,Urban,118,67,11.5,No,None,37,3.46,1,Clinic,LOW-RISK
29,Primary,16834,Rural,129,77,12.1,No,None,39,2.56,3,Hospital,LOW-RISK
16,Primary,91976,Rural,113,61,12.2,No,None,42,2.84,7,Hospital,LOW-RISK
26,Secondary,9317,Rural,130,79,14.0,No,None,36,2.51,3,Hospital,LOW-RISK
28,Secondary,6248,Rural,80,71,11.8,No,Mild,38,3.24,4,Hospital,LOW-RISK
19,Secondary,9127,Rural,116,67,12.0,No,None,40,3.18,4,Hospital,LOW-RISK
25,Primary,12863,Rural,116,50,11.3,No,Mild,41,3.24,2,Clinic,LOW-RISK
24,Higher,75678,Urban,115,78,11.0,No,None,36,2.03,4,Home,HIGH-RISK
35,Secondary,12320,Urban,103,65,8.7,No,None,38,3.27,7,Home,LOW-RISK
35,Primary,8217,Rural,132,71,13.2,No,None,41,2.44,7,Hospital,LOW-RISK
15,Higher,7997,Rural,109,64,10.8,No,Mild,39,2.58,4,Home,HIGH-RISK
38,Secondary,33316,Rural,121,80,10.7,No,None,41,1.95,3,Hospital,HIGH-RISK
19,Secondary,30149,Rural,117,70,10.5,No,None,41,3.72,6,Home,LOW-RISK
30,Higher,10678,Rural,126,88,9.1,No,Severe,39,2.25,8,Clinic,HIGH-RISK
30,No Education,4034,Urban,140,92,10.6,No,None,38,3.58,9,Hospital,HIGH-RISK
19,Higher,6807,Rural,121,73,12.4,No,None,36,2.41,8,Home,HIGH-RISK
27,Secondary,50044,Rural,131,73,10.2,No,None,37,2.91,0,Home,LOW-RISK
24,Primary,24293,Urban,120,77,13.3,No,Severe,38,3.0,6,Hospital,LOW-RISK
28,Primary,15703,Urban,109,71,10.5,No,None,41,2.21,3,Clinic,LOW-RISK
26,No Education,55491,Rural,115,55,8.3,No,None,38,3.68,6,Home,LOW-RISK
31,Higher,59079,Rural,113,95,14.0,No,Severe,38,2.6,3,Hospital,LOW-RISK
25,No Education,14627,Rural,127,85,11.2,No,None,36,3.05,4,Clinic,LOW-RISK
24,Primary,14816,Rural,119,70,13.0,No,None,41,2.5,6,Home,LOW-RISK
31,Secondary,9980,Rural,105,50,13.1,No,None,36,1.42,7,Hospital,HIGH-RISK
28,Secondary,12290,Urban,114,72,9.8,No,None,37,3.89,2,Clinic,LOW-RISK
29,Primary,5299,Rural,93,61,9.8,No,None,41,2.47,3,Hospital,HIGH-RISK
21,Higher,5284,Urban,115,74,13.4,No,None,40,3.05,4,Hospital,LOW-RISK
19,Secondary,4491,Rural,118,52,14.8,No,None,36,0.8,3,Hospital,HIGH-RISK
21,Higher,32043,Urban,146,78,11.6,No,None,35,2.32,6,Hospital,HIGH-RISK
21,No Education,5028,Rural,139,77,10.0,No,None,37,3.13,6,Home,LOW-RISK
29,No Education,58734,Rural,101,67,14.5,No,None,37,2.88,5,Home,LOW-RISK
30,Secondary,8996,Rural,121,73,10.4,No,Severe,34,2.33,3,Hospital,HIGH-RISK
24,Primary,50612,Rural,121,76,11.2,No,None,36,1.9,4,Hospital,LOW-RISK
32,Secondary,11617,Rural,114,90,10.7,No,Severe,31,3.05,6,Hospital,HIGH-RISK
32,No Education,5011,Rural,115,69,11.4,No,Severe,40,2.09,7,Hospital,HIGH-RISK
26,Secondary,36844,Urban,112,63,9.8,No,None,40,2.67,5,Hospital,LOW-RISK
20,Higher,40019,Urban,147,64,10.8,No,None,42,3.59,5,Clinic,HIGH-RISK
33,Higher,7955,Urban,111,67,10.4,No,Mild,39,1.98,3,Hospital,HIGH-RISK
24,Higher,11892,Urban,123,61,12.7,No,Mild,37,2.74,10,Hospital,LOW-RISK
25,Higher,7956,Urban,80,74,11.8,No,Mild,41,2.19,8,Clinic,LOW-RISK
23,Secondary,13786,Rural,131,77,13.1,No,None,36,2.37,0,Hospital,HIGH-RISK
20,Primary,16176,Rural,136,91,9.8,No,Severe,35,2.1,6,Home,HIGH-RISK
16,Higher,11729,Rural,101,86,11.1,No,None,38,2.28,6,Clinic,LOW-RISK
28,Higher,4198,Urban,109,63,12.6,No,None,39,2.81,7,Hospital,LOW-RISK
20,Higher,9988,Rural,125,74,13.0,No,Mild,36,2.09,6,Hospital,HIGH-RISK
41,Secondary,24545,Urban,118,90,8.9,No,None,35,1.83,5,Home,HIGH-RISK
19,Primary,12959,Rural,125,80,11.3,No,None,37,2.57,6,Home,LOW-RISK
18,Higher,11927,Rural,113,79,10.0,No,None,39,2.44,1,Clinic,HIGH-RISK
27,Higher,7818,Urban,147,95,13.1,No,Severe,38,1.55,3,Hospital,HIGH-RISK
33,Secondary,9786,Urban,107,81,14.8,No,None,43,3.31,4,Hospital,LOW-RISK
25,Higher,40217,Rural,161,92,6.8,No,None,38,3.46,0,Clinic,HIGH-RISK
28,Secondary,6754,Rural,137,96,10.3,No,None,40,1.84,4,Clinic,LOW-RISK
14,Higher,24844,Rural,131,78,12.0,No,None,34,3.02,7,Home,LOW-RISK
21,No Education,15502,Urban,101,75,10.7,No,None,39,3.02,4,Clinic,HIGH-RISK
19,Higher,17803,Urban,132,78,13.2,No,None,37,2.19,3,Home,LOW-RISK
14,No Education,8983,Rural,127,89,10.7,No,None,38,2.68,2,Hospital,HIGH-RISK
25,Primary,11725,Rural,84,57,9.9,No,None,42,2.41,2,Clinic,HIGH-RISK
14,No Education,14940,Urban,95,50,9.1,No,None,37,3.31,7,Clinic,LOW-RISK
17,Secondary,10418,Urban,123,84,9.4,No,None,35,2.07,6,Hospital,HIGH-RISK
22,Primary,18916,Rural,115,63,9.4,No,Mild,35,3.37,4,Home,HIGH-RISK
20,Higher,20661,Rural,109,60,10.5,No,None,38,3.44,2,Hospital,LOW-RISK
27,Secondary,68644,Urban,135,94,12.2,No,None,38,2.13,7,Clinic,LOW-RISK
26,Higher,18224,Rural,103,81,11.2,No,Mild,38,3.7,5,Home,LOW-RISK
29,Primary,3933,Rural,110,69,9.7,No,Mild,35,2.54,7,Home,HIGH-RISK
29,No Education,33857,Rural,107,50,9.7,No,None,43,2.72,8,Hospital,LOW-RISK
31,Secondary,13005,Urban,126,83,10.2,No,None,42,3.17,5,Hospital,LOW-RISK
24,Secondary,61337,Rural,90,74,10.5,Yes,None,38,3.31,6,Hospital,LOW-RISK
26,Secondary,42001,Urban,110,78,10.2,No,None,34,1.99,9,Home,HIGH-RISK
27,Higher,10531,Rural,90,72,12.7,No,Mild,42,3.26,9,Hospital,LOW-RISK
25,Higher,24863,Rural,112,72,14.0,No,None,41,2.56,5,Hospital,LOW-RISK
22,Secondary,9897,Rural,129,74,9.4,No,None,38,3.25,8,Hospital,HIGH-RISK
23,Higher,15028,Rural,129,66,13.5,No,None,41,2.72,7,Hospital,LOW-RISK
20,Secondary,24076,Rural,106,64,12.7,Yes,None,37,2.25,7,Hospital,LOW-RISK
27,Secondary,32692,Urban,126,81,11.8,No,None,36,2.68,10,Hospital,LOW-RISK
24,Primary,28069,Urban,115,78,13.5,No,None,38,2.59,5,Hospital,LOW-RISK
21,No Education,15808,Urban,139,90,10.3,No,None,34,2.58,11,Hospital,HIGH-RISK
21,Primary,85323,Rural,115,59,11.7,No,None,35,2.71,2,Hospital,HIGH-RISK
18,Secondary,11617,Urban,80,50,11.7,No,None,39,3.61,3,Hospital,HIGH-RISK
30,Secondary,4869,Rural,132,75,11.6,No,None,39,2.56,4,Hospital,LOW-RISK
25,Primary,5572,Rural,110,61,12.1,No,None,35,1.66,10,Hospital,HIGH-RISK
20,Secondary,42091,Rural,113,76,11.6,No,None,37,3.71,5,Home,LOW-RISK
29,Primary,14216,Rural,123,62,11.3,No,None,35,2.45,2,Home,HIGH-RISK
21,Primary,16766,Rural,95,81,9.8,Yes,None,37,2.5,2,Home,HIGH-RISK
17,Higher,10260,Rural,119,66,10.4,No,None,37,3.0,3,Hospital,HIGH-RISK
30,Secondary,10926,Rural,126,95,10.3,No,None,40,2.61,3,Hospital,LOW-RISK
22,Primary,8645,Rural,123,82,10.5,No,None,38,2.65,5,Hospital,LOW-RISK
22,Secondary,20860,Urban,108,61,13.3,No,Severe,37,4.22,3,Hospital,LOW-RISK
25,Primary,14011,Urban,133,103,9.8,No,None,37,2.26,6,Clinic,HIGH-RISK
31,Secondary,20339,Rural,102,73,12.7,Yes,None,34,1.44,6,Hospital,HIGH-RISK
25,Higher,19023,Rural,107,73,12.0,No,None,38,3.47,4,Hospital,LOW-RISK
18,Secondary,11133,Rural,115,74,10.7,No,None,39,2.59,3,Hospital,LOW-RISK
27,Secondary,5402,Rural,122,82,13.9,No,None,39,2.98,4,Clinic,LOW-RISK
22,Primary,5083,Rural,112,79,12.1,No,Mild,40,3.15,2,Clinic,LOW-RISK
35,Secondary,120000,Rural,137,71,11.5,No,None,40,1.84,8,Hospital,LOW-RISK
24,Primary,42214,Rural,122,74,11.0,No,None,43,3.43,5,Hospital,LOW-RISK
14,No Education,38327,Rural,119,77,11.3,No,Mild,35,2.09,6,Hospital,HIGH-RISK
26,Higher,9354,Rural,122,83,8.7,No,None,39,3.84,2,Home,LOW-RISK
35,Secondary,15100,Urban,129,85,10.0,No,None,39,2.36,4,Hospital,HIGH-RISK
33,Secondary,8476,Urban,121,77,12.3,Yes,Mild,37,3.66,6,Hospital,LOW-RISK
35,No Education,5987,Rural,89,60,7.8,No,Severe,36,3.27,5,Home,HIGH-RISK
19,Higher,9933,Rural,135,74,10.2,No,None,39,2.53,4,Home,LOW-RISK
30,Primary,37954,Rural,119,62,10.5,No,None,39,2.7,3,Clinic,HIGH-RISK
21,Secondary,27019,Rural,128,85,16.7,No,None,35,2.07,6,Hospital,HIGH-RISK
26,Higher,7606,Urban,111,66,12.7,No,None,34,2.97,3,Home,HIGH-RISK
17,Secondary,12033,Rural,88,64,13.5,No,Mild,37,2.9,4,Hospital,LOW-RISK
21,Higher,25341,Rural,81,66,10.1,No,None,36,2.7,3,Hospital,HIGH-RISK
21,Primary,10058,Rural,102,71,11.8,No,None,40,2.72,4,Home,LOW-RISK
29,Secondary,15859,Urban,126,77,8.3,No,None,36,2.77,6,Clinic,HIGH-RISK
29,Higher,19872,Rural,138,72,10.9,No,None,38,3.1,3,Clinic,LOW-RISK
26,Secondary,19721,Rural,122,79,12.4,No,None,34,2.03,6,Home,HIGH-RISK
17,Secondary,17920,Rural,101,66,8.9,No,None,34,3.12,3,Hospital,HIGH-RISK
23,Primary,9492,Rural,105,71,11.8,No,None,36,2.4,4,Home,HIGH-RISK
20,Secondary,10199,Rural,139,94,12.4,No,None,37,3.37,3,Home,LOW-RISK
29,Higher,6783,Urban,97,74,10.4,Yes,Mild,36,1.89,7,Hospital,HIGH-RISK
31,Secondary,5028,Urban,151,78,10.0,Yes,None,38,3.18,8,Clinic,HIGH-RISK
30,Higher,13842,Rural,148,83,10.2,No,Mild,34,3.07,11,Home,HIGH-RISK
20,Secondary,26560,Urban,152,103,10.9,No,None,37,2.95,6,Hospital,HIGH-RISK
14,Secondary,5707,Rural,124,73,10.9,No,Mild,37,3.39,1,Clinic,HIGH-RISK
15,Primary,18158,Urban,112,74,11.4,No,None,34,1.62,4,Home,HIGH-RISK
32,Secondary,25979,Urban,123,84,10.5,No,None,39,3.06,4,Clinic,LOW-RISK
22,Higher,4146,Rural,132,82,14.4,No,Severe,33,1.6,10,Hospital,HIGH-RISK
20,Secondary,12411,Urban,107,67,14.4,No,None,36,2.25,2,Hospital,HIGH-RISK
34,Primary,47484,Rural,100,61,11.0,No,None,40,2.36,1,Home,LOW-RISK
31,Secondary,22074,Urban,113,73,10.9,Yes,Severe,32,1.96,6,Clinic,HIGH-RISK
25,Secondary,4050,Urban,105,79,10.5,No,None,40,3.56,5,Hospital,LOW-RISK
23,Higher,23781,Urban,137,95,12.1,No,Mild,35,3.31,3,Home,HIGH-RISK
24,Primary,8887,Urban,108,56,11.7,No,None,37,2.09,6,Hospital,LOW-RISK
26,No Education,24336,Rural,119,95,10.5,No,Mild,42,3.48,7,Hospital,LOW-RISK
33,Secondary,9253,Rural,133,76,10.8,No,Severe,36,3.19,3,Hospital,HIGH-RISK
27,No Education,14453,Rural,138,92,11.6,No,None,42,2.98,5,Hospital,LOW-RISK
28,Higher,10296,Urban,121,67,11.6,No,None,37,3.55,1,Hospital,LOW-RISK
31,Secondary,15033,Urban,124,59,10.5,No,None,38,2.57,5,Hospital,LOW-RISK
18,Secondary,10084,Urban,101,55,11.7,No,None,40,2.52,6,Hospital,LOW-RISK
29,Primary,12827,Rural,134,76,10.3,No,None,39,2.52,2,Hospital,LOW-RISK
23,Secondary,6587,Urban,138,87,10.1,No,None,38,3.19,5,Home,LOW-RISK
14,Higher,21147,Urban,88,67,11.5,No,None,37,2.75,5,Home,LOW-RISK
14,Secondary,16958,Rural,146,81,10.5,Yes,Severe,34,1.89,5,Hospital,HIGH-RISK
19,No Education,4837,Rural,106,84,9.3,No,Mild,34,1.69,8,Home,HIGH-RISK
27,Primary,30056,Rural,127,78,12.4,No,None,41,2.8,5,Clinic,LOW-RISK
25,Higher,13258,Urban,119,79,10.8,No,None,42,2.33,7,Clinic,LOW-RISK
26,Higher,16798,Rural,117,109,14.8,No,Mild,38,3.17,5,Hospital,HIGH-RISK
35,Primary,25616,Urban,114,73,11.9,No,None,34,3.09,4,Hospital,LOW-RISK
18,Secondary,18874,Rural,102,63,10.0,No,Severe,36,2.69,5,Home,HIGH-RISK
24,No Education,33909,Rural,126,83,13.3,No,None,36,3.96,3,Hospital,LOW-RISK
26,Secondary,12215,Urban,113,82,10.2,Yes,None,37,3.03,2,Clinic,HIGH-RISK
20,No Education,30943,Rural,97,72,14.7,Yes,None,36,3.29,3,Home,HIGH-RISK
25,Higher,16347,Rural,101,71,11.9,No,None,39,2.9,3,Hospital,LOW-RISK
16,Higher,21400,Rural,97,85,12.5,No,None,39,2.65,5,Clinic,LOW-RISK
32,Primary,19897,Urban,109,87,10.8,No,None,42,2.87,3,Home,LOW-RISK
21,Secondary,35750,Rural,125,76,12.0,No,None,37,2.89,3,Clinic,LOW-RISK
36,No Education,24854,Urban,106,64,10.3,No,None,39,2.73,3,Clinic,HIGH-RISK
24,Primary,11001,Rural,133,84,9.5,No,None,40,2.2,7,Clinic,HIGH-RISK
30,No Education,9575,Urban,116,67,11.4,No,None,41,2.26,2,Hospital,LOW-RISK
24,Primary,14486,Urban,113,83,12.4,No,None,35,3.13,6,Hospital,HIGH-RISK
24,Higher,8810,Rural,118,80,9.4,No,None,39,3.26,7,Home,LOW-RISK
21,No Education,7181,Rural,140,111,13.6,No,Severe,38,3.78,6,Hospital,HIGH-RISK
25,Higher,3381,Rural,96,85,12.6,Yes,None,39,2.58,3,Hospital,LOW-RISK
26,No Education,5071,Rural,144,71,10.3,No,None,38,2.53,4,Clinic,LOW-RISK
20,Secondary,60209,Rural,133,74,10.7,No,Severe,42,2.17,4,Home,HIGH-RISK
24,Secondary,9473,Rural,117,53,14.9,No,Mild,36,2.84,10,Home,HIGH-RISK
21,Higher,56853,Urban,136,57,13.2,Yes,None,36,2.07,2,Hospital,HIGH-RISK
37,Primary,19890,Urban,112,75,13.1,No,Mild,36,2.19,7,Hospital,HIGH-RISK
24,Primary,14486,Rural,122,63,10.2,No,Mild,37,2.97,4,Hospital,HIGH-RISK
33,Secondary,5246,Urban,109,91,12.5,No,Mild,39,1.94,7,Home,LOW-RISK
23,Secondary,15049,Rural,133,92,12.1,No,None,37,3.23,6,Hospital,LOW-RISK
26,Secondary,56406,Rural,106,69,11.2,No,None,41,3.36,7,Home,LOW-RISK
17,No Education,44629,Urban,117,71,11.7,No,Severe,38,2.95,2,Hospital,HIGH-RISK
22,Primary,18174,Rural,128,95,12.6,No,None,38,2.75,1,Hospital,LOW-RISK
26,Higher,6712,Rural,134,98,14.4,No,Mild,35,2.05,4,Clinic,HIGH-RISK
33,Secondary,7675,Rural,104,60,11.0,No,None,43,3.57,5,Hospital,LOW-RISK
26,Secondary,8258,Rural,130,67,9.1,No,Mild,38,2.83,5,Home,LOW-RISK
32,Primary,36699,Urban,102,67,14.4,No,Severe,42,2.79,4,Hospital,LOW-RISK
28,Primary,47005,Urban,83,69,13.6,No,None,36,2.05,6,Clinic,HIGH-RISK
33,Higher,17204,Urban,106,66,12.2,No,None,40,1.26,6,Hospital,HIGH-RISK
24,Secondary,12132,Rural,131,83,14.7,No,Mild,37,3.4,8,Clinic,LOW-RISK
38,No Education,44351,Urban,117,96,11.1,No,Mild,43,2.8,5,Hospital,LOW-RISK
22,Higher,7561,Rural,109,57,9.9,No,Mild,41,2.32,5,Hospital,LOW-RISK
20,Secondary,15554,Urban,118,71,9.1,No,Severe,40,3.96,10,Clinic,HIGH-RISK
18,Primary,20741,Rural,118,60,9.0,No,None,36,2.56,2,Hospital,HIGH-RISK
37,Primary,8199,Rural,127,68,10.5,No,None,43,2.69,4,Hospital,LOW-RISK
29,Secondary,9611,Urban,92,64,10.7,No,None,43,3.36,7,Hospital,LOW-RISK
23,Primary,9101,Rural,116,67,10.3,No,None,37,3.0,4,Clinic,LOW-RISK
31,Secondary,40437,Rural,119,81,11.3,Yes,None,38,2.99,6,Clinic,LOW-RISK
28,Secondary,57288,Rural,96,70,13.0,No,None,40,2.47,7,Hospital,LOW-RISK
35,Primary,16255,Rural,95,72,10.0,No,None,33,2.74,4,Clinic,HIGH-RISK
16,Higher,12432,Rural,112,70,10.2,No,None,41,3.32,3,Home,HIGH-RISK
23,Primary,9856,Rural,118,73,10.5,No,None,41,2.47,6,Hospital,LOW-RISK
22,Secondary,15018,Rural,118,72,13.2,No,None,37,1.76,8,Hospital,LOW-RISK
14,Secondary,10205,Rural,109,70,11.4,No,None,33,2.68,3,Hospital,HIGH-RISK
30,Secondary,14015,Rural,108,77,12.0,Yes,None,39,3.15,6,Home,HIGH-RISK
23,Secondary,20031,Urban,111,51,14.3,No,None,35,2.57,4,Clinic,LOW-RISK
29,Secondary,11294,Rural,122,80,16.6,Yes,None,34,2.41,2,Home,HIGH-RISK
37,Higher,13135,Urban,137,71,12.7,No,Mild,39,3.33,3,Hospital,LOW-RISK
23,Higher,13173,Rural,82,61,12.5,No,None,41,2.44,4,Home,LOW-RISK
22,Higher,12010,Urban,127,60,9.4,No,Mild,37,2.7,5,Hospital,LOW-RISK
25,Primary,11012,Rural,116,71,12.0,No,Severe,41,2.22,5,Clinic,HIGH-RISK
30,Secondary,25574,Urban,126,81,11.6,No,None,40,3.44,6,Home,LOW-RISK
21,Secondary,4342,Urban,136,86,13.1,No,None,35,2.16,5,Hospital,HIGH-RISK
21,No Education,45152,Urban,105,58,10.6,No,Severe,37,2.93,7,Clinic,HIGH-RISK
30,Secondary,16492,Rural,133,84,11.9,No,None,41,3.04,2,Clinic,LOW-RISK
27,Primary,22990,Urban,97,81,12.4,No,Mild,37,2.67,6,Hospital,LOW-RISK
14,Primary,24918,Urban,120,70,14.1,No,None,40,3.25,3,Home,LOW-RISK
18,Primary,9137,Urban,114,74,13.3,No,None,37,3.71,6,Hospital,LOW-RISK
33,Primary,7908,Urban,118,53,13.5,No,Mild,40,3.34,4,Clinic,LOW-RISK
27,Primary,7282,Rural,102,61,12.1,No,None,39,1.85,7,Hospital,LOW-RISK
20,Secondary,12617,Rural,124,79,10.7,No,None,37,2.86,1,Hospital,LOW-RISK
24,Secondary,24471,Rural,143,93,12.8,No,None,40,2.89,3,Hospital,LOW-RISK
25,Primary,9968,Rural,102,64,9.9,No,Mild,33,3.24,0,Clinic,HIGH-RISK
29,Primary,22956,Rural,121,105,10.2,No,None,35,1.95,4,Clinic,HIGH-RISK
17,Higher,2999,Rural,131,82,14.7,No,None,37,2.23,4,Hospital,LOW-RISK
20,No Education,11451,Urban,113,59,11.8,No,None,41,3.26,6,Hospital,LOW-RISK
26,Secondary,33955,Rural,139,96,11.9,No,None,34,2.29,9,Clinic,HIGH-RISK
24,Secondary,13308,Rural,111,59,12.1,No,None,38,2.46,7,Hospital,LOW-RISK
28,Secondary,8395,Rural,116,78,11.3,No,None,39,2.66,2,Hospital,LOW-RISK
18,Higher,9471,Rural,102,60,7.6,No,None,39,2.02,2,Hospital,HIGH-RISK
26,Secondary,2999,Urban,120,61,9.2,Yes,None,38,2.89,5,Clinic,HIGH-RISK
31,Higher,7387,Rural,118,86,12.6,No,None,36,2.4,3,Hospital,HIGH-RISK
27,Higher,31441,Rural,128,76,9.8,No,None,37,3.09,3,Hospital,LOW-RISK
25,Primary,9976,Urban,107,90,10.6,No,None,40,2.69,5,Hospital,LOW-RISK
24,Primary,10835,Urban,107,60,9.1,No,None,36,2.1,4,Hospital,HIGH-RISK
20,Primary,2999,Rural,125,60,9.7,No,None,33,2.09,4,Clinic,HIGH-RISK
24,Primary,4789,Urban,140,76,11.1,No,None,39,2.66,4,Hospital,LOW-RISK
31,Secondary,34504,Rural,128,110,13.2,No,Severe,42,2.18,7,Hospital,HIGH-RISK
24,Primary,23107,Urban,147,93,12.6,No,None,35,2.68,7,Hospital,LOW-RISK
20,Primary,6048,Urban,126,84,9.5,No,Severe,41,2.78,1,Home,HIGH-RISK
22,Primary,9647,Rural,126,84,11.8,Yes,None,39,1.71,7,Hospital,HIGH-RISK
26,Secondary,14696,Rural,128,73,8.9,No,Mild,35,1.47,8,Hospital,HIGH-RISK
22,Secondary,6493,Rural,141,112,11.6,No,None,36,2.97,5,Clinic,LOW-RISK
27,Higher,3688,Rural,137,86,13.2,Yes,None,36,2.3,3,Clinic,HIGH-RISK
27,Primary,13418,Urban,100,74,11.3,No,None,38,2.79,4,Hospital,LOW-RISK
29,Primary,22395,Rural,130,89,13.1,No,Mild,38,2.8,8,Clinic,LOW-RISK
32,Higher,22699,Urban,122,62,13.0,No,Mild,41,3.07,5,Clinic,LOW-RISK
30,Secondary,27680,Urban,114,64,11.9,No,Mild,40,3.64,9,Hospital,LOW-RISK
19,Secondary,5055,Urban,89,64,11.1,No,None,34,2.65,6,Clinic,LOW-RISK
20,Secondary,15620,Rural,93,78,10.5,No,None,34,2.68,6,Hospital,LOW-RISK
24,No Education,12430,Urban,112,59,8.8,No,Mild,40,2.49,5,Hospital,HIGH-RISK
22,Higher,14111,Urban,94,67,9.2,No,None,37,1.95,5,Hospital,LOW-RISK
18,Secondary,12933,Rural,112,71,13.3,No,None,38,3.06,4,Hospital,LOW-RISK
22,Secondary,9447,Urban,129,61,14.2,No,None,39,3.11,1,Home,LOW-RISK
22,Secondary,2999,Rural,108,67,9.6,No,None,40,3.4,4,Clinic,LOW-RISK
21,Primary,33829,Rural,119,81,11.1,No,None,35,3.2,3,Clinic,LOW-RISK
23,Primary,18897,Urban,100,53,8.1,No,Mild,32,1.93,10,Hospital,HIGH-RISK
31,Secondary,5307,Rural,122,92,9.7,No,Severe,38,2.46,6,Hospital,HIGH-RISK
26,Secondary,20889,Rural,126,83,12.0,No,None,36,2.96,9,Clinic,LOW-RISK
38,No Education,10967,Rural,95,72,10.0,No,Severe,38,2.8,8,Home,HIGH-RISK
25,Primary,11187,Rural,105,72,8.0,No,Mild,38,3.59,6,Home,HIGH-RISK
23,Higher,8759,Rural,97,56,14.6,No,None,36,2.2,1,Home,HIGH-RISK
25,Primary,21843,Rural,126,70,10.8,No,Mild,43,3.9,4,Hospital,LOW-RISK
26,Secondary,8569,Rural,120,79,9.5,No,Severe,38,2.83,4,Home,HIGH-RISK
27,Secondary,6960,Rural,117,67,11.7,Yes,Mild,37,3.7,4,Clinic,LOW-RISK
36,Higher,33124,Urban,115,77,11.4,No,None,38,1.48,2,Home,HIGH-RISK
20,Secondary,13234,Urban,123,67,12.3,No,None,39,3.07,7,Hospital,LOW-RISK
29,Higher,13528,Urban,123,81,10.9,No,None,36,2.2,5,Home,HIGH-RISK
26,No Education,24355,Rural,110,78,11.9,No,None,43,1.65,3,Hospital,LOW-RISK
16,Higher,9400,Urban,107,54,13.2,No,None,34,2.06,5,Clinic,HIGH-RISK
29,Higher,10808,Rural,117,75,9.1,No,None,34,1.75,6,Clinic,HIGH-RISK
31,Secondary,18579,Urban,114,57,10.3,No,None,34,1.98,2,Hospital,HIGH-RISK
20,Secondary,5099,Rural,150,64,13.0,No,None,38,2.97,4,Hospital,LOW-RISK
24,Primary,17510,Urban,111,66,9.9,No,Mild,39,2.73,5,Home,LOW-RISK
15,Secondary,8837,Rural,122,107,11.4,No,None,37,3.0,6,Clinic,LOW-RISK
18,Primary,27299,Rural,125,86,10.5,No,None,39,2.89,3,Home,LOW-RISK
30,No Education,21992,Rural,140,97,10.4,No,None,39,4.09,2,Hospital,LOW-RISK
22,Higher,20050,Rural,105,78,10.6,No,Severe,37,2.94,4,Hospital,LOW-RISK
18,Primary,4870,Rural,139,84,8.5,No,None,39,2.86,8,Hospital,LOW-RISK
26,Secondary,13952,Urban,115,84,12.3,No,None,38,3.03,5,Hospital,LOW-RISK
22,Primary,6579,Rural,158,80,13.1,No,None,37,2.79,4,Home,LOW-RISK
22,Primary,14617,Rural,123,82,10.3,No,None,37,1.93,1,Hospital,HIGH-RISK
29,Primary,2999,Urban,98,82,12.7,No,Mild,39,3.18,5,Clinic,LOW-RISK
18,Primary,5101,Rural,114,81,9.6,No,None,41,3.51,0,Home,HIGH-RISK
20,Secondary,34479,Rural,139,95,10.5,No,None,35,2.91,6,Hospital,HIGH-RISK
25,Higher,19421,Urban,119,78,12.2,No,None,37,3.18,6,Home,LOW-RISK
30,Secondary,11709,Urban,117,93,12.3,No,Mild,38,2.65,4,Hospital,LOW-RISK
31,Higher,7940,Rural,129,76,11.3,No,None,42,2.94,8,Hospital,LOW-RISK
21,Secondary,7022,Rural,112,97,12.7,No,None,39,3.78,6,Hospital,LOW-RISK
30,Secondary,17255,Rural,114,80,9.2,No,None,36,2.42,8,Clinic,HIGH-RISK
20,Primary,11793,Rural,102,66,10.4,No,None,36,1.75,3,Hospital,HIGH-RISK
35,No Education,44287,Urban,145,71,13.0,No,None,40,4.02,6,Hospital,LOW-RISK
18,Higher,13180,Urban,98,61,13.2,No,None,37,2.24,6,Hospital,LOW-RISK
32,Secondary,15629,Urban,120,65,13.0,No,Mild,35,1.64,3,Hospital,HIGH-RISK
21,Secondary,5675,Urban,125,77,13.3,No,None,41,2.98,14,Hospital,LOW-RISK
36,Higher,11652,Urban,117,60,10.8,No,None,39,3.02,3,Hospital,HIGH-RISK
28,Primary,16978,Urban,97,83,7.7,No,None,35,2.48,7,Hospital,HIGH-RISK
19,Secondary,11554,Rural,102,72,11.0,No,Severe,35,2.49,6,Hospital,HIGH-RISK
22,Primary,10677,Rural,126,78,12.0,No,None,33,2.12,1,Hospital,HIGH-RISK
29,Higher,18857,Urban,105,59,12.9,Yes,None,36,1.99,6,Hospital,HIGH-RISK
30,Primary,43311,Rural,84,56,10.5,No,Mild,39,2.48,10,Hospital,HIGH-RISK
24,No Education,16602,Urban,124,52,9.7,No,None,40,2.88,5,Hospital,LOW-RISK
25,Secondary,33414,Rural,104,88,9.9,No,Severe,39,3.1,7,Clinic,HIGH-RISK
29,Primary,23177,Rural,128,63,9.7,Yes,None,35,2.68,7,Home,HIGH-RISK
25,Higher,32043,Rural,114,59,8.1,No,Mild,37,2.31,3,Home,HIGH-RISK
17,Secondary,9788,Urban,114,89,10.6,No,None,42,2.11,5,Hospital,LOW-RISK
20,Primary,12977,Urban,118,80,11.1,Yes,None,37,3.29,8,Hospital,LOW-RISK
26,Primary,13015,Rural,99,71,10.6,No,Severe,40,2.51,4,Home,HIGH-RISK
31,Higher,21986,Urban,104,74,10.9,No,None,40,2.26,2,Hospital,HIGH-RISK
33,Secondary,26120,Rural,113,84,10.3,No,None,40,1.78,11,Clinic,LOW-RISK
29,Higher,16372,Rural,99,71,10.5,No,None,39,3.57,5,Hospital,LOW-RISK
26,No Education,27708,Urban,129,62,10.0,No,None,40,2.95,11,Home,HIGH-RISK
29,Higher,10111,Rural,113,82,12.8,No,None,34,2.52,6,Clinic,LOW-RISK
21,Secondary,27877,Rural,94,72,11.5,No,None,42,3.04,6,Home,LOW-RISK
24,Secondary,30542,Rural,109,85,17.0,No,None,33,2.52,3,Hospital,LOW-RISK
20,Primary,24102,Rural,119,62,10.1,No,Mild,39,2.79,5,Home,HIGH-RISK
18,No Education,16477,Rural,110,64,12.1,No,None,38,2.76,4,Home,LOW-RISK
26,Higher,24714,Urban,124,81,10.9,Yes,None,36,1.63,2,Hospital,HIGH-RISK
26,Higher,8022,Urban,127,67,10.9,No,None,36,1.57,8,Hospital,HIGH-RISK
28,Primary,17234,Urban,156,61,14.2,No,Mild,39,4.04,3,Home,HIGH-RISK
28,Higher,18511,Rural,136,83,13.3,No,Mild,40,2.82,5,Home,LOW-RISK
26,Primary,5914,Rural,91,76,7.9,Yes,None,38,2.56,5,Hospital,LOW-RISK
28,Primary,20910,Urban,112,72,9.2,No,Severe,37,2.36,3,Hospital,HIGH-RISK
24,No Education,6258,Rural,113,80,10.7,Yes,None,41,3.38,6,Home,HIGH-RISK
27,Primary,11117,Urban,127,82,10.4,No,None,37,2.88,2,Clinic,LOW-RISK
21,No Education,15423,Rural,103,71,8.0,No,None,38,2.33,2,Clinic,HIGH-RISK
27,Primary,8993,Rural,109,74,11.0,No,Severe,37,2.63,6,Clinic,LOW-RISK
28,No Education,15892,Urban,98,84,7.6,No,Mild,43,2.97,7,Hospital,LOW-RISK
21,Secondary,15715,Urban,108,62,11.7,No,None,36,2.38,5,Hospital,HIGH-RISK
25,Higher,8447,Urban,108,81,12.8,No,None,40,3.25,5,Hospital,LOW-RISK
21,Secondary,22323,Rural,112,61,13.1,No,None,34,3.36,1,Clinic,HIGH-RISK
22,Primary,8785,Rural,99,61,10.7,No,None,36,1.83,1,Hospital,HIGH-RISK
18,Secondary,74413,Rural,133,93,14.2,No,None,37,2.64,3,Clinic,LOW-RISK
31,Primary,13893,Rural,125,64,11.4,No,Mild,38,2.34,10,Hospital,LOW-RISK
30,Secondary,6607,Rural,94,65,13.0,No,None,37,2.72,2,Clinic,LOW-RISK
27,Secondary,7530,Rural,118,101,10.2,No,None,38,1.72,3,Hospital,HIGH-RISK
35,Primary,33493,Rural,92,79,13.2,No,Severe,36,2.77,8,Home,HIGH-RISK
23,No Education,11264,Rural,139,73,11.1,No,None,41,2.07,6,Hospital,LOW-RISK
41,Higher,5774,Rural,143,76,14.3,No,None,35,2.03,5,Hospital,HIGH-RISK
23,Higher,27266,Urban,117,73,13.9,No,None,40,2.85,4,Clinic,LOW-RISK
26,Secondary,11213,Urban,104,85,12.0,No,Severe,40,3.56,4,Hospital,LOW-RISK
22,Higher,23699,Urban,107,60,12.2,No,None,36,1.63,6,Clinic,HIGH-RISK
27,Higher,28874,Rural,110,61,11.2,No,None,37,2.7,2,Home,LOW-RISK
29,Primary,18177,Rural,116,82,9.7,No,None,38,2.96,9,Hospital,LOW-RISK
24,Secondary,80253,Rural,139,63,12.6,No,Severe,42,2.43,4,Hospital,HIGH-RISK
34,Primary,4484,Urban,133,69,12.0,No,None,37,2.73,5,Home,LOW-RISK
26,Secondary,8461,Rural,133,79,8.6,No,None,43,1.93,10,Hospital,LOW-RISK
26,Primary,12539,Rural,120,75,11.2,No,Mild,40,2.51,2,Home,HIGH-RISK
20,Higher,73030,Rural,99,54,13.1,No,None,39,3.48,2,Clinic,LOW-RISK
27,Secondary,52807,Rural,105,75,14.1,No,None,40,3.25,5,Hospital,LOW-RISK
24,Primary,36970,Urban,118,82,12.7,No,None,34,2.04,7,Hospital,HIGH-RISK
21,Primary,8603,Urban,98,62,7.8,No,None,41,2.24,4,Hospital,LOW-RISK
20,Secondary,9335,Rural,122,95,9.6,No,Mild,35,2.38,9,Home,HIGH-RISK
39,Secondary,8398,Urban,130,82,10.9,No,Mild,40,1.99,4,Hospital,HIGH-RISK
23,Higher,8668,Rural,126,66,14.0,No,None,37,2.69,4,Home,LOW-RISK
16,Primary,42646,Rural,126,95,10.0,No,None,36,2.0,4,Hospital,HIGH-RISK
21,Secondary,12646,Urban,88,61,13.4,No,None,42,2.55,8,Home,LOW-RISK
24,Secondary,13873,Rural,139,83,10.4,No,None,38,2.72,3,Hospital,LOW-RISK
28,Primary,25793,Urban,92,62,12.0,No,None,34,2.83,5,Home,LOW-RISK
28,Secondary,4681,Rural,115,81,9.8,No,Severe,40,2.23,8,Hospital,HIGH-RISK
28,No Education,15563,Rural,127,72,11.1,No,None,35,2.99,7,Hospital,LOW-RISK
21,Primary,6960,Rural,123,72,8.8,Yes,None,41,3.42,4,Clinic,HIGH-RISK
26,Secondary,12206,Urban,97,67,14.1,No,None,38,4.01,8,Hospital,LOW-RISK
20,Higher,9949,Rural,100,64,10.2,Yes,Severe,35,2.32,1,Hospital,HIGH-RISK
21,Primary,9597,Rural,122,88,8.2,Yes,None,40,3.61,5,Home,LOW-RISK
19,Primary,17565,Rural,126,64,8.4,No,Mild,39,3.34,1,Hospital,LOW-RISK
18,Secondary,17512,Rural,100,69,11.3,No,None,33,2.12,5,Home,HIGH-RISK
30,Higher,12860,Rural,124,77,10.7,No,None,38,2.13,3,Home,HIGH-RISK
28,Secondary,19443,Rural,93,66,12.7,No,None,39,3.29,6,Hospital,LOW-RISK
30,No Education,8166,Rural,127,88,10.8,No,Mild,39,2.93,2,Hospital,LOW-RISK
25,Secondary,24171,Rural,103,54,13.6,Yes,None,38,3.78,4,Home,LOW-RISK
29,Secondary,12983,Rural,119,82,10.8,No,None,40,3.21,5,Home,LOW-RISK
15,Secondary,10691,Rural,116,61,13.3,No,Mild,39,3.38,4,Hospital,LOW-RISK
29,Primary,8599,Urban,136,75,9.2,No,None,38,2.48,3,Hospital,HIGH-RISK
25,No Education,12667,Rural,121,61,7.9,No,None,37,2.93,5,Clinic,LOW-RISK
28,Primary,55561,Urban,108,69,9.9,No,None,38,1.74,4,Hospital,HIGH-RISK
27,Secondary,14349,Urban,123,70,9.5,No,None,36,2.69,8,Hospital,HIGH-RISK
19,Primary,6732,Rural,152,104,9.1,No,Mild,35,3.15,3,Clinic,HIGH-RISK
16,Primary,28537,Urban,129,81,11.3,No,None,35,3.28,6,Hospital,HIGH-RISK
21,Secondary,10780,Urban,117,79,11.0,No,None,38,2.6,8,Hospital,LOW-RISK
28,Secondary,18295,Rural,104,58,11.8,No,None,36,1.26,8,Home,HIGH-RISK
28,No Education,9816,Rural,108,81,11.7,No,Severe,38,2.5,4,Hospital,LOW-RISK
17,Secondary,36766,Urban,128,97,8.5,No,None,41,2.76,3,Clinic,HIGH-RISK
19,Secondary,9919,Rural,103,80,12.5,No,None,37,3.02,4,Hospital,LOW-RISK
21,Primary,39906,Urban,118,61,8.4,No,Mild,38,1.68,8,Hospital,LOW-RISK
23,Higher,7196,Rural,141,76,10.5,No,Mild,37,2.74,4,Hospital,HIGH-RISK
17,Higher,12219,Urban,120,77,8.1,No,None,41,2.23,5,Hospital,LOW-RISK
17,Primary,39966,Urban,100,63,12.5,No,None,42,3.6,3,Hospital,HIGH-RISK
20,No Education,16873,Rural,152,113,7.8,No,Mild,37,1.52,4,Hospital,HIGH-RISK
25,Primary,73558,Rural,146,78,9.1,No,None,40,3.36,4,Hospital,LOW-RISK
18,Primary,12424,Rural,126,77,9.2,No,Severe,43,2.71,0,Hospital,HIGH-RISK
24,Secondary,17957,Rural,138,75,11.3,No,None,35,1.46,0,Home,HIGH-RISK
30,Higher,56920,Rural,113,76,11.2,Yes,None,40,3.72,7,Hospital,LOW-RISK
17,Higher,5198,Rural,129,94,13.0,No,None,34,2.91,6,Home,HIGH-RISK
23,Primary,4766,Urban,111,74,10.8,No,None,38,3.49,4,Clinic,LOW-RISK
30,Secondary,8595,Rural,96,66,13.2,No,None,38,2.85,5,Home,LOW-RISK
22,No Education,26507,Rural,159,76,11.8,No,None,34,1.87,3,Hospital,HIGH-RISK
21,Secondary,4860,Urban,95,82,9.8,No,Severe,41,2.84,3,Hospital,HIGH-RISK
31,No Education,22782,Rural,122,75,9.7,No,None,38,3.1,7,Hospital,LOW-RISK
23,Higher,21687,Urban,122,74,14.2,No,None,36,1.89,3,Hospital,HIGH-RISK
31,Higher,61443,Rural,126,52,13.7,No,None,39,2.33,3,Hospital,LOW-RISK
27,Primary,31183,Rural,116,73,12.6,No,None,40,3.07,7,Hospital,LOW-RISK
23,Secondary,19353,Rural,116,70,13.2,No,None,34,2.49,8,Home,HIGH-RISK
27,Secondary,38839,Urban,120,55,12.3,No,None,30,3.05,2,Hospital,LOW-RISK
26,Higher,21873,Urban,125,88,12.1,No,None,38,3.64,3,Clinic,LOW-RISK
30,Secondary,10869,Rural,117,69,11.6,No,None,36,2.49,4,Home,HIGH-RISK
21,Primary,6731,Rural,116,95,13.8,No,None,41,2.17,0,Hospital,HIGH-RISK
25,Secondary,10069,Rural,96,84,10.7,Yes,Mild,37,2.79,9,Clinic,HIGH-RISK
24,No Education,14585,Rural,150,77,11.7,No,None,39,3.01,5,Clinic,LOW-RISK
28,Secondary,16955,Rural,126,93,8.4,No,None,38,3.25,2,Hospital,LOW-RISK
19,Primary,3364,Rural,121,93,8.8,No,None,34,2.57,4,Home,HIGH-RISK
30,Secondary,12863,Rural,108,66,14.8,No,None,38,2.77,6,Home,LOW-RISK
27,Higher,15303,Urban,101,58,12.6,No,Severe,35,2.0,3,Home,HIGH-RISK
17,No Education,22006,Rural,131,55,10.3,No,Mild,35,3.04,7,Hospital,HIGH-RISK
31,Secondary,46843,Rural,115,79,11.6,No,Severe,35,2.23,1,Hospital,HIGH-RISK
37,Secondary,17081,Rural,127,67,9.1,No,Mild,35,2.56,5,Hospital,HIGH-RISK
30,Primary,7935,Urban,96,73,9.8,No,Severe,37,2.41,6,Home,HIGH-RISK
32,Secondary,4201,Rural,142,76,8.9,No,None,37,3.95,4,Home,HIGH-RISK
25,Secondary,24263,Rural,132,71,11.0,No,None,39,2.94,6,Hospital,LOW-RISK
15,Primary,8163,Rural,116,68,11.9,No,None,34,2.02,6,Hospital,HIGH-RISK
14,Higher,27517,Rural,125,63,12.3,No,Mild,37,2.94,4,Hospital,LOW-RISK
26,Secondary,39894,Rural,129,72,14.4,Yes,Severe,37,2.73,5,Hospital,HIGH-RISK
21,Secondary,5089,Urban,96,60,12.0,No,Mild,39,2.09,5,Hospital,HIGH-RISK
19,No Education,22104,Rural,144,82,6.6,No,Mild,39,2.96,5,Hospital,HIGH-RISK
24,No Education,37072,Urban,125,79,14.6,No,Mild,38,2.0,4,Hospital,LOW-RISK
28,No Education,30611,Rural,106,60,9.7,Yes,None,36,2.53,4,Clinic,HIGH-RISK
17,Higher,3457,Urban,100,82,11.8,No,None,38,1.92,4,Clinic,HIGH-RISK
22,Higher,8252,Urban,133,78,11.7,Yes,Mild,37,1.62,4,Home,HIGH-RISK
33,Higher,6122,Rural,121,92,11.9,Yes,None,41,3.14,4,Clinic,LOW-RISK
19,Primary,21638,Urban,125,80,11.1,Yes,None,38,2.19,4,Hospital,HIGH-RISK
29,Secondary,20032,Rural,118,76,11.6,No,None,38,3.04,4,Home,LOW-RISK
22,Secondary,2999,Urban,101,64,9.1,No,None,35,2.52,3,Hospital,LOW-RISK
28,Secondary,12151,Rural,126,84,16.2,Yes,Severe,37,2.88,1,Hospital,HIGH-RISK
31,No Education,26273,Urban,114,74,12.7,No,Mild,39,2.46,4,Home,LOW-RISK
29,Higher,16637,Rural,117,84,11.6,No,None,38,2.73,3,Hospital,LOW-RISK
30,Primary,16617,Rural,156,104,14.1,No,None,38,2.44,5,Hospital,HIGH-RISK
18,Primary,11617,Rural,131,71,8.9,No,None,34,2.92,5,Home,HIGH-RISK
31,Higher,7147,Rural,132,86,13.1,No,None,36,2.08,6,Clinic,HIGH-RISK
20,Secondary,14821,Rural,161,94,10.5,Yes,None,37,2.66,7,Hospital,HIGH-RISK
26,Primary,15557,Rural,124,82,11.4,No,None,41,3.21,5,Hospital,LOW-RISK
26,Secondary,23074,Urban,119,71,12.3,No,None,33,1.72,8,Hospital,HIGH-RISK
27,Higher,24424,Rural,107,67,7.3,No,None,35,1.05,4,Home,HIGH-RISK
26,No Education,15929,Rural,110,66,8.3,No,None,33,1.97,5,Home,HIGH-RISK
20,Secondary,32281,Rural,85,59,14.4,No,Mild,39,3.38,2,Home,HIGH-RISK
17,Primary,11537,Urban,130,69,10.8,No,None,41,2.85,3,Clinic,LOW-RISK
29,No Education,5458,Rural,97,67,14.2,No,None,39,2.96,4,Hospital,LOW-RISK
26,Secondary,20946,Rural,132,71,13.9,No,Severe,39,2.96,3,Hospital,HIGH-RISK
31,Secondary,16387,Rural,117,79,11.1,Yes,None,35,3.08,6,Home,HIGH-RISK
24,Primary,21240,Rural,120,76,10.5,No,Mild,39,1.66,3,Home,HIGH-RISK
17,Secondary,6189,Rural,117,76,14.5,No,None,36,2.29,8,Hospital,HIGH-RISK
30,Secondary,52541,Urban,140,78,15.3,No,None,38,2.82,5,Clinic,LOW-RISK
22,Secondary,24665,Rural,137,81,11.0,No,None,39,2.79,2,Clinic,LOW-RISK
26,Secondary,12261,Rural,117,72,14.3,No,Severe,37,3.24,5,Clinic,LOW-RISK
21,Higher,7793,Rural,103,79,13.4,No,Severe,40,3.25,2,Home,HIGH-RISK
34,Secondary,31882,Rural,132,75,13.7,No,None,38,2.68,3,Hospital,LOW-RISK
20,Secondary,6936,Rural,102,75,11.7,No,Mild,39,1.87,3,Home,HIGH-RISK
23,Secondary,73039,Urban,93,53,10.3,No,None,43,4.18,2,Home,LOW-RISK
25,Secondary,9765,Rural,125,85,9.6,Yes,None,39,2.8,3,Hospital,HIGH-RISK
18,No Education,50019,Urban,137,74,8.6,No,None,36,2.29,6,Hospital,HIGH-RISK
26,Primary,13182,Rural,111,62,14.7,No,None,37,3.49,10,Hospital,LOW-RISK
33,Primary,45357,Urban,124,64,11.1,No,None,40,2.58,4,Clinic,LOW-RISK
22,Primary,8967,Rural,111,59,8.8,No,None,41,3.51,5,Clinic,LOW-RISK
27,Higher,15199,Rural,129,73,13.3,No,None,38,2.63,2,Clinic,LOW-RISK
14,Secondary,26347,Urban,135,97,10.6,No,None,34,3.52,4,Hospital,HIGH-RISK
24,Secondary,23843,Urban,113,66,10.3,Yes,None,36,2.78,1,Clinic,HIGH-RISK
23,Secondary,32413,Rural,101,50,15.2,No,None,38,2.43,7,Hospital,HIGH-RISK
20,Secondary,10663,Urban,94,72,9.1,No,None,39,4.0,7,Hospital,LOW-RISK
30,Secondary,15917,Rural,132,67,11.9,No,None,41,3.13,5,Clinic,LOW-RISK
23,Secondary,35942,Rural,99,78,10.4,Yes,None,33,1.99,2,Hospital,HIGH-RISK
24,Secondary,9155,Urban,123,72,10.1,No,None,40,2.03,6,Home,HIGH-RISK
22,No Education,22394,Rural,130,75,8.2,No,None,42,3.18,3,Clinic,HIGH-RISK
14,Secondary,12866,Urban,109,86,11.6,No,None,32,2.94,4,Hospital,LOW-RISK
18,Secondary,17325,Urban,115,81,9.9,No,None,38,3.01,4,Hospital,LOW-RISK
30,Secondary,15914,Urban,133,66,12.6,No,None,40,2.98,3,Clinic,LOW-RISK
14,Higher,8638,Rural,105,59,11.4,No,None,34,2.91,5,Clinic,LOW-RISK
20,Secondary,12497,Rural,103,51,10.9,No,None,37,3.13,9,Home,LOW-RISK
22,Secondary,16601,Urban,114,102,9.9,No,None,39,2.44,4,Hospital,HIGH-RISK
34,Primary,13959,Rural,138,72,13.8,No,Mild,37,2.46,5,Hospital,HIGH-RISK
29,Secondary,45103,Rural,143,95,12.8,Yes,None,37,3.11,10,Hospital,HIGH-RISK
21,Higher,30417,Rural,116,69,10.3,No,None,39,3.08,4,Home,LOW-RISK
32,Higher,18375,Rural,106,60,9.1,Yes,Mild,35,2.61,5,Clinic,HIGH-RISK
20,Higher,8792,Rural,135,81,8.1,No,None,35,2.3,3,Clinic,HIGH-RISK
30,Primary,8425,Rural,91,63,12.9,No,None,39,3.17,8,Hospital,LOW-RISK
17,Secondary,59723,Urban,121,84,13.1,No,None,40,2.99,4,Hospital,LOW-RISK
30,Higher,7397,Rural,117,83,13.4,No,Severe,39,3.33,2,Home,HIGH-RISK
22,Secondary,16244,Urban,138,75,11.3,No,None,41,3.21,4,Hospital,LOW-RISK
19,Secondary,19311,Rural,140,66,13.0,No,None,39,2.66,6,Clinic,LOW-RISK
23,Secondary,12062,Rural,102,57,13.3,No,None,43,2.7,3,Clinic,LOW-RISK
26,Secondary,7437,Urban,120,50,11.4,No,None,38,2.98,3,Hospital,LOW-RISK
22,Primary,8659,Urban,108,69,10.9,No,None,39,2.86,6,Hospital,LOW-RISK
28,No Education,10231,Rural,113,73,9.1,No,Severe,39,3.52,6,Hospital,HIGH-RISK
21,Higher,9128,Rural,127,65,12.3,No,None,36,2.23,2,Home,HIGH-RISK
28,Higher,37994,Rural,112,60,12.5,No,None,36,1.75,4,Hospital,HIGH-RISK
27,Higher,14904,Rural,121,75,10.8,No,Mild,36,1.69,2,Home,HIGH-RISK
24,Primary,10395,Urban,133,73,10.1,Yes,None,37,2.67,5,Hospital,LOW-RISK
22,No Education,16166,Urban,142,80,10.6,No,None,43,3.2,8,Hospital,LOW-RISK
25,Primary,23941,Rural,122,72,12.5,Yes,None,43,2.4,2,Clinic,HIGH-RISK
28,Higher,11784,Rural,119,78,9.0,No,Mild,37,3.16,9,Hospital,LOW-RISK
36,Secondary,28203,Rural,100,63,9.5,No,None,37,2.38,1,Hospital,HIGH-RISK
30,Higher,6161,Urban,143,77,9.5,No,None,33,2.26,6,Hospital,HIGH-RISK
30,Primary,34054,Urban,125,57,10.7,No,None,36,2.52,1,Hospital,HIGH-RISK
41,Secondary,14906,Rural,120,75,12.1,No,None,36,1.84,5,Hospital,HIGH-RISK
27,Secondary,14504,Rural,119,76,9.6,No,None,37,3.02,4,Hospital,LOW-RISK
27,Primary,9234,Rural,123,75,13.0,No,None,37,3.69,3,Home,LOW-RISK
28,Higher,6350,Urban,130,100,14.1,No,Mild,39,2.69,5,Clinic,LOW-RISK
19,Secondary,4671,Rural,132,81,12.2,No,Severe,40,2.84,2,Hospital,HIGH-RISK
22,No Education,8794,Rural,143,81,13.1,No,Severe,36,2.62,7,Hospital,HIGH-RISK
22,No Education,22633,Rural,121,81,9.1,No,None,42,2.85,3,Clinic,LOW-RISK
28,Higher,7653,Rural,146,107,9.9,No,None,39,2.81,3,Home,HIGH-RISK
24,Secondary,5074,Rural,134,82,12.4,No,None,40,2.77,5,Hospital,LOW-RISK
25,Secondary,7938,Rural,117,50,11.4,No,None,37,1.94,4,Home,LOW-RISK
30,Secondary,11457,Rural,91,71,9.9,No,Severe,39,3.05,5,Hospital,LOW-RISK
29,Secondary,11777,Rural,119,66,14.1,No,None,39,2.21,3,Hospital,LOW-RISK
24,Secondary,13705,Rural,142,61,12.0,No,None,42,3.01,5,Hospital,LOW-RISK
21,Higher,30903,Urban,105,90,12.8,No,Mild,40,3.19,5,Hospital,LOW-RISK
31,Primary,35964,Rural,119,92,9.4,No,None,40,3.02,13,Hospital,LOW-RISK
29,Secondary,61061,Urban,120,66,14.5,No,Mild,37,2.31,5,Clinic,HIGH-RISK
16,Primary,4809,Urban,133,70,11.0,No,None,41,2.97,2,Hospital,HIGH-RISK
23,Primary,8239,Rural,111,74,12.6,No,Mild,35,2.15,3,Home,HIGH-RISK
25,Secondary,24458,Urban,104,61,10.5,No,Severe,37,2.48,5,Hospital,HIGH-RISK
29,Higher,10915,Rural,127,76,11.8,Yes,None,39,3.93,3,Home,HIGH-RISK
30,No Education,27401,Rural,106,64,12.0,No,None,35,1.59,4,Hospital,LOW-RISK
26,Secondary,17340,Urban,88,62,15.1,No,None,36,2.7,7,Hospital,LOW-RISK
28,Secondary,45308,Urban,147,68,10.7,No,Mild,36,3.28,4,Hospital,HIGH-RISK
25,No Education,31123,Urban,132,89,11.0,No,None,39,3.01,4,Hospital,LOW-RISK
21,Secondary,31524,Urban,148,98,12.6,No,Severe,38,2.46,3,Hospital,HIGH-RISK
23,Higher,11242,Urban,131,77,9.0,No,Mild,40,2.5,5,Clinic,LOW-RISK
25,No Education,14010,Urban,128,78,7.1,No,None,43,2.03,1,Hospital,HIGH-RISK
24,Primary,12114,Urban,123,83,9.5,No,None,39,2.85,4,Home,LOW-RISK
14,Higher,5227,Rural,115,75,13.2,No,None,37,2.87,7,Clinic,LOW-RISK
22,Primary,42026,Urban,126,97,14.6,No,None,39,2.66,4,Hospital,LOW-RISK
25,No Education,25275,Urban,109,58,9.0,Yes,None,36,2.81,9,Hospital,HIGH-RISK
23,Higher,11781,Urban,100,79,9.3,No,None,38,2.78,7,Clinic,LOW-RISK
23,Higher,37384,Urban,112,72,14.3,No,None,43,1.95,5,Clinic,LOW-RISK
27,Secondary,9648,Urban,138,69,10.5,Yes,None,37,3.63,5,Hospital,HIGH-RISK
19,Secondary,4142,Urban,98,94,10.8,No,None,39,2.17,7,Hospital,HIGH-RISK
16,Higher,30362,Rural,98,96,14.1,No,None,38,3.1,9,Hospital,LOW-RISK
23,Secondary,6129,Rural,127,75,13.8,No,None,37,3.17,5,Hospital,LOW-RISK
29,Secondary,13078,Urban,111,77,13.2,No,Mild,39,2.78,4,Clinic,LOW-RISK
34,Higher,17328,Urban,125,72,8.4,No,None,35,2.97,3,Hospital,HIGH-RISK
29,Secondary,19646,Rural,133,76,9.2,No,None,38,2.87,8,Hospital,LOW-RISK
16,Secondary,27165,Rural,125,65,13.5,No,Severe,35,2.38,9,Hospital,HIGH-RISK
23,Primary,22525,Urban,107,57,11.4,No,Severe,42,1.68,3,Hospital,HIGH-RISK
26,Secondary,22042,Rural,138,102,10.1,No,None,40,1.87,5,Hospital,HIGH-RISK
25,Secondary,8623,Rural,129,78,10.9,No,Mild,36,3.9,2,Hospital,HIGH-RISK
27,Primary,18430,Rural,118,76,12.6,No,None,33,2.6,8,Home,LOW-RISK
19,Secondary,5228,Rural,117,66,14.2,No,Mild,39,3.51,4,Clinic,LOW-RISK
25,Higher,44770,Rural,123,79,11.5,Yes,None,38,4.21,4,Hospital,LOW-RISK
27,Secondary,5619,Rural,113,57,10.3,No,None,43,2.63,3,Hospital,LOW-RISK
29,No Education,11769,Rural,91,58,10.9,No,Severe,42,2.75,2,Hospital,HIGH-RISK
20,Primary,5958,Rural,130,65,12.9,No,None,40,1.92,2,Clinic,LOW-RISK
23,Primary,8997,Rural,129,93,13.7,No,None,37,2.67,9,Clinic,LOW-RISK
14,Secondary,15141,Urban,81,50,11.8,No,Mild,37,2.65,6,Hospital,LOW-RISK
21,Secondary,10359,Urban,126,65,10.5,No,None,39,2.61,4,Clinic,HIGH-RISK
22,Primary,33415,Rural,146,61,12.8,No,None,39,3.41,0,Clinic,LOW-RISK
19,Higher,17582,Rural,99,60,14.4,No,None,36,2.42,7,Home,HIGH-RISK
25,No Education,10848,Rural,116,69,8.3,No,Mild,35,2.92,2,Home,HIGH-RISK
24,Primary,13660,Urban,115,85,11.1,No,None,43,2.16,7,Hospital,LOW-RISK
14,Higher,35227,Rural,144,80,13.6,No,None,38,2.84,8,Hospital,HIGH-RISK
26,Secondary,28339,Urban,135,76,11.6,No,None,39,3.02,5,Hospital,LOW-RISK
19,Secondary,6759,Rural,103,74,10.6,No,None,36,3.64,7,Clinic,HIGH-RISK
27,Higher,9314,Rural,123,72,11.8,No,None,41,2.89,8,Home,LOW-RISK
17,Higher,20913,Urban,154,112,12.2,No,None,41,2.74,6,Hospital,LOW-RISK
25,No Education,19209,Rural,108,66,8.9,No,None,38,3.42,0,Hospital,LOW-RISK
23,Secondary,7190,Urban,117,79,11.7,No,Mild,39,2.68,5,Hospital,LOW-RISK
26,Secondary,25341,Urban,126,87,12.2,No,Mild,39,3.09,4,Hospital,LOW-RISK
25,Primary,8040,Rural,108,66,10.3,No,None,38,3.07,3,Hospital,HIGH-RISK
23,Higher,37364,Urban,146,85,10.1,No,None,39,2.54,5,Hospital,HIGH-RISK
16,Secondary,21729,Rural,110,67,10.5,No,None,39,2.45,6,Hospital,HIGH-RISK
16,Higher,6791,Rural,95,72,9.8,No,None,38,2.78,3,Home,HIGH-RISK
21,Secondary,10357,Urban,109,74,13.0,No,None,35,2.14,1,Hospital,HIGH-RISK
24,Secondary,10232,Rural,128,77,9.7,No,None,38,1.98,4,Hospital,HIGH-RISK
21,Primary,16776,Rural,105,59,11.0,Yes,None,40,3.2,1,Hospital,LOW-RISK
28,Higher,13004,Rural,122,97,10.8,No,None,40,3.11,3,Home,LOW-RISK
23,Secondary,6727,Rural,127,84,10.2,No,Severe,41,2.39,7,Hospital,HIGH-RISK
19,No Education,5652,Rural,98,52,13.5,No,None,42,2.34,6,Hospital,LOW-RISK
23,No Education,22029,Rural,108,68,11.2,No,None,40,3.07,7,Home,LOW-RISK
26,Secondary,18327,Urban,123,59,10.3,No,None,38,3.76,6,Clinic,LOW-RISK
26,Primary,16150,Urban,129,87,9.5,No,Mild,39,3.36,5,Hospital,LOW-RISK
35,Secondary,18129,Rural,109,72,12.1,No,Mild,37,3.46,3,Hospital,LOW-RISK
21,Secondary,9726,Urban,120,76,13.0,No,None,40,2.63,11,Hospital,LOW-RISK
24,Primary,17061,Rural,113,64,12.8,No,None,41,3.03,3,Hospital,LOW-RISK
27,Secondary,88677,Rural,129,75,11.2,No,None,41,2.73,2,Hospital,LOW-RISK
24,Primary,34132,Urban,126,86,10.3,No,None,39,2.4,5,Hospital,HIGH-RISK
22,Higher,12257,Rural,112,85,11.7,No,None,37,2.91,1,Home,HIGH-RISK
16,Higher,10398,Urban,125,87,11.8,Yes,None,37,2.32,5,Clinic,HIGH-RISK
22,Primary,2999,Urban,111,55,9.4,No,None,38,2.39,6,Hospital,LOW-RISK
19,Secondary,31694,Rural,125,75,14.1,No,None,36,2.03,4,Clinic,LOW-RISK
15,Secondary,26015,Rural,125,80,11.5,No,Severe,39,2.61,6,Hospital,LOW-RISK
20,Higher,10250,Rural,155,78,12.5,No,None,31,2.44,2,Clinic,HIGH-RISK
19,Primary,5506,Urban,112,55,11.4,Yes,None,37,1.66,8,Hospital,HIGH-RISK
28,Secondary,6681,Rural,115,60,12.2,No,Severe,38,2.29,5,Clinic,HIGH-RISK
28,Higher,20473,Rural,107,88,9.7,No,None,43,3.66,8,Clinic,LOW-RISK
20,Primary,14090,Rural,101,56,10.8,No,None,38,2.8,5,Clinic,LOW-RISK
23,Secondary,24341,Urban,110,73,15.6,No,Mild,38,3.11,4,Home,LOW-RISK
14,No Education,15935,Rural,128,77,14.2,No,None,36,2.45,2,Home,HIGH-RISK
22,Secondary,29511,Rural,129,77,11.8,No,Mild,42,2.74,5,Hospital,LOW-RISK
27,Primary,19428,Rural,122,73,10.4,No,None,36,2.0,4,Home,HIGH-RISK
29,Higher,26794,Urban,113,82,7.5,No,Severe,43,2.5,4,Hospital,HIGH-RISK
21,Secondary,3473,Rural,110,73,10.6,No,None,36,3.1,5,Clinic,HIGH-RISK
30,No Education,6321,Rural,103,64,11.3,No,Mild,40,2.51,6,Hospital,LOW-RISK
16,Higher,11623,Rural,109,73,10.9,No,None,38,3.75,6,Hospital,LOW-RISK
18,Higher,31936,Rural,97,54,11.1,No,None,37,2.57,6,Clinic,LOW-RISK
28,Secondary,55947,Urban,139,87,12.6,Yes,None,41,2.62,5,Hospital,LOW-RISK
34,Secondary,13370,Rural,147,76,9.7,No,None,41,2.84,3,Clinic,HIGH-RISK
27,Primary,9776,Rural,87,59,11.5,No,None,38,2.7,8,Home,LOW-RISK
24,Secondary,3817,Rural,122,82,11.3,No,None,38,2.28,5,Clinic,LOW-RISK
14,No Education,27454,Rural,122,72,9.6,No,None,37,2.79,9,Hospital,HIGH-RISK
14,Primary,10205,Rural,121,72,13.8,No,None,39,1.99,0,Hospital,HIGH-RISK
25,Higher,118971,Urban,108,85,12.8,No,None,35,2.71,6,Hospital,HIGH-RISK
23,Secondary,8939,Rural,134,69,10.1,No,None,31,2.28,5,Hospital,HIGH-RISK
18,Primary,65479,Rural,124,82,12.3,No,Mild,33,2.55,6,Home,LOW-RISK
25,No Education,25327,Urban,134,90,8.9,No,Mild,37,2.53,4,Hospital,LOW-RISK
25,Higher,7302,Rural,106,84,10.3,No,None,35,2.68,3,Hospital,HIGH-RISK
30,No Education,17646,Urban,95,92,12.9,No,Mild,38,3.04,6,Clinic,LOW-RISK
25,Primary,25739,Rural,124,69,11.2,No,Mild,37,2.87,2,Hospital,LOW-RISK
31,Primary,12811,Rural,102,61,11.6,No,None,36,3.53,7,Clinic,LOW-RISK
25,No Education,26967,Rural,134,88,13.3,No,None,36,2.61,2,Hospital,LOW-RISK
24,Primary,26555,Rural,83,75,12.3,No,None,40,2.54,5,Hospital,LOW-RISK
30,Higher,22770,Urban,110,64,11.0,No,None,39,3.64,2,Hospital,LOW-RISK
19,Primary,14828,Rural,108,78,12.9,No,Severe,42,3.08,3,Hospital,HIGH-RISK
40,Secondary,6590,Rural,112,103,8.5,Yes,None,38,3.78,7,Hospital,HIGH-RISK
27,Secondary,14215,Urban,122,78,10.3,No,None,33,1.13,6,Hospital,HIGH-RISK
27,Secondary,16967,Urban,124,87,11.3,No,None,35,2.19,8,Clinic,LOW-RISK
27,Secondary,4034,Rural,128,96,12.5,No,None,38,2.64,3,Clinic,LOW-RISK
35,Secondary,16886,Rural,130,106,10.9,No,Mild,39,1.76,7,Home,HIGH-RISK
29,Secondary,14017,Urban,115,77,8.3,No,Mild,37,2.89,6,Clinic,LOW-RISK
16,Secondary,6052,Urban,151,98,8.0,No,Severe,36,2.15,9,Hospital,HIGH-RISK
32,Secondary,11881,Urban,140,73,11.4,No,None,36,1.18,7,Hospital,HIGH-RISK
23,Secondary,12058,Rural,113,74,10.6,No,None,38,2.38,4,Home,HIGH-RISK
25,Secondary,57923,Rural,115,70,9.9,No,Mild,38,3.56,9,Home,LOW-RISK
17,No Education,17498,Rural,112,53,8.9,No,None,35,2.72,4,Home,HIGH-RISK
27,Secondary,30978,Rural,123,59,11.7,No,Severe,39,2.41,2,Home,HIGH-RISK
21,Secondary,13812,Urban,102,75,13.8,Yes,None,39,2.39,5,Hospital,LOW-RISK
25,Primary,4040,Rural,105,76,11.2,No,None,38,3.27,3,Hospital,LOW-RISK
23,Higher,24015,Rural,83,53,13.9,No,None,36,1.03,3,Home,HIGH-RISK
35,Primary,9462,Rural,111,90,10.2,Yes,Mild,40,3.13,3,Home,HIGH-RISK
35,Primary,11859,Rural,135,68,11.4,Yes,None,41,1.79,5,Home,HIGH-RISK
25,Higher,7177,Rural,115,77,13.9,No,Mild,37,3.7,1,Hospital,LOW-RISK
25,Primary,15783,Rural,116,70,10.8,No,None,36,2.42,4,Hospital,HIGH-RISK
22,Secondary,31616,Urban,122,78,11.5,No,None,39,1.79,5,Hospital,LOW-RISK
31,Primary,28817,Urban,101,79,10.8,No,Mild,35,2.37,6,Clinic,HIGH-RISK
23,Higher,45530,Rural,118,84,12.6,No,None,35,2.3,3,Hospital,HIGH-RISK
22,Secondary,50280,Rural,132,87,13.1,No,None,36,1.11,7,Hospital,HIGH-RISK
30,Secondary,3582,Urban,122,83,12.1,No,None,39,2.78,12,Hospital,LOW-RISK
22,Secondary,6504,Rural,133,65,11.1,No,Severe,36,2.29,2,Home,HIGH-RISK
24,Secondary,4230,Rural,138,94,8.8,No,None,38,1.66,7,Clinic,LOW-RISK
16,Higher,23345,Rural,128,67,11.4,No,None,33,2.8,2,Home,HIGH-RISK
28,Higher,9234,Rural,106,70,11.2,No,Mild,40,2.73,5,Hospital,LOW-RISK
35,Secondary,10650,Urban,112,70,11.9,No,None,42,3.3,4,Hospital,LOW-RISK
28,Higher,12889,Rural,148,88,11.7,No,None,36,1.92,4,Home,HIGH-RISK
33,Secondary,19606,Rural,123,71,14.3,No,Mild,39,2.22,4,Hospital,LOW-RISK
20,No Education,5303,Rural,120,74,9.2,No,Mild,37,2.16,6,Hospital,LOW-RISK
26,Primary,6214,Rural,104,88,8.2,No,None,38,2.63,5,Clinic,LOW-RISK
19,Secondary,15013,Urban,116,60,9.4,No,Severe,37,2.7,7,Clinic,HIGH-RISK
23,Primary,34715,Urban,129,78,10.3,No,Mild,37,3.39,6,Clinic,LOW-RISK
29,Secondary,14735,Urban,118,63,13.4,No,None,36,2.38,4,Hospital,LOW-RISK
25,Primary,8618,Rural,109,80,8.4,No,None,35,1.5,5,Hospital,HIGH-RISK
17,Secondary,3334,Rural,113,66,9.4,No,Mild,41,2.55,8,Hospital,LOW-RISK
17,No Education,29222,Rural,137,81,12.0,No,None,34,1.51,3,Hospital,HIGH-RISK
17,Higher,8961,Rural,128,64,13.0,No,None,38,2.99,8,Clinic,LOW-RISK
27,Primary,6718,Urban,126,92,8.0,No,None,38,3.12,5,Clinic,LOW-RISK
36,No Education,4514,Rural,125,78,8.0,No,None,38,3.21,8,Hospital,LOW-RISK
32,Secondary,5477,Rural,99,71,10.1,No,None,40,2.63,5,Clinic,LOW-RISK
14,Secondary,7653,Urban,122,86,12.7,No,None,37,2.42,2,Hospital,HIGH-RISK
32,Secondary,12690,Rural,135,67,11.8,No,Mild,40,2.52,3,Hospital,LOW-RISK
30,Secondary,6436,Rural,113,67,10.2,No,None,43,2.75,5,Clinic,LOW-RISK
16,No Education,17082,Rural,133,81,11.9,No,None,38,2.52,6,Hospital,LOW-RISK
23,Higher,12623,Urban,126,58,11.7,No,None,33,3.45,6,Hospital,LOW-RISK
31,Secondary,71054,Rural,131,60,11.3,No,Mild,38,2.6,4,Clinic,LOW-RISK
28,No Education,4549,Rural,118,66,8.0,No,None,37,2.74,2,Home,HIGH-RISK
17,Secondary,16795,Rural,132,67,10.1,No,None,39,2.39,3,Hospital,HIGH-RISK
28,Secondary,16942,Urban,94,64,15.0,No,None,33,1.98,0,Clinic,HIGH-RISK
14,Secondary,7291,Urban,118,81,10.9,Yes,None,39,2.1,3,Hospital,HIGH-RISK
23,Secondary,16034,Rural,129,87,9.8,No,Mild,37,2.23,5,Hospital,LOW-RISK
31,Secondary,25707,Urban,122,96,10.8,No,None,40,3.83,6,Home,LOW-RISK
25,Secondary,16048,Urban,135,80,11.7,No,None,37,3.1,11,Home,LOW-RISK
22,No Education,39534,Rural,115,76,12.8,No,Mild,40,2.61,8,Hospital,LOW-RISK
29,Primary,3266,Urban,109,72,12.2,Yes,None,34,2.06,8,Hospital,HIGH-RISK
30,Higher,8318,Rural,91,70,10.3,Yes,None,38,3.48,7,Clinic,LOW-RISK
32,Secondary,42122,Rural,113,78,13.8,No,None,36,1.64,6,Clinic,HIGH-RISK
29,Secondary,28402,Rural,126,88,13.0,No,Mild,37,1.86,0,Hospital,HIGH-RISK
30,Primary,21898,Rural,130,89,10.2,No,Severe,43,3.06,3,Clinic,HIGH-RISK
29,Secondary,35562,Rural,95,74,11.3,No,None,36,1.77,4,Hospital,HIGH-RISK
26,Primary,3921,Urban,136,97,11.7,Yes,None,37,2.09,2,Hospital,HIGH-RISK
25,Primary,26179,Urban,102,71,13.0,No,None,35,1.96,7,Hospital,HIGH-RISK
23,Primary,31598,Rural,116,68,8.2,No,None,37,3.03,2,Home,HIGH-RISK
18,Secondary,9458,Urban,108,68,11.6,No,None,38,2.74,4,Hospital,LOW-RISK
19,Secondary,94492,Rural,124,75,11.4,No,None,36,1.8,7,Hospital,HIGH-RISK
23,No Education,17210,Rural,119,64,10.3,No,None,42,3.06,4,Hospital,LOW-RISK
26,No Education,3232,Urban,128,72,10.3,No,None,41,2.34,4,Hospital,LOW-RISK
32,Secondary,19588,Urban,147,71,13.4,No,None,36,1.53,4,Hospital,HIGH-RISK
24,Secondary,9062,Rural,124,80,12.5,No,Severe,40,2.08,10,Home,HIGH-RISK
30,Secondary,33904,Rural,108,76,15.3,No,None,37,2.81,4,Home,LOW-RISK
30,Primary,22012,Urban,125,58,10.4,No,Severe,35,2.05,7,Clinic,HIGH-RISK
23,Secondary,9870,Urban,149,77,11.7,No,None,36,2.38,6,Hospital,HIGH-RISK
28,Higher,42938,Urban,128,99,12.1,No,None,35,3.02,0,Home,HIGH-RISK
23,Secondary,28952,Rural,133,86,13.1,No,None,40,2.45,4,Clinic,LOW-RISK
32,Primary,8402,Urban,92,72,13.7,Yes,Severe,36,3.79,6,Clinic,HIGH-RISK
28,Secondary,13485,Rural,124,69,11.7,No,Mild,41,2.95,3,Home,LOW-RISK
18,Primary,21539,Urban,113,77,9.2,No,None,38,2.7,4,Hospital,LOW-RISK
25,No Education,11623,Rural,107,71,9.9,No,None,37,2.07,3,Home,HIGH-RISK
34,Primary,11869,Rural,117,66,11.1,No,None,37,2.61,2,Clinic,LOW-RISK
24,Higher,15390,Urban,119,70,13.5,No,None,42,2.66,2,Hospital,LOW-RISK
27,Secondary,7113,Rural,108,67,8.9,No,None,38,3.22,3,Hospital,HIGH-RISK
28,Higher,3142,Rural,121,59,9.4,No,Severe,37,2.47,4,Home,HIGH-RISK
19,Secondary,17733,Rural,115,60,12.9,No,None,40,3.04,3,Clinic,LOW-RISK
27,Secondary,3727,Rural,129,76,9.2,No,Mild,39,2.82,3,Home,HIGH-RISK
17,No Education,7485,Rural,121,66,8.9,No,None,36,2.87,3,Clinic,HIGH-RISK
21,Secondary,4340,Urban,124,73,13.5,No,None,38,3.38,6,Home,LOW-RISK
30,No Education,4731,Rural,133,62,10.8,No,None,33,2.63,4,Clinic,HIGH-RISK
26,Secondary,20216,Rural,126,86,11.0,No,Mild,38,3.22,0,Clinic,LOW-RISK
23,Primary,12838,Rural,117,97,13.7,No,None,39,3.42,2,Hospital,LOW-RISK
27,Primary,12518,Urban,84,76,9.3,No,None,39,3.1,7,Hospital,LOW-RISK
24,Secondary,5971,Urban,126,90,9.2,No,None,36,2.64,9,Hospital,HIGH-RISK
25,No Education,9477,Urban,103,77,14.0,No,None,36,2.45,6,Hospital,HIGH-RISK
28,Primary,19522,Urban,116,77,11.4,No,None,39,3.69,4,Hospital,LOW-RISK
20,Higher,14462,Rural,123,77,12.7,No,None,41,2.86,6,Home,LOW-RISK
25,No Education,26680,Rural,139,71,10.2,No,Mild,38,3.2,8,Hospital,LOW-RISK
23,Primary,29477,Urban,147,91,10.7,No,Mild,37,2.43,4,Hospital,HIGH-RISK
16,Primary,12572,Urban,103,77,9.9,No,Mild,40,3.63,5,Hospital,LOW-RISK
19,Primary,4102,Urban,96,63,11.6,No,Mild,38,3.05,5,Hospital,LOW-RISK
33,Secondary,8832,Urban,123,82,13.0,No,None,38,2.61,10,Hospital,LOW-RISK
27,Primary,14008,Rural,121,68,11.0,No,None,40,2.76,2,Clinic,LOW-RISK
17,Secondary,8710,Urban,98,63,13.4,No,None,38,2.68,8,Home,LOW-RISK
16,Secondary,7169,Rural,117,83,12.7,No,None,36,2.22,1,Hospital,HIGH-RISK
24,Primary,15750,Rural,127,82,9.0,No,Mild,38,2.92,6,Home,HIGH-RISK
33,Higher,82208,Rural,98,67,11.2,No,Mild,41,2.69,6,Hospital,LOW-RISK
23,Higher,10658,Rural,102,67,10.7,No,None,43,1.93,9,Hospital,HIGH-RISK
32,No Education,14970,Rural,107,73,12.8,No,None,35,3.45,4,Clinic,LOW-RISK
26,Primary,5987,Rural,114,53,11.8,No,None,42,2.95,2,Home,LOW-RISK
27,Primary,35817,Urban,129,70,10.7,No,None,37,2.95,3,Clinic,LOW-RISK
17,Primary,27670,Rural,112,60,12.7,No,None,38,2.77,2,Hospital,LOW-RISK
30,Secondary,26365,Urban,118,76,8.1,No,Severe,42,3.3,0,Hospital,HIGH-RISK
23,Secondary,38857,Rural,153,97,10.4,No,None,37,2.83,6,Home,HIGH-RISK
29,Secondary,11121,Rural,102,76,10.6,No,Severe,37,2.63,5,Hospital,HIGH-RISK
20,Primary,12138,Rural,107,66,11.9,No,None,36,2.39,8,Hospital,HIGH-RISK
25,Primary,49648,Urban,128,71,11.7,No,None,38,3.49,3,Clinic,HIGH-RISK
26,Higher,23358,Urban,133,71,11.5,No,None,39,2.91,5,Hospital,LOW-RISK
24,Higher,3172,Urban,124,98,9.1,No,None,36,2.12,5,Hospital,HIGH-RISK
27,No Education,20623,Rural,146,84,11.9,No,None,42,2.56,8,Home,LOW-RISK
23,Secondary,9982,Rural,123,79,11.7,No,None,36,1.95,4,Clinic,LOW-RISK
21,Secondary,28128,Rural,86,50,8.9,No,None,39,3.39,5,Hospital,LOW-RISK
33,Secondary,19961,Rural,119,63,11.0,No,None,38,2.3,3,Home,HIGH-RISK
30,Secondary,4435,Urban,108,72,12.2,No,None,41,3.17,7,Hospital,LOW-RISK
20,Higher,18105,Rural,140,76,14.5,No,None,36,2.67,7,Home,HIGH-RISK
28,No Education,17382,Rural,133,81,9.1,No,Mild,39,2.92,4,Hospital,LOW-RISK
20,Primary,19345,Rural,92,69,11.9,No,None,43,2.7,5,Home,LOW-RISK
18,Higher,22441,Rural,139,88,9.6,Yes,None,34,1.46,6,Home,HIGH-RISK
30,Primary,42743,Rural,133,59,9.0,No,Mild,36,2.89,5,Hospital,HIGH-RISK
15,No Education,20040,Urban,112,61,8.9,No,None,43,1.92,3,Hospital,HIGH-RISK
30,Secondary,15242,Rural,116,73,12.6,Yes,Mild,38,2.89,4,Home,LOW-RISK
23,Secondary,33502,Rural,140,74,11.7,No,None,38,2.83,4,Home,LOW-RISK
23,Secondary,72093,Rural,86,62,10.9,No,Mild,37,3.22,3,Hospital,LOW-RISK
27,Secondary,28462,Urban,125,79,12.3,No,None,42,2.31,3,Hospital,HIGH-RISK
28,Secondary,17329,Rural,135,72,11.6,No,Mild,34,1.57,7,Home,LOW-RISK
20,No Education,20304,Rural,116,77,10.7,No,Mild,41,3.09,3,Clinic,LOW-RISK
28,Secondary,17944,Urban,128,84,11.0,No,None,34,2.29,7,Clinic,HIGH-RISK
25,Secondary,15195,Rural,119,76,9.7,No,None,34,1.35,5,Hospital,HIGH-RISK
18,Higher,68283,Rural,105,79,14.5,No,Mild,35,2.34,4,Hospital,HIGH-RISK
24,Primary,8879,Rural,105,50,13.1,No,None,38,3.79,4,Hospital,LOW-RISK
32,No Education,33665,Urban,129,72,14.4,No,None,36,2.81,5,Hospital,LOW-RISK
34,Secondary,13735,Rural,107,81,10.5,No,None,36,1.79,3,Clinic,HIGH-RISK
28,Primary,5321,Rural,93,58,9.5,No,None,36,2.62,2,Hospital,HIGH-RISK
18,No Education,13147,Rural,119,64,10.7,No,Mild,36,3.01,7,Home,HIGH-RISK
27,Higher,10229,Rural,109,71,13.4,No,None,36,1.5,5,Clinic,HIGH-RISK
29,Secondary,22473,Rural,98,69,11.5,No,None,39,2.64,6,Hospital,LOW-RISK
28,Primary,15989,Rural,119,70,9.9,No,None,36,3.01,3,Home,HIGH-RISK
29,No Education,7334,Rural,130,99,11.5,No,Mild,31,1.33,3,Hospital,HIGH-RISK
26,No Education,42003,Rural,118,79,9.7,No,None,38,2.65,2,Hospital,HIGH-RISK
24,Secondary,32173,Rural,100,60,9.1,No,None,40,2.68,10,Clinic,LOW-RISK
21,Secondary,45526,Urban,125,62,11.7,No,None,37,2.57,5,Clinic,LOW-RISK
14,No Education,17706,Rural,134,84,9.6,No,None,35,3.08,3,Home,HIGH-RISK
26,Primary,14629,Urban,153,75,11.0,No,None,40,3.47,3,Home,LOW-RISK
26,Primary,24545,Rural,141,105,6.6,No,None,35,1.84,3,Hospital,HIGH-RISK
28,No Education,10012,Urban,101,74,9.9,No,None,37,2.24,2,Clinic,HIGH-RISK
17,Primary,16429,Rural,131,85,10.7,No,Severe,38,3.5,1,Hospital,HIGH-RISK
28,Secondary,13264,Rural,122,79,8.8,No,Mild,41,3.23,0,Hospital,LOW-RISK
36,Primary,5394,Rural,99,82,8.4,No,Mild,39,2.79,5,Home,HIGH-RISK
25,Primary,16399,Rural,122,51,10.9,No,Mild,39,3.16,4,Clinic,LOW-RISK
24,Secondary,11016,Urban,148,71,12.8,No,None,40,3.16,4,Hospital,LOW-RISK
26,Secondary,12657,Urban,137,92,9.9,No,Mild,35,2.07,2,Hospital,HIGH-RISK
36,No Education,19350,Rural,101,86,10.4,No,None,42,2.47,5,Home,HIGH-RISK
19,No Education,36555,Rural,118,62,10.7,No,Mild,30,2.29,5,Clinic,HIGH-RISK
26,No Education,8280,Rural,125,57,8.3,No,Severe,42,1.74,5,Clinic,HIGH-RISK
20,Primary,11851,Rural,90,68,13.1,No,None,36,2.17,6,Clinic,HIGH-RISK
21,Secondary,8780,Urban,90,72,11.2,No,None,39,2.36,3,Hospital,LOW-RISK
24,No Education,8389,Urban,120,77,10.7,No,None,42,2.89,6,Clinic,LOW-RISK
32,Secondary,9893,Rural,120,75,12.2,Yes,Mild,39,2.18,6,Home,HIGH-RISK
34,Secondary,13072,Rural,88,50,8.7,No,None,39,3.04,6,Hospital,LOW-RISK
27,No Education,22604,Rural,124,72,13.0,No,None,40,2.92,4,Home,LOW-RISK
22,No Education,18771,Rural,135,78,13.4,No,Mild,34,2.42,6,Home,HIGH-RISK
38,Primary,7158,Rural,114,67,11.0,No,None,35,2.85,4,Hospital,HIGH-RISK
22,No Education,37112,Rural,118,54,11.5,Yes,None,39,3.13,7,Home,LOW-RISK
21,Secondary,29053,Rural,127,84,10.9,No,None,38,2.67,7,Home,LOW-RISK
15,No Education,7982,Urban,125,87,12.4,No,None,37,2.82,7,Clinic,LOW-RISK
32,Higher,35336,Rural,91,58,10.0,No,None,41,2.43,7,Hospital,HIGH-RISK
30,Secondary,18857,Rural,103,68,11.4,No,None,41,2.42,4,Home,HIGH-RISK
38,Secondary,13443,Urban,111,67,11.5,No,None,36,3.46,6,Home,HIGH-RISK
17,Secondary,19273,Rural,104,65,11.4,No,None,39,2.69,2,Clinic,HIGH-RISK
33,Secondary,14731,Rural,141,87,13.4,No,Severe,34,2.17,10,Home,HIGH-RISK
25,Higher,21968,Rural,128,84,15.4,No,Mild,34,2.2,3,Hospital,HIGH-RISK
29,Higher,17101,Urban,100,81,11.3,No,None,36,2.43,8,Clinic,HIGH-RISK
15,Primary,11844,Urban,114,85,11.9,Yes,None,38,2.5,4,Hospital,LOW-RISK
33,No Education,3632,Rural,136,79,9.6,No,Severe,36,2.19,8,Hospital,HIGH-RISK
29,Primary,21694,Urban,107,103,13.4,No,None,39,3.32,5,Home,LOW-RISK
24,Primary,11547,Urban,131,96,9.6,No,Severe,38,1.98,6,Hospital,HIGH-RISK
28,Secondary,25857,Rural,140,74,17.0,No,Severe,41,2.9,2,Hospital,HIGH-RISK
20,Primary,21014,Urban,137,82,8.2,No,Severe,39,2.35,3,Hospital,HIGH-RISK
21,Secondary,11759,Rural,120,54,15.4,No,None,35,1.14,6,Clinic,HIGH-RISK
22,Secondary,30696,Rural,138,82,13.3,No,None,40,2.76,5,Home,LOW-RISK
14,Primary,17312,Urban,109,91,8.8,No,None,36,1.77,2,Hospital,HIGH-RISK
29,Secondary,16820,Rural,157,117,15.7,Yes,None,39,2.07,0,Hospital,HIGH-RISK
31,Primary,13617,Urban,121,74,9.4,Yes,None,37,4.23,5,Clinic,LOW-RISK
21,Secondary,48741,Urban,136,84,10.9,No,None,41,3.1,4,Hospital,LOW-RISK
26,Secondary,9104,Rural,112,80,9.2,No,None,40,3.11,2,Clinic,HIGH-RISK
23,No Education,11967,Rural,125,99,11.1,No,None,36,2.01,6,Hospital,HIGH-RISK
26,Secondary,6308,Urban,126,67,11.4,No,None,37,2.14,6,Clinic,LOW-RISK
21,Primary,24947,Rural,103,100,12.3,No,None,43,2.71,1,Hospital,LOW-RISK
20,Secondary,9979,Rural,102,67,15.9,No,None,35,2.38,6,Home,HIGH-RISK
30,Secondary,10794,Rural,114,61,10.6,No,None,36,0.96,6,Home,HIGH-RISK
24,Secondary,10445,Urban,135,77,6.5,No,Mild,36,3.0,3,Hospital,HIGH-RISK
36,Secondary,15673,Rural,88,58,12.7,No,Mild,35,1.97,2,Home,HIGH-RISK
25,Higher,6249,Rural,112,78,10.5,No,Mild,35,1.62,7,Clinic,HIGH-RISK
19,Secondary,3119,Urban,138,63,14.8,No,None,38,2.87,5,Hospital,LOW-RISK
31,Secondary,20665,Rural,98,71,11.4,No,Mild,39,2.04,7,Hospital,LOW-RISK
28,Secondary,3416,Rural,138,89,10.1,No,None,34,1.87,6,Hospital,HIGH-RISK
28,Secondary,27274,Urban,99,86,9.7,No,Mild,37,3.65,1,Home,LOW-RISK
31,Secondary,44657,Rural,103,78,12.6,No,None,36,1.78,6,Hospital,HIGH-RISK
21,Higher,13371,Rural,115,90,11.0,No,Mild,35,2.44,6,Home,HIGH-RISK
24,No Education,37251,Urban,147,77,13.9,No,None,40,2.86,8,Clinic,LOW-RISK
24,Primary,14747,Rural,107,76,10.5,No,None,36,2.29,4,Home,HIGH-RISK
17,Primary,45948,Rural,90,50,13.2,No,None,35,1.7,7,Home,HIGH-RISK
23,Primary,10899,Rural,95,67,8.6,No,None,40,4.05,3,Home,LOW-RISK
32,Primary,2999,Rural,132,84,7.5,No,None,41,2.39,3,Home,HIGH-RISK
26,Primary,14183,Rural,96,74,12.6,No,Mild,39,2.31,7,Hospital,LOW-RISK
17,Secondary,49581,Rural,137,63,10.7,No,None,36,2.73,4,Hospital,HIGH-RISK
16,No Education,21813,Rural,119,71,10.6,No,Mild,37,2.09,5,Hospital,HIGH-RISK
34,Primary,10457,Urban,117,72,8.8,No,Mild,36,2.98,7,Hospital,HIGH-RISK
24,Secondary,18883,Urban,122,72,9.5,No,None,38,2.69,5,Hospital,LOW-RISK
21,Primary,29601,Rural,105,79,11.9,No,Severe,40,2.87,5,Home,LOW-RISK
23,Secondary,14127,Rural,120,73,11.5,Yes,None,38,2.96,11,Hospital,LOW-RISK
16,Secondary,94303,Rural,98,71,9.6,No,None,38,2.61,6,Hospital,LOW-RISK
32,Higher,10442,Urban,139,76,12.9,No,None,37,3.3,9,Hospital,LOW-RISK
22,Secondary,30259,Urban,101,81,13.6,No,Mild,40,3.16,4,Home,LOW-RISK
32,No Education,25569,Urban,125,90,10.7,No,None,39,3.08,7,Home,LOW-RISK
25,No Education,9190,Rural,101,66,13.2,No,None,33,1.31,5,Hospital,HIGH-RISK
32,Higher,11144,Urban,109,104,9.7,No,None,34,1.93,7,Clinic,HIGH-RISK
26,Secondary,30591,Urban,112,65,12.5,Yes,Mild,37,2.74,3,Home,HIGH-RISK
29,Secondary,16599,Rural,165,101,11.8,No,Mild,40,3.76,6,Home,HIGH-RISK
28,Secondary,19004,Rural,117,64,10.1,No,None,41,2.02,9,Home,HIGH-RISK
28,Primary,4772,Rural,104,79,15.2,No,None,40,2.45,7,Home,HIGH-RISK
26,Secondary,23742,Urban,110,80,11.9,No,None,38,3.39,7,Hospital,LOW-RISK
23,Secondary,18341,Rural,93,56,10.4,No,Mild,42,2.28,0,Hospital,HIGH-RISK
35,Higher,14343,Rural,115,73,11.5,No,None,36,2.03,3,Home,HIGH-RISK
20,Primary,19310,Urban,147,104,9.2,No,Mild,37,3.72,6,Hospital,HIGH-RISK
25,Secondary,11263,Rural,123,68,9.4,No,None,34,2.31,5,Hospital,HIGH-RISK
25,Primary,9911,Rural,132,84,10.3,No,None,37,3.27,5,Clinic,LOW-RISK
27,Higher,12663,Urban,103,74,10.8,No,None,36,2.67,4,Home,HIGH-RISK
22,Primary,10838,Rural,114,73,10.0,No,Mild,42,2.86,4,Hospital,LOW-RISK
26,Secondary,69021,Urban,121,56,13.8,No,Mild,41,2.85,2,Hospital,LOW-RISK
24,Primary,28399,Urban,106,81,10.0,No,None,38,3.29,5,Hospital,LOW-RISK
16,Secondary,7615,Urban,124,77,9.8,No,Mild,39,2.33,6,Home,HIGH-RISK
25,Secondary,62393,Rural,127,90,9.4,Yes,None,36,3.16,6,Hospital,LOW-RISK
18,Primary,11078,Rural,126,80,9.2,No,None,32,1.78,9,Hospital,HIGH-RISK
15,Higher,15312,Rural,115,75,13.3,No,Mild,36,2.91,2,Home,HIGH-RISK
25,Higher,28113,Rural,135,85,12.0,No,None,40,3.08,5,Hospital,LOW-RISK
27,Higher,3777,Rural,113,63,12.7,No,Severe,39,2.5,2,Home,HIGH-RISK
27,Primary,12706,Rural,112,91,12.8,No,Mild,37,3.07,7,Home,LOW-RISK
28,Secondary,10041,Rural,141,77,10.9,No,Mild,40,2.87,1,Clinic,HIGH-RISK
14,Secondary,17315,Rural,100,66,14.2,Yes,None,37,1.83,8,Hospital,HIGH-RISK
17,Secondary,19435,Rural,90,81,10.4,Yes,Mild,35,2.47,5,Home,HIGH-RISK
35,Secondary,14210,Rural,104,73,9.5,No,None,40,2.11,3,Home,HIGH-RISK
19,Secondary,13756,Urban,124,74,12.2,No,None,36,2.36,3,Hospital,HIGH-RISK
28,No Education,31615,Rural,138,86,11.0,No,None,41,2.72,1,Hospital,LOW-RISK
21,Secondary,18524,Urban,107,78,11.8,No,None,33,2.74,3,Hospital,HIGH-RISK
25,Primary,15441,Rural,147,82,12.6,No,None,37,2.42,7,Home,HIGH-RISK
21,Primary,16635,Rural,118,86,11.4,No,None,39,2.09,4,Hospital,LOW-RISK
28,No Education,54226,Urban,116,61,11.4,No,None,39,2.21,6,Home,LOW-RISK
25,Primary,16927,Urban,104,73,12.9,No,None,37,3.91,5,Home,LOW-RISK
22,Secondary,10463,Rural,149,93,12.0,Yes,Severe,39,4.47,1,Hospital,HIGH-RISK
19,Secondary,3942,Rural,115,81,12.4,No,None,38,3.9,7,Hospital,LOW-RISK
26,No Education,5497,Rural,96,50,8.1,No,None,34,1.18,7,Home,HIGH-RISK
18,Secondary,10817,Rural,157,85,17.0,No,Severe,37,2.04,7,Clinic,HIGH-RISK
27,Higher,13904,Urban,124,63,8.6,No,Mild,39,2.21,3,Hospital,HIGH-RISK
39,Higher,10166,Rural,130,93,10.5,No,Mild,39,3.23,4,Hospital,LOW-RISK
32,Higher,19179,Rural,144,78,10.5,No,None,38,3.96,4,Home,LOW-RISK
28,Higher,10075,Rural,127,90,15.3,No,None,37,3.3,1,Clinic,LOW-RISK
24,Secondary,7908,Rural,133,66,10.4,No,None,35,2.34,4,Hospital,HIGH-RISK
14,Higher,23032,Rural,118,80,12.3,Yes,Mild,40,2.29,3,Home,HIGH-RISK
17,Higher,39119,Urban,129,79,10.5,No,None,40,2.64,3,Clinic,LOW-RISK
32,Primary,6910,Rural,117,105,9.2,No,Mild,40,2.85,0,Home,HIGH-RISK
20,Higher,17790,Rural,117,87,12.5,No,Mild,35,3.03,5,Home,HIGH-RISK
21,Secondary,3953,Rural,119,88,10.2,No,None,38,2.53,7,Hospital,LOW-RISK
24,Secondary,5343,Urban,111,95,11.9,No,None,36,2.63,8,Hospital,HIGH-RISK
19,Higher,9933,Rural,126,81,12.6,No,None,38,2.95,3,Clinic,LOW-RISK
18,Primary,33197,Urban,126,76,14.2,No,None,43,2.86,6,Hospital,LOW-RISK
24,Secondary,8696,Urban,131,76,9.2,No,None,40,2.58,2,Hospital,HIGH-RISK
20,Secondary,8472,Urban,128,82,11.2,Yes,None,36,2.2,9,Hospital,HIGH-RISK
20,Secondary,15383,Rural,150,59,11.3,No,None,37,2.75,2,Home,HIGH-RISK
20,Higher,15394,Urban,134,80,11.5,No,None,37,2.37,6,Hospital,LOW-RISK
27,Higher,8657,Rural,114,76,16.1,No,None,38,3.29,2,Home,LOW-RISK
23,Secondary,60244,Rural,125,76,11.2,No,None,34,3.3,3,Hospital,HIGH-RISK
24,Higher,12457,Rural,140,65,7.0,No,None,39,2.89,2,Home,HIGH-RISK
28,Primary,16241,Rural,102,69,10.9,No,None,33,2.07,11,Hospital,HIGH-RISK
24,Higher,11322,Rural,150,68,11.3,No,None,34,2.47,6,Home,HIGH-RISK
23,No Education,20410,Urban,105,91,10.3,No,Mild,43,2.9,8,Hospital,LOW-RISK
27,Secondary,35606,Rural,132,77,10.2,Yes,None,37,3.43,2,Hospital,LOW-RISK
28,No Education,48067,Urban,118,53,8.9,No,None,42,2.86,4,Hospital,LOW-RISK
24,Secondary,8797,Urban,117,72,15.4,Yes,None,36,2.66,7,Hospital,HIGH-RISK
25,Primary,32414,Urban,97,78,11.7,No,None,33,3.06,7,Hospital,LOW-RISK
20,No Education,22039,Rural,132,81,10.6,No,None,35,3.15,6,Hospital,LOW-RISK
20,Secondary,29672,Urban,97,58,15.3,Yes,None,43,2.71,4,Hospital,LOW-RISK
29,Secondary,14065,Urban,94,60,9.9,No,None,34,2.94,9,Hospital,LOW-RISK
27,Primary,13159,Rural,136,77,12.0,No,Severe,42,2.21,1,Hospital,HIGH-RISK
27,Secondary,28877,Urban,146,79,9.3,No,Mild,39,2.69,6,Clinic,HIGH-RISK
26,Primary,29263,Rural,107,58,12.3,No,None,38,3.26,5,Hospital,LOW-RISK
25,No Education,44882,Rural,134,79,8.7,No,None,36,2.98,4,Clinic,HIGH-RISK
28,No Education,17236,Rural,130,64,12.1,No,None,36,2.08,3,Hospital,HIGH-RISK
30,Secondary,13918,Urban,116,85,15.0,No,None,39,2.78,5,Hospital,LOW-RISK
30,Secondary,2999,Urban,139,93,11.7,No,None,41,2.8,8,Hospital,LOW-RISK
24,Secondary,4855,Rural,115,63,7.6,No,Severe,38,2.75,5,Hospital,HIGH-RISK
32,Higher,11382,Rural,126,70,11.6,No,None,40,2.13,3,Hospital,HIGH-RISK
26,Secondary,6940,Urban,97,64,12.4,No,Mild,37,3.08,10,Home,LOW-RISK
28,Secondary,26521,Urban,98,69,13.1,No,None,43,2.1,5,Hospital,LOW-RISK
26,Higher,5995,Rural,136,83,14.2,No,Mild,39,3.43,6,Clinic,LOW-RISK
26,Primary,10560,Urban,126,83,13.3,No,None,43,3.54,4,Clinic,LOW-RISK
20,No Education,10855,Rural,115,79,11.3,No,None,36,2.05,7,Hospital,HIGH-RISK
28,No Education,34861,Rural,148,102,10.1,No,None,38,2.1,9,Hospital,HIGH-RISK
40,Secondary,9799,Rural,148,85,9.5,No,None,41,2.78,10,Clinic,HIGH-RISK
22,Secondary,20588,Rural,125,63,10.5,No,None,38,2.51,4,Home,LOW-RISK
25,Primary,17202,Rural,94,50,11.4,No,None,39,2.68,5,Home,LOW-RISK
22,Higher,28229,Rural,116,92,9.1,No,Mild,36,2.46,9,Hospital,HIGH-RISK
22,Higher,27199,Rural,104,76,9.8,No,Mild,37,2.29,5,Home,HIGH-RISK
33,Primary,14652,Rural,119,78,11.7,No,None,36,2.94,2,Hospital,LOW-RISK
21,Primary,4575,Rural,103,75,10.2,No,None,38,2.45,2,Hospital,HIGH-RISK
22,Primary,12753,Rural,98,71,11.8,No,Mild,38,3.31,5,Hospital,LOW-RISK
16,Primary,14791,Urban,81,68,10.0,No,Severe,37,2.31,0,Home,HIGH-RISK
20,Higher,18324,Rural,120,71,12.0,Yes,None,40,2.83,4,Clinic,LOW-RISK
15,Secondary,8950,Rural,81,75,10.1,No,None,35,2.55,5,Clinic,HIGH-RISK
28,No Education,33337,Urban,112,68,7.6,No,None,33,2.48,5,Home,HIGH-RISK
40,Secondary,15143,Rural,129,69,13.2,No,None,37,2.66,3,Home,HIGH-RISK
22,No Education,7875,Rural,106,53,9.2,No,Mild,43,2.53,6,Clinic,LOW-RISK
15,Secondary,10883,Rural,100,67,11.1,No,None,39,2.58,10,Home,LOW-RISK
29,Secondary,57860,Rural,116,88,10.3,No,None,36,2.04,5,Hospital,HIGH-RISK
21,Secondary,23881,Urban,104,65,12.5,No,None,39,2.98,5,Clinic,LOW-RISK
32,Secondary,31248,Rural,120,60,12.1,No,None,38,3.81,2,Home,LOW-RISK
23,Higher,7235,Urban,101,73,12.5,Yes,None,39,3.0,7,Home,LOW-RISK
21,No Education,9261,Rural,116,67,9.9,Yes,None,40,3.13,2,Hospital,HIGH-RISK
24,Secondary,9309,Rural,112,91,11.4,No,None,38,3.4,3,Hospital,LOW-RISK
29,No Education,17066,Rural,117,86,11.7,No,None,38,2.55,4,Hospital,LOW-RISK
23,Primary,13279,Urban,144,69,13.5,No,None,42,1.81,6,Hospital,HIGH-RISK
22,Higher,10648,Rural,121,74,12.1,No,Severe,39,2.8,5,Hospital,LOW-RISK
23,Secondary,11625,Rural,126,69,9.7,No,Mild,38,3.27,4,Clinic,LOW-RISK
18,Primary,8603,Urban,108,60,11.4,No,None,38,3.91,4,Hospital,LOW-RISK
27,Secondary,13225,Urban,121,75,11.2,No,Severe,37,2.26,9,Hospital,HIGH-RISK
15,Secondary,32697,Urban,113,83,7.9,No,None,35,2.97,6,Clinic,LOW-RISK
22,Higher,5201,Rural,118,75,8.2,No,None,40,2.94,5,Hospital,LOW-RISK
29,Secondary,19117,Rural,128,73,11.4,No,None,41,2.59,6,Clinic,LOW-RISK
26,No Education,39413,Rural,109,50,10.9,No,Mild,39,2.22,4,Hospital,LOW-RISK
28,Secondary,13194,Rural,111,65,11.0,No,None,39,2.48,2,Home,LOW-RISK
24,Primary,10358,Rural,110,79,12.8,No,Severe,36,2.75,8,Hospital,HIGH-RISK
31,No Education,28645,Rural,109,58,9.2,No,None,37,3.47,4,Hospital,LOW-RISK
30,Secondary,7531,Urban,120,90,9.0,No,Severe,35,0.92,3,Clinic,HIGH-RISK
27,Secondary,14763,Urban,112,67,10.0,No,Mild,37,3.08,2,Hospital,LOW-RISK
30,No Education,7243,Urban,141,84,9.7,No,Mild,40,2.48,7,Hospital,HIGH-RISK
29,Secondary,4051,Rural,160,83,11.4,No,Severe,36,2.08,3,Hospital,HIGH-RISK
22,Secondary,13486,Rural,108,60,10.1,No,None,38,3.03,5,Clinic,LOW-RISK
17,Secondary,6194,Rural,122,81,7.6,No,None,40,3.86,4,Clinic,HIGH-RISK
27,Primary,14877,Rural,134,73,6.4,No,None,41,2.41,4,Hospital,HIGH-RISK
28,Primary,32739,Rural,113,64,11.3,No,Mild,34,2.14,3,Hospital,HIGH-RISK
30,No Education,54928,Rural,102,50,9.3,No,None,37,1.93,5,Hospital,LOW-RISK
19,Primary,16014,Rural,145,98,7.7,No,None,36,2.7,8,Clinic,HIGH-RISK
20,Primary,30615,Urban,128,79,11.7,Yes,None,36,1.87,5,Hospital,HIGH-RISK
27,Primary,19832,Urban,123,89,14.2,No,None,37,3.67,6,Clinic,LOW-RISK
24,Primary,11471,Rural,141,88,10.7,No,None,33,2.35,6,Hospital,HIGH-RISK
14,Primary,3898,Rural,130,91,11.3,No,None,37,2.64,4,Home,LOW-RISK
27,Higher,46833,Rural,117,68,12.0,No,Severe,38,2.65,1,Hospital,HIGH-RISK
14,Secondary,7197,Urban,102,55,7.3,No,None,35,2.68,3,Clinic,HIGH-RISK
19,Primary,39487,Rural,110,81,12.9,Yes,Severe,37,3.18,3,Home,HIGH-RISK
32,Higher,21841,Rural,137,82,13.7,No,None,38,2.16,5,Hospital,LOW-RISK
35,Primary,7574,Urban,128,73,14.6,No,None,38,2.72,4,Clinic,LOW-RISK
18,Secondary,18661,Rural,115,83,10.7,No,Severe,34,2.17,1,Clinic,HIGH-RISK
23,Higher,66758,Rural,146,87,9.5,Yes,None,40,2.92,5,Hospital,HIGH-RISK
25,Secondary,43947,Urban,115,82,13.9,No,None,40,3.52,8,Home,LOW-RISK
34,Primary,10476,Urban,133,68,12.2,No,Mild,36,1.44,5,Home,HIGH-RISK
22,Primary,9112,Rural,121,86,12.6,No,None,42,3.33,3,Hospital,LOW-RISK
22,Secondary,16089,Rural,148,84,10.3,No,None,39,3.0,5,Hospital,HIGH-RISK
33,Secondary,13359,Urban,130,90,12.0,No,Mild,39,2.53,4,Home,LOW-RISK
22,Secondary,34739,Rural,118,86,9.6,Yes,Mild,40,3.24,3,Hospital,HIGH-RISK
28,Secondary,25172,Rural,115,82,11.5,No,None,35,2.2,7,Clinic,HIGH-RISK
16,Primary,4588,Urban,117,73,10.7,No,None,37,1.8,9,Clinic,HIGH-RISK
24,Secondary,20679,Rural,106,79,15.7,No,None,40,0.91,4,Clinic,HIGH-RISK
15,Primary,13232,Rural,96,81,12.2,No,None,36,1.57,1,Hospital,HIGH-RISK
19,Higher,15394,Urban,122,83,7.6,No,None,37,2.5,5,Hospital,LOW-RISK
29,Secondary,17855,Urban,109,75,11.5,No,None,40,2.89,7,Hospital,LOW-RISK
24,Secondary,34714,Urban,109,80,12.2,No,None,39,3.13,4,Hospital,LOW-RISK
23,Secondary,29740,Rural,116,69,10.6,No,Mild,38,2.66,2,Hospital,HIGH-RISK
20,No Education,8874,Rural,118,92,9.1,No,Severe,38,2.02,3,Clinic,HIGH-RISK
23,Primary,14397,Rural,118,57,12.7,No,Mild,38,2.59,3,Hospital,HIGH-RISK
26,Secondary,10958,Rural,145,84,9.8,No,None,40,2.68,5,Clinic,HIGH-RISK
30,Secondary,4621,Rural,128,74,12.5,No,None,43,3.76,7,Hospital,LOW-RISK
14,Secondary,13894,Rural,151,77,9.6,No,Severe,39,3.11,2,Hospital,HIGH-RISK
20,Higher,54564,Rural,110,76,10.5,No,None,41,1.89,7,Hospital,LOW-RISK
25,Primary,4525,Rural,130,66,13.2,No,None,37,2.63,3,Hospital,LOW-RISK
24,Primary,14749,Rural,111,96,12.4,No,None,36,2.38,6,Clinic,HIGH-RISK
27,Secondary,14421,Rural,109,58,11.6,No,None,36,2.3,1,Home,HIGH-RISK
26,Primary,18346,Rural,152,75,10.5,Yes,Severe,36,1.21,5,Clinic,HIGH-RISK
23,No Education,7645,Rural,105,60,10.8,No,None,37,3.25,6,Home,HIGH-RISK
22,Higher,5531,Rural,82,67,10.1,Yes,None,40,3.0,4,Hospital,HIGH-RISK
23,Higher,5714,Rural,106,83,8.8,No,None,41,2.71,4,Hospital,LOW-RISK
31,Higher,38080,Urban,85,71,12.5,No,Mild,37,2.36,4,Hospital,LOW-RISK
20,Primary,7539,Urban,102,87,13.7,No,None,37,3.36,2,Clinic,LOW-RISK
24,No Education,10573,Rural,104,61,12.6,No,None,38,1.8,5,Hospital,HIGH-RISK
26,Secondary,65450,Rural,118,83,12.0,No,Severe,39,1.95,8,Home,HIGH-RISK
33,Higher,8971,Urban,85,62,9.3,No,Severe,39,2.4,4,Hospital,HIGH-RISK
23,No Education,19062,Rural,137,83,12.6,No,None,37,2.97,5,Home,LOW-RISK
30,No Education,31586,Rural,87,78,11.5,No,None,37,2.05,2,Clinic,LOW-RISK
31,No Education,30540,Urban,115,56,12.0,No,Severe,41,2.5,5,Hospital,HIGH-RISK
24,Secondary,5905,Rural,112,95,13.4,No,Severe,37,2.61,5,Clinic,HIGH-RISK
23,Secondary,9103,Urban,131,77,14.4,No,None,37,2.99,7,Hospital,LOW-RISK
23,Secondary,18535,Rural,123,59,9.5,No,None,38,2.65,2,Hospital,LOW-RISK
23,No Education,57879,Urban,136,73,8.6,No,None,38,2.65,4,Hospital,LOW-RISK
29,Secondary,8802,Rural,112,75,11.8,No,None,34,1.79,2,Hospital,HIGH-RISK
26,Secondary,10617,Rural,110,65,9.8,No,None,37,3.4,0,Hospital,LOW-RISK
26,Primary,20120,Urban,124,54,9.4,No,None,39,3.16,5,Home,LOW-RISK
18,Primary,23145,Rural,134,81,13.4,No,Mild,43,3.14,3,Clinic,LOW-RISK
19,Secondary,24148,Rural,131,71,9.7,No,None,37,2.37,5,Home,LOW-RISK
36,Primary,8294,Rural,123,84,10.5,No,Severe,40,2.52,3,Clinic,HIGH-RISK
24,Higher,10335,Urban,121,64,8.6,No,None,38,3.06,9,Hospital,LOW-RISK
20,Secondary,17442,Rural,117,99,11.6,No,None,41,2.48,2,Hospital,LOW-RISK
32,Primary,36294,Urban,124,82,12.8,No,Severe,36,1.63,2,Hospital,HIGH-RISK
26,Secondary,12693,Rural,150,87,13.7,No,None,41,2.96,7,Clinic,LOW-RISK
28,Secondary,14767,Rural,114,80,13.4,No,None,42,2.08,6,Home,HIGH-RISK
24,No Education,7314,Rural,112,53,10.7,No,None,42,2.68,5,Hospital,LOW-RISK
23,Secondary,55274,Urban,110,67,13.5,No,None,42,3.29,2,Clinic,LOW-RISK
24,Primary,16710,Urban,124,96,12.0,No,None,38,2.88,4,Hospital,LOW-RISK
17,Primary,31895,Urban,84,61,10.5,No,Severe,39,2.22,4,Hospital,HIGH-RISK
24,Secondary,15317,Rural,115,74,12.2,No,Severe,37,3.06,5,Hospital,HIGH-RISK
26,Secondary,15922,Rural,132,74,13.1,No,None,32,2.22,5,Home,HIGH-RISK
35,Primary,5247,Rural,109,89,8.7,No,None,39,3.27,4,Clinic,LOW-RISK
25,Primary,3328,Urban,120,73,9.4,No,None,38,3.08,6,Hospital,LOW-RISK
14,Secondary,36031,Urban,151,71,11.2,No,Severe,40,2.61,4,Home,HIGH-RISK
24,Primary,15842,Rural,123,105,9.0,No,None,40,2.39,5,Hospital,HIGH-RISK
40,Higher,17331,Rural,82,50,9.3,No,None,35,1.59,4,Hospital,HIGH-RISK
29,Secondary,6257,Rural,95,67,10.7,Yes,None,43,4.22,3,Hospital,HIGH-RISK
20,Higher,7971,Urban,113,64,13.3,No,Severe,39,1.54,6,Hospital,HIGH-RISK
28,Primary,31552,Urban,105,64,12.5,No,None,35,1.53,6,Hospital,HIGH-RISK
20,Higher,50711,Rural,119,64,12.1,Yes,None,35,3.02,8,Home,LOW-RISK
17,No Education,9710,Rural,113,68,11.6,No,None,33,2.68,6,Hospital,HIGH-RISK
23,Primary,24000,Rural,136,91,15.0,No,None,40,3.0,0,Hospital,LOW-RISK
25,No Education,17134,Urban,100,50,10.2,Yes,None,37,1.7,0,Hospital,HIGH-RISK
14,No Education,13786,Urban,114,87,11.0,No,None,36,2.7,7,Hospital,LOW-RISK
18,Higher,54840,Rural,121,87,10.4,No,None,36,1.79,2,Hospital,HIGH-RISK
25,Secondary,10922,Urban,123,82,9.2,No,None,37,2.75,2,Clinic,HIGH-RISK
22,Secondary,35749,Rural,120,77,13.6,No,None,39,3.02,7,Hospital,LOW-RISK
27,Secondary,19590,Urban,80,67,11.0,No,Mild,34,2.65,2,Home,HIGH-RISK
18,Secondary,14823,Urban,119,91,12.8,No,Mild,35,1.7,4,Hospital,HIGH-RISK
28,Secondary,39191,Urban,115,55,11.1,No,None,39,3.51,6,Hospital,LOW-RISK
18,Higher,18377,Rural,131,87,13.7,No,None,37,3.25,2,Home,LOW-RISK
34,Secondary,14020,Urban,129,70,9.7,No,None,39,2.27,7,Hospital,HIGH-RISK
15,Secondary,39395,Urban,121,85,13.6,No,None,37,2.54,9,Hospital,LOW-RISK
18,Primary,35964,Rural,123,70,13.0,No,Mild,42,2.38,4,Hospital,LOW-RISK
27,Higher,34793,Urban,139,89,8.3,Yes,None,39,2.77,6,Clinic,LOW-RISK
34,No Education,2999,Urban,136,63,10.1,No,None,41,3.15,5,Hospital,LOW-RISK
26,Primary,20413,Urban,122,58,12.4,No,None,39,1.78,7,Hospital,LOW-RISK
28,Higher,17401,Rural,152,84,14.4,No,Severe,39,1.71,7,Home,HIGH-RISK
25,Primary,14638,Rural,107,87,11.9,No,Mild,36,1.95,4,Hospital,HIGH-RISK
19,No Education,22986,Rural,99,75,10.1,No,None,41,3.54,4,Hospital,LOW-RISK
22,Primary,18001,Rural,117,80,9.1,No,None,39,2.93,3,Hospital,LOW-RISK
18,Secondary,24107,Rural,112,83,12.5,No,None,36,3.36,6,Clinic,LOW-RISK
17,Higher,12434,Urban,80,59,10.7,No,None,33,2.43,5,Hospital,HIGH-RISK
27,Higher,42810,Rural,107,78,10.8,No,None,38,2.34,9,Hospital,HIGH-RISK
18,Secondary,25875,Rural,123,70,11.1,No,Severe,42,1.88,4,Hospital,HIGH-RISK
26,Higher,21929,Rural,117,71,13.1,No,None,36,2.09,6,Hospital,LOW-RISK
17,Secondary,21192,Urban,105,69,14.8,No,Mild,36,1.71,3,Hospital,HIGH-RISK
26,Higher,33721,Rural,118,69,13.3,No,None,37,1.47,11,Home,HIGH-RISK
22,Primary,30668,Rural,119,75,10.8,No,None,41,2.34,6,Home,LOW-RISK
32,Secondary,13861,Rural,129,76,9.9,No,None,33,1.68,7,Clinic,HIGH-RISK
26,No Education,30002,Urban,107,64,12.6,No,None,36,2.25,6,Home,HIGH-RISK
31,No Education,16943,Rural,131,77,14.4,No,None,35,2.12,1,Home,HIGH-RISK
20,Secondary,57391,Rural,100,71,13.3,No,Severe,39,2.98,8,Home,LOW-RISK
25,No Education,32345,Rural,109,60,11.9,No,None,38,1.91,5,Hospital,LOW-RISK
19,Secondary,9680,Rural,145,88,10.6,No,None,37,2.18,0,Hospital,HIGH-RISK
22,Secondary,76672,Rural,101,64,12.1,No,None,38,3.31,8,Hospital,LOW-RISK
23,No Education,3443,Rural,107,74,13.1,No,Severe,40,2.66,8,Home,HIGH-RISK
21,Secondary,23434,Urban,97,61,11.9,No,None,41,3.27,8,Hospital,LOW-RISK
18,Secondary,9213,Rural,104,82,11.3,No,None,41,2.72,4,Hospital,LOW-RISK
17,Higher,56012,Rural,120,86,10.3,No,Mild,39,2.9,9,Hospital,HIGH-RISK
14,Primary,17903,Urban,129,67,15.5,No,None,41,3.09,1,Clinic,HIGH-RISK
19,Higher,8605,Rural,117,80,9.9,No,None,36,1.94,4,Home,HIGH-RISK
28,Higher,12447,Rural,112,89,9.7,No,None,39,2.43,2,Hospital,HIGH-RISK
16,Secondary,9100,Rural,98,59,11.8,No,None,43,2.43,0,Home,HIGH-RISK
17,Primary,12109,Rural,106,62,10.6,No,None,33,2.03,7,Hospital,HIGH-RISK
34,Secondary,11917,Rural,93,76,13.3,No,None,37,3.12,5,Clinic,LOW-RISK
21,Higher,8866,Urban,129,64,13.4,No,Mild,35,2.22,6,Hospital,HIGH-RISK
26,Primary,18121,Rural,130,70,9.3,No,None,39,3.44,6,Clinic,LOW-RISK
28,Higher,19725,Rural,117,63,10.1,No,None,42,3.76,3,Hospital,LOW-RISK
28,Higher,7468,Rural,125,86,9.9,No,None,39,2.32,11,Home,LOW-RISK
16,Secondary,4698,Urban,132,72,12.9,No,None,37,3.45,2,Hospital,LOW-RISK
23,Secondary,18647,Urban,119,72,12.3,No,Severe,39,2.79,9,Home,HIGH-RISK
16,Secondary,21766,Rural,140,73,10.8,No,None,37,3.01,4,Clinic,HIGH-RISK
38,Secondary,25008,Rural,101,82,11.9,No,None,38,2.73,6,Home,HIGH-RISK
16,Higher,22062,Rural,112,64,9.5,No,Mild,40,3.47,5,Hospital,HIGH-RISK
19,No Education,45103,Rural,110,57,9.5,No,None,42,2.99,5,Hospital,LOW-RISK
19,No Education,30144,Rural,128,63,8.8,No,None,39,2.61,3,Hospital,LOW-RISK
16,Primary,97898,Rural,95,76,11.0,No,Mild,39,2.57,7,Hospital,LOW-RISK
32,Higher,120000,Rural,141,90,11.8,No,Mild,43,2.14,6,Hospital,HIGH-RISK
38,Primary,4381,Rural,126,91,8.8,No,None,33,1.91,6,Hospital,HIGH-RISK
22,Higher,3222,Urban,146,70,12.3,No,None,38,3.47,3,Hospital,LOW-RISK
17,Secondary,14922,Urban,117,72,13.4,No,None,36,2.71,3,Hospital,HIGH-RISK
14,Primary,21349,Rural,109,99,9.1,No,Mild,37,2.45,8,Hospital,HIGH-RISK
23,Higher,14224,Urban,128,75,10.9,No,None,40,2.2,8,Clinic,LOW-RISK
23,Secondary,24546,Rural,134,73,12.4,Yes,None,40,3.32,7,Home,LOW-RISK
21,Primary,12414,Urban,106,71,11.0,No,Mild,37,3.04,3,Hospital,LOW-RISK
26,No Education,9228,Rural,86,71,8.6,Yes,None,40,1.71,8,Hospital,HIGH-RISK
27,No Education,10257,Urban,88,72,10.3,No,None,36,4.15,5,Clinic,HIGH-RISK
26,No Education,13038,Rural,122,70,10.0,No,None,35,2.52,1,Clinic,HIGH-RISK
23,Primary,27072,Rural,142,76,10.5,No,None,38,3.74,6,Home,LOW-RISK
18,Secondary,10668,Urban,97,65,11.3,No,None,37,2.9,3,Hospital,LOW-RISK
28,Primary,12253,Rural,113,65,13.9,No,None,42,2.23,9,Home,HIGH-RISK
25,No Education,22358,Rural,112,60,10.9,No,None,43,2.91,3,Hospital,LOW-RISK
29,Primary,13051,Rural,148,104,8.3,No,None,36,1.31,3,Hospital,HIGH-RISK
29,Secondary,32777,Rural,154,81,11.7,No,Mild,33,2.51,4,Hospital,HIGH-RISK
17,Higher,7880,Rural,124,73,14.6,No,None,35,1.51,0,Home,HIGH-RISK
17,Primary,6770,Rural,132,76,10.5,No,Mild,36,2.14,4,Hospital,HIGH-RISK
20,No Education,18565,Rural,131,78,10.3,No,None,39,2.94,2,Home,HIGH-RISK
19,Secondary,19906,Rural,97,73,11.0,Yes,Mild,37,2.96,5,Clinic,LOW-RISK
29,Higher,8187,Rural,129,73,12.6,No,None,35,1.45,3,Home,HIGH-RISK
26,Secondary,38419,Rural,101,82,10.9,No,None,42,2.45,11,Clinic,HIGH-RISK
31,Higher,57714,Rural,115,81,8.8,Yes,Severe,40,1.71,8,Hospital,HIGH-RISK
27,Higher,9665,Rural,136,78,10.3,Yes,None,42,3.14,4,Clinic,HIGH-RISK
26,Secondary,42485,Rural,119,68,11.4,No,None,33,2.37,4,Clinic,HIGH-RISK
31,Higher,2999,Urban,135,92,12.5,No,None,41,2.15,11,Home,LOW-RISK
27,No Education,31859,Rural,138,80,9.8,No,None,38,3.57,3,Hospital,LOW-RISK
25,Higher,8228,Rural,89,53,11.0,No,Mild,37,3.06,8,Hospital,LOW-RISK
33,Higher,29704,Rural,83,76,11.6,No,None,38,2.74,8,Hospital,LOW-RISK
25,Higher,7653,Rural,136,73,10.1,No,None,36,1.87,7,Clinic,HIGH-RISK
23,Secondary,14297,Rural,137,90,11.3,No,None,38,2.45,2,Hospital,LOW-RISK
20,Secondary,8507,Urban,122,51,12.3,No,None,40,2.37,6,Hospital,LOW-RISK
28,Primary,12914,Rural,124,72,9.0,No,None,33,2.83,5,Hospital,HIGH-RISK
31,Secondary,54000,Rural,132,92,12.1,No,Mild,42,2.95,4,Clinic,LOW-RISK
24,Primary,13908,Rural,131,79,8.8,No,None,39,2.22,4,Clinic,HIGH-RISK
32,Secondary,65710,Urban,113,80,9.6,No,None,38,3.51,4,Hospital,LOW-RISK
14,Secondary,11449,Rural,133,70,10.3,No,Severe,40,2.75,6,Hospital,HIGH-RISK
24,Primary,42618,Urban,112,77,13.6,No,None,39,2.29,5,Hospital,HIGH-RISK
24,Primary,4806,Rural,121,76,7.5,No,None,37,3.89,9,Hospital,LOW-RISK
21,Primary,12274,Rural,121,78,10.2,No,Severe,36,1.85,6,Hospital,HIGH-RISK
38,Secondary,10306,Urban,104,93,11.5,No,None,42,2.35,1,Hospital,HIGH-RISK
24,Secondary,44011,Rural,106,86,13.6,No,None,34,2.13,4,Hospital,HIGH-RISK
22,Secondary,17076,Rural,153,94,15.0,No,None,38,2.98,4,Clinic,LOW-RISK
25,No Education,3477,Rural,103,79,10.0,No,None,34,1.77,3,Hospital,HIGH-RISK
14,Higher,5995,Rural,123,66,12.5,No,Mild,39,1.58,2,Hospital,HIGH-RISK
20,Secondary,7383,Rural,127,72,11.3,No,None,38,2.82,4,Hospital,LOW-RISK
30,No Education,28843,Rural,117,58,10.7,No,Mild,35,1.51,7,Hospital,HIGH-RISK
21,Primary,26352,Rural,128,65,11.2,No,None,36,1.9,6,Hospital,LOW-RISK
20,Secondary,12155,Urban,123,67,8.6,No,None,38,2.35,6,Hospital,HIGH-RISK
32,Primary,10217,Urban,104,70,10.7,No,None,39,2.2,4,Clinic,LOW-RISK
32,No Education,24767,Urban,126,64,11.9,No,Mild,33,2.25,7,Home,HIGH-RISK
27,Primary,6803,Urban,109,72,9.8,No,None,36,1.91,5,Hospital,HIGH-RISK
22,No Education,20664,Rural,145,82,11.9,Yes,None,38,2.34,3,Hospital,HIGH-RISK
23,No Education,19468,Urban,124,64,7.5,No,None,41,3.33,7,Clinic,LOW-RISK
20,Primary,12376,Rural,106,88,10.9,No,None,40,2.25,9,Hospital,LOW-RISK
19,Higher,19814,Urban,123,62,13.9,No,None,37,2.66,2,Hospital,LOW-RISK
19,Secondary,16111,Rural,103,83,11.1,No,Severe,40,2.78,3,Clinic,HIGH-RISK
21,Secondary,21247,Rural,122,52,9.7,No,None,37,1.87,7,Hospital,LOW-RISK
19,Secondary,5895,Urban,114,72,8.9,No,None,30,1.54,8,Hospital,HIGH-RISK
16,Secondary,23062,Rural,104,57,12.2,No,None,42,2.78,4,Hospital,LOW-RISK
26,No Education,30774,Rural,104,63,12.8,No,None,39,2.76,7,Home,LOW-RISK
26,Primary,18778,Rural,156,106,11.0,No,Mild,38,2.37,2,Clinic,HIGH-RISK
34,Primary,22848,Rural,119,72,10.7,No,Severe,38,2.79,5,Clinic,LOW-RISK
21,Secondary,13889,Rural,111,60,8.0,No,None,39,2.95,8,Hospital,LOW-RISK
26,Secondary,27993,Urban,108,78,11.7,No,Mild,38,3.12,6,Hospital,LOW-RISK
26,Primary,15700,Rural,125,74,10.0,No,Mild,37,3.17,3,Hospital,HIGH-RISK
23,Secondary,6715,Urban,107,73,10.4,No,None,36,3.04,6,Hospital,HIGH-RISK
29,Higher,26634,Rural,100,59,14.4,No,None,38,2.86,8,Clinic,LOW-RISK
29,Primary,4778,Rural,117,65,7.7,No,None,36,1.25,3,Home,HIGH-RISK
26,Secondary,18283,Rural,117,66,8.5,No,Severe,35,2.07,7,Hospital,HIGH-RISK
23,Secondary,11462,Rural,111,81,11.9,No,Mild,39,2.1,8,Clinic,LOW-RISK
23,Secondary,10961,Rural,103,68,10.8,No,None,40,3.26,1,Hospital,LOW-RISK
17,Secondary,16919,Rural,111,61,10.6,No,None,36,2.84,5,Hospital,HIGH-RISK
20,Secondary,9129,Rural,110,74,12.0,No,Mild,36,2.21,5,Clinic,HIGH-RISK
21,Primary,21468,Urban,108,73,11.1,No,None,34,3.2,8,Home,LOW-RISK
18,Secondary,15608,Urban,122,83,9.7,Yes,Severe,35,2.75,5,Clinic,HIGH-RISK
27,Higher,9737,Rural,153,80,10.4,No,Mild,35,2.63,3,Hospital,HIGH-RISK
31,Primary,38274,Rural,139,81,10.9,No,None,40,3.09,5,Hospital,LOW-RISK
20,Higher,17311,Urban,149,89,11.8,No,None,34,2.65,7,Hospital,HIGH-RISK
26,Primary,23326,Rural,108,61,12.4,No,None,39,2.03,5,Hospital,LOW-RISK
19,Secondary,40433,Urban,144,92,10.5,No,None,37,2.94,1,Hospital,HIGH-RISK
23,Secondary,39971,Rural,121,76,12.1,No,None,40,3.1,4,Hospital,LOW-RISK
21,Secondary,22508,Rural,133,67,13.2,No,Mild,41,2.01,6,Home,LOW-RISK
28,Higher,12136,Urban,125,65,11.6,No,Mild,38,3.85,5,Hospital,LOW-RISK
21,Primary,5513,Urban,112,72,11.0,No,None,41,3.4,3,Home,LOW-RISK
30,Secondary,17335,Urban,129,72,11.1,No,None,42,3.41,9,Hospital,LOW-RISK
23,Secondary,32273,Rural,125,86,10.4,No,None,41,3.02,5,Hospital,HIGH-RISK
21,Higher,19222,Rural,89,63,9.8,No,None,36,1.93,4,Hospital,HIGH-RISK
18,Secondary,2999,Urban,116,78,11.0,No,None,33,1.83,8,Clinic,HIGH-RISK
26,Higher,27580,Rural,131,69,12.3,No,None,38,2.75,4,Hospital,LOW-RISK
29,Higher,28792,Rural,122,76,9.9,No,None,38,3.18,6,Home,LOW-RISK
26,Primary,12148,Rural,125,92,10.6,No,Mild,33,2.48,8,Home,HIGH-RISK
37,Higher,29961,Urban,105,70,11.2,No,None,38,3.74,6,Hospital,LOW-RISK
32,Higher,23280,Urban,122,70,14.7,No,None,32,2.19,5,Clinic,HIGH-RISK
23,Primary,9283,Rural,116,65,12.0,No,Mild,42,2.6,5,Home,LOW-RISK
23,Secondary,36523,Rural,114,73,12.8,No,None,39,2.8,0,Home,LOW-RISK
27,Primary,6176,Rural,107,87,13.1,No,None,36,1.95,1,Hospital,HIGH-RISK
20,Secondary,14410,Rural,132,65,10.5,No,None,38,3.63,7,Hospital,LOW-RISK
31,No Education,13438,Urban,123,76,13.7,No,None,39,2.66,3,Clinic,LOW-RISK
26,Secondary,8416,Urban,121,57,11.8,No,None,39,2.94,7,Hospital,LOW-RISK
26,Secondary,18554,Urban,150,80,11.4,No,Severe,38,3.25,5,Clinic,HIGH-RISK
28,Secondary,37536,Rural,125,80,9.3,No,None,40,2.39,4,Hospital,HIGH-RISK
34,No Education,35926,Urban,137,63,10.5,No,Severe,35,2.21,5,Clinic,HIGH-RISK
25,Secondary,24893,Urban,122,72,8.3,No,None,38,2.8,3,Hospital,LOW-RISK
24,Secondary,4576,Urban,112,77,11.1,No,None,42,3.34,7,Hospital,LOW-RISK
33,Secondary,5887,Urban,101,71,10.5,No,None,37,2.8,5,Hospital,LOW-RISK
30,Primary,16850,Rural,121,79,9.9,No,Mild,39,1.23,3,Home,HIGH-RISK
23,No Education,14644,Rural,80,53,8.4,No,Severe,36,1.76,4,Home,HIGH-RISK
25,Secondary,10584,Rural,122,80,12.8,No,None,43,1.98,3,Home,LOW-RISK
26,Higher,56927,Rural,123,70,12.6,No,Severe,39,3.86,3,Hospital,LOW-RISK
26,Primary,16153,Rural,114,81,14.3,No,Mild,35,3.02,2,Clinic,LOW-RISK
17,Secondary,21927,Rural,116,50,14.5,No,Severe,41,1.62,3,Home,HIGH-RISK
16,No Education,29951,Urban,97,65,11.2,No,None,35,1.81,10,Clinic,HIGH-RISK
20,Secondary,15588,Urban,140,83,13.3,No,None,40,2.04,5,Hospital,HIGH-RISK
19,Primary,92000,Rural,112,88,11.3,No,Severe,41,2.92,3,Hospital,HIGH-RISK
21,Secondary,7766,Rural,102,71,10.7,No,Mild,43,2.27,1,Hospital,HIGH-RISK
28,Primary,9813,Rural,126,80,10.6,No,Mild,39,2.65,7,Hospital,LOW-RISK
24,No Education,7752,Urban,119,80,11.8,No,None,38,2.04,4,Hospital,LOW-RISK
26,Primary,44786,Urban,112,87,16.2,No,None,33,2.63,3,Hospital,LOW-RISK
18,Primary,26298,Urban,110,68,13.0,No,None,37,1.88,2,Hospital,HIGH-RISK
22,Secondary,10248,Rural,117,59,11.9,No,None,36,3.89,9,Home,LOW-RISK
28,Higher,8193,Rural,139,64,12.4,No,None,38,3.63,8,Hospital,LOW-RISK
28,Secondary,39546,Urban,125,85,12.4,No,Mild,37,4.16,3,Hospital,HIGH-RISK
21,Higher,19321,Urban,117,77,11.3,Yes,None,40,3.13,9,Hospital,LOW-RISK
25,Secondary,40259,Urban,131,76,12.9,No,Severe,37,3.66,2,Hospital,HIGH-RISK
37,No Education,14381,Urban,118,69,10.8,No,None,39,3.29,5,Home,LOW-RISK
24,Primary,21458,Rural,124,78,9.7,No,None,38,2.25,4,Home,HIGH-RISK
21,Secondary,18508,Rural,120,78,12.4,No,None,36,2.35,2,Hospital,HIGH-RISK
24,Primary,9690,Rural,127,83,12.5,No,Severe,36,2.52,5,Hospital,HIGH-RISK
25,Higher,13560,Rural,110,60,11.2,No,None,39,3.43,7,Clinic,LOW-RISK
24,Secondary,6547,Rural,99,50,12.1,No,Severe,41,2.8,2,Hospital,HIGH-RISK
24,Secondary,21198,Rural,132,69,13.2,No,None,36,2.51,7,Clinic,LOW-RISK
17,Secondary,25557,Rural,142,68,11.4,No,None,38,2.62,1,Hospital,HIGH-RISK
19,Primary,29998,Rural,100,54,9.9,No,Mild,39,2.57,3,Hospital,HIGH-RISK
24,Secondary,23918,Urban,120,93,10.2,No,None,38,1.99,2,Hospital,HIGH-RISK
24,No Education,13712,Urban,110,50,10.1,No,None,34,2.5,4,Hospital,LOW-RISK
21,Primary,44452,Urban,132,85,14.2,No,None,39,2.53,6,Clinic,LOW-RISK
24,Primary,28012,Rural,121,85,11.0,No,None,34,1.3,6,Hospital,LOW-RISK
25,Primary,39647,Rural,171,101,11.4,Yes,Mild,34,1.83,10,Home,HIGH-RISK
29,Secondary,41427,Urban,113,77,10.9,Yes,None,35,2.24,8,Hospital,HIGH-RISK
24,No Education,13737,Rural,142,97,10.2,No,None,38,3.17,7,Hospital,HIGH-RISK
27,Primary,19679,Rural,144,102,9.5,No,None,36,2.48,3,Hospital,HIGH-RISK
22,Higher,25796,Rural,126,74,11.7,No,None,34,3.15,1,Hospital,HIGH-RISK
28,Higher,6710,Rural,118,80,10.6,No,Mild,39,3.62,8,Clinic,LOW-RISK
27,Secondary,6815,Urban,119,90,13.8,Yes,None,38,2.64,5,Clinic,LOW-RISK
29,Secondary,6040,Rural,118,66,11.3,No,Severe,40,3.34,1,Hospital,HIGH-RISK
28,Secondary,13906,Urban,136,78,11.4,No,None,36,2.16,8,Hospital,HIGH-RISK
28,No Education,11878,Rural,104,64,10.9,No,None,38,2.08,5,Hospital,HIGH-RISK
24,Secondary,5490,Urban,115,80,12.2,No,None,40,2.28,5,Hospital,LOW-RISK
26,No Education,16653,Urban,113,53,14.0,Yes,Mild,35,1.73,10,Home,HIGH-RISK
30,Secondary,14028,Rural,90,82,9.6,No,None,36,1.81,8,Clinic,HIGH-RISK
21,Higher,34316,Rural,131,84,12.0,No,None,40,3.89,1,Home,LOW-RISK
21,Secondary,61383,Rural,135,87,8.7,Yes,None,38,2.51,8,Hospital,LOW-RISK
25,Higher,20646,Rural,107,50,13.7,No,Severe,38,2.59,6,Home,LOW-RISK
27,Secondary,9211,Urban,134,68,11.3,No,None,38,2.88,7,Clinic,LOW-RISK
20,Secondary,23588,Rural,92,84,8.8,No,None,41,2.07,10,Home,HIGH-RISK
24,Secondary,15097,Urban,118,74,9.2,No,None,38,2.88,5,Hospital,LOW-RISK
24,Secondary,12679,Urban,115,56,13.0,No,None,38,3.16,9,Home,LOW-RISK
14,Secondary,8206,Rural,119,78,8.5,No,None,38,3.62,5,Clinic,LOW-RISK
23,Primary,10838,Rural,119,83,11.8,Yes,None,34,3.2,2,Clinic,LOW-RISK
24,Secondary,13244,Rural,116,80,10.7,No,None,39,3.0,1,Hospital,LOW-RISK
24,Primary,26335,Rural,111,71,10.9,No,None,36,1.96,4,Home,HIGH-RISK
32,Secondary,21450,Rural,116,87,10.3,No,None,35,2.38,1,Home,HIGH-RISK
18,No Education,53836,Rural,139,74,9.5,Yes,None,34,2.41,6,Clinic,HIGH-RISK
20,Secondary,24048,Urban,108,78,10.6,No,Mild,34,2.54,3,Home,HIGH-RISK
14,Primary,20187,Rural,154,87,12.0,Yes,None,32,2.35,2,Hospital,HIGH-RISK
22,Primary,12105,Rural,107,70,10.0,No,None,35,1.78,2,Hospital,HIGH-RISK
22,Secondary,7255,Rural,121,71,12.3,No,None,37,3.17,1,Hospital,LOW-RISK
22,Primary,10065,Rural,127,74,11.1,No,None,41,2.96,4,Hospital,LOW-RISK
31,Higher,9190,Rural,113,74,12.6,No,Mild,38,2.38,5,Hospital,HIGH-RISK
29,Secondary,2999,Rural,140,78,12.2,No,None,39,3.62,3,Home,HIGH-RISK
25,Primary,7403,Rural,126,86,9.7,No,None,41,2.91,11,Home,LOW-RISK
22,No Education,46043,Rural,114,68,9.7,No,Severe,31,1.47,3,Hospital,HIGH-RISK
30,Higher,19415,Rural,139,99,13.2,No,Mild,39,3.32,4,Hospital,LOW-RISK
24,Secondary,11524,Rural,101,63,10.0,No,Mild,39,2.43,8,Hospital,HIGH-RISK
20,Secondary,19825,Rural,108,83,12.4,No,None,40,2.57,1,Hospital,LOW-RISK
15,Primary,3821,Urban,127,88,11.0,No,None,34,2.31,5,Hospital,HIGH-RISK
22,Secondary,18274,Rural,130,80,10.7,No,None,37,3.27,2,Hospital,LOW-RISK
29,Higher,36682,Rural,123,77,12.3,No,None,36,2.3,4,Hospital,HIGH-RISK
37,Primary,13780,Urban,115,66,13.8,No,None,35,2.89,0,Home,HIGH-RISK
25,No Education,4339,Urban,113,68,12.6,No,Mild,43,1.93,0,Hospital,LOW-RISK
20,No Education,11226,Rural,136,83,11.6,No,None,37,2.19,3,Home,LOW-RISK
18,No Education,36727,Urban,121,75,14.2,No,Mild,40,2.82,3,Home,LOW-RISK
28,Secondary,17976,Rural,104,84,8.5,No,None,40,2.4,9,Clinic,HIGH-RISK
15,Higher,5557,Urban,103,65,9.5,No,None,34,2.26,2,Clinic,HIGH-RISK
28,Higher,78680,Urban,142,78,10.7,No,None,37,3.21,5,Clinic,HIGH-RISK
29,Secondary,6236,Urban,106,53,14.1,No,Mild,38,2.36,2,Home,HIGH-RISK
27,Primary,12654,Rural,122,84,12.9,Yes,None,39,2.4,2,Hospital,LOW-RISK
23,Higher,7256,Rural,139,88,8.4,No,None,39,2.86,7,Home,HIGH-RISK
28,Primary,7263,Rural,126,88,10.5,Yes,Mild,42,1.63,6,Home,HIGH-RISK
25,Primary,10930,Rural,105,83,8.8,No,None,40,3.35,4,Hospital,LOW-RISK
20,Secondary,23414,Rural,101,78,11.4,Yes,None,40,2.87,4,Hospital,LOW-RISK
35,No Education,37018,Urban,147,93,12.8,No,None,40,2.85,6,Clinic,LOW-RISK
23,Higher,11447,Urban,101,76,13.3,No,Severe,41,2.5,8,Home,LOW-RISK
29,Higher,7396,Rural,109,81,12.0,No,None,36,2.76,8,Hospital,HIGH-RISK
14,Secondary,20970,Urban,123,56,10.7,No,Mild,34,2.49,0,Hospital,HIGH-RISK
32,Secondary,21405,Rural,114,61,11.3,No,None,36,2.94,4,Hospital,LOW-RISK
33,Primary,17748,Rural,127,64,11.8,No,None,35,1.08,1,Clinic,HIGH-RISK
25,No Education,18193,Rural,94,81,14.9,No,None,36,2.31,9,Hospital,HIGH-RISK
28,Secondary,13863,Rural,114,65,9.4,No,Severe,38,2.82,5,Hospital,HIGH-RISK
28,Secondary,16066,Rural,128,72,14.4,No,None,37,2.97,4,Home,LOW-RISK
21,Higher,13208,Rural,128,79,11.9,No,Severe,40,3.57,4,Hospital,LOW-RISK
28,No Education,31728,Rural,108,59,12.8,Yes,None,39,2.05,2,Hospital,HIGH-RISK
20,Primary,71376,Rural,101,74,11.2,No,None,39,2.03,3,Home,LOW-RISK
21,Primary,17010,Rural,121,52,13.6,No,None,35,2.38,4,Clinic,LOW-RISK
31,Secondary,14931,Rural,97,56,12.1,No,None,36,1.52,7,Hospital,HIGH-RISK
30,Secondary,17942,Rural,138,84,10.3,No,None,33,3.4,1,Home,HIGH-RISK
21,Higher,9464,Rural,120,62,12.3,No,None,39,3.31,3,Hospital,LOW-RISK
20,Primary,25624,Rural,106,86,13.0,No,Mild,43,3.08,4,Clinic,LOW-RISK
21,Secondary,20427,Urban,101,70,11.5,No,Mild,38,3.23,7,Hospital,LOW-RISK
29,No Education,11175,Rural,107,84,7.5,No,Severe,39,3.5,5,Hospital,HIGH-RISK
19,Primary,28204,Rural,93,71,10.6,No,None,37,2.46,5,Hospital,HIGH-RISK
26,Primary,15200,Rural,125,77,11.7,No,Mild,37,2.6,3,Hospital,LOW-RISK
29,Secondary,7606,Urban,105,61,11.4,No,None,41,2.99,2,Hospital,LOW-RISK
24,Secondary,19185,Rural,124,87,10.6,No,None,38,2.52,3,Home,LOW-RISK
30,Primary,17706,Rural,126,82,13.5,No,None,40,2.29,9,Hospital,HIGH-RISK
23,Secondary,29380,Rural,133,102,7.2,No,Severe,41,2.51,6,Home,HIGH-RISK
23,Higher,26846,Urban,122,86,11.7,No,None,41,3.01,5,Hospital,LOW-RISK
19,Primary,13895,Urban,136,76,10.9,No,None,38,3.3,4,Hospital,LOW-RISK
30,Primary,10778,Urban,140,85,14.3,Yes,None,38,2.1,6,Hospital,HIGH-RISK
20,Secondary,15018,Urban,122,81,11.5,No,None,37,2.7,1,Home,LOW-RISK
26,Secondary,19343,Rural,123,89,12.3,No,None,39,2.77,5,Hospital,LOW-RISK
24,Higher,21045,Rural,109,87,11.7,Yes,None,37,2.04,4,Home,LOW-RISK
19,Primary,18523,Rural,102,69,11.6,No,None,39,3.05,5,Hospital,LOW-RISK
21,Secondary,14076,Rural,138,68,14.7,No,None,41,2.74,1,Hospital,LOW-RISK
32,Higher,30139,Rural,127,57,9.5,No,None,34,1.71,8,Hospital,HIGH-RISK
26,Primary,9356,Urban,128,66,10.0,Yes,None,33,1.95,5,Hospital,HIGH-RISK
19,Secondary,85083,Rural,108,66,12.9,No,None,38,3.09,6,Home,LOW-RISK
26,Higher,25589,Rural,143,99,12.0,No,None,40,3.34,6,Home,LOW-RISK
24,No Education,6812,Rural,114,90,10.6,No,None,39,2.99,6,Hospital,LOW-RISK
43,Secondary,17076,Rural,105,82,11.4,No,None,35,3.15,6,Hospital,LOW-RISK
26,Higher,25762,Rural,108,86,13.1,No,None,40,3.41,5,Hospital,LOW-RISK
22,Primary,11745,Rural,143,75,11.9,Yes,None,43,3.1,3,Home,HIGH-RISK
32,Secondary,5266,Rural,100,53,10.2,No,None,36,2.12,4,Clinic,HIGH-RISK
14,Secondary,7247,Rural,105,60,11.9,No,None,36,2.63,3,Hospital,HIGH-RISK
25,Higher,21922,Rural,164,66,11.4,Yes,None,38,2.38,3,Hospital,HIGH-RISK
35,Higher,4392,Urban,133,67,12.3,No,None,38,3.21,6,Hospital,LOW-RISK
24,Higher,5438,Rural,106,66,10.9,No,None,41,1.46,6,Hospital,HIGH-RISK
15,No Education,21841,Rural,100,71,8.8,No,Severe,39,2.53,3,Hospital,HIGH-RISK
22,Secondary,12836,Rural,91,68,12.7,Yes,None,37,2.03,6,Home,HIGH-RISK
32,Higher,9216,Urban,119,68,12.5,Yes,None,37,2.64,5,Hospital,LOW-RISK
27,Secondary,10609,Rural,129,85,14.0,No,None,34,1.37,2,Hospital,HIGH-RISK
20,Secondary,5357,Rural,142,75,9.1,No,None,41,2.82,6,Clinic,LOW-RISK
21,No Education,21055,Urban,87,66,10.6,No,None,40,3.06,4,Hospital,LOW-RISK
21,Higher,8528,Rural,96,56,11.1,No,None,38,2.44,7,Clinic,LOW-RISK
26,No Education,10309,Rural,116,86,10.2,No,Mild,38,2.62,5,Hospital,LOW-RISK
32,Primary,19121,Urban,162,89,7.9,No,Severe,38,2.92,3,Hospital,HIGH-RISK
30,Higher,12533,Urban,132,87,9.6,No,Severe,34,1.98,3,Hospital,HIGH-RISK
27,Higher,9159,Rural,123,63,12.0,No,None,34,3.0,4,Home,LOW-RISK
17,Higher,3726,Rural,98,71,10.6,No,Severe,37,2.42,6,Clinic,HIGH-RISK
17,Secondary,19399,Rural,84,71,10.0,No,Mild,37,3.1,3,Clinic,HIGH-RISK
27,Primary,15852,Rural,118,53,13.4,Yes,None,38,2.94,4,Home,LOW-RISK
17,Secondary,10442,Rural,116,87,15.8,No,Severe,42,1.93,4,Hospital,HIGH-RISK
23,No Education,7256,Rural,113,60,10.5,No,Severe,37,2.85,7,Clinic,HIGH-RISK
26,Higher,15134,Urban,111,75,8.8,No,None,36,2.06,8,Home,HIGH-RISK
18,Secondary,20997,Rural,106,91,12.2,No,Mild,38,2.53,5,Home,LOW-RISK
19,Secondary,16062,Rural,102,81,7.7,No,Mild,35,3.25,3,Home,HIGH-RISK
24,No Education,47214,Rural,140,65,8.4,Yes,None,38,3.51,5,Clinic,HIGH-RISK
27,Secondary,24566,Rural,103,69,12.2,No,None,36,2.04,1,Hospital,HIGH-RISK
30,Higher,13914,Urban,113,87,9.0,No,None,39,3.15,5,Hospital,LOW-RISK
28,Secondary,25149,Rural,117,66,11.0,No,Severe,38,3.21,6,Hospital,LOW-RISK
25,No Education,15519,Rural,129,75,8.7,No,None,38,2.88,2,Home,LOW-RISK
20,Primary,15482,Urban,104,66,10.9,No,None,40,2.2,5,Home,HIGH-RISK
19,Primary,37170,Rural,133,86,13.5,No,None,40,2.28,7,Home,HIGH-RISK
22,No Education,7999,Rural,108,56,10.2,No,None,43,3.09,1,Home,HIGH-RISK
27,Higher,15246,Rural,115,81,11.5,No,None,40,3.08,3,Hospital,LOW-RISK
26,Secondary,34496,Rural,144,76,10.0,No,None,37,2.64,3,Hospital,HIGH-RISK
14,No Education,18621,Urban,102,70,9.3,No,Mild,36,2.77,5,Clinic,HIGH-RISK
20,Secondary,11585,Urban,129,76,10.0,No,None,39,3.62,8,Hospital,LOW-RISK
31,Primary,4543,Urban,134,86,11.9,No,Severe,42,3.61,7,Clinic,LOW-RISK
25,Primary,3061,Urban,122,76,8.9,Yes,Mild,40,3.62,2,Hospital,HIGH-RISK
17,Secondary,64159,Urban,116,90,10.9,No,None,36,2.3,5,Hospital,HIGH-RISK
37,No Education,18615,Rural,152,96,11.8,No,None,39,2.07,6,Hospital,HIGH-RISK
24,Secondary,9966,Urban,117,66,13.1,No,None,39,2.62,3,Hospital,LOW-RISK
27,Higher,19157,Rural,121,91,12.3,No,Severe,41,2.74,4,Hospital,HIGH-RISK
27,Higher,7726,Urban,112,77,11.4,Yes,None,39,2.45,7,Home,LOW-RISK
22,Primary,11896,Urban,120,77,9.5,No,Mild,39,2.59,8,Hospital,HIGH-RISK
20,Secondary,7763,Rural,133,89,13.2,No,Severe,35,1.77,3,Hospital,HIGH-RISK
36,Primary,5577,Rural,113,62,9.8,No,None,40,3.19,7,Hospital,LOW-RISK
30,Secondary,3436,Rural,84,50,10.0,No,Severe,35,2.98,4,Hospital,HIGH-RISK
29,Primary,4902,Urban,126,78,13.0,No,Mild,38,4.11,4,Hospital,LOW-RISK
28,Secondary,30659,Rural,100,63,12.1,No,None,37,2.94,5,Hospital,LOW-RISK
19,Primary,7517,Urban,129,101,11.2,No,Severe,36,2.25,5,Clinic,HIGH-RISK
32,Higher,21812,Rural,117,66,12.6,No,None,39,2.78,2,Hospital,LOW-RISK
20,Higher,29303,Rural,133,80,11.3,No,None,38,3.55,3,Clinic,LOW-RISK
26,Primary,15175,Rural,102,73,8.0,No,None,32,3.15,3,Hospital,HIGH-RISK
15,Secondary,12170,Rural,109,86,12.0,No,Mild,38,2.67,9,Clinic,LOW-RISK
14,No Education,16463,Rural,112,63,10.7,No,Mild,37,3.46,5,Hospital,HIGH-RISK
26,Secondary,11205,Urban,94,50,10.0,No,None,41,2.89,4,Hospital,LOW-RISK
20,Primary,34840,Urban,135,96,8.9,No,None,35,1.74,4,Hospital,HIGH-RISK
14,No Education,55791,Rural,91,67,10.5,Yes,None,43,2.71,4,Home,HIGH-RISK
27,Secondary,41384,Rural,135,89,9.1,Yes,None,40,3.74,5,Clinic,LOW-RISK
36,Secondary,3326,Urban,124,86,11.2,Yes,None,37,3.2,4,Hospital,LOW-RISK
32,Secondary,11046,Urban,114,85,11.0,No,Mild,37,2.52,3,Home,LOW-RISK
23,Secondary,15043,Rural,123,72,11.3,No,None,36,2.9,0,Hospital,HIGH-RISK
25,No Education,20742,Urban,123,69,12.1,No,None,39,3.19,3,Hospital,LOW-RISK
29,No Education,4476,Rural,111,51,12.5,No,None,36,2.21,7,Hospital,LOW-RISK
31,Secondary,4426,Rural,122,66,10.2,Yes,Severe,38,2.39,4,Hospital,HIGH-RISK
23,Secondary,37442,Urban,129,79,13.1,No,None,35,1.47,7,Hospital,HIGH-RISK
25,No Education,10141,Rural,102,63,10.4,No,None,40,1.9,1,Hospital,HIGH-RISK
26,Primary,5295,Rural,123,64,14.7,No,None,38,2.44,3,Hospital,LOW-RISK
28,Secondary,6927,Rural,80,64,10.4,No,None,37,2.7,7,Hospital,HIGH-RISK
24,Secondary,19715,Urban,87,80,8.6,No,Mild,37,3.49,5,Hospital,LOW-RISK
24,Higher,8433,Urban,127,77,13.0,No,None,36,2.61,3,Hospital,LOW-RISK
32,Secondary,17764,Rural,111,60,12.3,No,Mild,39,2.91,3,Clinic,LOW-RISK
31,Secondary,7560,Rural,104,84,13.7,Yes,None,35,1.44,7,Hospital,HIGH-RISK
27,Secondary,4424,Rural,117,66,12.1,No,None,40,2.96,4,Hospital,LOW-RISK
34,Primary,40654,Urban,111,89,15.1,No,None,38,1.9,8,Home,HIGH-RISK
22,No Education,19821,Rural,102,68,10.6,No,None,37,3.28,7,Home,LOW-RISK
33,No Education,11874,Rural,91,68,12.8,No,None,39,3.3,2,Hospital,LOW-RISK
27,Higher,10413,Urban,86,83,10.6,No,None,39,2.83,4,Hospital,LOW-RISK
42,Primary,41824,Rural,129,64,12.2,No,Mild,35,2.99,6,Hospital,HIGH-RISK
18,Secondary,22694,Rural,111,61,12.7,No,None,41,3.36,6,Home,LOW-RISK
21,Secondary,33475,Urban,133,76,13.0,No,None,32,2.4,5,Hospital,LOW-RISK
27,Primary,9968,Rural,111,71,12.0,No,None,41,2.72,4,Hospital,LOW-RISK
27,Higher,15541,Rural,123,106,5.7,No,None,38,2.07,6,Home,HIGH-RISK
35,Secondary,19877,Rural,115,65,11.4,Yes,Mild,40,2.6,7,Home,LOW-RISK
21,No Education,10206,Urban,118,61,9.8,No,Mild,42,2.25,6,Hospital,HIGH-RISK
29,Secondary,14029,Rural,119,65,10.8,No,None,37,2.25,6,Home,HIGH-RISK
31,Secondary,9969,Rural,110,75,11.0,Yes,Mild,37,2.4,7,Hospital,HIGH-RISK
28,Primary,19833,Rural,98,75,13.0,No,None,39,1.72,0,Clinic,LOW-RISK
19,Secondary,5948,Urban,130,71,11.9,No,None,35,2.84,2,Home,HIGH-RISK
32,Secondary,22385,Urban,143,83,10.6,No,None,37,2.92,4,Clinic,LOW-RISK
31,Primary,18644,Rural,144,104,8.3,No,Mild,37,3.44,6,Clinic,HIGH-RISK
28,Higher,13010,Rural,109,73,14.3,No,None,35,2.91,4,Clinic,LOW-RISK
26,Secondary,20546,Urban,106,75,10.3,No,None,37,3.07,5,Hospital,LOW-RISK
26,Secondary,11618,Rural,109,93,11.3,Yes,Severe,40,3.24,3,Hospital,HIGH-RISK
24,No Education,9383,Urban,115,67,14.9,No,Severe,40,2.88,1,Clinic,HIGH-RISK
28,Primary,21947,Rural,117,66,9.6,No,Mild,38,3.52,2,Hospital,HIGH-RISK
25,Secondary,22622,Rural,102,65,11.0,No,None,38,2.52,6,Hospital,LOW-RISK
20,Secondary,10516,Urban,94,62,11.9,No,None,37,2.79,4,Clinic,LOW-RISK
19,Secondary,9903,Rural,118,55,8.6,No,None,34,1.85,8,Clinic,HIGH-RISK
20,Secondary,13196,Rural,80,65,8.4,No,None,35,3.54,6,Home,LOW-RISK
26,Primary,10192,Rural,116,77,10.1,No,None,40,2.45,4,Hospital,LOW-RISK
24,Secondary,43625,Rural,102,68,10.7,No,Mild,41,3.51,5,Hospital,LOW-RISK
26,Higher,18719,Rural,130,81,11.7,No,None,36,1.76,8,Home,HIGH-RISK
27,Secondary,15154,Rural,134,82,9.7,No,None,41,2.86,3,Hospital,HIGH-RISK
21,Secondary,7807,Urban,135,66,12.3,No,None,35,2.43,6,Clinic,HIGH-RISK
33,Higher,25162,Rural,112,77,7.6,No,None,37,2.24,5,Hospital,LOW-RISK
23,No Education,9775,Urban,99,76,11.1,No,Mild,38,2.43,4,Hospital,LOW-RISK
22,Secondary,9498,Urban,104,53,12.1,No,None,37,3.08,11,Hospital,LOW-RISK
27,Higher,25761,Rural,122,93,12.1,No,Mild,36,2.34,5,Clinic,HIGH-RISK
14,Secondary,19671,Rural,91,53,11.2,No,None,38,2.27,1,Hospital,HIGH-RISK
20,Primary,2999,Urban,140,69,9.5,No,None,40,3.29,2,Hospital,HIGH-RISK
30,Higher,13431,Urban,112,76,11.2,No,None,34,2.4,6,Hospital,HIGH-RISK
15,Primary,16377,Urban,126,83,13.3,No,None,38,2.98,1,Hospital,LOW-RISK
31,Primary,11826,Urban,89,75,9.4,No,Severe,40,3.4,3,Clinic,HIGH-RISK
33,Primary,16781,Rural,103,77,12.9,No,Mild,37,3.65,7,Hospital,LOW-RISK
22,Secondary,4226,Rural,87,60,13.5,No,None,37,1.54,7,Hospital,HIGH-RISK
26,Secondary,2999,Urban,134,81,8.4,No,Severe,36,2.44,4,Hospital,HIGH-RISK
31,Secondary,7577,Rural,115,71,11.3,No,None,43,1.88,7,Hospital,LOW-RISK
22,Higher,18276,Urban,127,79,9.7,Yes,None,42,4.3,4,Hospital,LOW-RISK
29,Secondary,2999,Rural,119,76,8.8,No,Severe,37,2.88,6,Hospital,HIGH-RISK
21,Secondary,8310,Rural,125,72,12.9,No,Mild,41,3.34,7,Home,LOW-RISK
22,Higher,3904,Rural,112,70,12.4,No,Mild,37,2.46,8,Hospital,LOW-RISK
20,Higher,12657,Urban,114,53,12.0,No,None,38,2.6,6,Hospital,LOW-RISK
26,Primary,59061,Rural,116,84,8.9,No,None,35,2.8,4,Hospital,LOW-RISK
31,No Education,12884,Rural,124,80,11.5,No,Mild,33,2.49,4,Hospital,HIGH-RISK
23,Secondary,13912,Rural,124,51,9.1,No,None,37,3.72,0,Hospital,LOW-RISK
18,Higher,26991,Urban,162,97,11.6,No,Mild,37,2.34,3,Hospital,HIGH-RISK
19,Secondary,15225,Rural,144,82,10.3,No,Mild,39,2.68,4,Hospital,HIGH-RISK
27,Primary,12904,Rural,89,56,12.9,No,Severe,40,3.08,6,Hospital,LOW-RISK
35,Secondary,28694,Rural,115,63,10.8,No,None,38,3.17,6,Hospital,LOW-RISK
27,Secondary,20871,Rural,111,65,11.9,No,None,36,2.76,3,Hospital,HIGH-RISK
22,Secondary,18358,Rural,138,71,11.9,No,None,36,1.37,1,Hospital,HIGH-RISK
29,Higher,13611,Rural,112,65,11.4,No,None,42,2.28,1,Home,HIGH-RISK
23,Secondary,11772,Urban,125,96,11.7,No,None,40,2.99,4,Hospital,LOW-RISK
22,Secondary,28504,Urban,80,68,12.0,No,None,42,1.95,7,Hospital,LOW-RISK
19,Secondary,11852,Rural,93,90,9.9,No,None,42,2.31,2,Home,HIGH-RISK
32,Secondary,35514,Urban,151,87,12.2,No,None,36,2.16,2,Home,HIGH-RISK
14,Secondary,7206,Rural,118,82,13.1,No,None,40,2.37,7,Clinic,LOW-RISK
29,Secondary,40923,Rural,102,61,12.2,No,None,36,2.49,5,Hospital,HIGH-RISK
22,Secondary,20873,Rural,121,74,10.9,No,None,41,2.75,0,Clinic,LOW-RISK
22,Secondary,7614,Urban,101,69,11.8,No,None,40,2.37,5,Home,LOW-RISK
34,Secondary,21420,Rural,113,80,10.8,No,None,33,1.97,9,Hospital,HIGH-RISK
21,No Education,9514,Rural,94,67,10.3,No,None,39,3.5,5,Hospital,LOW-RISK
21,Secondary,15355,Rural,105,75,9.4,Yes,None,36,2.69,7,Hospital,HIGH-RISK
24,Secondary,10669,Rural,111,76,14.0,Yes,None,37,2.94,4,Hospital,LOW-RISK
27,Primary,13667,Urban,135,77,14.9,No,None,36,2.36,5,Hospital,HIGH-RISK
22,Primary,28992,Rural,125,73,9.4,No,Mild,40,2.3,6,Hospital,HIGH-RISK
16,Primary,21563,Urban,128,71,12.0,No,Severe,36,2.01,5,Clinic,HIGH-RISK
20,Higher,6822,Rural,117,86,14.1,No,None,35,1.04,3,Hospital,HIGH-RISK
32,Higher,7102,Urban,131,75,9.8,No,None,36,2.16,6,Hospital,HIGH-RISK
25,Secondary,18130,Urban,104,74,7.6,No,Mild,37,2.46,6,Hospital,LOW-RISK
27,Secondary,19073,Urban,106,70,14.2,No,Mild,39,3.1,4,Hospital,LOW-RISK
23,Secondary,9355,Urban,124,88,11.5,No,None,41,2.47,5,Home,LOW-RISK
21,Secondary,45694,Rural,113,52,10.6,No,None,39,3.23,9,Home,LOW-RISK
34,Higher,26509,Rural,117,78,11.6,No,Severe,39,2.66,5,Home,HIGH-RISK
23,No Education,9680,Urban,115,61,10.1,Yes,None,40,2.88,4,Hospital,LOW-RISK
22,No Education,9047,Urban,138,86,16.3,No,None,40,2.78,3,Hospital,LOW-RISK
31,Secondary,12788,Rural,138,80,10.5,No,Mild,41,3.18,3,Hospital,LOW-RISK
21,Primary,11890,Urban,107,55,11.6,No,None,43,3.46,8,Home,LOW-RISK
21,Secondary,36138,Rural,89,70,13.8,No,Severe,40,2.26,4,Home,HIGH-RISK
25,Secondary,29880,Urban,106,74,13.8,No,Severe,39,3.77,3,Hospital,LOW-RISK
25,No Education,15372,Rural,103,68,12.8,No,Mild,37,2.33,2,Hospital,HIGH-RISK
26,Secondary,24108,Rural,131,77,10.7,No,None,39,2.7,5,Home,LOW-RISK
36,Secondary,26685,Urban,132,81,11.2,No,None,41,2.51,4,Hospital,LOW-RISK
26,Higher,15624,Rural,101,82,7.6,No,None,35,3.36,6,Hospital,LOW-RISK
14,Secondary,19883,Rural,105,68,11.4,No,None,41,2.22,2,Hospital,HIGH-RISK
26,Primary,22736,Rural,94,79,10.6,No,None,37,3.19,5,Clinic,LOW-RISK
25,Secondary,21102,Rural,120,75,12.8,No,None,37,1.59,8,Hospital,LOW-RISK
25,Secondary,8696,Rural,117,89,14.7,Yes,None,39,3.25,4,Home,LOW-RISK
26,Secondary,9333,Rural,130,76,12.8,No,Mild,37,2.69,2,Home,LOW-RISK
24,Secondary,12256,Rural,125,70,13.4,No,Mild,39,2.59,5,Hospital,LOW-RISK
24,Primary,9146,Urban,127,65,11.2,No,None,35,1.71,3,Clinic,HIGH-RISK
28,Secondary,5348,Rural,93,67,13.8,No,None,40,2.76,11,Hospital,LOW-RISK
22,Secondary,24076,Rural,107,63,11.5,No,None,38,2.6,3,Home,LOW-RISK
19,Primary,19116,Urban,133,95,12.7,No,None,38,1.98,8,Home,LOW-RISK
41,Secondary,5873,Urban,109,63,12.9,No,None,39,2.37,4,Hospital,HIGH-RISK
21,Higher,12672,Urban,91,59,12.2,No,None,38,3.24,7,Clinic,LOW-RISK
25,Secondary,13184,Rural,130,85,8.7,No,None,39,2.58,2,Hospital,HIGH-RISK
16,Primary,17037,Urban,108,86,13.2,No,None,37,2.37,8,Hospital,LOW-RISK
25,Secondary,7033,Urban,135,89,12.2,No,Severe,37,2.83,3,Hospital,HIGH-RISK
19,Primary,5813,Urban,117,86,12.4,No,Severe,34,2.78,4,Clinic,HIGH-RISK
22,Secondary,21581,Rural,113,73,12.1,No,None,41,3.16,1,Hospital,LOW-RISK
30,Secondary,5125,Urban,139,81,12.4,No,None,35,2.27,6,Hospital,HIGH-RISK
27,Primary,12745,Urban,97,91,13.4,No,None,42,3.46,5,Clinic,LOW-RISK
28,Primary,11938,Urban,140,100,10.4,No,None,37,2.83,4,Clinic,HIGH-RISK
15,Higher,13759,Rural,107,79,12.3,No,None,41,2.67,6,Clinic,HIGH-RISK
35,Primary,17902,Urban,120,88,9.9,No,None,41,3.28,7,Hospital,LOW-RISK
18,Higher,45926,Rural,120,85,12.5,Yes,None,40,2.41,4,Hospital,LOW-RISK
33,Secondary,4895,Urban,111,59,12.0,No,Severe,38,2.58,4,Hospital,HIGH-RISK
30,Secondary,27706,Urban,105,71,10.4,No,Mild,35,1.34,5,Hospital,HIGH-RISK
28,No Education,2999,Rural,112,90,10.8,No,None,38,3.8,6,Home,LOW-RISK
20,Primary,39791,Rural,101,77,9.5,No,Mild,37,3.95,7,Hospital,LOW-RISK
25,Primary,3589,Rural,149,84,9.9,No,None,38,2.7,4,Hospital,HIGH-RISK
22,Secondary,82560,Urban,110,89,12.1,No,None,35,2.61,5,Hospital,LOW-RISK
25,Higher,11418,Rural,136,85,12.0,No,Mild,37,3.18,2,Home,LOW-RISK
23,Higher,37014,Rural,134,88,8.0,No,None,31,2.47,6,Hospital,HIGH-RISK
14,No Education,32039,Rural,123,81,12.0,No,None,37,3.47,6,Home,LOW-RISK
31,Primary,11050,Rural,115,80,10.7,No,None,38,2.1,6,Home,LOW-RISK
24,Primary,11660,Rural,121,82,10.7,No,None,36,2.41,0,Hospital,HIGH-RISK
22,Higher,8348,Rural,127,92,9.5,No,None,37,1.65,9,Hospital,HIGH-RISK
21,Primary,26028,Urban,119,91,10.7,No,Mild,38,2.24,5,Clinic,LOW-RISK
26,Primary,11152,Rural,92,63,10.6,No,Mild,41,1.91,5,Hospital,HIGH-RISK
20,Secondary,8455,Rural,88,70,13.8,Yes,None,41,1.79,0,Home,HIGH-RISK
14,Secondary,21848,Rural,142,96,8.4,No,None,39,2.53,5,Hospital,HIGH-RISK
27,Primary,8004,Urban,80,62,9.1,No,Severe,38,3.0,4,Clinic,HIGH-RISK
27,Secondary,11914,Urban,121,61,9.6,No,Severe,39,2.43,3,Clinic,HIGH-RISK
23,No Education,16167,Urban,114,64,11.7,No,None,42,2.5,7,Hospital,LOW-RISK
18,No Education,9567,Rural,120,66,12.9,No,Mild,39,2.4,4,Hospital,HIGH-RISK
25,No Education,10633,Rural,99,64,12.2,No,Mild,39,2.88,6,Home,LOW-RISK
16,Primary,43927,Urban,123,68,8.6,No,None,41,2.47,5,Clinic,HIGH-RISK
19,Higher,13001,Urban,121,87,10.7,No,None,38,2.25,6,Hospital,HIGH-RISK
20,Secondary,11661,Urban,162,85,10.0,No,Severe,36,2.85,5,Hospital,HIGH-RISK
29,Secondary,13269,Rural,120,89,12.4,No,Mild,39,2.32,0,Clinic,LOW-RISK
23,Primary,20618,Rural,139,69,10.6,No,None,38,2.1,3,Hospital,HIGH-RISK
22,Secondary,7274,Urban,94,64,9.0,No,Severe,37,3.21,7,Hospital,HIGH-RISK
35,Higher,20228,Rural,134,81,12.6,No,Mild,39,1.87,0,Hospital,HIGH-RISK
26,Primary,17941,Rural,121,84,13.8,No,None,33,2.91,4,Home,LOW-RISK
26,Higher,4288,Rural,122,89,11.2,No,None,37,2.24,3,Clinic,LOW-RISK
22,Secondary,52669,Rural,122,71,11.7,No,Mild,36,2.34,5,Hospital,HIGH-RISK
21,Secondary,41704,Urban,145,94,8.8,No,None,36,1.52,2,Hospital,HIGH-RISK
14,Primary,8564,Urban,122,58,7.7,No,None,38,2.81,5,Hospital,LOW-RISK
30,Secondary,6837,Urban,105,81,8.2,No,Mild,36,2.24,6,Home,HIGH-RISK
27,Secondary,17596,Rural,108,58,11.4,No,Mild,42,2.26,4,Hospital,LOW-RISK
24,Higher,5528,Rural,131,83,10.9,No,None,39,1.92,6,Hospital,LOW-RISK
24,Higher,38979,Urban,125,90,12.5,No,None,36,1.86,5,Clinic,HIGH-RISK
29,Primary,10806,Rural,93,77,10.9,Yes,Mild,34,2.54,4,Clinic,HIGH-RISK
16,Higher,46679,Rural,126,59,13.3,No,None,37,3.17,11,Hospital,LOW-RISK
21,Higher,8423,Rural,100,65,13.1,No,None,37,2.4,14,Hospital,LOW-RISK
18,Secondary,13866,Rural,125,85,10.9,No,Severe,36,1.85,2,Hospital,HIGH-RISK
34,No Education,36419,Urban,105,79,9.0,No,Mild,43,2.7,6,Hospital,LOW-RISK
29,Primary,11962,Rural,113,77,7.7,Yes,None,34,2.49,4,Hospital,HIGH-RISK
14,No Education,18147,Rural,109,50,13.6,Yes,None,38,2.8,3,Clinic,HIGH-RISK
16,No Education,32230,Rural,142,96,9.2,No,None,38,2.56,1,Home,HIGH-RISK
24,Higher,10163,Rural,124,92,8.8,No,None,37,2.6,5,Clinic,LOW-RISK
22,Primary,6201,Rural,138,83,11.0,No,Severe,33,2.05,2,Home,HIGH-RISK
17,Secondary,5402,Rural,164,91,8.8,No,None,38,1.47,3,Hospital,HIGH-RISK
35,Secondary,22566,Urban,118,81,11.7,No,None,38,2.58,3,Home,LOW-RISK
26,Secondary,19691,Rural,142,99,10.9,No,None,40,3.23,1,Hospital,HIGH-RISK
27,Primary,31538,Urban,106,74,12.5,No,None,39,3.57,12,Hospital,LOW-RISK
21,Secondary,12381,Urban,138,79,13.0,No,None,41,3.45,6,Hospital,LOW-RISK
28,Secondary,5509,Urban,105,76,13.5,No,None,33,2.34,5,Clinic,LOW-RISK
22,Secondary,2999,Rural,117,74,11.9,No,None,37,2.15,7,Clinic,LOW-RISK
23,Primary,111678,Rural,126,78,9.6,No,Mild,43,2.5,6,Hospital,LOW-RISK
28,Secondary,21690,Urban,129,59,9.6,No,Mild,41,2.38,2,Clinic,HIGH-RISK
16,No Education,16507,Rural,97,74,10.4,No,None,34,1.25,6,Hospital,HIGH-RISK
33,Secondary,18230,Urban,104,83,15.1,No,None,38,2.28,6,Home,LOW-RISK
26,Secondary,5507,Rural,127,89,11.1,Yes,None,35,1.83,6,Home,HIGH-RISK
32,Primary,8598,Urban,112,84,11.7,No,None,37,2.03,7,Hospital,LOW-RISK
19,Higher,50824,Rural,95,68,14.2,No,Mild,43,3.31,1,Hospital,LOW-RISK
19,Primary,23781,Rural,116,76,11.7,No,Mild,40,3.13,4,Hospital,LOW-RISK
18,Higher,8789,Rural,116,88,10.2,No,None,34,2.25,4,Hospital,HIGH-RISK
26,Higher,6355,Rural,120,85,12.8,No,Mild,36,2.69,4,Hospital,LOW-RISK
25,Primary,10454,Rural,126,94,10.5,No,None,38,2.97,3,Hospital,LOW-RISK
22,Primary,12028,Urban,125,70,11.6,No,None,37,2.4,8,Hospital,LOW-RISK
19,No Education,62957,Urban,105,64,11.4,No,None,39,3.79,3,Hospital,LOW-RISK
18,Higher,13147,Urban,111,69,10.6,No,None,36,2.08,3,Home,HIGH-RISK
24,Secondary,6523,Rural,132,69,11.8,No,None,37,1.88,3,Hospital,LOW-RISK
22,No Education,14397,Rural,109,58,14.1,No,None,36,2.41,3,Clinic,HIGH-RISK
21,Secondary,18048,Rural,111,78,10.4,No,None,37,3.11,5,Hospital,LOW-RISK
33,No Education,6120,Rural,93,72,13.0,No,None,40,2.63,3,Home,LOW-RISK
24,Secondary,19877,Urban,117,77,10.4,Yes,None,39,3.48,4,Clinic,LOW-RISK
31,Secondary,34963,Urban,123,80,14.7,No,None,36,2.28,8,Home,LOW-RISK
22,No Education,16529,Rural,86,50,9.4,No,None,41,2.35,4,Clinic,LOW-RISK
26,Higher,8585,Urban,100,64,10.8,Yes,None,41,2.47,7,Clinic,HIGH-RISK
24,Primary,10358,Rural,95,65,14.1,No,None,38,2.88,6,Home,LOW-RISK
15,Secondary,4696,Urban,130,79,14.3,No,None,37,2.84,10,Clinic,LOW-RISK
32,Secondary,13658,Urban,87,50,13.0,No,Mild,42,3.47,7,Hospital,LOW-RISK
24,Higher,18645,Urban,116,64,9.6,No,None,42,3.26,5,Hospital,LOW-RISK
29,Secondary,8007,Rural,129,74,11.6,No,Mild,34,1.67,2,Hospital,HIGH-RISK
20,Higher,58313,Urban,121,87,11.5,No,None,41,2.71,5,Clinic,LOW-RISK
24,Primary,26118,Rural,110,75,9.2,No,Mild,42,2.12,5,Hospital,HIGH-RISK
20,Higher,4276,Urban,123,88,12.8,No,None,40,3.6,8,Home,LOW-RISK
31,Primary,4338,Rural,134,78,9.4,No,Severe,37,2.26,4,Hospital,HIGH-RISK
26,Secondary,7532,Rural,116,75,9.2,No,None,37,2.91,2,Clinic,HIGH-RISK
27,No Education,45117,Rural,82,70,7.9,No,Severe,42,2.42,4,Hospital,HIGH-RISK
32,Higher,27985,Urban,136,79,14.6,No,None,40,1.71,6,Clinic,LOW-RISK
31,Higher,46742,Urban,124,70,10.6,No,Mild,39,2.11,5,Home,HIGH-RISK
29,Secondary,15107,Rural,117,58,10.6,Yes,None,43,2.66,3,Clinic,HIGH-RISK
17,Secondary,12954,Rural,86,59,9.6,No,None,35,2.37,4,Home,HIGH-RISK
21,Secondary,6263,Urban,113,83,14.0,No,None,38,3.09,7,Clinic,LOW-RISK
19,Primary,19160,Rural,103,84,8.9,Yes,None,38,2.07,9,Hospital,HIGH-RISK
29,Secondary,13075,Urban,98,61,9.3,No,None,37,2.97,3,Hospital,LOW-RISK
25,Secondary,12727,Rural,115,55,10.9,No,None,33,2.61,4,Hospital,LOW-RISK
17,Secondary,46557,Rural,109,83,11.5,No,None,41,3.08,10,Hospital,LOW-RISK
23,No Education,13730,Urban,110,73,12.7,No,None,36,2.39,8,Hospital,HIGH-RISK
16,Higher,38081,Rural,129,64,10.3,No,None,36,2.16,4,Hospital,HIGH-RISK
24,No Education,4935,Rural,122,51,13.5,No,None,37,2.88,5,Hospital,LOW-RISK
15,Secondary,98467,Rural,110,62,10.3,No,Mild,37,3.57,7,Clinic,HIGH-RISK
27,No Education,11550,Rural,108,67,9.0,No,None,38,3.74,5,Hospital,LOW-RISK
27,No Education,24608,Rural,110,60,8.9,No,Mild,40,3.15,5,Home,LOW-RISK
35,No Education,27507,Rural,114,81,9.3,No,None,41,2.83,5,Hospital,LOW-RISK
29,Primary,10589,Urban,127,69,8.8,No,None,37,2.78,6,Hospital,LOW-RISK
22,Secondary,26612,Rural,101,70,12.9,No,Mild,37,2.84,6,Home,LOW-RISK
29,Secondary,27598,Urban,141,108,9.7,No,None,38,2.91,5,Home,HIGH-RISK
17,Secondary,9105,Urban,127,79,11.3,Yes,None,36,1.76,7,Hospital,HIGH-RISK
19,Secondary,9181,Rural,80,62,9.6,No,None,38,3.88,5,Home,LOW-RISK
26,No Education,15483,Urban,119,74,8.8,No,None,36,1.79,4,Clinic,HIGH-RISK
14,No Education,13835,Rural,134,87,12.5,No,None,43,3.51,4,Hospital,LOW-RISK
24,Secondary,39775,Rural,124,82,14.4,No,Severe,38,1.59,5,Home,HIGH-RISK
19,Secondary,24530,Urban,111,61,13.8,No,Mild,37,2.65,4,Hospital,LOW-RISK
25,Secondary,14278,Rural,117,70,8.9,No,None,40,2.61,2,Hospital,LOW-RISK
19,Primary,22926,Rural,120,68,9.0,No,None,35,2.32,3,Hospital,HIGH-RISK
27,Higher,3580,Rural,130,75,15.1,Yes,None,36,2.29,8,Hospital,HIGH-RISK
25,No Education,9750,Rural,95,89,10.7,No,Mild,39,3.56,4,Hospital,LOW-RISK
32,Secondary,18348,Urban,108,79,9.0,No,None,38,2.67,9,Clinic,LOW-RISK
25,No Education,32746,Rural,144,82,13.3,Yes,Mild,41,2.23,1,Hospital,HIGH-RISK
20,Secondary,17251,Rural,118,89,11.6,No,None,31,1.75,4,Clinic,HIGH-RISK
23,Secondary,41629,Urban,142,85,12.5,No,None,40,2.54,5,Hospital,LOW-RISK
17,Secondary,27539,Rural,165,71,7.5,No,None,37,3.2,6,Hospital,HIGH-RISK
27,No Education,10657,Urban,110,91,10.7,No,None,35,2.83,8,Clinic,LOW-RISK
28,Secondary,13599,Urban,98,68,13.2,No,Mild,34,1.76,7,Clinic,HIGH-RISK
38,No Education,19964,Urban,113,50,9.5,No,None,37,2.36,3,Hospital,HIGH-RISK
21,Secondary,10957,Rural,135,63,13.7,No,None,42,2.21,3,Home,HIGH-RISK
23,No Education,43813,Rural,137,93,8.4,Yes,None,40,2.64,4,Home,HIGH-RISK
21,No Education,6902,Rural,154,68,10.7,No,None,42,3.33,3,Clinic,HIGH-RISK
26,Secondary,18714,Urban,117,89,14.5,No,None,38,2.89,2,Clinic,LOW-RISK
27,No Education,25099,Rural,125,78,9.2,No,None,38,3.1,9,Home,LOW-RISK
24,Primary,12044,Rural,106,79,11.5,No,Mild,34,2.72,3,Hospital,HIGH-RISK
30,Higher,10287,Urban,80,61,12.6,No,None,34,2.27,5,Hospital,HIGH-RISK
21,Higher,14222,Rural,117,80,11.7,No,Mild,38,2.1,5,Home,LOW-RISK
30,Higher,26481,Urban,99,73,11.0,No,Severe,35,2.13,8,Hospital,HIGH-RISK
27,Primary,10571,Rural,128,78,9.3,No,None,36,2.85,2,Home,HIGH-RISK
24,Secondary,7097,Rural,87,54,11.9,No,Severe,38,3.13,2,Home,HIGH-RISK
23,Secondary,33564,Urban,106,75,11.3,No,Mild,41,2.84,6,Clinic,LOW-RISK
38,No Education,19837,Urban,122,57,8.8,No,Mild,38,3.32,5,Hospital,LOW-RISK
20,Secondary,30372,Rural,123,87,13.5,No,None,35,2.57,1,Hospital,LOW-RISK
26,No Education,25523,Rural,117,77,9.8,No,Mild,33,2.33,4,Hospital,HIGH-RISK
20,Higher,68990,Urban,147,89,9.0,No,None,38,1.94,3,Clinic,HIGH-RISK
34,Secondary,32737,Urban,143,57,10.4,No,None,36,2.97,9,Home,HIGH-RISK
29,Secondary,9035,Rural,107,59,9.9,No,Severe,38,2.75,6,Hospital,HIGH-RISK
21,Secondary,20847,Rural,143,77,11.0,No,Severe,37,2.55,1,Hospital,HIGH-RISK
27,Primary,10153,Rural,146,91,9.1,No,None,38,2.74,6,Home,HIGH-RISK
26,Primary,10915,Rural,116,64,11.5,No,None,41,3.62,7,Home,LOW-RISK
22,Secondary,5580,Rural,118,104,14.0,No,Severe,41,3.35,2,Home,HIGH-RISK
29,Secondary,12277,Urban,117,72,11.7,No,None,39,2.6,2,Clinic,LOW-RISK
27,Secondary,21967,Urban,107,60,8.9,Yes,None,36,2.29,3,Hospital,HIGH-RISK
26,Primary,14322,Rural,109,70,9.3,No,None,37,3.47,6,Hospital,LOW-RISK
24,Secondary,6948,Rural,139,71,11.9,No,None,40,2.99,4,Hospital,LOW-RISK
27,Primary,5165,Urban,124,63,7.3,No,None,41,2.87,6,Hospital,LOW-RISK
26,Primary,65781,Urban,109,84,9.2,No,Mild,35,1.13,5,Hospital,HIGH-RISK
25,Higher,18833,Urban,103,76,8.5,No,None,42,3.49,4,Hospital,LOW-RISK
21,Secondary,8424,Rural,105,77,11.7,No,None,36,1.58,2,Hospital,HIGH-RISK
34,Secondary,20724,Rural,115,89,15.4,No,None,40,1.77,4,Clinic,LOW-RISK
19,Higher,69441,Rural,132,85,9.2,No,Mild,43,1.81,4,Clinic,HIGH-RISK
27,Primary,23158,Urban,104,59,12.7,No,None,34,1.92,11,Hospital,HIGH-RISK
23,Higher,2999,Rural,132,87,10.5,No,None,39,3.07,3,Home,HIGH-RISK
34,Secondary,96029,Urban,121,63,9.1,No,Mild,37,3.44,3,Hospital,LOW-RISK
20,Secondary,4110,Rural,120,70,14.3,No,Mild,39,2.99,1,Clinic,LOW-RISK
20,Primary,12985,Urban,134,79,15.2,Yes,None,36,2.96,7,Clinic,HIGH-RISK
19,No Education,6784,Rural,131,77,11.4,No,Mild,32,2.17,8,Home,HIGH-RISK
26,Secondary,8935,Rural,95,50,12.2,No,None,36,1.91,7,Home,HIGH-RISK
17,No Education,18304,Rural,100,59,11.5,No,None,39,1.77,2,Clinic,HIGH-RISK
22,No Education,3519,Urban,114,73,10.9,No,Mild,41,2.48,3,Hospital,HIGH-RISK
14,Secondary,14081,Urban,123,70,12.1,No,None,39,1.68,5,Hospital,HIGH-RISK
26,Secondary,33488,Rural,139,94,12.7,No,None,42,2.06,7,Home,HIGH-RISK
22,Primary,8312,Rural,119,90,13.8,No,Severe,37,3.15,4,Home,HIGH-RISK
16,Secondary,5668,Rural,145,71,10.6,No,None,37,1.87,4,Clinic,HIGH-RISK
30,Higher,13606,Rural,106,72,11.7,No,Mild,39,1.93,3,Hospital,HIGH-RISK
17,Secondary,11836,Rural,109,90,11.3,No,None,37,1.83,5,Hospital,HIGH-RISK
29,Secondary,9888,Rural,113,72,13.3,No,None,41,3.23,1,Hospital,LOW-RISK
21,Secondary,6528,Rural,104,66,15.8,No,None,34,2.98,5,Home,LOW-RISK
33,Primary,21573,Rural,136,90,12.7,No,None,40,2.76,2,Clinic,LOW-RISK
29,Primary,22753,Rural,80,60,12.0,No,Mild,41,3.32,5,Hospital,LOW-RISK
19,Higher,7114,Urban,109,86,13.1,No,Mild,39,2.16,4,Hospital,LOW-RISK
19,Secondary,7837,Rural,136,74,13.8,No,None,40,3.48,1,Clinic,LOW-RISK
28,Secondary,16503,Urban,113,68,15.8,No,None,36,1.71,6,Home,LOW-RISK
23,Higher,7633,Urban,135,89,8.5,No,None,36,2.4,5,Clinic,LOW-RISK
24,Primary,16998,Urban,153,87,11.8,No,Mild,39,2.79,2,Hospital,LOW-RISK
31,Primary,41916,Rural,119,77,6.1,No,None,36,1.03,2,Clinic,HIGH-RISK
20,Secondary,14384,Rural,136,59,13.2,No,None,39,2.31,2,Clinic,HIGH-RISK
25,No Education,6414,Urban,156,83,11.7,Yes,None,39,2.89,2,Clinic,HIGH-RISK
30,Secondary,19737,Urban,124,86,10.5,No,None,38,1.78,8,Home,HIGH-RISK
29,Higher,13245,Urban,117,66,6.7,No,None,39,2.96,4,Clinic,LOW-RISK
24,Secondary,13503,Urban,132,87,11.5,No,None,40,2.02,4,Hospital,LOW-RISK
23,Primary,20921,Urban,136,83,11.7,No,Severe,38,3.1,8,Clinic,LOW-RISK
15,Secondary,24331,Urban,117,72,11.4,No,None,37,2.05,4,Home,LOW-RISK
19,No Education,15377,Rural,110,87,9.9,No,None,40,3.04,2,Clinic,HIGH-RISK
26,Higher,14376,Rural,145,80,9.9,No,None,39,3.25,4,Hospital,LOW-RISK
24,No Education,63594,Urban,113,71,11.3,No,None,39,2.71,4,Hospital,LOW-RISK
25,Higher,34758,Urban,137,78,10.1,No,None,39,2.76,3,Clinic,LOW-RISK
30,Secondary,26884,Urban,122,77,13.0,No,Severe,38,3.62,9,Hospital,LOW-RISK
18,Secondary,16442,Urban,147,92,11.4,Yes,None,37,2.37,9,Home,HIGH-RISK
23,Secondary,7418,Rural,104,54,8.4,No,Severe,36,1.75,4,Hospital,HIGH-RISK
26,Primary,33023,Rural,104,80,11.3,No,None,38,3.15,1,Clinic,LOW-RISK
21,Secondary,16594,Rural,131,79,12.2,No,Mild,39,3.03,6,Hospital,LOW-RISK
32,Higher,10014,Rural,99,76,14.4,No,None,39,2.67,7,Hospital,LOW-RISK
29,Higher,12652,Urban,119,102,13.2,No,None,38,2.13,4,Hospital,LOW-RISK
26,Primary,7627,Rural,142,77,9.1,No,Mild,39,3.34,0,Hospital,HIGH-RISK
34,Secondary,31443,Rural,89,53,14.1,No,None,35,1.62,2,Hospital,HIGH-RISK
16,Higher,24195,Urban,124,79,9.0,No,None,37,4.05,5,Home,LOW-RISK
24,Higher,17033,Rural,137,84,11.6,No,Mild,40,2.14,3,Home,HIGH-RISK
27,Secondary,14557,Urban,117,84,12.9,No,None,36,1.85,8,Hospital,HIGH-RISK
19,No Education,9314,Rural,103,65,13.6,No,None,38,2.99,4,Home,LOW-RISK
26,Higher,3377,Urban,113,64,14.9,No,Severe,38,3.1,4,Home,LOW-RISK
18,Primary,5578,Rural,104,54,13.5,No,None,38,2.26,4,Hospital,LOW-RISK
28,Primary,8919,Urban,119,60,10.3,Yes,Mild,40,3.73,5,Hospital,LOW-RISK
30,Secondary,8028,Rural,113,69,12.5,No,Mild,39,2.98,8,Home,LOW-RISK
26,Primary,18367,Rural,109,71,11.6,No,Mild,35,2.06,4,Home,HIGH-RISK
14,Higher,26472,Rural,125,100,10.2,No,None,39,3.01,5,Home,LOW-RISK
19,No Education,13710,Rural,143,64,11.1,No,None,37,3.47,2,Home,LOW-RISK
28,Secondary,40217,Urban,123,80,14.7,No,Mild,35,3.21,4,Hospital,LOW-RISK
25,Higher,8671,Rural,139,74,12.7,Yes,Mild,40,2.91,5,Home,LOW-RISK
14,Higher,13642,Urban,143,85,15.2,No,Mild,35,1.85,9,Hospital,HIGH-RISK
31,Higher,14474,Rural,108,66,9.6,No,Mild,37,2.11,3,Clinic,HIGH-RISK
25,Higher,32219,Urban,122,88,10.8,No,None,39,2.02,12,Hospital,LOW-RISK
20,Primary,16154,Rural,111,84,11.7,No,None,38,2.45,14,Home,LOW-RISK
30,Higher,16470,Rural,94,66,12.8,No,None,36,2.1,2,Hospital,HIGH-RISK
21,Higher,4709,Rural,123,92,11.3,No,None,36,2.72,5,Clinic,LOW-RISK
21,Secondary,7989,Rural,101,78,12.9,No,None,36,3.03,6,Home,LOW-RISK
26,Secondary,32304,Urban,125,93,12.9,No,None,35,1.44,7,Clinic,HIGH-RISK
34,No Education,3508,Rural,93,67,8.5,No,None,38,2.79,3,Clinic,LOW-RISK
33,Secondary,38403,Urban,120,86,12.9,No,None,37,3.05,2,Clinic,LOW-RISK
26,Secondary,21281,Urban,92,59,13.4,No,None,35,0.83,4,Home,HIGH-RISK
27,Secondary,8888,Rural,128,69,12.0,No,None,37,3.05,4,Hospital,LOW-RISK
29,Secondary,8378,Rural,111,96,8.2,No,None,36,4.04,5,Hospital,LOW-RISK
18,Secondary,56555,Rural,110,61,11.0,No,None,39,3.23,3,Hospital,LOW-RISK
28,No Education,40287,Rural,136,76,12.0,No,None,39,2.97,3,Hospital,LOW-RISK
20,Higher,13796,Urban,112,53,9.9,No,None,41,2.65,5,Hospital,LOW-RISK
26,Primary,16481,Urban,119,66,12.9,No,None,40,2.93,4,Home,LOW-RISK
23,No Education,9542,Rural,114,63,11.8,No,Severe,35,3.0,4,Home,HIGH-RISK
27,No Education,16484,Urban,126,70,11.3,No,None,33,2.0,3,Hospital,HIGH-RISK
25,Higher,9358,Rural,134,83,11.5,No,None,34,3.25,6,Home,HIGH-RISK
14,Higher,14197,Rural,131,84,11.8,No,Mild,37,3.06,7,Home,LOW-RISK
25,No Education,53265,Urban,110,61,10.9,No,None,34,3.4,5,Hospital,LOW-RISK
28,Primary,14028,Rural,137,72,9.1,Yes,None,36,3.12,6,Clinic,LOW-RISK
27,Secondary,7202,Rural,103,82,10.7,No,Mild,38,2.9,2,Hospital,LOW-RISK
24,Primary,5763,Rural,106,90,11.1,No,None,37,2.87,1,Clinic,LOW-RISK
34,Secondary,16395,Rural,115,88,14.1,No,Severe,39,2.63,6,Home,HIGH-RISK
26,No Education,8805,Rural,134,61,12.2,No,None,36,2.67,7,Hospital,LOW-RISK
27,Secondary,17826,Urban,99,83,14.2,No,Mild,36,1.92,5,Home,HIGH-RISK
30,Primary,4827,Rural,132,100,8.6,No,Severe,42,2.86,3,Hospital,HIGH-RISK
26,Secondary,24318,Rural,117,56,10.9,No,Mild,38,2.69,6,Home,HIGH-RISK
20,Secondary,7141,Rural,111,84,15.2,No,None,38,2.06,6,Hospital,LOW-RISK
14,Primary,15494,Rural,135,83,10.2,No,None,40,2.92,3,Home,HIGH-RISK
22,Primary,11837,Rural,105,68,9.6,No,None,40,1.96,2,Clinic,HIGH-RISK
29,No Education,49945,Urban,154,87,11.0,No,None,37,2.55,7,Clinic,LOW-RISK
23,No Education,16913,Urban,115,79,14.9,No,Mild,41,3.17,1,Home,LOW-RISK
29,Higher,58549,Rural,120,88,10.3,No,None,37,2.89,5,Home,LOW-RISK
25,Primary,22210,Rural,142,95,11.6,No,None,41,2.88,5,Clinic,LOW-RISK
32,Primary,40683,Rural,120,59,11.9,No,None,35,1.82,7,Clinic,HIGH-RISK
23,No Education,12960,Rural,137,73,7.6,No,None,37,3.38,4,Hospital,LOW-RISK
27,Secondary,19104,Rural,86,67,11.5,No,None,39,2.31,3,Hospital,LOW-RISK
27,Higher,35201,Rural,110,90,10.5,No,None,39,3.19,5,Home,LOW-RISK
33,Secondary,28262,Rural,124,51,12.7,No,None,36,2.78,7,Hospital,LOW-RISK
15,Secondary,21752,Rural,135,74,14.6,No,None,34,1.6,5,Clinic,HIGH-RISK
22,Higher,11923,Rural,130,62,10.9,No,Mild,39,2.58,5,Clinic,LOW-RISK
29,Secondary,13422,Rural,128,63,10.9,No,None,37,2.53,3,Hospital,LOW-RISK
33,Higher,33261,Rural,134,90,16.0,No,None,37,2.95,8,Clinic,LOW-RISK
26,Secondary,38481,Rural,125,72,10.2,No,None,42,2.28,8,Hospital,LOW-RISK
23,No Education,9905,Rural,83,50,8.6,No,None,37,2.16,4,Hospital,LOW-RISK
29,Secondary,8912,Urban,141,80,14.0,No,None,37,2.77,4,Clinic,LOW-RISK
29,Primary,7965,Urban,104,93,10.5,No,Mild,33,2.12,6,Hospital,HIGH-RISK
23,No Education,26811,Rural,123,57,11.7,No,None,35,2.04,6,Clinic,HIGH-RISK
26,Higher,7825,Rural,120,81,15.5,No,None,40,3.29,4,Hospital,LOW-RISK
31,No Education,26585,Rural,118,93,8.0,No,None,36,1.69,5,Hospital,HIGH-RISK
35,Secondary,21977,Urban,100,69,11.1,No,None,40,2.74,6,Clinic,LOW-RISK
29,Higher,10241,Urban,86,87,9.3,No,Mild,35,1.85,3,Clinic,HIGH-RISK
25,Secondary,44824,Rural,101,62,12.1,No,None,36,2.28,4,Home,HIGH-RISK
24,Primary,5389,Rural,131,94,9.8,No,None,36,2.0,6,Hospital,HIGH-RISK
28,Secondary,47929,Rural,94,81,9.4,No,None,39,2.15,10,Hospital,LOW-RISK
24,Higher,18751,Rural,103,70,12.8,No,None,37,3.02,7,Hospital,LOW-RISK
26,Primary,3513,Rural,124,60,11.4,No,None,35,4.1,9,Home,LOW-RISK
19,Primary,45712,Rural,101,58,8.4,No,None,40,2.74,3,Clinic,LOW-RISK
32,Secondary,29624,Urban,109,50,9.4,No,Mild,39,2.4,5,Hospital,HIGH-RISK
18,Higher,11115,Rural,119,82,11.9,No,Mild,39,2.4,5,Hospital,LOW-RISK
22,Primary,7635,Rural,122,82,7.8,No,None,39,3.31,3,Hospital,LOW-RISK
25,Primary,5001,Rural,101,70,11.3,No,Mild,36,2.02,5,Hospital,HIGH-RISK
35,Higher,81358,Rural,120,74,13.9,No,None,41,3.51,2,Home,LOW-RISK
22,Primary,7859,Rural,124,91,12.3,No,None,38,1.9,4,Hospital,LOW-RISK
21,No Education,6193,Urban,97,72,9.6,Yes,None,39,2.91,4,Hospital,LOW-RISK
21,Secondary,18094,Urban,121,69,12.0,Yes,None,39,3.16,4,Hospital,LOW-RISK
34,No Education,4766,Rural,106,73,8.3,No,None,36,2.82,3,Hospital,HIGH-RISK
14,Primary,7545,Rural,119,98,11.6,No,Mild,43,3.18,3,Hospital,HIGH-RISK
19,Secondary,30100,Rural,129,85,10.9,No,None,38,2.95,2,Hospital,LOW-RISK
40,Secondary,20759,Urban,115,70,9.6,No,None,38,3.43,5,Hospital,LOW-RISK
28,Secondary,11445,Rural,132,79,12.6,No,None,37,2.25,3,Hospital,LOW-RISK
18,Primary,15193,Urban,130,84,7.5,No,None,41,2.45,4,Hospital,HIGH-RISK
24,Secondary,11004,Urban,132,75,9.4,Yes,None,41,2.58,4,Hospital,HIGH-RISK
25,Secondary,14362,Urban,124,71,9.6,No,Mild,38,3.62,6,Hospital,LOW-RISK
29,Higher,8800,Rural,135,80,10.6,No,None,34,2.48,6,Home,HIGH-RISK
35,Secondary,9992,Urban,124,93,13.8,No,None,38,3.18,3,Clinic,LOW-RISK
27,Secondary,9782,Urban,91,75,12.9,No,None,38,2.7,7,Clinic,LOW-RISK
22,Higher,9024,Urban,105,67,11.7,No,None,37,3.25,3,Hospital,LOW-RISK
29,Higher,31149,Rural,114,83,11.6,No,None,36,1.63,7,Hospital,HIGH-RISK
21,No Education,25716,Urban,116,75,11.0,No,None,34,1.78,3,Hospital,HIGH-RISK
19,Higher,7809,Urban,123,80,14.0,No,Mild,42,2.68,11,Hospital,LOW-RISK
15,Higher,6501,Rural,105,74,8.2,No,Mild,40,2.54,4,Hospital,LOW-RISK
16,Primary,13436,Rural,150,61,11.9,No,None,38,2.62,5,Clinic,HIGH-RISK
20,No Education,67812,Rural,116,50,10.1,No,None,36,2.34,3,Hospital,HIGH-RISK
18,Secondary,7305,Rural,117,77,12.4,No,None,39,2.93,7,Clinic,LOW-RISK
26,Secondary,13399,Rural,107,62,12.4,No,Mild,39,3.46,3,Hospital,LOW-RISK
18,Secondary,15961,Rural,101,51,12.8,Yes,None,37,1.65,8,Hospital,LOW-RISK
14,Secondary,13901,Rural,115,65,14.4,No,None,39,3.62,5,Clinic,LOW-RISK
19,No Education,10884,Rural,118,86,8.7,No,Severe,39,2.44,3,Clinic,HIGH-RISK
22,Primary,33669,Urban,116,78,13.2,No,None,40,3.52,5,Home,LOW-RISK
21,Higher,20618,Urban,144,91,11.4,No,Severe,36,1.91,3,Hospital,HIGH-RISK
33,No Education,27115,Urban,115,79,10.1,No,None,39,3.0,5,Hospital,LOW-RISK
21,Secondary,22660,Rural,116,64,15.2,No,None,41,2.21,3,Clinic,LOW-RISK
29,Primary,28045,Rural,131,87,12.0,No,None,39,2.13,4,Hospital,HIGH-RISK
24,Secondary,45473,Urban,115,81,10.7,No,Mild,43,3.12,3,Hospital,LOW-RISK
24,Secondary,38083,Rural,126,76,13.2,No,None,38,1.33,5,Home,HIGH-RISK
20,Primary,76356,Rural,97,69,10.4,No,None,34,1.52,5,Hospital,HIGH-RISK
24,Secondary,35169,Rural,97,77,10.7,No,None,36,2.56,0,Hospital,HIGH-RISK
20,Secondary,9388,Urban,119,67,10.4,No,None,36,1.94,4,Hospital,HIGH-RISK
25,No Education,27144,Rural,114,85,11.4,No,Mild,39,2.31,5,Home,LOW-RISK
23,Primary,24664,Urban,105,78,9.8,No,None,40,3.64,5,Clinic,LOW-RISK
19,Secondary,57527,Urban,119,76,11.8,No,None,38,3.83,7,Clinic,LOW-RISK
30,Secondary,7622,Rural,121,92,13.1,No,Mild,39,2.8,4,Hospital,HIGH-RISK
27,Secondary,22167,Urban,106,57,11.7,No,None,43,3.5,6,Hospital,LOW-RISK
22,Secondary,9311,Rural,109,67,15.1,No,None,36,3.15,2,Hospital,HIGH-RISK
25,No Education,21473,Urban,121,68,10.9,No,None,38,2.79,2,Home,HIGH-RISK
24,No Education,12906,Rural,101,73,13.1,No,Mild,37,2.52,5,Home,LOW-RISK
20,Secondary,20982,Urban,108,86,13.3,No,None,35,2.59,3,Clinic,HIGH-RISK
25,Secondary,5589,Rural,126,67,14.2,No,None,33,1.7,8,Clinic,HIGH-RISK
21,Higher,26135,Urban,117,111,15.0,No,Mild,41,3.11,6,Hospital,LOW-RISK
19,Primary,17327,Rural,110,65,7.8,No,Mild,36,1.91,5,Home,HIGH-RISK
16,Secondary,16686,Urban,103,74,12.0,No,None,37,2.83,4,Clinic,LOW-RISK
23,Secondary,58745,Rural,101,70,11.3,No,None,39,2.82,6,Hospital,LOW-RISK
28,Primary,11476,Rural,115,75,11.4,No,Mild,35,1.58,2,Home,HIGH-RISK
21,Secondary,19060,Rural,150,76,10.8,No,Mild,36,2.31,6,Hospital,HIGH-RISK
38,Secondary,16090,Urban,127,89,10.5,No,None,38,2.05,5,Hospital,HIGH-RISK
29,Primary,17230,Rural,96,59,9.1,No,None,37,2.53,4,Hospital,LOW-RISK
32,Primary,71044,Rural,129,59,11.0,Yes,None,35,1.56,2,Home,HIGH-RISK
29,Primary,15685,Rural,105,59,12.4,No,Severe,40,2.32,5,Hospital,HIGH-RISK
35,Higher,10084,Rural,117,90,10.6,No,None,37,1.56,6,Clinic,LOW-RISK
20,Primary,55572,Rural,108,86,10.3,Yes,Mild,38,2.56,2,Home,HIGH-RISK
14,No Education,12093,Rural,150,62,9.5,No,None,38,3.07,6,Hospital,HIGH-RISK
22,No Education,4876,Rural,99,78,9.7,No,Mild,40,2.9,5,Hospital,LOW-RISK
28,No Education,8930,Urban,123,55,10.1,No,None,39,3.4,3,Hospital,LOW-RISK
25,Primary,6267,Urban,107,71,11.9,No,None,36,1.62,5,Hospital,HIGH-RISK
26,Secondary,4254,Rural,129,65,13.8,No,None,41,2.54,6,Clinic,LOW-RISK
32,No Education,11634,Rural,122,86,9.1,No,Mild,37,3.3,3,Clinic,HIGH-RISK
27,Primary,14280,Rural,138,88,11.1,No,None,36,2.2,5,Hospital,HIGH-RISK
29,No Education,34275,Urban,129,89,13.3,No,None,36,2.65,6,Home,LOW-RISK
19,Secondary,23304,Rural,106,68,9.4,Yes,Severe,32,3.74,10,Hospital,HIGH-RISK
18,No Education,22572,Rural,164,86,13.6,No,None,36,2.33,5,Hospital,HIGH-RISK
33,Secondary,8026,Rural,126,61,10.7,Yes,Mild,39,2.53,7,Home,LOW-RISK
25,Secondary,27868,Rural,109,61,12.8,No,None,35,1.89,10,Clinic,HIGH-RISK
21,Secondary,39722,Urban,121,86,11.1,No,None,42,2.64,11,Hospital,LOW-RISK
21,Primary,19771,Urban,128,83,12.3,No,None,32,3.05,6,Hospital,LOW-RISK
21,Higher,20162,Urban,127,79,14.4,No,Severe,36,2.65,5,Hospital,HIGH-RISK
21,Secondary,6188,Rural,125,91,11.3,No,Mild,34,3.04,4,Hospital,LOW-RISK
17,No Education,31379,Rural,133,65,12.4,No,None,40,3.0,7,Clinic,LOW-RISK
16,Secondary,52176,Urban,131,86,12.0,No,Severe,40,1.57,7,Clinic,HIGH-RISK
23,Secondary,18804,Urban,104,58,10.1,Yes,Mild,37,3.15,1,Hospital,HIGH-RISK
21,Primary,9894,Rural,151,101,10.8,No,Mild,34,2.56,3,Clinic,HIGH-RISK
31,Primary,13391,Rural,149,90,11.0,Yes,None,35,2.2,3,Hospital,HIGH-RISK
26,Secondary,11175,Rural,130,89,9.0,No,None,39,3.47,2,Clinic,LOW-RISK
26,No Education,11655,Rural,118,68,11.9,No,None,36,1.98,5,Clinic,HIGH-RISK
20,Higher,23609,Rural,118,100,12.7,No,None,37,3.12,2,Home,LOW-RISK
24,Primary,18241,Rural,112,95,12.4,No,None,38,2.21,3,Clinic,HIGH-RISK
26,No Education,30289,Rural,114,78,13.3,No,None,37,1.96,4,Home,LOW-RISK
28,No Education,19446,Urban,83,77,12.7,No,None,34,1.69,4,Clinic,HIGH-RISK
24,Primary,8192,Urban,142,79,9.7,No,None,35,1.96,5,Hospital,HIGH-RISK
30,Higher,10565,Urban,136,67,10.8,No,Mild,35,2.47,2,Hospital,HIGH-RISK
25,Higher,10115,Rural,91,75,13.0,No,None,36,1.93,5,Hospital,HIGH-RISK
29,Higher,13164,Rural,132,69,12.2,No,None,38,3.63,3,Hospital,HIGH-RISK
22,Secondary,52686,Urban,117,89,11.5,No,None,38,2.27,5,Hospital,LOW-RISK
15,Secondary,58937,Rural,114,85,9.9,No,None,41,2.75,3,Clinic,HIGH-RISK
26,Primary,26941,Rural,125,80,10.3,No,None,34,2.17,3,Home,HIGH-RISK
28,No Education,16300,Urban,90,68,11.6,No,None,39,2.96,5,Hospital,LOW-RISK
28,Higher,5782,Rural,117,85,8.0,No,None,36,2.44,6,Hospital,HIGH-RISK
27,Secondary,17497,Rural,119,79,7.3,No,None,43,4.04,3,Clinic,LOW-RISK
23,Secondary,8628,Urban,119,71,12.7,No,Severe,38,2.47,7,Home,HIGH-RISK
20,Secondary,46965,Rural,96,52,10.5,No,None,37,2.97,7,Hospital,LOW-RISK
28,Secondary,4873,Urban,125,88,12.3,No,None,39,2.75,2,Home,LOW-RISK
27,Primary,19632,Rural,134,84,13.4,Yes,Mild,38,3.34,4,Hospital,LOW-RISK
21,Secondary,8134,Rural,124,107,9.7,No,None,37,3.05,6,Hospital,LOW-RISK
31,Secondary,14900,Rural,114,72,8.5,No,None,39,2.92,1,Clinic,LOW-RISK
20,Higher,23910,Rural,161,91,11.0,No,Mild,42,1.98,3,Hospital,HIGH-RISK
21,No Education,30674,Urban,103,74,10.2,No,None,40,2.55,6,Hospital,LOW-RISK
34,Primary,14376,Rural,130,86,11.1,No,None,38,2.26,5,Clinic,LOW-RISK
29,Secondary,25556,Rural,121,65,12.5,No,None,42,2.55,3,Clinic,LOW-RISK
23,Higher,9434,Urban,150,84,12.1,No,Severe,39,2.35,5,Hospital,HIGH-RISK
26,Higher,17812,Rural,124,86,11.6,No,Mild,35,2.06,1,Hospital,HIGH-RISK
25,Secondary,30253,Urban,127,74,13.4,No,Mild,38,2.57,4,Home,LOW-RISK
14,Primary,18925,Urban,126,86,11.9,No,None,37,2.58,9,Hospital,LOW-RISK
20,Primary,10355,Rural,101,71,10.9,No,None,37,2.64,7,Hospital,LOW-RISK
24,Secondary,12338,Rural,104,75,12.6,Yes,Mild,39,2.29,2,Hospital,HIGH-RISK
23,Primary,30539,Rural,113,86,8.6,No,None,33,2.03,5,Home,HIGH-RISK
26,Secondary,6984,Rural,133,77,13.4,No,Severe,42,2.3,3,Hospital,HIGH-RISK
31,Higher,7744,Rural,121,60,11.5,No,Severe,40,2.47,6,Hospital,HIGH-RISK
23,Primary,22854,Rural,114,71,9.2,No,None,33,2.43,4,Hospital,HIGH-RISK
19,Primary,11030,Rural,139,72,10.6,No,None,40,1.38,0,Home,HIGH-RISK
26,No Education,5424,Rural,86,50,13.2,No,None,39,4.17,4,Home,LOW-RISK
23,Primary,38614,Rural,97,67,9.4,Yes,None,42,3.09,5,Hospital,HIGH-RISK
24,Secondary,6947,Rural,80,66,12.2,No,None,42,2.98,4,Clinic,LOW-RISK
23,Primary,13045,Urban,137,92,13.1,No,None,43,2.51,4,Hospital,LOW-RISK
37,Primary,9721,Rural,116,62,10.9,No,None,37,2.85,7,Hospital,HIGH-RISK
14,No Education,12178,Urban,133,80,9.0,No,None,39,2.13,3,Clinic,HIGH-RISK
22,No Education,8075,Rural,116,87,10.5,No,None,37,3.07,0,Hospital,LOW-RISK
24,Secondary,24730,Rural,134,73,9.0,No,None,40,1.87,5,Hospital,HIGH-RISK
20,Secondary,16209,Rural,115,80,10.6,No,None,33,1.42,2,Hospital,HIGH-RISK
29,Secondary,29862,Rural,124,94,9.5,No,Severe,35,1.83,8,Clinic,HIGH-RISK
29,Secondary,9792,Rural,122,56,11.4,No,None,37,3.63,0,Clinic,LOW-RISK
24,Primary,66764,Urban,123,79,8.6,No,Mild,38,2.19,5,Clinic,HIGH-RISK
23,Secondary,3954,Rural,144,95,11.7,No,None,38,2.98,4,Hospital,LOW-RISK
24,No Education,4945,Rural,92,64,13.1,No,Mild,41,1.67,5,Hospital,LOW-RISK
24,Higher,51172,Urban,116,90,13.7,No,None,36,2.42,1,Hospital,HIGH-RISK
24,No Education,20902,Urban,121,82,9.0,No,None,35,3.01,3,Hospital,HIGH-RISK
23,Secondary,19049,Rural,118,95,10.3,No,None,37,3.08,2,Clinic,HIGH-RISK
26,No Education,20286,Rural,111,79,12.5,No,Mild,36,1.29,1,Clinic,HIGH-RISK
29,Secondary,22373,Rural,109,93,12.8,No,None,39,2.82,3,Hospital,LOW-RISK
18,Primary,18502,Rural,142,86,9.6,No,None,42,2.54,5,Home,HIGH-RISK
19,Higher,7628,Rural,116,59,10.6,No,None,42,3.47,5,Hospital,LOW-RISK
15,No Education,26596,Urban,157,80,11.4,No,None,41,2.74,5,Hospital,LOW-RISK
29,Higher,23819,Rural,126,89,8.2,No,None,37,2.01,5,Home,HIGH-RISK
26,Secondary,40770,Rural,113,84,12.4,No,None,38,2.73,2,Home,LOW-RISK
27,Primary,51574,Rural,126,74,13.2,No,Mild,39,2.42,6,Clinic,LOW-RISK
17,Primary,18904,Rural,119,95,10.6,No,None,36,1.34,6,Clinic,HIGH-RISK
34,Primary,6351,Urban,139,78,8.4,No,None,36,1.94,10,Hospital,HIGH-RISK
21,Higher,51873,Urban,99,75,14.0,No,None,39,2.8,4,Clinic,LOW-RISK
25,Higher,7354,Rural,89,71,11.9,No,None,35,2.59,11,Hospital,LOW-RISK
29,Primary,19003,Rural,123,62,12.5,No,Severe,41,3.36,4,Hospital,LOW-RISK
19,Primary,12532,Rural,131,77,8.2,No,Mild,37,2.65,2,Clinic,LOW-RISK
21,Primary,11096,Rural,122,103,8.7,No,Mild,39,1.97,4,Hospital,HIGH-RISK
25,No Education,25611,Rural,128,68,11.5,No,None,39,2.34,1,Hospital,LOW-RISK
40,Secondary,17799,Rural,126,84,13.3,No,None,41,2.79,7,Hospital,LOW-RISK
26,Primary,21484,Urban,94,55,8.7,No,Severe,33,3.12,7,Hospital,HIGH-RISK
33,Primary,8474,Urban,122,66,10.5,No,None,41,2.8,7,Home,LOW-RISK
31,Higher,13279,Rural,139,66,8.6,No,Mild,41,2.73,6,Home,LOW-RISK
27,Secondary,8752,Urban,120,86,10.2,No,None,39,2.67,14,Hospital,LOW-RISK
19,Secondary,13048,Urban,97,59,11.0,No,None,39,2.8,1,Hospital,LOW-RISK
30,No Education,13803,Urban,112,87,12.2,No,Severe,39,3.85,3,Hospital,HIGH-RISK
16,Higher,54547,Rural,126,72,7.7,No,Mild,36,2.39,2,Hospital,HIGH-RISK
33,Secondary,12509,Urban,146,85,13.9,No,Mild,38,2.66,7,Clinic,LOW-RISK
26,Secondary,3387,Urban,86,70,11.2,No,Mild,40,2.82,4,Hospital,LOW-RISK
14,No Education,39829,Rural,123,59,13.1,No,None,34,2.15,8,Hospital,HIGH-RISK
23,Higher,20543,Rural,103,73,12.8,No,None,39,1.94,3,Home,LOW-RISK
28,Secondary,13685,Urban,126,81,13.0,No,None,38,1.84,1,Hospital,HIGH-RISK
23,Higher,11045,Rural,127,90,15.1,No,None,40,2.4,8,Hospital,LOW-RISK
28,Secondary,7730,Rural,114,63,10.1,No,None,35,2.79,5,Hospital,HIGH-RISK
20,Secondary,58246,Rural,128,70,11.7,No,None,36,3.07,4,Clinic,LOW-RISK
17,Secondary,15554,Rural,136,88,9.7,No,Mild,35,1.98,6,Hospital,HIGH-RISK
24,Higher,4444,Urban,115,90,11.3,No,Mild,34,1.91,7,Home,HIGH-RISK
25,Primary,18868,Urban,96,62,12.2,No,None,40,2.87,4,Hospital,LOW-RISK
23,Primary,34895,Rural,140,68,13.0,No,None,37,2.4,2,Hospital,HIGH-RISK
31,Secondary,16735,Urban,131,75,10.8,No,Mild,36,2.9,5,Hospital,HIGH-RISK
20,Secondary,7979,Rural,127,66,9.3,No,Mild,41,3.22,2,Home,HIGH-RISK
26,Secondary,7495,Urban,106,76,11.6,No,None,37,3.0,3,Hospital,LOW-RISK
25,Secondary,7892,Rural,133,68,10.0,No,None,40,2.84,8,Home,LOW-RISK
16,Secondary,43519,Rural,150,95,10.5,No,None,35,1.72,4,Hospital,HIGH-RISK
17,Secondary,14266,Rural,116,77,12.7,Yes,Mild,37,3.55,6,Hospital,HIGH-RISK
25,Primary,4631,Urban,119,87,11.6,No,Mild,36,2.34,10,Hospital,HIGH-RISK
35,Higher,19627,Urban,100,50,13.0,No,None,39,3.03,3,Hospital,LOW-RISK
28,No Education,16556,Rural,106,52,10.5,No,None,37,2.39,5,Hospital,HIGH-RISK
15,Secondary,10955,Urban,100,84,13.3,No,None,40,2.44,3,Hospital,HIGH-RISK
14,Higher,7343,Rural,120,68,11.5,No,None,38,3.07,12,Hospital,LOW-RISK
29,Primary,7122,Rural,112,57,10.9,No,None,33,2.67,6,Hospital,LOW-RISK
24,Primary,32094,Urban,123,74,9.5,No,Mild,37,3.75,3,Hospital,HIGH-RISK
31,Primary,17837,Rural,103,73,7.1,No,None,34,1.85,2,Hospital,HIGH-RISK
20,Secondary,20970,Urban,115,73,8.7,No,None,39,2.71,7,Hospital,LOW-RISK
26,Secondary,17803,Rural,102,76,11.9,No,Mild,39,1.65,5,Hospital,HIGH-RISK
29,No Education,18867,Rural,121,79,9.4,No,Mild,40,1.45,5,Hospital,HIGH-RISK
22,Higher,10806,Rural,91,70,8.5,No,None,38,3.09,5,Clinic,LOW-RISK
22,Primary,12987,Rural,120,90,9.9,No,Mild,34,1.81,6,Clinic,HIGH-RISK
25,Secondary,33902,Rural,113,73,12.0,No,None,39,1.71,13,Clinic,LOW-RISK
27,Secondary,40377,Urban,120,75,12.2,No,None,39,2.16,4,Hospital,LOW-RISK
24,No Education,6376,Urban,91,75,10.5,Yes,None,38,2.99,8,Home,HIGH-RISK
30,No Education,12965,Urban,128,85,10.8,No,Mild,38,3.01,6,Clinic,LOW-RISK
22,Higher,26992,Rural,113,64,10.5,No,None,33,1.44,3,Home,HIGH-RISK
17,Secondary,56008,Rural,121,74,12.6,No,None,38,3.48,3,Hospital,LOW-RISK
35,No Education,52217,Rural,88,71,10.6,No,None,38,2.42,3,Hospital,HIGH-RISK
21,Secondary,8593,Rural,98,63,11.4,No,Severe,35,2.36,6,Home,HIGH-RISK
21,Secondary,36619,Rural,111,67,13.4,No,Mild,39,2.82,3,Home,LOW-RISK
24,No Education,15628,Urban,140,66,12.7,No,Mild,37,2.79,2,Hospital,HIGH-RISK
25,Secondary,31160,Urban,126,52,11.2,No,None,39,2.28,4,Home,LOW-RISK
22,Secondary,26045,Rural,120,71,10.9,Yes,Mild,39,2.79,3,Hospital,HIGH-RISK
24,Primary,6192,Urban,103,72,10.3,No,None,39,2.95,4,Hospital,LOW-RISK
24,Higher,22043,Urban,100,57,7.9,No,Severe,35,2.45,3,Home,HIGH-RISK
25,Primary,30326,Urban,122,92,13.0,No,None,37,2.86,8,Hospital,LOW-RISK
14,Primary,14789,Rural,129,67,9.7,No,None,43,3.41,2,Hospital,HIGH-RISK
35,Primary,12624,Urban,121,86,12.5,No,Severe,41,2.54,1,Home,HIGH-RISK
24,Secondary,4992,Rural,145,88,11.6,No,Severe,40,3.16,3,Home,HIGH-RISK
28,Secondary,24205,Urban,107,95,14.0,No,None,39,2.68,5,Hospital,LOW-RISK
17,Higher,17360,Urban,120,81,12.5,No,None,36,2.83,6,Clinic,LOW-RISK
22,Primary,7865,Rural,90,51,12.5,No,None,38,2.03,3,Hospital,HIGH-RISK
21,Secondary,11940,Rural,121,87,10.4,No,None,37,3.52,6,Hospital,LOW-RISK
33,Secondary,16713,Rural,141,100,9.2,No,None,38,2.51,3,Hospital,HIGH-RISK
21,Primary,10145,Urban,101,50,11.0,No,None,34,3.75,4,Hospital,LOW-RISK
29,No Education,15028,Rural,131,86,7.1,No,None,40,3.04,2,Hospital,LOW-RISK
21,Higher,4406,Rural,141,91,10.7,No,None,31,3.04,7,Clinic,HIGH-RISK
22,Primary,38576,Rural,106,69,8.9,No,None,40,2.71,5,Clinic,LOW-RISK
23,Secondary,15167,Urban,125,52,10.0,No,None,40,3.17,2,Clinic,HIGH-RISK
32,Secondary,6948,Rural,143,79,12.6,No,None,43,3.17,1,Home,HIGH-RISK
14,No Education,2999,Urban,121,69,11.6,No,Severe,37,2.72,6,Clinic,HIGH-RISK
17,Higher,30828,Rural,130,95,11.2,No,None,37,3.22,3,Home,HIGH-RISK
14,Higher,22169,Rural,89,66,12.1,No,Mild,38,0.95,10,Hospital,HIGH-RISK
19,Secondary,17383,Rural,127,73,10.5,No,Severe,39,2.45,6,Clinic,HIGH-RISK
20,Secondary,27456,Urban,126,71,15.9,No,None,38,2.81,6,Hospital,LOW-RISK
16,Secondary,27403,Urban,96,72,12.0,No,None,35,2.37,7,Home,HIGH-RISK
20,Secondary,17187,Urban,102,71,10.4,No,None,39,3.33,2,Home,HIGH-RISK
14,No Education,12554,Rural,127,69,12.5,No,None,38,2.66,4,Hospital,LOW-RISK
19,Secondary,11201,Urban,113,76,13.7,No,None,35,1.99,4,Clinic,HIGH-RISK
31,Primary,20140,Urban,135,74,9.7,No,None,34,2.82,5,Hospital,HIGH-RISK
27,Secondary,39883,Rural,122,51,8.9,No,Severe,43,3.43,4,Hospital,HIGH-RISK
26,Secondary,13957,Urban,118,83,9.3,No,None,40,3.21,5,Hospital,LOW-RISK
19,No Education,42164,Rural,115,81,9.9,No,None,39,2.72,6,Clinic,LOW-RISK
16,Higher,19477,Urban,122,79,11.4,No,Mild,38,4.2,3,Hospital,LOW-RISK
18,No Education,19580,Rural,130,74,7.8,No,None,40,2.84,2,Clinic,LOW-RISK
24,No Education,80771,Rural,126,77,10.2,No,None,35,2.59,6,Hospital,LOW-RISK
29,Primary,47699,Rural,111,82,10.3,No,None,38,3.7,9,Home,LOW-RISK
29,Secondary,48573,Rural,137,74,12.1,No,None,39,3.64,14,Hospital,LOW-RISK
28,Primary,8582,Rural,128,88,12.0,No,None,35,2.66,7,Hospital,LOW-RISK
20,Secondary,69587,Rural,124,60,12.2,No,None,38,2.3,9,Hospital,LOW-RISK
25,Secondary,14161,Urban,119,77,14.7,No,None,37,2.86,6,Home,LOW-RISK
23,No Education,12791,Rural,126,78,13.5,No,None,36,2.46,4,Hospital,HIGH-RISK
23,Higher,3308,Rural,88,78,11.9,Yes,None,37,3.87,2,Clinic,LOW-RISK
36,Primary,18848,Rural,121,65,9.3,No,None,34,4.13,7,Hospital,HIGH-RISK
15,Secondary,7026,Rural,144,74,10.3,No,None,41,2.47,4,Hospital,HIGH-RISK
23,No Education,19961,Rural,121,60,8.4,No,None,42,3.27,4,Home,LOW-RISK
31,Secondary,6652,Rural,119,69,11.8,No,None,36,1.65,7,Hospital,HIGH-RISK
16,Higher,52796,Rural,108,75,12.1,No,Mild,41,2.73,6,Home,LOW-RISK
21,No Education,22068,Urban,125,58,12.4,No,None,38,2.32,3,Hospital,HIGH-RISK
22,No Education,73992,Rural,114,69,11.2,No,None,38,3.72,2,Hospital,LOW-RISK
23,Primary,7329,Urban,138,88,13.3,No,None,35,2.69,3,Home,HIGH-RISK
16,No Education,44366,Rural,104,69,12.8,No,None,37,2.96,7,Hospital,LOW-RISK
28,Higher,4246,Urban,110,73,9.6,No,Mild,39,2.83,4,Home,LOW-RISK
28,Secondary,17351,Rural,108,56,10.6,No,Mild,36,2.32,5,Clinic,HIGH-RISK
27,Secondary,9639,Rural,147,82,11.5,No,None,36,2.45,2,Hospital,HIGH-RISK
20,Higher,10962,Rural,114,74,10.2,No,None,37,2.42,4,Hospital,LOW-RISK
25,Higher,10448,Rural,109,71,11.1,No,None,29,1.53,3,Hospital,HIGH-RISK
20,Higher,7907,Urban,84,66,12.0,No,Mild,39,2.07,9,Home,LOW-RISK
23,Primary,6210,Rural,103,67,10.6,No,Severe,40,1.91,7,Home,HIGH-RISK
36,Primary,11005,Urban,126,72,10.7,No,None,39,2.91,6,Hospital,HIGH-RISK
25,Primary,16269,Urban,126,66,9.3,No,None,40,2.35,5,Clinic,HIGH-RISK
18,Primary,33873,Rural,107,82,12.4,No,None,37,3.34,2,Home,LOW-RISK
25,Primary,18445,Rural,108,59,12.2,No,None,43,2.93,2,Hospital,LOW-RISK
17,No Education,33941,Rural,147,85,9.7,No,None,36,1.36,5,Hospital,HIGH-RISK
18,Primary,5329,Urban,161,107,8.5,No,Mild,37,2.57,5,Clinic,HIGH-RISK
19,Secondary,11078,Rural,136,93,13.7,No,None,37,1.63,4,Home,HIGH-RISK
22,Primary,24674,Urban,142,88,13.7,No,Severe,38,2.17,5,Clinic,HIGH-RISK
30,Primary,19073,Urban,146,86,11.5,No,None,37,2.53,4,Hospital,LOW-RISK
28,Primary,8208,Urban,153,84,10.2,No,None,38,2.28,5,Hospital,HIGH-RISK
27,Secondary,28843,Rural,113,64,13.4,No,None,36,3.28,7,Hospital,LOW-RISK
18,Secondary,10341,Rural,103,68,12.3,Yes,None,37,3.21,2,Clinic,HIGH-RISK
22,Secondary,8704,Urban,147,90,11.1,No,None,32,2.27,8,Clinic,HIGH-RISK
26,Primary,21092,Urban,102,75,12.5,No,None,40,3.58,4,Hospital,LOW-RISK
21,No Education,15064,Rural,101,78,9.9,No,None,35,1.86,5,Home,HIGH-RISK
23,Primary,10402,Rural,101,83,9.8,No,None,37,2.62,5,Hospital,LOW-RISK
27,Primary,10157,Urban,115,73,12.1,No,Severe,35,2.62,6,Hospital,HIGH-RISK
23,Primary,7093,Rural,86,68,11.2,No,Mild,39,2.19,6,Clinic,LOW-RISK
26,Higher,11370,Rural,95,50,12.6,No,Mild,37,3.18,1,Home,LOW-RISK
33,Primary,32396,Rural,108,97,12.7,No,None,32,2.73,2,Hospital,LOW-RISK
24,Primary,17800,Urban,98,65,7.9,Yes,None,39,3.12,5,Hospital,LOW-RISK
31,Secondary,29343,Rural,134,87,11.6,No,None,36,3.18,7,Hospital,LOW-RISK
28,Secondary,21526,Rural,118,71,14.9,Yes,None,38,3.05,7,Clinic,LOW-RISK
16,No Education,9771,Rural,127,73,9.7,No,None,40,2.87,4,Hospital,HIGH-RISK
18,Primary,4728,Rural,125,75,9.3,No,None,36,1.57,4,Hospital,HIGH-RISK
20,Higher,7840,Rural,114,60,7.5,Yes,None,38,2.92,3,Hospital,HIGH-RISK
20,No Education,9376,Rural,133,54,11.4,No,None,36,2.19,5,Home,HIGH-RISK
24,Secondary,8882,Rural,125,90,12.5,No,None,40,2.73,3,Hospital,LOW-RISK
28,Secondary,29807,Urban,112,80,12.5,No,Mild,38,2.54,4,Hospital,LOW-RISK
31,Primary,29590,Rural,91,56,9.1,No,None,38,3.07,1,Hospital,LOW-RISK
26,Secondary,70553,Urban,126,82,11.5,No,None,35,1.88,5,Hospital,HIGH-RISK
22,Primary,8788,Rural,97,78,11.6,No,None,40,2.92,2,Home,LOW-RISK
14,Primary,45890,Rural,124,69,11.3,No,Mild,40,2.23,3,Clinic,HIGH-RISK
25,Primary,45692,Urban,119,80,8.8,No,None,36,1.07,7,Clinic,HIGH-RISK
25,Higher,12749,Rural,96,80,11.6,No,Mild,38,2.61,3,Hospital,LOW-RISK
26,Primary,20895,Rural,122,61,9.3,No,None,39,3.06,8,Hospital,LOW-RISK
36,No Education,35750,Rural,121,81,8.0,No,None,43,2.37,6,Hospital,HIGH-RISK
31,Higher,14393,Rural,121,80,12.7,No,None,39,2.88,4,Hospital,LOW-RISK
29,Primary,13634,Urban,120,96,10.9,No,None,38,2.6,3,Hospital,LOW-RISK
19,Higher,9668,Urban,107,78,12.6,No,None,38,2.23,2,Hospital,LOW-RISK
22,Secondary,2999,Rural,127,73,10.5,No,None,38,3.11,4,Clinic,LOW-RISK
24,Secondary,15758,Rural,106,68,12.6,No,None,40,2.44,4,Hospital,HIGH-RISK
20,Secondary,9126,Rural,100,92,13.3,No,None,36,2.29,9,Home,HIGH-RISK
27,Secondary,7066,Rural,128,75,14.7,No,None,40,2.0,3,Hospital,HIGH-RISK
26,No Education,20157,Rural,132,86,12.7,No,None,34,2.38,7,Hospital,HIGH-RISK
19,Higher,5431,Rural,127,75,12.2,No,Mild,40,3.14,7,Hospital,LOW-RISK
31,Higher,26372,Rural,114,85,9.0,No,Mild,40,2.99,3,Clinic,LOW-RISK
25,Higher,21043,Rural,86,78,11.3,No,None,40,3.29,2,Clinic,LOW-RISK
15,Secondary,11335,Rural,141,81,8.9,No,Severe,39,3.16,5,Home,HIGH-RISK
24,Secondary,14349,Rural,86,61,10.0,No,None,39,2.96,5,Hospital,LOW-RISK
26,Secondary,6520,Urban,127,73,15.0,No,Mild,37,3.27,8,Hospital,LOW-RISK
30,No Education,25362,Rural,151,66,9.5,No,Severe,35,2.25,6,Home,HIGH-RISK
23,Secondary,17102,Urban,120,77,7.3,No,None,39,3.09,5,Hospital,LOW-RISK
29,Secondary,18017,Rural,122,77,13.0,No,None,38,2.81,3,Home,LOW-RISK
26,Secondary,21314,Rural,124,68,10.3,Yes,Severe,40,3.82,4,Home,HIGH-RISK
17,Primary,9567,Rural,121,55,12.5,No,None,38,2.95,1,Hospital,LOW-RISK
17,Secondary,5179,Urban,155,89,9.4,No,None,38,2.09,4,Hospital,HIGH-RISK
31,Secondary,29317,Rural,104,74,10.7,No,Mild,39,2.94,3,Clinic,HIGH-RISK
31,Secondary,24292,Urban,102,75,13.7,No,None,39,2.28,5,Clinic,LOW-RISK
26,Higher,10311,Rural,112,63,9.1,No,None,40,3.2,2,Home,LOW-RISK
33,Secondary,19973,Rural,145,88,11.2,No,None,36,2.48,6,Home,HIGH-RISK
30,No Education,36184,Rural,108,71,11.6,No,Severe,40,2.47,6,Clinic,HIGH-RISK
28,No Education,33286,Urban,124,86,9.5,No,None,38,2.23,3,Hospital,HIGH-RISK
19,Secondary,10103,Rural,135,70,11.9,No,Mild,40,2.87,3,Hospital,LOW-RISK
34,Secondary,5290,Rural,130,91,11.5,No,None,42,2.3,5,Home,LOW-RISK
27,Higher,5965,Rural,134,96,12.5,No,None,33,1.99,3,Home,HIGH-RISK
22,Primary,12059,Rural,140,83,14.1,No,None,41,2.52,7,Hospital,LOW-RISK
21,No Education,41748,Rural,122,81,15.6,No,None,38,3.14,5,Hospital,LOW-RISK
26,Primary,9008,Rural,110,81,11.8,No,None,36,1.49,4,Hospital,HIGH-RISK
15,Secondary,9881,Urban,120,64,11.3,No,None,37,2.39,6,Hospital,HIGH-RISK
28,Higher,9739,Rural,112,68,12.3,No,None,35,3.63,7,Home,LOW-RISK
19,Higher,10338,Rural,158,90,11.1,No,None,39,3.87,5,Home,LOW-RISK
27,Secondary,14882,Urban,109,95,8.6,No,None,35,2.91,8,Hospital,LOW-RISK
22,Higher,6122,Urban,125,64,11.4,No,Mild,41,2.82,5,Hospital,LOW-RISK
23,No Education,32043,Rural,93,86,13.2,No,Mild,40,3.21,4,Home,LOW-RISK
20,Secondary,13553,Rural,120,73,8.9,No,None,39,2.59,2,Hospital,LOW-RISK
24,Higher,85067,Rural,113,73,9.7,No,Mild,33,0.8,1,Hospital,HIGH-RISK
35,Primary,6596,Rural,128,92,10.3,No,None,35,1.88,9,Hospital,HIGH-RISK
32,Higher,45647,Rural,129,101,12.2,No,Severe,38,2.54,4,Hospital,LOW-RISK
26,Primary,39725,Rural,140,86,14.9,No,Mild,38,2.82,6,Hospital,LOW-RISK
24,No Education,11244,Urban,139,94,9.8,No,None,40,3.07,2,Hospital,HIGH-RISK
29,Secondary,11376,Rural,116,64,11.7,No,Mild,31,3.06,0,Home,HIGH-RISK
31,Higher,7870,Rural,102,65,11.5,No,None,36,2.44,3,Hospital,HIGH-RISK
20,Primary,7934,Rural,104,56,10.5,No,Mild,40,2.25,6,Clinic,LOW-RISK
24,Higher,14993,Urban,122,71,11.4,No,None,37,2.69,3,Hospital,LOW-RISK
14,Primary,15218,Rural,120,82,9.9,No,None,37,3.15,4,Home,HIGH-RISK
31,Secondary,4886,Rural,122,79,16.4,No,Mild,34,2.04,4,Home,HIGH-RISK
36,Secondary,74701,Rural,109,91,12.8,No,Severe,41,2.36,4,Home,HIGH-RISK
25,Primary,12508,Rural,140,104,10.2,No,None,37,3.09,5,Clinic,HIGH-RISK
14,Secondary,15704,Rural,94,66,13.6,No,None,41,2.17,5,Hospital,HIGH-RISK
28,Secondary,9676,Rural,108,65,12.0,No,None,42,2.32,5,Hospital,LOW-RISK
20,Secondary,12442,Rural,100,82,11.6,No,Mild,41,3.03,8,Hospital,LOW-RISK
21,Primary,11676,Urban,114,87,10.2,No,None,38,2.37,6,Home,HIGH-RISK
28,No Education,14969,Rural,137,85,10.0,No,Severe,37,2.61,0,Hospital,HIGH-RISK
26,Higher,14847,Rural,113,81,9.3,No,None,37,2.81,6,Home,HIGH-RISK
22,Secondary,26349,Rural,119,82,8.5,No,None,43,2.78,1,Clinic,LOW-RISK
21,Higher,17586,Rural,128,68,12.2,No,None,37,2.27,5,Home,LOW-RISK
25,Secondary,24558,Rural,112,60,11.2,No,None,41,2.98,4,Home,LOW-RISK
22,Higher,14897,Rural,124,76,13.1,No,None,39,2.3,5,Home,LOW-RISK
18,Primary,17635,Rural,122,74,9.1,No,None,37,3.71,2,Hospital,LOW-RISK
23,Secondary,12668,Urban,99,73,9.5,No,None,37,2.58,8,Hospital,LOW-RISK
26,Secondary,30272,Rural,110,71,12.9,No,None,41,3.13,8,Hospital,LOW-RISK
24,No Education,18800,Urban,123,58,10.6,No,None,38,3.2,4,Clinic,LOW-RISK
17,No Education,13428,Rural,138,58,12.1,No,None,37,2.6,1,Home,HIGH-RISK
30,Secondary,13151,Rural,138,90,11.6,No,None,36,1.71,9,Home,HIGH-RISK
14,Higher,13895,Rural,151,77,14.9,No,None,39,3.2,0,Clinic,HIGH-RISK
22,Secondary,15323,Urban,125,75,12.9,No,Mild,37,2.02,2,Clinic,HIGH-RISK
21,No Education,14419,Rural,111,66,11.5,No,None,39,2.1,4,Home,LOW-RISK
25,Higher,10143,Rural,116,64,12.9,No,None,43,3.13,7,Hospital,LOW-RISK
28,No Education,25622,Rural,116,64,10.1,Yes,None,39,2.69,4,Hospital,HIGH-RISK
31,Primary,26781,Rural,111,84,8.2,No,None,43,2.41,5,Home,HIGH-RISK
21,Higher,52287,Rural,124,74,12.1,No,None,36,1.74,5,Hospital,LOW-RISK
28,Secondary,9830,Rural,124,83,15.0,No,None,40,2.36,7,Hospital,LOW-RISK
26,Higher,23916,Urban,99,78,7.4,Yes,None,41,4.0,2,Clinic,LOW-RISK
15,Higher,3941,Urban,135,84,12.3,No,Mild,41,3.36,4,Home,LOW-RISK
35,Secondary,26799,Rural,88,75,8.7,No,None,41,2.35,3,Clinic,LOW-RISK
17,Primary,5411,Rural,114,74,11.4,No,None,38,2.63,4,Hospital,LOW-RISK
27,Primary,7530,Urban,136,96,11.0,No,Severe,40,3.13,7,Hospital,LOW-RISK
27,Higher,18927,Urban,127,87,12.8,No,None,35,1.73,8,Hospital,HIGH-RISK
26,Higher,9708,Rural,112,84,11.9,No,None,42,2.49,5,Hospital,LOW-RISK
22,Primary,8821,Urban,149,74,13.5,No,Mild,36,1.95,7,Hospital,HIGH-RISK
29,Primary,10683,Rural,110,75,13.0,No,None,41,2.32,3,Hospital,HIGH-RISK
16,Primary,24997,Rural,85,50,10.2,No,None,41,3.4,5,Clinic,LOW-RISK
24,Primary,7807,Rural,125,93,12.7,No,Mild,41,2.41,7,Clinic,LOW-RISK
21,Higher,14442,Urban,89,60,10.9,No,None,43,2.74,4,Hospital,LOW-RISK
21,No Education,11507,Urban,104,65,10.5,No,None,41,2.86,10,Hospital,LOW-RISK
27,Secondary,26628,Urban,127,62,9.3,No,None,35,3.41,7,Hospital,HIGH-RISK
30,Higher,27155,Urban,110,72,13.9,No,None,39,2.75,4,Hospital,LOW-RISK
23,Secondary,4151,Rural,127,75,11.0,No,Mild,33,3.76,7,Home,LOW-RISK
29,Secondary,31175,Rural,99,90,7.1,No,Mild,38,2.6,4,Home,HIGH-RISK
25,Primary,9781,Urban,131,88,12.3,No,Mild,37,2.68,5,Hospital,LOW-RISK
20,No Education,17698,Rural,90,61,10.0,No,None,40,3.32,6,Home,LOW-RISK
